solid OpenSCAD_Model
  facet normal -0.988959 -0.148186 0
    outer loop
      vertex 121.095 8.40782 3.3
      vertex 121.079 8.5146 11.4
      vertex 121.079 8.5146 3.3
    endloop
  endfacet
  facet normal -0.988959 -0.148186 0
    outer loop
      vertex 121.079 8.5146 11.4
      vertex 121.095 8.40782 3.3
      vertex 121.095 8.40782 11.4
    endloop
  endfacet
  facet normal -0.998926 -0.0463238 0
    outer loop
      vertex 121.1 8.3 3.3
      vertex 121.095 8.40782 11.4
      vertex 121.095 8.40782 3.3
    endloop
  endfacet
  facet normal -0.998926 -0.0463238 0
    outer loop
      vertex 121.095 8.40782 11.4
      vertex 121.1 8.3 3.3
      vertex 121.1 8.3 11.4
    endloop
  endfacet
  facet normal -0.970528 -0.240987 0
    outer loop
      vertex 121.079 8.5146 3.3
      vertex 121.053 8.61931 11.4
      vertex 121.053 8.61931 3.3
    endloop
  endfacet
  facet normal -0.970528 -0.240987 0
    outer loop
      vertex 121.053 8.61931 11.4
      vertex 121.079 8.5146 3.3
      vertex 121.079 8.5146 11.4
    endloop
  endfacet
  facet normal 0.970528 -0.240987 0
    outer loop
      vertex 118.921 8.5146 11.4
      vertex 118.947 8.61931 3.3
      vertex 118.947 8.61931 11.4
    endloop
  endfacet
  facet normal 0.970528 -0.240987 0
    outer loop
      vertex 118.947 8.61931 3.3
      vertex 118.921 8.5146 11.4
      vertex 118.921 8.5146 3.3
    endloop
  endfacet
  facet normal 0.426117 -0.904668 0
    outer loop
      vertex 119.481 9.27011 3.3
      vertex 119.579 9.31627 11.4
      vertex 119.481 9.27011 11.4
    endloop
  endfacet
  facet normal 0.426117 -0.904668 0
    outer loop
      vertex 119.579 9.31627 11.4
      vertex 119.481 9.27011 3.3
      vertex 119.579 9.31627 3.3
    endloop
  endfacet
  facet normal -0.335775 -0.941942 0
    outer loop
      vertex 120.319 9.35263 3.3
      vertex 120.421 9.31627 11.4
      vertex 120.319 9.35263 11.4
    endloop
  endfacet
  facet normal -0.335775 -0.941942 -0
    outer loop
      vertex 120.421 9.31627 11.4
      vertex 120.319 9.35263 3.3
      vertex 120.421 9.31627 3.3
    endloop
  endfacet
  facet normal -0.146441 -0.989219 0
    outer loop
      vertex 120.108 9.3947 3.3
      vertex 120.215 9.37886 11.4
      vertex 120.108 9.3947 11.4
    endloop
  endfacet
  facet normal -0.146441 -0.989219 -0
    outer loop
      vertex 120.215 9.37886 11.4
      vertex 120.108 9.3947 3.3
      vertex 120.215 9.37886 3.3
    endloop
  endfacet
  facet normal 0.516479 -0.8563 0
    outer loop
      vertex 119.389 9.21462 3.3
      vertex 119.481 9.27011 11.4
      vertex 119.389 9.21462 11.4
    endloop
  endfacet
  facet normal 0.516479 -0.8563 0
    outer loop
      vertex 119.481 9.27011 11.4
      vertex 119.389 9.21462 3.3
      vertex 119.481 9.27011 3.3
    endloop
  endfacet
  facet normal -0.998926 0.0463238 0
    outer loop
      vertex 121.095 8.19218 3.3
      vertex 121.1 8.3 11.4
      vertex 121.1 8.3 3.3
    endloop
  endfacet
  facet normal -0.998926 0.0463238 0
    outer loop
      vertex 121.1 8.3 11.4
      vertex 121.095 8.19218 3.3
      vertex 121.095 8.19218 11.4
    endloop
  endfacet
  facet normal -0.244466 0.969658 0
    outer loop
      vertex 120.319 7.24736 3.3
      vertex 120.215 7.22114 11.4
      vertex 120.319 7.24736 11.4
    endloop
  endfacet
  facet normal -0.244466 0.969658 0
    outer loop
      vertex 120.215 7.22114 11.4
      vertex 120.319 7.24736 3.3
      vertex 120.215 7.22114 3.3
    endloop
  endfacet
  facet normal 0.0490151 -0.998798 0
    outer loop
      vertex 119.892 9.3947 3.3
      vertex 120 9.4 11.4
      vertex 119.892 9.3947 11.4
    endloop
  endfacet
  facet normal 0.0490151 -0.998798 0
    outer loop
      vertex 120 9.4 11.4
      vertex 119.892 9.3947 3.3
      vertex 120 9.4 3.3
    endloop
  endfacet
  facet normal 0.594425 -0.804151 0
    outer loop
      vertex 119.302 9.15031 3.3
      vertex 119.389 9.21462 11.4
      vertex 119.302 9.15031 11.4
    endloop
  endfacet
  facet normal 0.594425 -0.804151 0
    outer loop
      vertex 119.389 9.21462 11.4
      vertex 119.302 9.15031 3.3
      vertex 119.389 9.21462 3.3
    endloop
  endfacet
  facet normal 0.988959 0.148186 0
    outer loop
      vertex 118.921 8.0854 11.4
      vertex 118.905 8.19218 3.3
      vertex 118.905 8.19218 11.4
    endloop
  endfacet
  facet normal 0.988959 0.148186 0
    outer loop
      vertex 118.905 8.19218 3.3
      vertex 118.921 8.0854 11.4
      vertex 118.921 8.0854 3.3
    endloop
  endfacet
  facet normal 0.743253 -0.669011 0
    outer loop
      vertex 119.15 8.99783 11.4
      vertex 119.222 9.07782 3.3
      vertex 119.222 9.07782 11.4
    endloop
  endfacet
  facet normal 0.743253 -0.669011 0
    outer loop
      vertex 119.222 9.07782 3.3
      vertex 119.15 8.99783 11.4
      vertex 119.15 8.99783 3.3
    endloop
  endfacet
  facet normal 0.244466 0.969658 -0
    outer loop
      vertex 119.785 7.22114 3.3
      vertex 119.681 7.24736 11.4
      vertex 119.785 7.22114 11.4
    endloop
  endfacet
  facet normal 0.244466 0.969658 0
    outer loop
      vertex 119.681 7.24736 11.4
      vertex 119.785 7.22114 3.3
      vertex 119.681 7.24736 3.3
    endloop
  endfacet
  facet normal -0.426117 0.904668 0
    outer loop
      vertex 120.519 7.32989 3.3
      vertex 120.421 7.28373 11.4
      vertex 120.519 7.32989 11.4
    endloop
  endfacet
  facet normal -0.426117 0.904668 0
    outer loop
      vertex 120.421 7.28373 11.4
      vertex 120.519 7.32989 3.3
      vertex 120.421 7.28373 3.3
    endloop
  endfacet
  facet normal 0.594425 0.804151 -0
    outer loop
      vertex 119.389 7.38538 3.3
      vertex 119.302 7.44969 11.4
      vertex 119.389 7.38538 11.4
    endloop
  endfacet
  facet normal 0.594425 0.804151 0
    outer loop
      vertex 119.302 7.44969 11.4
      vertex 119.389 7.38538 3.3
      vertex 119.302 7.44969 3.3
    endloop
  endfacet
  facet normal -0.146441 0.989219 0
    outer loop
      vertex 120.215 7.22114 3.3
      vertex 120.108 7.2053 11.4
      vertex 120.215 7.22114 11.4
    endloop
  endfacet
  facet normal -0.146441 0.989219 0
    outer loop
      vertex 120.108 7.2053 11.4
      vertex 120.215 7.22114 3.3
      vertex 120.108 7.2053 3.3
    endloop
  endfacet
  facet normal 0.146441 -0.989219 0
    outer loop
      vertex 119.785 9.37886 3.3
      vertex 119.892 9.3947 11.4
      vertex 119.785 9.37886 11.4
    endloop
  endfacet
  facet normal 0.146441 -0.989219 0
    outer loop
      vertex 119.892 9.3947 11.4
      vertex 119.785 9.37886 3.3
      vertex 119.892 9.3947 3.3
    endloop
  endfacet
  facet normal 0.988959 -0.148186 0
    outer loop
      vertex 118.905 8.40782 11.4
      vertex 118.921 8.5146 3.3
      vertex 118.921 8.5146 11.4
    endloop
  endfacet
  facet normal 0.988959 -0.148186 0
    outer loop
      vertex 118.921 8.5146 3.3
      vertex 118.905 8.40782 11.4
      vertex 118.905 8.40782 3.3
    endloop
  endfacet
  facet normal -0.90455 0.426368 0
    outer loop
      vertex 120.97 7.78146 3.3
      vertex 121.016 7.87905 11.4
      vertex 121.016 7.87905 3.3
    endloop
  endfacet
  facet normal -0.90455 0.426368 0
    outer loop
      vertex 121.016 7.87905 11.4
      vertex 120.97 7.78146 3.3
      vertex 120.97 7.78146 11.4
    endloop
  endfacet
  facet normal 0.671469 0.741033 -0
    outer loop
      vertex 119.302 7.44969 3.3
      vertex 119.222 7.52218 11.4
      vertex 119.302 7.44969 11.4
    endloop
  endfacet
  facet normal 0.671469 0.741033 0
    outer loop
      vertex 119.222 7.52218 11.4
      vertex 119.302 7.44969 3.3
      vertex 119.222 7.52218 3.3
    endloop
  endfacet
  facet normal -0.743253 -0.669011 0
    outer loop
      vertex 120.85 8.99783 3.3
      vertex 120.778 9.07782 11.4
      vertex 120.778 9.07782 3.3
    endloop
  endfacet
  facet normal -0.743253 -0.669011 0
    outer loop
      vertex 120.778 9.07782 11.4
      vertex 120.85 8.99783 3.3
      vertex 120.85 8.99783 11.4
    endloop
  endfacet
  facet normal 0.244553 -0.969636 0
    outer loop
      vertex 119.681 9.35263 3.3
      vertex 119.785 9.37886 11.4
      vertex 119.681 9.35263 11.4
    endloop
  endfacet
  facet normal 0.244553 -0.969636 0
    outer loop
      vertex 119.785 9.37886 11.4
      vertex 119.681 9.35263 3.3
      vertex 119.785 9.37886 3.3
    endloop
  endfacet
  facet normal -0.426117 -0.904668 0
    outer loop
      vertex 120.421 9.31627 3.3
      vertex 120.519 9.27011 11.4
      vertex 120.421 9.31627 11.4
    endloop
  endfacet
  facet normal -0.426117 -0.904668 -0
    outer loop
      vertex 120.519 9.27011 11.4
      vertex 120.421 9.31627 3.3
      vertex 120.519 9.27011 3.3
    endloop
  endfacet
  facet normal -0.0490151 0.998798 0
    outer loop
      vertex 120.108 7.2053 3.3
      vertex 120 7.2 11.4
      vertex 120.108 7.2053 11.4
    endloop
  endfacet
  facet normal -0.0490151 0.998798 0
    outer loop
      vertex 120 7.2 11.4
      vertex 120.108 7.2053 3.3
      vertex 120 7.2 3.3
    endloop
  endfacet
  facet normal 0.146441 0.989219 -0
    outer loop
      vertex 119.892 7.2053 3.3
      vertex 119.785 7.22114 11.4
      vertex 119.892 7.2053 11.4
    endloop
  endfacet
  facet normal 0.146441 0.989219 0
    outer loop
      vertex 119.785 7.22114 11.4
      vertex 119.892 7.2053 3.3
      vertex 119.785 7.22114 3.3
    endloop
  endfacet
  facet normal 0.90455 -0.426368 0
    outer loop
      vertex 118.984 8.72095 11.4
      vertex 119.03 8.81854 3.3
      vertex 119.03 8.81854 11.4
    endloop
  endfacet
  facet normal 0.90455 -0.426368 0
    outer loop
      vertex 119.03 8.81854 3.3
      vertex 118.984 8.72095 11.4
      vertex 118.984 8.72095 3.3
    endloop
  endfacet
  facet normal -0.800111 -0.599852 0
    outer loop
      vertex 120.915 8.91113 3.3
      vertex 120.85 8.99783 11.4
      vertex 120.85 8.99783 3.3
    endloop
  endfacet
  facet normal -0.800111 -0.599852 0
    outer loop
      vertex 120.85 8.99783 11.4
      vertex 120.915 8.91113 3.3
      vertex 120.915 8.91113 11.4
    endloop
  endfacet
  facet normal 0.800111 0.599852 0
    outer loop
      vertex 119.15 7.60217 11.4
      vertex 119.085 7.68887 3.3
      vertex 119.085 7.68887 11.4
    endloop
  endfacet
  facet normal 0.800111 0.599852 0
    outer loop
      vertex 119.085 7.68887 3.3
      vertex 119.15 7.60217 11.4
      vertex 119.15 7.60217 3.3
    endloop
  endfacet
  facet normal 0.743253 0.669011 0
    outer loop
      vertex 119.222 7.52218 11.4
      vertex 119.15 7.60217 3.3
      vertex 119.15 7.60217 11.4
    endloop
  endfacet
  facet normal 0.743253 0.669011 0
    outer loop
      vertex 119.15 7.60217 3.3
      vertex 119.222 7.52218 11.4
      vertex 119.222 7.52218 3.3
    endloop
  endfacet
  facet normal 0.335857 0.941913 -0
    outer loop
      vertex 119.681 7.24736 3.3
      vertex 119.579 7.28373 11.4
      vertex 119.681 7.24736 11.4
    endloop
  endfacet
  facet normal 0.335857 0.941913 0
    outer loop
      vertex 119.579 7.28373 11.4
      vertex 119.681 7.24736 3.3
      vertex 119.579 7.28373 3.3
    endloop
  endfacet
  facet normal 0.998926 -0.0463238 0
    outer loop
      vertex 118.9 8.3 11.4
      vertex 118.905 8.40782 3.3
      vertex 118.905 8.40782 11.4
    endloop
  endfacet
  facet normal 0.998926 -0.0463238 0
    outer loop
      vertex 118.905 8.40782 3.3
      vertex 118.9 8.3 11.4
      vertex 118.9 8.3 3.3
    endloop
  endfacet
  facet normal -0.335857 0.941913 0
    outer loop
      vertex 120.421 7.28373 3.3
      vertex 120.319 7.24736 11.4
      vertex 120.421 7.28373 11.4
    endloop
  endfacet
  facet normal -0.335857 0.941913 0
    outer loop
      vertex 120.319 7.24736 11.4
      vertex 120.421 7.28373 3.3
      vertex 120.319 7.24736 3.3
    endloop
  endfacet
  facet normal -0.970528 0.240987 0
    outer loop
      vertex 121.053 7.98069 3.3
      vertex 121.079 8.0854 11.4
      vertex 121.079 8.0854 3.3
    endloop
  endfacet
  facet normal -0.970528 0.240987 0
    outer loop
      vertex 121.079 8.0854 11.4
      vertex 121.053 7.98069 3.3
      vertex 121.053 7.98069 11.4
    endloop
  endfacet
  facet normal -0.939675 0.34207 0
    outer loop
      vertex 121.016 7.87905 3.3
      vertex 121.053 7.98069 11.4
      vertex 121.053 7.98069 3.3
    endloop
  endfacet
  facet normal -0.939675 0.34207 0
    outer loop
      vertex 121.053 7.98069 11.4
      vertex 121.016 7.87905 3.3
      vertex 121.016 7.87905 11.4
    endloop
  endfacet
  facet normal -0.0490151 -0.998798 0
    outer loop
      vertex 120 9.4 3.3
      vertex 120.108 9.3947 11.4
      vertex 120 9.4 11.4
    endloop
  endfacet
  facet normal -0.0490151 -0.998798 -0
    outer loop
      vertex 120.108 9.3947 11.4
      vertex 120 9.4 3.3
      vertex 120.108 9.3947 3.3
    endloop
  endfacet
  facet normal -0.743253 0.669011 0
    outer loop
      vertex 120.778 7.52218 3.3
      vertex 120.85 7.60217 11.4
      vertex 120.85 7.60217 3.3
    endloop
  endfacet
  facet normal -0.743253 0.669011 0
    outer loop
      vertex 120.85 7.60217 11.4
      vertex 120.778 7.52218 3.3
      vertex 120.778 7.52218 11.4
    endloop
  endfacet
  facet normal -0.516479 -0.8563 0
    outer loop
      vertex 120.519 9.27011 3.3
      vertex 120.611 9.21462 11.4
      vertex 120.519 9.27011 11.4
    endloop
  endfacet
  facet normal -0.516479 -0.8563 -0
    outer loop
      vertex 120.611 9.21462 11.4
      vertex 120.519 9.27011 3.3
      vertex 120.611 9.21462 3.3
    endloop
  endfacet
  facet normal -0.244553 -0.969636 0
    outer loop
      vertex 120.215 9.37886 3.3
      vertex 120.319 9.35263 11.4
      vertex 120.215 9.37886 11.4
    endloop
  endfacet
  facet normal -0.244553 -0.969636 -0
    outer loop
      vertex 120.319 9.35263 11.4
      vertex 120.215 9.37886 3.3
      vertex 120.319 9.35263 3.3
    endloop
  endfacet
  facet normal -0.939675 -0.34207 0
    outer loop
      vertex 121.053 8.61931 3.3
      vertex 121.016 8.72095 11.4
      vertex 121.016 8.72095 3.3
    endloop
  endfacet
  facet normal -0.939675 -0.34207 0
    outer loop
      vertex 121.016 8.72095 11.4
      vertex 121.053 8.61931 3.3
      vertex 121.053 8.61931 11.4
    endloop
  endfacet
  facet normal -0.594425 -0.804151 0
    outer loop
      vertex 120.611 9.21462 3.3
      vertex 120.698 9.15031 11.4
      vertex 120.611 9.21462 11.4
    endloop
  endfacet
  facet normal -0.594425 -0.804151 -0
    outer loop
      vertex 120.698 9.15031 11.4
      vertex 120.611 9.21462 3.3
      vertex 120.698 9.15031 3.3
    endloop
  endfacet
  facet normal -0.671469 0.741033 0
    outer loop
      vertex 120.778 7.52218 3.3
      vertex 120.698 7.44969 11.4
      vertex 120.778 7.52218 11.4
    endloop
  endfacet
  facet normal -0.671469 0.741033 0
    outer loop
      vertex 120.698 7.44969 11.4
      vertex 120.778 7.52218 3.3
      vertex 120.698 7.44969 3.3
    endloop
  endfacet
  facet normal 0.970528 0.240987 0
    outer loop
      vertex 118.947 7.98069 11.4
      vertex 118.921 8.0854 3.3
      vertex 118.921 8.0854 11.4
    endloop
  endfacet
  facet normal 0.970528 0.240987 0
    outer loop
      vertex 118.921 8.0854 3.3
      vertex 118.947 7.98069 11.4
      vertex 118.947 7.98069 3.3
    endloop
  endfacet
  facet normal -0.90455 -0.426368 0
    outer loop
      vertex 121.016 8.72095 3.3
      vertex 120.97 8.81854 11.4
      vertex 120.97 8.81854 3.3
    endloop
  endfacet
  facet normal -0.90455 -0.426368 0
    outer loop
      vertex 120.97 8.81854 11.4
      vertex 121.016 8.72095 3.3
      vertex 121.016 8.72095 11.4
    endloop
  endfacet
  facet normal -0.988959 0.148186 0
    outer loop
      vertex 121.079 8.0854 3.3
      vertex 121.095 8.19218 11.4
      vertex 121.095 8.19218 3.3
    endloop
  endfacet
  facet normal -0.988959 0.148186 0
    outer loop
      vertex 121.095 8.19218 11.4
      vertex 121.079 8.0854 3.3
      vertex 121.079 8.0854 11.4
    endloop
  endfacet
  facet normal -0.859754 -0.510708 0
    outer loop
      vertex 120.97 8.81854 3.3
      vertex 120.915 8.91113 11.4
      vertex 120.915 8.91113 3.3
    endloop
  endfacet
  facet normal -0.859754 -0.510708 0
    outer loop
      vertex 120.915 8.91113 11.4
      vertex 120.97 8.81854 3.3
      vertex 120.97 8.81854 11.4
    endloop
  endfacet
  facet normal 0.335775 -0.941942 0
    outer loop
      vertex 119.579 9.31627 3.3
      vertex 119.681 9.35263 11.4
      vertex 119.579 9.31627 11.4
    endloop
  endfacet
  facet normal 0.335775 -0.941942 0
    outer loop
      vertex 119.681 9.35263 11.4
      vertex 119.579 9.31627 3.3
      vertex 119.681 9.35263 3.3
    endloop
  endfacet
  facet normal -0.859754 0.510708 0
    outer loop
      vertex 120.915 7.68887 3.3
      vertex 120.97 7.78146 11.4
      vertex 120.97 7.78146 3.3
    endloop
  endfacet
  facet normal -0.859754 0.510708 0
    outer loop
      vertex 120.97 7.78146 11.4
      vertex 120.915 7.68887 3.3
      vertex 120.915 7.68887 11.4
    endloop
  endfacet
  facet normal -0.671469 -0.741033 0
    outer loop
      vertex 120.698 9.15031 3.3
      vertex 120.778 9.07782 11.4
      vertex 120.698 9.15031 11.4
    endloop
  endfacet
  facet normal -0.671469 -0.741033 -0
    outer loop
      vertex 120.778 9.07782 11.4
      vertex 120.698 9.15031 3.3
      vertex 120.778 9.07782 3.3
    endloop
  endfacet
  facet normal 0.671469 -0.741033 0
    outer loop
      vertex 119.222 9.07782 3.3
      vertex 119.302 9.15031 11.4
      vertex 119.222 9.07782 11.4
    endloop
  endfacet
  facet normal 0.671469 -0.741033 0
    outer loop
      vertex 119.302 9.15031 11.4
      vertex 119.222 9.07782 3.3
      vertex 119.302 9.15031 3.3
    endloop
  endfacet
  facet normal 0.0490151 0.998798 -0
    outer loop
      vertex 120 7.2 3.3
      vertex 119.892 7.2053 11.4
      vertex 120 7.2 11.4
    endloop
  endfacet
  facet normal 0.0490151 0.998798 0
    outer loop
      vertex 119.892 7.2053 11.4
      vertex 120 7.2 3.3
      vertex 119.892 7.2053 3.3
    endloop
  endfacet
  facet normal -0.594425 0.804151 0
    outer loop
      vertex 120.698 7.44969 3.3
      vertex 120.611 7.38538 11.4
      vertex 120.698 7.44969 11.4
    endloop
  endfacet
  facet normal -0.594425 0.804151 0
    outer loop
      vertex 120.611 7.38538 11.4
      vertex 120.698 7.44969 3.3
      vertex 120.611 7.38538 3.3
    endloop
  endfacet
  facet normal 0.859754 -0.510708 0
    outer loop
      vertex 119.03 8.81854 11.4
      vertex 119.085 8.91113 3.3
      vertex 119.085 8.91113 11.4
    endloop
  endfacet
  facet normal 0.859754 -0.510708 0
    outer loop
      vertex 119.085 8.91113 3.3
      vertex 119.03 8.81854 11.4
      vertex 119.03 8.81854 3.3
    endloop
  endfacet
  facet normal 0.90455 0.426368 0
    outer loop
      vertex 119.03 7.78146 11.4
      vertex 118.984 7.87905 3.3
      vertex 118.984 7.87905 11.4
    endloop
  endfacet
  facet normal 0.90455 0.426368 0
    outer loop
      vertex 118.984 7.87905 3.3
      vertex 119.03 7.78146 11.4
      vertex 119.03 7.78146 3.3
    endloop
  endfacet
  facet normal 0.998926 0.0463238 0
    outer loop
      vertex 118.905 8.19218 11.4
      vertex 118.9 8.3 3.3
      vertex 118.9 8.3 11.4
    endloop
  endfacet
  facet normal 0.998926 0.0463238 0
    outer loop
      vertex 118.9 8.3 3.3
      vertex 118.905 8.19218 11.4
      vertex 118.905 8.19218 3.3
    endloop
  endfacet
  facet normal -0.516479 0.8563 0
    outer loop
      vertex 120.611 7.38538 3.3
      vertex 120.519 7.32989 11.4
      vertex 120.611 7.38538 11.4
    endloop
  endfacet
  facet normal -0.516479 0.8563 0
    outer loop
      vertex 120.519 7.32989 11.4
      vertex 120.611 7.38538 3.3
      vertex 120.519 7.32989 3.3
    endloop
  endfacet
  facet normal -0.800111 0.599852 0
    outer loop
      vertex 120.85 7.60217 3.3
      vertex 120.915 7.68887 11.4
      vertex 120.915 7.68887 3.3
    endloop
  endfacet
  facet normal -0.800111 0.599852 0
    outer loop
      vertex 120.915 7.68887 11.4
      vertex 120.85 7.60217 3.3
      vertex 120.85 7.60217 11.4
    endloop
  endfacet
  facet normal 0.859754 0.510708 0
    outer loop
      vertex 119.085 7.68887 11.4
      vertex 119.03 7.78146 3.3
      vertex 119.03 7.78146 11.4
    endloop
  endfacet
  facet normal 0.859754 0.510708 0
    outer loop
      vertex 119.03 7.78146 3.3
      vertex 119.085 7.68887 11.4
      vertex 119.085 7.68887 3.3
    endloop
  endfacet
  facet normal 0.939675 0.34207 0
    outer loop
      vertex 118.984 7.87905 11.4
      vertex 118.947 7.98069 3.3
      vertex 118.947 7.98069 11.4
    endloop
  endfacet
  facet normal 0.939675 0.34207 0
    outer loop
      vertex 118.947 7.98069 3.3
      vertex 118.984 7.87905 11.4
      vertex 118.984 7.87905 3.3
    endloop
  endfacet
  facet normal 0.516479 0.8563 -0
    outer loop
      vertex 119.481 7.32989 3.3
      vertex 119.389 7.38538 11.4
      vertex 119.481 7.32989 11.4
    endloop
  endfacet
  facet normal 0.516479 0.8563 0
    outer loop
      vertex 119.389 7.38538 11.4
      vertex 119.481 7.32989 3.3
      vertex 119.389 7.38538 3.3
    endloop
  endfacet
  facet normal 0.800111 -0.599852 0
    outer loop
      vertex 119.085 8.91113 11.4
      vertex 119.15 8.99783 3.3
      vertex 119.15 8.99783 11.4
    endloop
  endfacet
  facet normal 0.800111 -0.599852 0
    outer loop
      vertex 119.15 8.99783 3.3
      vertex 119.085 8.91113 11.4
      vertex 119.085 8.91113 3.3
    endloop
  endfacet
  facet normal 0.426117 0.904668 -0
    outer loop
      vertex 119.579 7.28373 3.3
      vertex 119.481 7.32989 11.4
      vertex 119.579 7.28373 11.4
    endloop
  endfacet
  facet normal 0.426117 0.904668 0
    outer loop
      vertex 119.481 7.32989 11.4
      vertex 119.579 7.28373 3.3
      vertex 119.481 7.32989 3.3
    endloop
  endfacet
  facet normal 0.939675 -0.34207 0
    outer loop
      vertex 118.947 8.61931 11.4
      vertex 118.984 8.72095 3.3
      vertex 118.984 8.72095 11.4
    endloop
  endfacet
  facet normal 0.939675 -0.34207 0
    outer loop
      vertex 118.984 8.72095 3.3
      vertex 118.947 8.61931 11.4
      vertex 118.947 8.61931 3.3
    endloop
  endfacet
  facet normal -0.988959 -0.148186 0
    outer loop
      vertex 149.095 8.40782 3.3
      vertex 149.079 8.5146 11.4
      vertex 149.079 8.5146 3.3
    endloop
  endfacet
  facet normal -0.988959 -0.148186 0
    outer loop
      vertex 149.079 8.5146 11.4
      vertex 149.095 8.40782 3.3
      vertex 149.095 8.40782 11.4
    endloop
  endfacet
  facet normal -0.998926 -0.0463238 0
    outer loop
      vertex 149.1 8.3 3.3
      vertex 149.095 8.40782 11.4
      vertex 149.095 8.40782 3.3
    endloop
  endfacet
  facet normal -0.998926 -0.0463238 0
    outer loop
      vertex 149.095 8.40782 11.4
      vertex 149.1 8.3 3.3
      vertex 149.1 8.3 11.4
    endloop
  endfacet
  facet normal -0.970528 -0.240987 0
    outer loop
      vertex 149.079 8.5146 3.3
      vertex 149.053 8.61931 11.4
      vertex 149.053 8.61931 3.3
    endloop
  endfacet
  facet normal -0.970528 -0.240987 0
    outer loop
      vertex 149.053 8.61931 11.4
      vertex 149.079 8.5146 3.3
      vertex 149.079 8.5146 11.4
    endloop
  endfacet
  facet normal 0.970528 -0.240987 0
    outer loop
      vertex 146.921 8.5146 11.4
      vertex 146.947 8.61931 3.3
      vertex 146.947 8.61931 11.4
    endloop
  endfacet
  facet normal 0.970528 -0.240987 0
    outer loop
      vertex 146.947 8.61931 3.3
      vertex 146.921 8.5146 11.4
      vertex 146.921 8.5146 3.3
    endloop
  endfacet
  facet normal 0.426117 -0.904668 0
    outer loop
      vertex 147.481 9.27011 3.3
      vertex 147.579 9.31627 11.4
      vertex 147.481 9.27011 11.4
    endloop
  endfacet
  facet normal 0.426117 -0.904668 0
    outer loop
      vertex 147.579 9.31627 11.4
      vertex 147.481 9.27011 3.3
      vertex 147.579 9.31627 3.3
    endloop
  endfacet
  facet normal -0.335775 -0.941942 0
    outer loop
      vertex 148.319 9.35263 3.3
      vertex 148.421 9.31627 11.4
      vertex 148.319 9.35263 11.4
    endloop
  endfacet
  facet normal -0.335775 -0.941942 -0
    outer loop
      vertex 148.421 9.31627 11.4
      vertex 148.319 9.35263 3.3
      vertex 148.421 9.31627 3.3
    endloop
  endfacet
  facet normal -0.146441 -0.989219 0
    outer loop
      vertex 148.108 9.3947 3.3
      vertex 148.215 9.37886 11.4
      vertex 148.108 9.3947 11.4
    endloop
  endfacet
  facet normal -0.146441 -0.989219 -0
    outer loop
      vertex 148.215 9.37886 11.4
      vertex 148.108 9.3947 3.3
      vertex 148.215 9.37886 3.3
    endloop
  endfacet
  facet normal 0.516479 -0.8563 0
    outer loop
      vertex 147.389 9.21462 3.3
      vertex 147.481 9.27011 11.4
      vertex 147.389 9.21462 11.4
    endloop
  endfacet
  facet normal 0.516479 -0.8563 0
    outer loop
      vertex 147.481 9.27011 11.4
      vertex 147.389 9.21462 3.3
      vertex 147.481 9.27011 3.3
    endloop
  endfacet
  facet normal -0.998926 0.0463238 0
    outer loop
      vertex 149.095 8.19218 3.3
      vertex 149.1 8.3 11.4
      vertex 149.1 8.3 3.3
    endloop
  endfacet
  facet normal -0.998926 0.0463238 0
    outer loop
      vertex 149.1 8.3 11.4
      vertex 149.095 8.19218 3.3
      vertex 149.095 8.19218 11.4
    endloop
  endfacet
  facet normal -0.244466 0.969658 0
    outer loop
      vertex 148.319 7.24736 3.3
      vertex 148.215 7.22114 11.4
      vertex 148.319 7.24736 11.4
    endloop
  endfacet
  facet normal -0.244466 0.969658 0
    outer loop
      vertex 148.215 7.22114 11.4
      vertex 148.319 7.24736 3.3
      vertex 148.215 7.22114 3.3
    endloop
  endfacet
  facet normal 0.0490151 -0.998798 0
    outer loop
      vertex 147.892 9.3947 3.3
      vertex 148 9.4 11.4
      vertex 147.892 9.3947 11.4
    endloop
  endfacet
  facet normal 0.0490151 -0.998798 0
    outer loop
      vertex 148 9.4 11.4
      vertex 147.892 9.3947 3.3
      vertex 148 9.4 3.3
    endloop
  endfacet
  facet normal 0.594425 -0.804151 0
    outer loop
      vertex 147.302 9.15031 3.3
      vertex 147.389 9.21462 11.4
      vertex 147.302 9.15031 11.4
    endloop
  endfacet
  facet normal 0.594425 -0.804151 0
    outer loop
      vertex 147.389 9.21462 11.4
      vertex 147.302 9.15031 3.3
      vertex 147.389 9.21462 3.3
    endloop
  endfacet
  facet normal 0.988959 0.148186 0
    outer loop
      vertex 146.921 8.0854 11.4
      vertex 146.905 8.19218 3.3
      vertex 146.905 8.19218 11.4
    endloop
  endfacet
  facet normal 0.988959 0.148186 0
    outer loop
      vertex 146.905 8.19218 3.3
      vertex 146.921 8.0854 11.4
      vertex 146.921 8.0854 3.3
    endloop
  endfacet
  facet normal 0.743253 -0.669011 0
    outer loop
      vertex 147.15 8.99783 11.4
      vertex 147.222 9.07782 3.3
      vertex 147.222 9.07782 11.4
    endloop
  endfacet
  facet normal 0.743253 -0.669011 0
    outer loop
      vertex 147.222 9.07782 3.3
      vertex 147.15 8.99783 11.4
      vertex 147.15 8.99783 3.3
    endloop
  endfacet
  facet normal 0.244466 0.969658 -0
    outer loop
      vertex 147.785 7.22114 3.3
      vertex 147.681 7.24736 11.4
      vertex 147.785 7.22114 11.4
    endloop
  endfacet
  facet normal 0.244466 0.969658 0
    outer loop
      vertex 147.681 7.24736 11.4
      vertex 147.785 7.22114 3.3
      vertex 147.681 7.24736 3.3
    endloop
  endfacet
  facet normal -0.426117 0.904668 0
    outer loop
      vertex 148.519 7.32989 3.3
      vertex 148.421 7.28373 11.4
      vertex 148.519 7.32989 11.4
    endloop
  endfacet
  facet normal -0.426117 0.904668 0
    outer loop
      vertex 148.421 7.28373 11.4
      vertex 148.519 7.32989 3.3
      vertex 148.421 7.28373 3.3
    endloop
  endfacet
  facet normal 0.594425 0.804151 -0
    outer loop
      vertex 147.389 7.38538 3.3
      vertex 147.302 7.44969 11.4
      vertex 147.389 7.38538 11.4
    endloop
  endfacet
  facet normal 0.594425 0.804151 0
    outer loop
      vertex 147.302 7.44969 11.4
      vertex 147.389 7.38538 3.3
      vertex 147.302 7.44969 3.3
    endloop
  endfacet
  facet normal -0.146441 0.989219 0
    outer loop
      vertex 148.215 7.22114 3.3
      vertex 148.108 7.2053 11.4
      vertex 148.215 7.22114 11.4
    endloop
  endfacet
  facet normal -0.146441 0.989219 0
    outer loop
      vertex 148.108 7.2053 11.4
      vertex 148.215 7.22114 3.3
      vertex 148.108 7.2053 3.3
    endloop
  endfacet
  facet normal 0.146441 -0.989219 0
    outer loop
      vertex 147.785 9.37886 3.3
      vertex 147.892 9.3947 11.4
      vertex 147.785 9.37886 11.4
    endloop
  endfacet
  facet normal 0.146441 -0.989219 0
    outer loop
      vertex 147.892 9.3947 11.4
      vertex 147.785 9.37886 3.3
      vertex 147.892 9.3947 3.3
    endloop
  endfacet
  facet normal 0.988959 -0.148186 0
    outer loop
      vertex 146.905 8.40782 11.4
      vertex 146.921 8.5146 3.3
      vertex 146.921 8.5146 11.4
    endloop
  endfacet
  facet normal 0.988959 -0.148186 0
    outer loop
      vertex 146.921 8.5146 3.3
      vertex 146.905 8.40782 11.4
      vertex 146.905 8.40782 3.3
    endloop
  endfacet
  facet normal -0.90455 0.426368 0
    outer loop
      vertex 148.97 7.78146 3.3
      vertex 149.016 7.87905 11.4
      vertex 149.016 7.87905 3.3
    endloop
  endfacet
  facet normal -0.90455 0.426368 0
    outer loop
      vertex 149.016 7.87905 11.4
      vertex 148.97 7.78146 3.3
      vertex 148.97 7.78146 11.4
    endloop
  endfacet
  facet normal 0.671469 0.741033 -0
    outer loop
      vertex 147.302 7.44969 3.3
      vertex 147.222 7.52218 11.4
      vertex 147.302 7.44969 11.4
    endloop
  endfacet
  facet normal 0.671469 0.741033 0
    outer loop
      vertex 147.222 7.52218 11.4
      vertex 147.302 7.44969 3.3
      vertex 147.222 7.52218 3.3
    endloop
  endfacet
  facet normal -0.743253 -0.669011 0
    outer loop
      vertex 148.85 8.99783 3.3
      vertex 148.778 9.07782 11.4
      vertex 148.778 9.07782 3.3
    endloop
  endfacet
  facet normal -0.743253 -0.669011 0
    outer loop
      vertex 148.778 9.07782 11.4
      vertex 148.85 8.99783 3.3
      vertex 148.85 8.99783 11.4
    endloop
  endfacet
  facet normal 0.244553 -0.969636 0
    outer loop
      vertex 147.681 9.35263 3.3
      vertex 147.785 9.37886 11.4
      vertex 147.681 9.35263 11.4
    endloop
  endfacet
  facet normal 0.244553 -0.969636 0
    outer loop
      vertex 147.785 9.37886 11.4
      vertex 147.681 9.35263 3.3
      vertex 147.785 9.37886 3.3
    endloop
  endfacet
  facet normal -0.426117 -0.904668 0
    outer loop
      vertex 148.421 9.31627 3.3
      vertex 148.519 9.27011 11.4
      vertex 148.421 9.31627 11.4
    endloop
  endfacet
  facet normal -0.426117 -0.904668 -0
    outer loop
      vertex 148.519 9.27011 11.4
      vertex 148.421 9.31627 3.3
      vertex 148.519 9.27011 3.3
    endloop
  endfacet
  facet normal -0.0490151 0.998798 0
    outer loop
      vertex 148.108 7.2053 3.3
      vertex 148 7.2 11.4
      vertex 148.108 7.2053 11.4
    endloop
  endfacet
  facet normal -0.0490151 0.998798 0
    outer loop
      vertex 148 7.2 11.4
      vertex 148.108 7.2053 3.3
      vertex 148 7.2 3.3
    endloop
  endfacet
  facet normal 0.146441 0.989219 -0
    outer loop
      vertex 147.892 7.2053 3.3
      vertex 147.785 7.22114 11.4
      vertex 147.892 7.2053 11.4
    endloop
  endfacet
  facet normal 0.146441 0.989219 0
    outer loop
      vertex 147.785 7.22114 11.4
      vertex 147.892 7.2053 3.3
      vertex 147.785 7.22114 3.3
    endloop
  endfacet
  facet normal 0.90455 -0.426368 0
    outer loop
      vertex 146.984 8.72095 11.4
      vertex 147.03 8.81854 3.3
      vertex 147.03 8.81854 11.4
    endloop
  endfacet
  facet normal 0.90455 -0.426368 0
    outer loop
      vertex 147.03 8.81854 3.3
      vertex 146.984 8.72095 11.4
      vertex 146.984 8.72095 3.3
    endloop
  endfacet
  facet normal -0.800111 -0.599852 0
    outer loop
      vertex 148.915 8.91113 3.3
      vertex 148.85 8.99783 11.4
      vertex 148.85 8.99783 3.3
    endloop
  endfacet
  facet normal -0.800111 -0.599852 0
    outer loop
      vertex 148.85 8.99783 11.4
      vertex 148.915 8.91113 3.3
      vertex 148.915 8.91113 11.4
    endloop
  endfacet
  facet normal 0.800111 0.599852 0
    outer loop
      vertex 147.15 7.60217 11.4
      vertex 147.085 7.68887 3.3
      vertex 147.085 7.68887 11.4
    endloop
  endfacet
  facet normal 0.800111 0.599852 0
    outer loop
      vertex 147.085 7.68887 3.3
      vertex 147.15 7.60217 11.4
      vertex 147.15 7.60217 3.3
    endloop
  endfacet
  facet normal 0.743253 0.669011 0
    outer loop
      vertex 147.222 7.52218 11.4
      vertex 147.15 7.60217 3.3
      vertex 147.15 7.60217 11.4
    endloop
  endfacet
  facet normal 0.743253 0.669011 0
    outer loop
      vertex 147.15 7.60217 3.3
      vertex 147.222 7.52218 11.4
      vertex 147.222 7.52218 3.3
    endloop
  endfacet
  facet normal 0.335857 0.941913 -0
    outer loop
      vertex 147.681 7.24736 3.3
      vertex 147.579 7.28373 11.4
      vertex 147.681 7.24736 11.4
    endloop
  endfacet
  facet normal 0.335857 0.941913 0
    outer loop
      vertex 147.579 7.28373 11.4
      vertex 147.681 7.24736 3.3
      vertex 147.579 7.28373 3.3
    endloop
  endfacet
  facet normal 0.998926 -0.0463238 0
    outer loop
      vertex 146.9 8.3 11.4
      vertex 146.905 8.40782 3.3
      vertex 146.905 8.40782 11.4
    endloop
  endfacet
  facet normal 0.998926 -0.0463238 0
    outer loop
      vertex 146.905 8.40782 3.3
      vertex 146.9 8.3 11.4
      vertex 146.9 8.3 3.3
    endloop
  endfacet
  facet normal -0.335857 0.941913 0
    outer loop
      vertex 148.421 7.28373 3.3
      vertex 148.319 7.24736 11.4
      vertex 148.421 7.28373 11.4
    endloop
  endfacet
  facet normal -0.335857 0.941913 0
    outer loop
      vertex 148.319 7.24736 11.4
      vertex 148.421 7.28373 3.3
      vertex 148.319 7.24736 3.3
    endloop
  endfacet
  facet normal -0.970528 0.240987 0
    outer loop
      vertex 149.053 7.98069 3.3
      vertex 149.079 8.0854 11.4
      vertex 149.079 8.0854 3.3
    endloop
  endfacet
  facet normal -0.970528 0.240987 0
    outer loop
      vertex 149.079 8.0854 11.4
      vertex 149.053 7.98069 3.3
      vertex 149.053 7.98069 11.4
    endloop
  endfacet
  facet normal -0.939675 0.34207 0
    outer loop
      vertex 149.016 7.87905 3.3
      vertex 149.053 7.98069 11.4
      vertex 149.053 7.98069 3.3
    endloop
  endfacet
  facet normal -0.939675 0.34207 0
    outer loop
      vertex 149.053 7.98069 11.4
      vertex 149.016 7.87905 3.3
      vertex 149.016 7.87905 11.4
    endloop
  endfacet
  facet normal -0.0490151 -0.998798 0
    outer loop
      vertex 148 9.4 3.3
      vertex 148.108 9.3947 11.4
      vertex 148 9.4 11.4
    endloop
  endfacet
  facet normal -0.0490151 -0.998798 -0
    outer loop
      vertex 148.108 9.3947 11.4
      vertex 148 9.4 3.3
      vertex 148.108 9.3947 3.3
    endloop
  endfacet
  facet normal -0.743253 0.669011 0
    outer loop
      vertex 148.778 7.52218 3.3
      vertex 148.85 7.60217 11.4
      vertex 148.85 7.60217 3.3
    endloop
  endfacet
  facet normal -0.743253 0.669011 0
    outer loop
      vertex 148.85 7.60217 11.4
      vertex 148.778 7.52218 3.3
      vertex 148.778 7.52218 11.4
    endloop
  endfacet
  facet normal -0.516479 -0.8563 0
    outer loop
      vertex 148.519 9.27011 3.3
      vertex 148.611 9.21462 11.4
      vertex 148.519 9.27011 11.4
    endloop
  endfacet
  facet normal -0.516479 -0.8563 -0
    outer loop
      vertex 148.611 9.21462 11.4
      vertex 148.519 9.27011 3.3
      vertex 148.611 9.21462 3.3
    endloop
  endfacet
  facet normal -0.244553 -0.969636 0
    outer loop
      vertex 148.215 9.37886 3.3
      vertex 148.319 9.35263 11.4
      vertex 148.215 9.37886 11.4
    endloop
  endfacet
  facet normal -0.244553 -0.969636 -0
    outer loop
      vertex 148.319 9.35263 11.4
      vertex 148.215 9.37886 3.3
      vertex 148.319 9.35263 3.3
    endloop
  endfacet
  facet normal -0.939675 -0.34207 0
    outer loop
      vertex 149.053 8.61931 3.3
      vertex 149.016 8.72095 11.4
      vertex 149.016 8.72095 3.3
    endloop
  endfacet
  facet normal -0.939675 -0.34207 0
    outer loop
      vertex 149.016 8.72095 11.4
      vertex 149.053 8.61931 3.3
      vertex 149.053 8.61931 11.4
    endloop
  endfacet
  facet normal -0.594425 -0.804151 0
    outer loop
      vertex 148.611 9.21462 3.3
      vertex 148.698 9.15031 11.4
      vertex 148.611 9.21462 11.4
    endloop
  endfacet
  facet normal -0.594425 -0.804151 -0
    outer loop
      vertex 148.698 9.15031 11.4
      vertex 148.611 9.21462 3.3
      vertex 148.698 9.15031 3.3
    endloop
  endfacet
  facet normal -0.671469 0.741033 0
    outer loop
      vertex 148.778 7.52218 3.3
      vertex 148.698 7.44969 11.4
      vertex 148.778 7.52218 11.4
    endloop
  endfacet
  facet normal -0.671469 0.741033 0
    outer loop
      vertex 148.698 7.44969 11.4
      vertex 148.778 7.52218 3.3
      vertex 148.698 7.44969 3.3
    endloop
  endfacet
  facet normal 0.970528 0.240987 0
    outer loop
      vertex 146.947 7.98069 11.4
      vertex 146.921 8.0854 3.3
      vertex 146.921 8.0854 11.4
    endloop
  endfacet
  facet normal 0.970528 0.240987 0
    outer loop
      vertex 146.921 8.0854 3.3
      vertex 146.947 7.98069 11.4
      vertex 146.947 7.98069 3.3
    endloop
  endfacet
  facet normal -0.90455 -0.426368 0
    outer loop
      vertex 149.016 8.72095 3.3
      vertex 148.97 8.81854 11.4
      vertex 148.97 8.81854 3.3
    endloop
  endfacet
  facet normal -0.90455 -0.426368 0
    outer loop
      vertex 148.97 8.81854 11.4
      vertex 149.016 8.72095 3.3
      vertex 149.016 8.72095 11.4
    endloop
  endfacet
  facet normal -0.988959 0.148186 0
    outer loop
      vertex 149.079 8.0854 3.3
      vertex 149.095 8.19218 11.4
      vertex 149.095 8.19218 3.3
    endloop
  endfacet
  facet normal -0.988959 0.148186 0
    outer loop
      vertex 149.095 8.19218 11.4
      vertex 149.079 8.0854 3.3
      vertex 149.079 8.0854 11.4
    endloop
  endfacet
  facet normal -0.859754 -0.510708 0
    outer loop
      vertex 148.97 8.81854 3.3
      vertex 148.915 8.91113 11.4
      vertex 148.915 8.91113 3.3
    endloop
  endfacet
  facet normal -0.859754 -0.510708 0
    outer loop
      vertex 148.915 8.91113 11.4
      vertex 148.97 8.81854 3.3
      vertex 148.97 8.81854 11.4
    endloop
  endfacet
  facet normal 0.335775 -0.941942 0
    outer loop
      vertex 147.579 9.31627 3.3
      vertex 147.681 9.35263 11.4
      vertex 147.579 9.31627 11.4
    endloop
  endfacet
  facet normal 0.335775 -0.941942 0
    outer loop
      vertex 147.681 9.35263 11.4
      vertex 147.579 9.31627 3.3
      vertex 147.681 9.35263 3.3
    endloop
  endfacet
  facet normal -0.859754 0.510708 0
    outer loop
      vertex 148.915 7.68887 3.3
      vertex 148.97 7.78146 11.4
      vertex 148.97 7.78146 3.3
    endloop
  endfacet
  facet normal -0.859754 0.510708 0
    outer loop
      vertex 148.97 7.78146 11.4
      vertex 148.915 7.68887 3.3
      vertex 148.915 7.68887 11.4
    endloop
  endfacet
  facet normal -0.671469 -0.741033 0
    outer loop
      vertex 148.698 9.15031 3.3
      vertex 148.778 9.07782 11.4
      vertex 148.698 9.15031 11.4
    endloop
  endfacet
  facet normal -0.671469 -0.741033 -0
    outer loop
      vertex 148.778 9.07782 11.4
      vertex 148.698 9.15031 3.3
      vertex 148.778 9.07782 3.3
    endloop
  endfacet
  facet normal 0.671469 -0.741033 0
    outer loop
      vertex 147.222 9.07782 3.3
      vertex 147.302 9.15031 11.4
      vertex 147.222 9.07782 11.4
    endloop
  endfacet
  facet normal 0.671469 -0.741033 0
    outer loop
      vertex 147.302 9.15031 11.4
      vertex 147.222 9.07782 3.3
      vertex 147.302 9.15031 3.3
    endloop
  endfacet
  facet normal 0.0490151 0.998798 -0
    outer loop
      vertex 148 7.2 3.3
      vertex 147.892 7.2053 11.4
      vertex 148 7.2 11.4
    endloop
  endfacet
  facet normal 0.0490151 0.998798 0
    outer loop
      vertex 147.892 7.2053 11.4
      vertex 148 7.2 3.3
      vertex 147.892 7.2053 3.3
    endloop
  endfacet
  facet normal -0.594425 0.804151 0
    outer loop
      vertex 148.698 7.44969 3.3
      vertex 148.611 7.38538 11.4
      vertex 148.698 7.44969 11.4
    endloop
  endfacet
  facet normal -0.594425 0.804151 0
    outer loop
      vertex 148.611 7.38538 11.4
      vertex 148.698 7.44969 3.3
      vertex 148.611 7.38538 3.3
    endloop
  endfacet
  facet normal 0.859754 -0.510708 0
    outer loop
      vertex 147.03 8.81854 11.4
      vertex 147.085 8.91113 3.3
      vertex 147.085 8.91113 11.4
    endloop
  endfacet
  facet normal 0.859754 -0.510708 0
    outer loop
      vertex 147.085 8.91113 3.3
      vertex 147.03 8.81854 11.4
      vertex 147.03 8.81854 3.3
    endloop
  endfacet
  facet normal 0.90455 0.426368 0
    outer loop
      vertex 147.03 7.78146 11.4
      vertex 146.984 7.87905 3.3
      vertex 146.984 7.87905 11.4
    endloop
  endfacet
  facet normal 0.90455 0.426368 0
    outer loop
      vertex 146.984 7.87905 3.3
      vertex 147.03 7.78146 11.4
      vertex 147.03 7.78146 3.3
    endloop
  endfacet
  facet normal 0.998926 0.0463238 0
    outer loop
      vertex 146.905 8.19218 11.4
      vertex 146.9 8.3 3.3
      vertex 146.9 8.3 11.4
    endloop
  endfacet
  facet normal 0.998926 0.0463238 0
    outer loop
      vertex 146.9 8.3 3.3
      vertex 146.905 8.19218 11.4
      vertex 146.905 8.19218 3.3
    endloop
  endfacet
  facet normal -0.516479 0.8563 0
    outer loop
      vertex 148.611 7.38538 3.3
      vertex 148.519 7.32989 11.4
      vertex 148.611 7.38538 11.4
    endloop
  endfacet
  facet normal -0.516479 0.8563 0
    outer loop
      vertex 148.519 7.32989 11.4
      vertex 148.611 7.38538 3.3
      vertex 148.519 7.32989 3.3
    endloop
  endfacet
  facet normal -0.800111 0.599852 0
    outer loop
      vertex 148.85 7.60217 3.3
      vertex 148.915 7.68887 11.4
      vertex 148.915 7.68887 3.3
    endloop
  endfacet
  facet normal -0.800111 0.599852 0
    outer loop
      vertex 148.915 7.68887 11.4
      vertex 148.85 7.60217 3.3
      vertex 148.85 7.60217 11.4
    endloop
  endfacet
  facet normal 0.859754 0.510708 0
    outer loop
      vertex 147.085 7.68887 11.4
      vertex 147.03 7.78146 3.3
      vertex 147.03 7.78146 11.4
    endloop
  endfacet
  facet normal 0.859754 0.510708 0
    outer loop
      vertex 147.03 7.78146 3.3
      vertex 147.085 7.68887 11.4
      vertex 147.085 7.68887 3.3
    endloop
  endfacet
  facet normal 0.939675 0.34207 0
    outer loop
      vertex 146.984 7.87905 11.4
      vertex 146.947 7.98069 3.3
      vertex 146.947 7.98069 11.4
    endloop
  endfacet
  facet normal 0.939675 0.34207 0
    outer loop
      vertex 146.947 7.98069 3.3
      vertex 146.984 7.87905 11.4
      vertex 146.984 7.87905 3.3
    endloop
  endfacet
  facet normal 0.516479 0.8563 -0
    outer loop
      vertex 147.481 7.32989 3.3
      vertex 147.389 7.38538 11.4
      vertex 147.481 7.32989 11.4
    endloop
  endfacet
  facet normal 0.516479 0.8563 0
    outer loop
      vertex 147.389 7.38538 11.4
      vertex 147.481 7.32989 3.3
      vertex 147.389 7.38538 3.3
    endloop
  endfacet
  facet normal 0.800111 -0.599852 0
    outer loop
      vertex 147.085 8.91113 11.4
      vertex 147.15 8.99783 3.3
      vertex 147.15 8.99783 11.4
    endloop
  endfacet
  facet normal 0.800111 -0.599852 0
    outer loop
      vertex 147.15 8.99783 3.3
      vertex 147.085 8.91113 11.4
      vertex 147.085 8.91113 3.3
    endloop
  endfacet
  facet normal 0.426117 0.904668 -0
    outer loop
      vertex 147.579 7.28373 3.3
      vertex 147.481 7.32989 11.4
      vertex 147.579 7.28373 11.4
    endloop
  endfacet
  facet normal 0.426117 0.904668 0
    outer loop
      vertex 147.481 7.32989 11.4
      vertex 147.579 7.28373 3.3
      vertex 147.481 7.32989 3.3
    endloop
  endfacet
  facet normal 0.939675 -0.34207 0
    outer loop
      vertex 146.947 8.61931 11.4
      vertex 146.984 8.72095 3.3
      vertex 146.984 8.72095 11.4
    endloop
  endfacet
  facet normal 0.939675 -0.34207 0
    outer loop
      vertex 146.984 8.72095 3.3
      vertex 146.947 8.61931 11.4
      vertex 146.947 8.61931 3.3
    endloop
  endfacet
  facet normal -0.988959 -0.148186 0
    outer loop
      vertex 177.095 8.40782 3.3
      vertex 177.079 8.5146 11.4
      vertex 177.079 8.5146 3.3
    endloop
  endfacet
  facet normal -0.988959 -0.148186 0
    outer loop
      vertex 177.079 8.5146 11.4
      vertex 177.095 8.40782 3.3
      vertex 177.095 8.40782 11.4
    endloop
  endfacet
  facet normal -0.998926 -0.0463238 0
    outer loop
      vertex 177.1 8.3 3.3
      vertex 177.095 8.40782 11.4
      vertex 177.095 8.40782 3.3
    endloop
  endfacet
  facet normal -0.998926 -0.0463238 0
    outer loop
      vertex 177.095 8.40782 11.4
      vertex 177.1 8.3 3.3
      vertex 177.1 8.3 11.4
    endloop
  endfacet
  facet normal -0.970528 -0.240987 0
    outer loop
      vertex 177.079 8.5146 3.3
      vertex 177.053 8.61931 11.4
      vertex 177.053 8.61931 3.3
    endloop
  endfacet
  facet normal -0.970528 -0.240987 0
    outer loop
      vertex 177.053 8.61931 11.4
      vertex 177.079 8.5146 3.3
      vertex 177.079 8.5146 11.4
    endloop
  endfacet
  facet normal 0.970528 -0.240987 0
    outer loop
      vertex 174.921 8.5146 11.4
      vertex 174.947 8.61931 3.3
      vertex 174.947 8.61931 11.4
    endloop
  endfacet
  facet normal 0.970528 -0.240987 0
    outer loop
      vertex 174.947 8.61931 3.3
      vertex 174.921 8.5146 11.4
      vertex 174.921 8.5146 3.3
    endloop
  endfacet
  facet normal 0.426117 -0.904668 0
    outer loop
      vertex 175.481 9.27011 3.3
      vertex 175.579 9.31627 11.4
      vertex 175.481 9.27011 11.4
    endloop
  endfacet
  facet normal 0.426117 -0.904668 0
    outer loop
      vertex 175.579 9.31627 11.4
      vertex 175.481 9.27011 3.3
      vertex 175.579 9.31627 3.3
    endloop
  endfacet
  facet normal -0.335775 -0.941942 0
    outer loop
      vertex 176.319 9.35263 3.3
      vertex 176.421 9.31627 11.4
      vertex 176.319 9.35263 11.4
    endloop
  endfacet
  facet normal -0.335775 -0.941942 -0
    outer loop
      vertex 176.421 9.31627 11.4
      vertex 176.319 9.35263 3.3
      vertex 176.421 9.31627 3.3
    endloop
  endfacet
  facet normal -0.146441 -0.989219 0
    outer loop
      vertex 176.108 9.3947 3.3
      vertex 176.215 9.37886 11.4
      vertex 176.108 9.3947 11.4
    endloop
  endfacet
  facet normal -0.146441 -0.989219 -0
    outer loop
      vertex 176.215 9.37886 11.4
      vertex 176.108 9.3947 3.3
      vertex 176.215 9.37886 3.3
    endloop
  endfacet
  facet normal 0.516479 -0.8563 0
    outer loop
      vertex 175.389 9.21462 3.3
      vertex 175.481 9.27011 11.4
      vertex 175.389 9.21462 11.4
    endloop
  endfacet
  facet normal 0.516479 -0.8563 0
    outer loop
      vertex 175.481 9.27011 11.4
      vertex 175.389 9.21462 3.3
      vertex 175.481 9.27011 3.3
    endloop
  endfacet
  facet normal -0.998926 0.0463238 0
    outer loop
      vertex 177.095 8.19218 3.3
      vertex 177.1 8.3 11.4
      vertex 177.1 8.3 3.3
    endloop
  endfacet
  facet normal -0.998926 0.0463238 0
    outer loop
      vertex 177.1 8.3 11.4
      vertex 177.095 8.19218 3.3
      vertex 177.095 8.19218 11.4
    endloop
  endfacet
  facet normal -0.244466 0.969658 0
    outer loop
      vertex 176.319 7.24736 3.3
      vertex 176.215 7.22114 11.4
      vertex 176.319 7.24736 11.4
    endloop
  endfacet
  facet normal -0.244466 0.969658 0
    outer loop
      vertex 176.215 7.22114 11.4
      vertex 176.319 7.24736 3.3
      vertex 176.215 7.22114 3.3
    endloop
  endfacet
  facet normal 0.0490151 -0.998798 0
    outer loop
      vertex 175.892 9.3947 3.3
      vertex 176 9.4 11.4
      vertex 175.892 9.3947 11.4
    endloop
  endfacet
  facet normal 0.0490151 -0.998798 0
    outer loop
      vertex 176 9.4 11.4
      vertex 175.892 9.3947 3.3
      vertex 176 9.4 3.3
    endloop
  endfacet
  facet normal 0.988959 0.148186 0
    outer loop
      vertex 174.921 8.0854 11.4
      vertex 174.905 8.19218 3.3
      vertex 174.905 8.19218 11.4
    endloop
  endfacet
  facet normal 0.988959 0.148186 0
    outer loop
      vertex 174.905 8.19218 3.3
      vertex 174.921 8.0854 11.4
      vertex 174.921 8.0854 3.3
    endloop
  endfacet
  facet normal 0.743253 -0.669011 0
    outer loop
      vertex 175.15 8.99783 11.4
      vertex 175.222 9.07782 3.3
      vertex 175.222 9.07782 11.4
    endloop
  endfacet
  facet normal 0.743253 -0.669011 0
    outer loop
      vertex 175.222 9.07782 3.3
      vertex 175.15 8.99783 11.4
      vertex 175.15 8.99783 3.3
    endloop
  endfacet
  facet normal 0.244466 0.969658 -0
    outer loop
      vertex 175.785 7.22114 3.3
      vertex 175.681 7.24736 11.4
      vertex 175.785 7.22114 11.4
    endloop
  endfacet
  facet normal 0.244466 0.969658 0
    outer loop
      vertex 175.681 7.24736 11.4
      vertex 175.785 7.22114 3.3
      vertex 175.681 7.24736 3.3
    endloop
  endfacet
  facet normal -0.426117 0.904668 0
    outer loop
      vertex 176.519 7.32989 3.3
      vertex 176.421 7.28373 11.4
      vertex 176.519 7.32989 11.4
    endloop
  endfacet
  facet normal -0.426117 0.904668 0
    outer loop
      vertex 176.421 7.28373 11.4
      vertex 176.519 7.32989 3.3
      vertex 176.421 7.28373 3.3
    endloop
  endfacet
  facet normal 0.671469 -0.741033 0
    outer loop
      vertex 175.222 9.07782 3.3
      vertex 175.302 9.15031 11.4
      vertex 175.222 9.07782 11.4
    endloop
  endfacet
  facet normal 0.671469 -0.741033 0
    outer loop
      vertex 175.302 9.15031 11.4
      vertex 175.222 9.07782 3.3
      vertex 175.302 9.15031 3.3
    endloop
  endfacet
  facet normal 0.594425 0.804151 -0
    outer loop
      vertex 175.389 7.38538 3.3
      vertex 175.302 7.44969 11.4
      vertex 175.389 7.38538 11.4
    endloop
  endfacet
  facet normal 0.594425 0.804151 0
    outer loop
      vertex 175.302 7.44969 11.4
      vertex 175.389 7.38538 3.3
      vertex 175.302 7.44969 3.3
    endloop
  endfacet
  facet normal -0.146441 0.989219 0
    outer loop
      vertex 176.215 7.22114 3.3
      vertex 176.108 7.2053 11.4
      vertex 176.215 7.22114 11.4
    endloop
  endfacet
  facet normal -0.146441 0.989219 0
    outer loop
      vertex 176.108 7.2053 11.4
      vertex 176.215 7.22114 3.3
      vertex 176.108 7.2053 3.3
    endloop
  endfacet
  facet normal 0.146441 -0.989219 0
    outer loop
      vertex 175.785 9.37886 3.3
      vertex 175.892 9.3947 11.4
      vertex 175.785 9.37886 11.4
    endloop
  endfacet
  facet normal 0.146441 -0.989219 0
    outer loop
      vertex 175.892 9.3947 11.4
      vertex 175.785 9.37886 3.3
      vertex 175.892 9.3947 3.3
    endloop
  endfacet
  facet normal 0.988959 -0.148186 0
    outer loop
      vertex 174.905 8.40782 11.4
      vertex 174.921 8.5146 3.3
      vertex 174.921 8.5146 11.4
    endloop
  endfacet
  facet normal 0.988959 -0.148186 0
    outer loop
      vertex 174.921 8.5146 3.3
      vertex 174.905 8.40782 11.4
      vertex 174.905 8.40782 3.3
    endloop
  endfacet
  facet normal -0.90455 0.426368 0
    outer loop
      vertex 176.97 7.78146 3.3
      vertex 177.016 7.87905 11.4
      vertex 177.016 7.87905 3.3
    endloop
  endfacet
  facet normal -0.90455 0.426368 0
    outer loop
      vertex 177.016 7.87905 11.4
      vertex 176.97 7.78146 3.3
      vertex 176.97 7.78146 11.4
    endloop
  endfacet
  facet normal 0.671469 0.741033 -0
    outer loop
      vertex 175.302 7.44969 3.3
      vertex 175.222 7.52218 11.4
      vertex 175.302 7.44969 11.4
    endloop
  endfacet
  facet normal 0.671469 0.741033 0
    outer loop
      vertex 175.222 7.52218 11.4
      vertex 175.302 7.44969 3.3
      vertex 175.222 7.52218 3.3
    endloop
  endfacet
  facet normal -0.743253 -0.669011 0
    outer loop
      vertex 176.85 8.99783 3.3
      vertex 176.778 9.07782 11.4
      vertex 176.778 9.07782 3.3
    endloop
  endfacet
  facet normal -0.743253 -0.669011 0
    outer loop
      vertex 176.778 9.07782 11.4
      vertex 176.85 8.99783 3.3
      vertex 176.85 8.99783 11.4
    endloop
  endfacet
  facet normal 0.244553 -0.969636 0
    outer loop
      vertex 175.681 9.35263 3.3
      vertex 175.785 9.37886 11.4
      vertex 175.681 9.35263 11.4
    endloop
  endfacet
  facet normal 0.244553 -0.969636 0
    outer loop
      vertex 175.785 9.37886 11.4
      vertex 175.681 9.35263 3.3
      vertex 175.785 9.37886 3.3
    endloop
  endfacet
  facet normal -0.426117 -0.904668 0
    outer loop
      vertex 176.421 9.31627 3.3
      vertex 176.519 9.27011 11.4
      vertex 176.421 9.31627 11.4
    endloop
  endfacet
  facet normal -0.426117 -0.904668 -0
    outer loop
      vertex 176.519 9.27011 11.4
      vertex 176.421 9.31627 3.3
      vertex 176.519 9.27011 3.3
    endloop
  endfacet
  facet normal -0.0490151 0.998798 0
    outer loop
      vertex 176.108 7.2053 3.3
      vertex 176 7.2 11.4
      vertex 176.108 7.2053 11.4
    endloop
  endfacet
  facet normal -0.0490151 0.998798 0
    outer loop
      vertex 176 7.2 11.4
      vertex 176.108 7.2053 3.3
      vertex 176 7.2 3.3
    endloop
  endfacet
  facet normal 0.146441 0.989219 -0
    outer loop
      vertex 175.892 7.2053 3.3
      vertex 175.785 7.22114 11.4
      vertex 175.892 7.2053 11.4
    endloop
  endfacet
  facet normal 0.146441 0.989219 0
    outer loop
      vertex 175.785 7.22114 11.4
      vertex 175.892 7.2053 3.3
      vertex 175.785 7.22114 3.3
    endloop
  endfacet
  facet normal 0.90455 -0.426368 0
    outer loop
      vertex 174.984 8.72095 11.4
      vertex 175.03 8.81854 3.3
      vertex 175.03 8.81854 11.4
    endloop
  endfacet
  facet normal 0.90455 -0.426368 0
    outer loop
      vertex 175.03 8.81854 3.3
      vertex 174.984 8.72095 11.4
      vertex 174.984 8.72095 3.3
    endloop
  endfacet
  facet normal -0.800111 -0.599852 0
    outer loop
      vertex 176.915 8.91113 3.3
      vertex 176.85 8.99783 11.4
      vertex 176.85 8.99783 3.3
    endloop
  endfacet
  facet normal -0.800111 -0.599852 0
    outer loop
      vertex 176.85 8.99783 11.4
      vertex 176.915 8.91113 3.3
      vertex 176.915 8.91113 11.4
    endloop
  endfacet
  facet normal 0.800111 0.599852 0
    outer loop
      vertex 175.15 7.60217 11.4
      vertex 175.085 7.68887 3.3
      vertex 175.085 7.68887 11.4
    endloop
  endfacet
  facet normal 0.800111 0.599852 0
    outer loop
      vertex 175.085 7.68887 3.3
      vertex 175.15 7.60217 11.4
      vertex 175.15 7.60217 3.3
    endloop
  endfacet
  facet normal 0.743253 0.669011 0
    outer loop
      vertex 175.222 7.52218 11.4
      vertex 175.15 7.60217 3.3
      vertex 175.15 7.60217 11.4
    endloop
  endfacet
  facet normal 0.743253 0.669011 0
    outer loop
      vertex 175.15 7.60217 3.3
      vertex 175.222 7.52218 11.4
      vertex 175.222 7.52218 3.3
    endloop
  endfacet
  facet normal 0.335857 0.941913 -0
    outer loop
      vertex 175.681 7.24736 3.3
      vertex 175.579 7.28373 11.4
      vertex 175.681 7.24736 11.4
    endloop
  endfacet
  facet normal 0.335857 0.941913 0
    outer loop
      vertex 175.579 7.28373 11.4
      vertex 175.681 7.24736 3.3
      vertex 175.579 7.28373 3.3
    endloop
  endfacet
  facet normal 0.998926 -0.0463238 0
    outer loop
      vertex 174.9 8.3 11.4
      vertex 174.905 8.40782 3.3
      vertex 174.905 8.40782 11.4
    endloop
  endfacet
  facet normal 0.998926 -0.0463238 0
    outer loop
      vertex 174.905 8.40782 3.3
      vertex 174.9 8.3 11.4
      vertex 174.9 8.3 3.3
    endloop
  endfacet
  facet normal -0.335857 0.941913 0
    outer loop
      vertex 176.421 7.28373 3.3
      vertex 176.319 7.24736 11.4
      vertex 176.421 7.28373 11.4
    endloop
  endfacet
  facet normal -0.335857 0.941913 0
    outer loop
      vertex 176.319 7.24736 11.4
      vertex 176.421 7.28373 3.3
      vertex 176.319 7.24736 3.3
    endloop
  endfacet
  facet normal -0.970528 0.240987 0
    outer loop
      vertex 177.053 7.98069 3.3
      vertex 177.079 8.0854 11.4
      vertex 177.079 8.0854 3.3
    endloop
  endfacet
  facet normal -0.970528 0.240987 0
    outer loop
      vertex 177.079 8.0854 11.4
      vertex 177.053 7.98069 3.3
      vertex 177.053 7.98069 11.4
    endloop
  endfacet
  facet normal -0.939675 0.34207 0
    outer loop
      vertex 177.016 7.87905 3.3
      vertex 177.053 7.98069 11.4
      vertex 177.053 7.98069 3.3
    endloop
  endfacet
  facet normal -0.939675 0.34207 0
    outer loop
      vertex 177.053 7.98069 11.4
      vertex 177.016 7.87905 3.3
      vertex 177.016 7.87905 11.4
    endloop
  endfacet
  facet normal -0.0490151 -0.998798 0
    outer loop
      vertex 176 9.4 3.3
      vertex 176.108 9.3947 11.4
      vertex 176 9.4 11.4
    endloop
  endfacet
  facet normal -0.0490151 -0.998798 -0
    outer loop
      vertex 176.108 9.3947 11.4
      vertex 176 9.4 3.3
      vertex 176.108 9.3947 3.3
    endloop
  endfacet
  facet normal -0.743253 0.669011 0
    outer loop
      vertex 176.778 7.52218 3.3
      vertex 176.85 7.60217 11.4
      vertex 176.85 7.60217 3.3
    endloop
  endfacet
  facet normal -0.743253 0.669011 0
    outer loop
      vertex 176.85 7.60217 11.4
      vertex 176.778 7.52218 3.3
      vertex 176.778 7.52218 11.4
    endloop
  endfacet
  facet normal 0.594425 -0.804151 0
    outer loop
      vertex 175.302 9.15031 3.3
      vertex 175.389 9.21462 11.4
      vertex 175.302 9.15031 11.4
    endloop
  endfacet
  facet normal 0.594425 -0.804151 0
    outer loop
      vertex 175.389 9.21462 11.4
      vertex 175.302 9.15031 3.3
      vertex 175.389 9.21462 3.3
    endloop
  endfacet
  facet normal -0.516479 -0.8563 0
    outer loop
      vertex 176.519 9.27011 3.3
      vertex 176.611 9.21462 11.4
      vertex 176.519 9.27011 11.4
    endloop
  endfacet
  facet normal -0.516479 -0.8563 -0
    outer loop
      vertex 176.611 9.21462 11.4
      vertex 176.519 9.27011 3.3
      vertex 176.611 9.21462 3.3
    endloop
  endfacet
  facet normal -0.244553 -0.969636 0
    outer loop
      vertex 176.215 9.37886 3.3
      vertex 176.319 9.35263 11.4
      vertex 176.215 9.37886 11.4
    endloop
  endfacet
  facet normal -0.244553 -0.969636 -0
    outer loop
      vertex 176.319 9.35263 11.4
      vertex 176.215 9.37886 3.3
      vertex 176.319 9.35263 3.3
    endloop
  endfacet
  facet normal -0.939675 -0.34207 0
    outer loop
      vertex 177.053 8.61931 3.3
      vertex 177.016 8.72095 11.4
      vertex 177.016 8.72095 3.3
    endloop
  endfacet
  facet normal -0.939675 -0.34207 0
    outer loop
      vertex 177.016 8.72095 11.4
      vertex 177.053 8.61931 3.3
      vertex 177.053 8.61931 11.4
    endloop
  endfacet
  facet normal -0.594425 -0.804151 0
    outer loop
      vertex 176.611 9.21462 3.3
      vertex 176.698 9.15031 11.4
      vertex 176.611 9.21462 11.4
    endloop
  endfacet
  facet normal -0.594425 -0.804151 -0
    outer loop
      vertex 176.698 9.15031 11.4
      vertex 176.611 9.21462 3.3
      vertex 176.698 9.15031 3.3
    endloop
  endfacet
  facet normal -0.671469 0.741033 0
    outer loop
      vertex 176.778 7.52218 3.3
      vertex 176.698 7.44969 11.4
      vertex 176.778 7.52218 11.4
    endloop
  endfacet
  facet normal -0.671469 0.741033 0
    outer loop
      vertex 176.698 7.44969 11.4
      vertex 176.778 7.52218 3.3
      vertex 176.698 7.44969 3.3
    endloop
  endfacet
  facet normal 0.970528 0.240987 0
    outer loop
      vertex 174.947 7.98069 11.4
      vertex 174.921 8.0854 3.3
      vertex 174.921 8.0854 11.4
    endloop
  endfacet
  facet normal 0.970528 0.240987 0
    outer loop
      vertex 174.921 8.0854 3.3
      vertex 174.947 7.98069 11.4
      vertex 174.947 7.98069 3.3
    endloop
  endfacet
  facet normal -0.90455 -0.426368 0
    outer loop
      vertex 177.016 8.72095 3.3
      vertex 176.97 8.81854 11.4
      vertex 176.97 8.81854 3.3
    endloop
  endfacet
  facet normal -0.90455 -0.426368 0
    outer loop
      vertex 176.97 8.81854 11.4
      vertex 177.016 8.72095 3.3
      vertex 177.016 8.72095 11.4
    endloop
  endfacet
  facet normal -0.988959 0.148186 0
    outer loop
      vertex 177.079 8.0854 3.3
      vertex 177.095 8.19218 11.4
      vertex 177.095 8.19218 3.3
    endloop
  endfacet
  facet normal -0.988959 0.148186 0
    outer loop
      vertex 177.095 8.19218 11.4
      vertex 177.079 8.0854 3.3
      vertex 177.079 8.0854 11.4
    endloop
  endfacet
  facet normal -0.859754 -0.510708 0
    outer loop
      vertex 176.97 8.81854 3.3
      vertex 176.915 8.91113 11.4
      vertex 176.915 8.91113 3.3
    endloop
  endfacet
  facet normal -0.859754 -0.510708 0
    outer loop
      vertex 176.915 8.91113 11.4
      vertex 176.97 8.81854 3.3
      vertex 176.97 8.81854 11.4
    endloop
  endfacet
  facet normal 0.335775 -0.941942 0
    outer loop
      vertex 175.579 9.31627 3.3
      vertex 175.681 9.35263 11.4
      vertex 175.579 9.31627 11.4
    endloop
  endfacet
  facet normal 0.335775 -0.941942 0
    outer loop
      vertex 175.681 9.35263 11.4
      vertex 175.579 9.31627 3.3
      vertex 175.681 9.35263 3.3
    endloop
  endfacet
  facet normal -0.859754 0.510708 0
    outer loop
      vertex 176.915 7.68887 3.3
      vertex 176.97 7.78146 11.4
      vertex 176.97 7.78146 3.3
    endloop
  endfacet
  facet normal -0.859754 0.510708 0
    outer loop
      vertex 176.97 7.78146 11.4
      vertex 176.915 7.68887 3.3
      vertex 176.915 7.68887 11.4
    endloop
  endfacet
  facet normal -0.671469 -0.741033 0
    outer loop
      vertex 176.698 9.15031 3.3
      vertex 176.778 9.07782 11.4
      vertex 176.698 9.15031 11.4
    endloop
  endfacet
  facet normal -0.671469 -0.741033 -0
    outer loop
      vertex 176.778 9.07782 11.4
      vertex 176.698 9.15031 3.3
      vertex 176.778 9.07782 3.3
    endloop
  endfacet
  facet normal 0.0490151 0.998798 -0
    outer loop
      vertex 176 7.2 3.3
      vertex 175.892 7.2053 11.4
      vertex 176 7.2 11.4
    endloop
  endfacet
  facet normal 0.0490151 0.998798 0
    outer loop
      vertex 175.892 7.2053 11.4
      vertex 176 7.2 3.3
      vertex 175.892 7.2053 3.3
    endloop
  endfacet
  facet normal -0.594425 0.804151 0
    outer loop
      vertex 176.698 7.44969 3.3
      vertex 176.611 7.38538 11.4
      vertex 176.698 7.44969 11.4
    endloop
  endfacet
  facet normal -0.594425 0.804151 0
    outer loop
      vertex 176.611 7.38538 11.4
      vertex 176.698 7.44969 3.3
      vertex 176.611 7.38538 3.3
    endloop
  endfacet
  facet normal 0.859754 -0.510708 0
    outer loop
      vertex 175.03 8.81854 11.4
      vertex 175.085 8.91113 3.3
      vertex 175.085 8.91113 11.4
    endloop
  endfacet
  facet normal 0.859754 -0.510708 0
    outer loop
      vertex 175.085 8.91113 3.3
      vertex 175.03 8.81854 11.4
      vertex 175.03 8.81854 3.3
    endloop
  endfacet
  facet normal 0.90455 0.426368 0
    outer loop
      vertex 175.03 7.78146 11.4
      vertex 174.984 7.87905 3.3
      vertex 174.984 7.87905 11.4
    endloop
  endfacet
  facet normal 0.90455 0.426368 0
    outer loop
      vertex 174.984 7.87905 3.3
      vertex 175.03 7.78146 11.4
      vertex 175.03 7.78146 3.3
    endloop
  endfacet
  facet normal 0.998926 0.0463238 0
    outer loop
      vertex 174.905 8.19218 11.4
      vertex 174.9 8.3 3.3
      vertex 174.9 8.3 11.4
    endloop
  endfacet
  facet normal 0.998926 0.0463238 0
    outer loop
      vertex 174.9 8.3 3.3
      vertex 174.905 8.19218 11.4
      vertex 174.905 8.19218 3.3
    endloop
  endfacet
  facet normal -0.516479 0.8563 0
    outer loop
      vertex 176.611 7.38538 3.3
      vertex 176.519 7.32989 11.4
      vertex 176.611 7.38538 11.4
    endloop
  endfacet
  facet normal -0.516479 0.8563 0
    outer loop
      vertex 176.519 7.32989 11.4
      vertex 176.611 7.38538 3.3
      vertex 176.519 7.32989 3.3
    endloop
  endfacet
  facet normal -0.800111 0.599852 0
    outer loop
      vertex 176.85 7.60217 3.3
      vertex 176.915 7.68887 11.4
      vertex 176.915 7.68887 3.3
    endloop
  endfacet
  facet normal -0.800111 0.599852 0
    outer loop
      vertex 176.915 7.68887 11.4
      vertex 176.85 7.60217 3.3
      vertex 176.85 7.60217 11.4
    endloop
  endfacet
  facet normal 0.859754 0.510708 0
    outer loop
      vertex 175.085 7.68887 11.4
      vertex 175.03 7.78146 3.3
      vertex 175.03 7.78146 11.4
    endloop
  endfacet
  facet normal 0.859754 0.510708 0
    outer loop
      vertex 175.03 7.78146 3.3
      vertex 175.085 7.68887 11.4
      vertex 175.085 7.68887 3.3
    endloop
  endfacet
  facet normal 0.939675 0.34207 0
    outer loop
      vertex 174.984 7.87905 11.4
      vertex 174.947 7.98069 3.3
      vertex 174.947 7.98069 11.4
    endloop
  endfacet
  facet normal 0.939675 0.34207 0
    outer loop
      vertex 174.947 7.98069 3.3
      vertex 174.984 7.87905 11.4
      vertex 174.984 7.87905 3.3
    endloop
  endfacet
  facet normal 0.516479 0.8563 -0
    outer loop
      vertex 175.481 7.32989 3.3
      vertex 175.389 7.38538 11.4
      vertex 175.481 7.32989 11.4
    endloop
  endfacet
  facet normal 0.516479 0.8563 0
    outer loop
      vertex 175.389 7.38538 11.4
      vertex 175.481 7.32989 3.3
      vertex 175.389 7.38538 3.3
    endloop
  endfacet
  facet normal 0.800111 -0.599852 0
    outer loop
      vertex 175.085 8.91113 11.4
      vertex 175.15 8.99783 3.3
      vertex 175.15 8.99783 11.4
    endloop
  endfacet
  facet normal 0.800111 -0.599852 0
    outer loop
      vertex 175.15 8.99783 3.3
      vertex 175.085 8.91113 11.4
      vertex 175.085 8.91113 3.3
    endloop
  endfacet
  facet normal 0.426117 0.904668 -0
    outer loop
      vertex 175.579 7.28373 3.3
      vertex 175.481 7.32989 11.4
      vertex 175.579 7.28373 11.4
    endloop
  endfacet
  facet normal 0.426117 0.904668 0
    outer loop
      vertex 175.481 7.32989 11.4
      vertex 175.579 7.28373 3.3
      vertex 175.481 7.32989 3.3
    endloop
  endfacet
  facet normal 0.939675 -0.34207 0
    outer loop
      vertex 174.947 8.61931 11.4
      vertex 174.984 8.72095 3.3
      vertex 174.984 8.72095 11.4
    endloop
  endfacet
  facet normal 0.939675 -0.34207 0
    outer loop
      vertex 174.984 8.72095 3.3
      vertex 174.947 8.61931 11.4
      vertex 174.947 8.61931 3.3
    endloop
  endfacet
  facet normal -0.988959 -0.148186 0
    outer loop
      vertex 205.095 8.40782 3.3
      vertex 205.079 8.5146 11.4
      vertex 205.079 8.5146 3.3
    endloop
  endfacet
  facet normal -0.988959 -0.148186 0
    outer loop
      vertex 205.079 8.5146 11.4
      vertex 205.095 8.40782 3.3
      vertex 205.095 8.40782 11.4
    endloop
  endfacet
  facet normal -0.998926 -0.0463238 0
    outer loop
      vertex 205.1 8.3 3.3
      vertex 205.095 8.40782 11.4
      vertex 205.095 8.40782 3.3
    endloop
  endfacet
  facet normal -0.998926 -0.0463238 0
    outer loop
      vertex 205.095 8.40782 11.4
      vertex 205.1 8.3 3.3
      vertex 205.1 8.3 11.4
    endloop
  endfacet
  facet normal -0.970528 -0.240987 0
    outer loop
      vertex 205.079 8.5146 3.3
      vertex 205.053 8.61931 11.4
      vertex 205.053 8.61931 3.3
    endloop
  endfacet
  facet normal -0.970528 -0.240987 0
    outer loop
      vertex 205.053 8.61931 11.4
      vertex 205.079 8.5146 3.3
      vertex 205.079 8.5146 11.4
    endloop
  endfacet
  facet normal 0.970528 -0.240987 0
    outer loop
      vertex 202.921 8.5146 11.4
      vertex 202.947 8.61931 3.3
      vertex 202.947 8.61931 11.4
    endloop
  endfacet
  facet normal 0.970528 -0.240987 0
    outer loop
      vertex 202.947 8.61931 3.3
      vertex 202.921 8.5146 11.4
      vertex 202.921 8.5146 3.3
    endloop
  endfacet
  facet normal 0.426117 -0.904668 0
    outer loop
      vertex 203.481 9.27011 3.3
      vertex 203.579 9.31627 11.4
      vertex 203.481 9.27011 11.4
    endloop
  endfacet
  facet normal 0.426117 -0.904668 0
    outer loop
      vertex 203.579 9.31627 11.4
      vertex 203.481 9.27011 3.3
      vertex 203.579 9.31627 3.3
    endloop
  endfacet
  facet normal -0.335775 -0.941942 0
    outer loop
      vertex 204.319 9.35263 3.3
      vertex 204.421 9.31627 11.4
      vertex 204.319 9.35263 11.4
    endloop
  endfacet
  facet normal -0.335775 -0.941942 -0
    outer loop
      vertex 204.421 9.31627 11.4
      vertex 204.319 9.35263 3.3
      vertex 204.421 9.31627 3.3
    endloop
  endfacet
  facet normal -0.146441 -0.989219 0
    outer loop
      vertex 204.108 9.3947 3.3
      vertex 204.215 9.37886 11.4
      vertex 204.108 9.3947 11.4
    endloop
  endfacet
  facet normal -0.146441 -0.989219 -0
    outer loop
      vertex 204.215 9.37886 11.4
      vertex 204.108 9.3947 3.3
      vertex 204.215 9.37886 3.3
    endloop
  endfacet
  facet normal 0.516479 -0.8563 0
    outer loop
      vertex 203.389 9.21462 3.3
      vertex 203.481 9.27011 11.4
      vertex 203.389 9.21462 11.4
    endloop
  endfacet
  facet normal 0.516479 -0.8563 0
    outer loop
      vertex 203.481 9.27011 11.4
      vertex 203.389 9.21462 3.3
      vertex 203.481 9.27011 3.3
    endloop
  endfacet
  facet normal -0.998926 0.0463238 0
    outer loop
      vertex 205.095 8.19218 3.3
      vertex 205.1 8.3 11.4
      vertex 205.1 8.3 3.3
    endloop
  endfacet
  facet normal -0.998926 0.0463238 0
    outer loop
      vertex 205.1 8.3 11.4
      vertex 205.095 8.19218 3.3
      vertex 205.095 8.19218 11.4
    endloop
  endfacet
  facet normal -0.244466 0.969658 0
    outer loop
      vertex 204.319 7.24736 3.3
      vertex 204.215 7.22114 11.4
      vertex 204.319 7.24736 11.4
    endloop
  endfacet
  facet normal -0.244466 0.969658 0
    outer loop
      vertex 204.215 7.22114 11.4
      vertex 204.319 7.24736 3.3
      vertex 204.215 7.22114 3.3
    endloop
  endfacet
  facet normal 0.0490151 -0.998798 0
    outer loop
      vertex 203.892 9.3947 3.3
      vertex 204 9.4 11.4
      vertex 203.892 9.3947 11.4
    endloop
  endfacet
  facet normal 0.0490151 -0.998798 0
    outer loop
      vertex 204 9.4 11.4
      vertex 203.892 9.3947 3.3
      vertex 204 9.4 3.3
    endloop
  endfacet
  facet normal 0.988959 0.148186 0
    outer loop
      vertex 202.921 8.0854 11.4
      vertex 202.905 8.19218 3.3
      vertex 202.905 8.19218 11.4
    endloop
  endfacet
  facet normal 0.988959 0.148186 0
    outer loop
      vertex 202.905 8.19218 3.3
      vertex 202.921 8.0854 11.4
      vertex 202.921 8.0854 3.3
    endloop
  endfacet
  facet normal 0.743253 -0.669011 0
    outer loop
      vertex 203.15 8.99783 11.4
      vertex 203.222 9.07782 3.3
      vertex 203.222 9.07782 11.4
    endloop
  endfacet
  facet normal 0.743253 -0.669011 0
    outer loop
      vertex 203.222 9.07782 3.3
      vertex 203.15 8.99783 11.4
      vertex 203.15 8.99783 3.3
    endloop
  endfacet
  facet normal 0.244466 0.969658 -0
    outer loop
      vertex 203.785 7.22114 3.3
      vertex 203.681 7.24736 11.4
      vertex 203.785 7.22114 11.4
    endloop
  endfacet
  facet normal 0.244466 0.969658 0
    outer loop
      vertex 203.681 7.24736 11.4
      vertex 203.785 7.22114 3.3
      vertex 203.681 7.24736 3.3
    endloop
  endfacet
  facet normal -0.426117 0.904668 0
    outer loop
      vertex 204.519 7.32989 3.3
      vertex 204.421 7.28373 11.4
      vertex 204.519 7.32989 11.4
    endloop
  endfacet
  facet normal -0.426117 0.904668 0
    outer loop
      vertex 204.421 7.28373 11.4
      vertex 204.519 7.32989 3.3
      vertex 204.421 7.28373 3.3
    endloop
  endfacet
  facet normal 0.594425 0.804151 -0
    outer loop
      vertex 203.389 7.38538 3.3
      vertex 203.302 7.44969 11.4
      vertex 203.389 7.38538 11.4
    endloop
  endfacet
  facet normal 0.594425 0.804151 0
    outer loop
      vertex 203.302 7.44969 11.4
      vertex 203.389 7.38538 3.3
      vertex 203.302 7.44969 3.3
    endloop
  endfacet
  facet normal -0.146441 0.989219 0
    outer loop
      vertex 204.215 7.22114 3.3
      vertex 204.108 7.2053 11.4
      vertex 204.215 7.22114 11.4
    endloop
  endfacet
  facet normal -0.146441 0.989219 0
    outer loop
      vertex 204.108 7.2053 11.4
      vertex 204.215 7.22114 3.3
      vertex 204.108 7.2053 3.3
    endloop
  endfacet
  facet normal 0.146441 -0.989219 0
    outer loop
      vertex 203.785 9.37886 3.3
      vertex 203.892 9.3947 11.4
      vertex 203.785 9.37886 11.4
    endloop
  endfacet
  facet normal 0.146441 -0.989219 0
    outer loop
      vertex 203.892 9.3947 11.4
      vertex 203.785 9.37886 3.3
      vertex 203.892 9.3947 3.3
    endloop
  endfacet
  facet normal 0.988959 -0.148186 0
    outer loop
      vertex 202.905 8.40782 11.4
      vertex 202.921 8.5146 3.3
      vertex 202.921 8.5146 11.4
    endloop
  endfacet
  facet normal 0.988959 -0.148186 0
    outer loop
      vertex 202.921 8.5146 3.3
      vertex 202.905 8.40782 11.4
      vertex 202.905 8.40782 3.3
    endloop
  endfacet
  facet normal -0.90455 0.426368 0
    outer loop
      vertex 204.97 7.78146 3.3
      vertex 205.016 7.87905 11.4
      vertex 205.016 7.87905 3.3
    endloop
  endfacet
  facet normal -0.90455 0.426368 0
    outer loop
      vertex 205.016 7.87905 11.4
      vertex 204.97 7.78146 3.3
      vertex 204.97 7.78146 11.4
    endloop
  endfacet
  facet normal 0.671469 0.741033 -0
    outer loop
      vertex 203.302 7.44969 3.3
      vertex 203.222 7.52218 11.4
      vertex 203.302 7.44969 11.4
    endloop
  endfacet
  facet normal 0.671469 0.741033 0
    outer loop
      vertex 203.222 7.52218 11.4
      vertex 203.302 7.44969 3.3
      vertex 203.222 7.52218 3.3
    endloop
  endfacet
  facet normal -0.743253 -0.669011 0
    outer loop
      vertex 204.85 8.99783 3.3
      vertex 204.778 9.07782 11.4
      vertex 204.778 9.07782 3.3
    endloop
  endfacet
  facet normal -0.743253 -0.669011 0
    outer loop
      vertex 204.778 9.07782 11.4
      vertex 204.85 8.99783 3.3
      vertex 204.85 8.99783 11.4
    endloop
  endfacet
  facet normal 0.244553 -0.969636 0
    outer loop
      vertex 203.681 9.35263 3.3
      vertex 203.785 9.37886 11.4
      vertex 203.681 9.35263 11.4
    endloop
  endfacet
  facet normal 0.244553 -0.969636 0
    outer loop
      vertex 203.785 9.37886 11.4
      vertex 203.681 9.35263 3.3
      vertex 203.785 9.37886 3.3
    endloop
  endfacet
  facet normal -0.426117 -0.904668 0
    outer loop
      vertex 204.421 9.31627 3.3
      vertex 204.519 9.27011 11.4
      vertex 204.421 9.31627 11.4
    endloop
  endfacet
  facet normal -0.426117 -0.904668 -0
    outer loop
      vertex 204.519 9.27011 11.4
      vertex 204.421 9.31627 3.3
      vertex 204.519 9.27011 3.3
    endloop
  endfacet
  facet normal -0.0490151 0.998798 0
    outer loop
      vertex 204.108 7.2053 3.3
      vertex 204 7.2 11.4
      vertex 204.108 7.2053 11.4
    endloop
  endfacet
  facet normal -0.0490151 0.998798 0
    outer loop
      vertex 204 7.2 11.4
      vertex 204.108 7.2053 3.3
      vertex 204 7.2 3.3
    endloop
  endfacet
  facet normal 0.146441 0.989219 -0
    outer loop
      vertex 203.892 7.2053 3.3
      vertex 203.785 7.22114 11.4
      vertex 203.892 7.2053 11.4
    endloop
  endfacet
  facet normal 0.146441 0.989219 0
    outer loop
      vertex 203.785 7.22114 11.4
      vertex 203.892 7.2053 3.3
      vertex 203.785 7.22114 3.3
    endloop
  endfacet
  facet normal 0.90455 -0.426368 0
    outer loop
      vertex 202.984 8.72095 11.4
      vertex 203.03 8.81854 3.3
      vertex 203.03 8.81854 11.4
    endloop
  endfacet
  facet normal 0.90455 -0.426368 0
    outer loop
      vertex 203.03 8.81854 3.3
      vertex 202.984 8.72095 11.4
      vertex 202.984 8.72095 3.3
    endloop
  endfacet
  facet normal -0.800111 -0.599852 0
    outer loop
      vertex 204.915 8.91113 3.3
      vertex 204.85 8.99783 11.4
      vertex 204.85 8.99783 3.3
    endloop
  endfacet
  facet normal -0.800111 -0.599852 0
    outer loop
      vertex 204.85 8.99783 11.4
      vertex 204.915 8.91113 3.3
      vertex 204.915 8.91113 11.4
    endloop
  endfacet
  facet normal 0.800111 0.599852 0
    outer loop
      vertex 203.15 7.60217 11.4
      vertex 203.085 7.68887 3.3
      vertex 203.085 7.68887 11.4
    endloop
  endfacet
  facet normal 0.800111 0.599852 0
    outer loop
      vertex 203.085 7.68887 3.3
      vertex 203.15 7.60217 11.4
      vertex 203.15 7.60217 3.3
    endloop
  endfacet
  facet normal 0.743253 0.669011 0
    outer loop
      vertex 203.222 7.52218 11.4
      vertex 203.15 7.60217 3.3
      vertex 203.15 7.60217 11.4
    endloop
  endfacet
  facet normal 0.743253 0.669011 0
    outer loop
      vertex 203.15 7.60217 3.3
      vertex 203.222 7.52218 11.4
      vertex 203.222 7.52218 3.3
    endloop
  endfacet
  facet normal 0.335857 0.941913 -0
    outer loop
      vertex 203.681 7.24736 3.3
      vertex 203.579 7.28373 11.4
      vertex 203.681 7.24736 11.4
    endloop
  endfacet
  facet normal 0.335857 0.941913 0
    outer loop
      vertex 203.579 7.28373 11.4
      vertex 203.681 7.24736 3.3
      vertex 203.579 7.28373 3.3
    endloop
  endfacet
  facet normal 0.998926 -0.0463238 0
    outer loop
      vertex 202.9 8.3 11.4
      vertex 202.905 8.40782 3.3
      vertex 202.905 8.40782 11.4
    endloop
  endfacet
  facet normal 0.998926 -0.0463238 0
    outer loop
      vertex 202.905 8.40782 3.3
      vertex 202.9 8.3 11.4
      vertex 202.9 8.3 3.3
    endloop
  endfacet
  facet normal -0.335857 0.941913 0
    outer loop
      vertex 204.421 7.28373 3.3
      vertex 204.319 7.24736 11.4
      vertex 204.421 7.28373 11.4
    endloop
  endfacet
  facet normal -0.335857 0.941913 0
    outer loop
      vertex 204.319 7.24736 11.4
      vertex 204.421 7.28373 3.3
      vertex 204.319 7.24736 3.3
    endloop
  endfacet
  facet normal -0.970528 0.240987 0
    outer loop
      vertex 205.053 7.98069 3.3
      vertex 205.079 8.0854 11.4
      vertex 205.079 8.0854 3.3
    endloop
  endfacet
  facet normal -0.970528 0.240987 0
    outer loop
      vertex 205.079 8.0854 11.4
      vertex 205.053 7.98069 3.3
      vertex 205.053 7.98069 11.4
    endloop
  endfacet
  facet normal -0.939675 0.34207 0
    outer loop
      vertex 205.016 7.87905 3.3
      vertex 205.053 7.98069 11.4
      vertex 205.053 7.98069 3.3
    endloop
  endfacet
  facet normal -0.939675 0.34207 0
    outer loop
      vertex 205.053 7.98069 11.4
      vertex 205.016 7.87905 3.3
      vertex 205.016 7.87905 11.4
    endloop
  endfacet
  facet normal -0.0490151 -0.998798 0
    outer loop
      vertex 204 9.4 3.3
      vertex 204.108 9.3947 11.4
      vertex 204 9.4 11.4
    endloop
  endfacet
  facet normal -0.0490151 -0.998798 -0
    outer loop
      vertex 204.108 9.3947 11.4
      vertex 204 9.4 3.3
      vertex 204.108 9.3947 3.3
    endloop
  endfacet
  facet normal 0.594425 -0.804151 0
    outer loop
      vertex 203.302 9.15031 3.3
      vertex 203.389 9.21462 11.4
      vertex 203.302 9.15031 11.4
    endloop
  endfacet
  facet normal 0.594425 -0.804151 0
    outer loop
      vertex 203.389 9.21462 11.4
      vertex 203.302 9.15031 3.3
      vertex 203.389 9.21462 3.3
    endloop
  endfacet
  facet normal -0.516479 -0.8563 0
    outer loop
      vertex 204.519 9.27011 3.3
      vertex 204.611 9.21462 11.4
      vertex 204.519 9.27011 11.4
    endloop
  endfacet
  facet normal -0.516479 -0.8563 -0
    outer loop
      vertex 204.611 9.21462 11.4
      vertex 204.519 9.27011 3.3
      vertex 204.611 9.21462 3.3
    endloop
  endfacet
  facet normal -0.244553 -0.969636 0
    outer loop
      vertex 204.215 9.37886 3.3
      vertex 204.319 9.35263 11.4
      vertex 204.215 9.37886 11.4
    endloop
  endfacet
  facet normal -0.244553 -0.969636 -0
    outer loop
      vertex 204.319 9.35263 11.4
      vertex 204.215 9.37886 3.3
      vertex 204.319 9.35263 3.3
    endloop
  endfacet
  facet normal -0.939675 -0.34207 0
    outer loop
      vertex 205.053 8.61931 3.3
      vertex 205.016 8.72095 11.4
      vertex 205.016 8.72095 3.3
    endloop
  endfacet
  facet normal -0.939675 -0.34207 0
    outer loop
      vertex 205.016 8.72095 11.4
      vertex 205.053 8.61931 3.3
      vertex 205.053 8.61931 11.4
    endloop
  endfacet
  facet normal -0.594425 -0.804151 0
    outer loop
      vertex 204.611 9.21462 3.3
      vertex 204.698 9.15031 11.4
      vertex 204.611 9.21462 11.4
    endloop
  endfacet
  facet normal -0.594425 -0.804151 -0
    outer loop
      vertex 204.698 9.15031 11.4
      vertex 204.611 9.21462 3.3
      vertex 204.698 9.15031 3.3
    endloop
  endfacet
  facet normal -0.671469 0.741033 0
    outer loop
      vertex 204.778 7.52218 3.3
      vertex 204.698 7.44969 11.4
      vertex 204.778 7.52218 11.4
    endloop
  endfacet
  facet normal -0.671469 0.741033 0
    outer loop
      vertex 204.698 7.44969 11.4
      vertex 204.778 7.52218 3.3
      vertex 204.698 7.44969 3.3
    endloop
  endfacet
  facet normal 0.970528 0.240987 0
    outer loop
      vertex 202.947 7.98069 11.4
      vertex 202.921 8.0854 3.3
      vertex 202.921 8.0854 11.4
    endloop
  endfacet
  facet normal 0.970528 0.240987 0
    outer loop
      vertex 202.921 8.0854 3.3
      vertex 202.947 7.98069 11.4
      vertex 202.947 7.98069 3.3
    endloop
  endfacet
  facet normal -0.90455 -0.426368 0
    outer loop
      vertex 205.016 8.72095 3.3
      vertex 204.97 8.81854 11.4
      vertex 204.97 8.81854 3.3
    endloop
  endfacet
  facet normal -0.90455 -0.426368 0
    outer loop
      vertex 204.97 8.81854 11.4
      vertex 205.016 8.72095 3.3
      vertex 205.016 8.72095 11.4
    endloop
  endfacet
  facet normal -0.988959 0.148186 0
    outer loop
      vertex 205.079 8.0854 3.3
      vertex 205.095 8.19218 11.4
      vertex 205.095 8.19218 3.3
    endloop
  endfacet
  facet normal -0.988959 0.148186 0
    outer loop
      vertex 205.095 8.19218 11.4
      vertex 205.079 8.0854 3.3
      vertex 205.079 8.0854 11.4
    endloop
  endfacet
  facet normal -0.859754 -0.510708 0
    outer loop
      vertex 204.97 8.81854 3.3
      vertex 204.915 8.91113 11.4
      vertex 204.915 8.91113 3.3
    endloop
  endfacet
  facet normal -0.859754 -0.510708 0
    outer loop
      vertex 204.915 8.91113 11.4
      vertex 204.97 8.81854 3.3
      vertex 204.97 8.81854 11.4
    endloop
  endfacet
  facet normal 0.335775 -0.941942 0
    outer loop
      vertex 203.579 9.31627 3.3
      vertex 203.681 9.35263 11.4
      vertex 203.579 9.31627 11.4
    endloop
  endfacet
  facet normal 0.335775 -0.941942 0
    outer loop
      vertex 203.681 9.35263 11.4
      vertex 203.579 9.31627 3.3
      vertex 203.681 9.35263 3.3
    endloop
  endfacet
  facet normal -0.859754 0.510708 0
    outer loop
      vertex 204.915 7.68887 3.3
      vertex 204.97 7.78146 11.4
      vertex 204.97 7.78146 3.3
    endloop
  endfacet
  facet normal -0.859754 0.510708 0
    outer loop
      vertex 204.97 7.78146 11.4
      vertex 204.915 7.68887 3.3
      vertex 204.915 7.68887 11.4
    endloop
  endfacet
  facet normal -0.671469 -0.741033 0
    outer loop
      vertex 204.698 9.15031 3.3
      vertex 204.778 9.07782 11.4
      vertex 204.698 9.15031 11.4
    endloop
  endfacet
  facet normal -0.671469 -0.741033 -0
    outer loop
      vertex 204.778 9.07782 11.4
      vertex 204.698 9.15031 3.3
      vertex 204.778 9.07782 3.3
    endloop
  endfacet
  facet normal 0.671469 -0.741033 0
    outer loop
      vertex 203.222 9.07782 3.3
      vertex 203.302 9.15031 11.4
      vertex 203.222 9.07782 11.4
    endloop
  endfacet
  facet normal 0.671469 -0.741033 0
    outer loop
      vertex 203.302 9.15031 11.4
      vertex 203.222 9.07782 3.3
      vertex 203.302 9.15031 3.3
    endloop
  endfacet
  facet normal 0.0490151 0.998798 -0
    outer loop
      vertex 204 7.2 3.3
      vertex 203.892 7.2053 11.4
      vertex 204 7.2 11.4
    endloop
  endfacet
  facet normal 0.0490151 0.998798 0
    outer loop
      vertex 203.892 7.2053 11.4
      vertex 204 7.2 3.3
      vertex 203.892 7.2053 3.3
    endloop
  endfacet
  facet normal -0.594425 0.804151 0
    outer loop
      vertex 204.698 7.44969 3.3
      vertex 204.611 7.38538 11.4
      vertex 204.698 7.44969 11.4
    endloop
  endfacet
  facet normal -0.594425 0.804151 0
    outer loop
      vertex 204.611 7.38538 11.4
      vertex 204.698 7.44969 3.3
      vertex 204.611 7.38538 3.3
    endloop
  endfacet
  facet normal 0.859754 -0.510708 0
    outer loop
      vertex 203.03 8.81854 11.4
      vertex 203.085 8.91113 3.3
      vertex 203.085 8.91113 11.4
    endloop
  endfacet
  facet normal 0.859754 -0.510708 0
    outer loop
      vertex 203.085 8.91113 3.3
      vertex 203.03 8.81854 11.4
      vertex 203.03 8.81854 3.3
    endloop
  endfacet
  facet normal 0.800111 -0.599852 0
    outer loop
      vertex 203.085 8.91113 11.4
      vertex 203.15 8.99783 3.3
      vertex 203.15 8.99783 11.4
    endloop
  endfacet
  facet normal 0.800111 -0.599852 0
    outer loop
      vertex 203.15 8.99783 3.3
      vertex 203.085 8.91113 11.4
      vertex 203.085 8.91113 3.3
    endloop
  endfacet
  facet normal 0.90455 0.426368 0
    outer loop
      vertex 203.03 7.78146 11.4
      vertex 202.984 7.87905 3.3
      vertex 202.984 7.87905 11.4
    endloop
  endfacet
  facet normal 0.90455 0.426368 0
    outer loop
      vertex 202.984 7.87905 3.3
      vertex 203.03 7.78146 11.4
      vertex 203.03 7.78146 3.3
    endloop
  endfacet
  facet normal 0.998926 0.0463238 0
    outer loop
      vertex 202.905 8.19218 11.4
      vertex 202.9 8.3 3.3
      vertex 202.9 8.3 11.4
    endloop
  endfacet
  facet normal 0.998926 0.0463238 0
    outer loop
      vertex 202.9 8.3 3.3
      vertex 202.905 8.19218 11.4
      vertex 202.905 8.19218 3.3
    endloop
  endfacet
  facet normal -0.516479 0.8563 0
    outer loop
      vertex 204.611 7.38538 3.3
      vertex 204.519 7.32989 11.4
      vertex 204.611 7.38538 11.4
    endloop
  endfacet
  facet normal -0.516479 0.8563 0
    outer loop
      vertex 204.519 7.32989 11.4
      vertex 204.611 7.38538 3.3
      vertex 204.519 7.32989 3.3
    endloop
  endfacet
  facet normal -0.800111 0.599852 0
    outer loop
      vertex 204.85 7.60217 3.3
      vertex 204.915 7.68887 11.4
      vertex 204.915 7.68887 3.3
    endloop
  endfacet
  facet normal -0.800111 0.599852 0
    outer loop
      vertex 204.915 7.68887 11.4
      vertex 204.85 7.60217 3.3
      vertex 204.85 7.60217 11.4
    endloop
  endfacet
  facet normal 0.859754 0.510708 0
    outer loop
      vertex 203.085 7.68887 11.4
      vertex 203.03 7.78146 3.3
      vertex 203.03 7.78146 11.4
    endloop
  endfacet
  facet normal 0.859754 0.510708 0
    outer loop
      vertex 203.03 7.78146 3.3
      vertex 203.085 7.68887 11.4
      vertex 203.085 7.68887 3.3
    endloop
  endfacet
  facet normal 0.939675 0.34207 0
    outer loop
      vertex 202.984 7.87905 11.4
      vertex 202.947 7.98069 3.3
      vertex 202.947 7.98069 11.4
    endloop
  endfacet
  facet normal 0.939675 0.34207 0
    outer loop
      vertex 202.947 7.98069 3.3
      vertex 202.984 7.87905 11.4
      vertex 202.984 7.87905 3.3
    endloop
  endfacet
  facet normal -0.743253 0.669011 0
    outer loop
      vertex 204.778 7.52218 3.3
      vertex 204.85 7.60217 11.4
      vertex 204.85 7.60217 3.3
    endloop
  endfacet
  facet normal -0.743253 0.669011 0
    outer loop
      vertex 204.85 7.60217 11.4
      vertex 204.778 7.52218 3.3
      vertex 204.778 7.52218 11.4
    endloop
  endfacet
  facet normal 0.516479 0.8563 -0
    outer loop
      vertex 203.481 7.32989 3.3
      vertex 203.389 7.38538 11.4
      vertex 203.481 7.32989 11.4
    endloop
  endfacet
  facet normal 0.516479 0.8563 0
    outer loop
      vertex 203.389 7.38538 11.4
      vertex 203.481 7.32989 3.3
      vertex 203.389 7.38538 3.3
    endloop
  endfacet
  facet normal 0.426117 0.904668 -0
    outer loop
      vertex 203.579 7.28373 3.3
      vertex 203.481 7.32989 11.4
      vertex 203.579 7.28373 11.4
    endloop
  endfacet
  facet normal 0.426117 0.904668 0
    outer loop
      vertex 203.481 7.32989 11.4
      vertex 203.579 7.28373 3.3
      vertex 203.481 7.32989 3.3
    endloop
  endfacet
  facet normal 0.939675 -0.34207 0
    outer loop
      vertex 202.947 8.61931 11.4
      vertex 202.984 8.72095 3.3
      vertex 202.984 8.72095 11.4
    endloop
  endfacet
  facet normal 0.939675 -0.34207 0
    outer loop
      vertex 202.984 8.72095 3.3
      vertex 202.947 8.61931 11.4
      vertex 202.947 8.61931 3.3
    endloop
  endfacet
  facet normal -0.72569 -0.0336528 0.687198
    outer loop
      vertex 121.1 8.3 11.4
      vertex 121.952 8.30567 12.3
      vertex 121.095 8.40782 11.4
    endloop
  endfacet
  facet normal -0.71993 -0.126972 0.682334
    outer loop
      vertex 121.952 8.30567 12.3
      vertex 121.1 8.3 11.4
      vertex 121.953 8.3 12.3
    endloop
  endfacet
  facet normal -0.10661 -0.718545 0.68726
    outer loop
      vertex 120.375 10.2159 12.3
      vertex 120.191 10.2432 12.3
      vertex 120.108 9.3947 11.4
    endloop
  endfacet
  facet normal -0.48733 -0.538573 0.687349
    outer loop
      vertex 121.377 9.68453 12.3
      vertex 121.239 9.8094 12.3
      vertex 120.698 9.15031 11.4
    endloop
  endfacet
  facet normal 0.704748 0.175826 0.687325
    outer loop
      vertex 118.131 7.73318 12.3
      vertex 118.947 7.98069 11.4
      vertex 118.086 7.91355 12.3
    endloop
  endfacet
  facet normal -0.68346 -0.245947 0.687308
    outer loop
      vertex 121.869 8.86682 12.3
      vertex 121.806 9.04189 12.3
      vertex 121.053 8.61931 11.4
    endloop
  endfacet
  facet normal -0.259118 0.67832 0.687561
    outer loop
      vertex 120.421 7.28373 11.4
      vertex 120.742 6.49409 12.3
      vertex 120.747 6.496 12.3
    endloop
  endfacet
  facet normal -0.243958 0.684182 0.687298
    outer loop
      vertex 120.742 6.49409 12.3
      vertex 120.421 7.28373 11.4
      vertex 120.319 7.24736 11.4
    endloop
  endfacet
  facet normal -0.655815 -0.312144 0.687367
    outer loop
      vertex 121.802 9.05238 12.3
      vertex 121.722 9.22046 12.3
      vertex 120.97 8.81854 11.4
    endloop
  endfacet
  facet normal 0.718847 -0.105523 0.687112
    outer loop
      vertex 118.905 8.40782 11.4
      vertex 118.084 8.67532 12.3
      vertex 118.057 8.49139 12.3
    endloop
  endfacet
  facet normal -0.244664 -0.683963 0.687265
    outer loop
      vertex 120.747 10.104 12.3
      vertex 120.572 10.1666 12.3
      vertex 120.421 9.31627 11.4
    endloop
  endfacet
  facet normal -0.270049 -0.675122 0.686501
    outer loop
      vertex 120.319 9.35263 11.4
      vertex 120.572 10.1666 12.3
      vertex 120.567 10.1686 12.3
    endloop
  endfacet
  facet normal -0.243887 -0.684173 0.687333
    outer loop
      vertex 120.572 10.1666 12.3
      vertex 120.319 9.35263 11.4
      vertex 120.421 9.31627 11.4
    endloop
  endfacet
  facet normal -0.310762 0.656704 0.687145
    outer loop
      vertex 120.752 6.49843 12.3
      vertex 120.92 6.57793 12.3
      vertex 120.519 7.32989 11.4
    endloop
  endfacet
  facet normal 0.431503 -0.584323 0.687294
    outer loop
      vertex 119.302 9.15031 11.4
      vertex 118.911 9.92017 12.3
      vertex 118.761 9.8094 12.3
    endloop
  endfacet
  facet normal -0.705021 0.17506 0.687241
    outer loop
      vertex 121.053 7.98069 11.4
      vertex 121.915 7.91906 12.3
      vertex 121.079 8.0854 11.4
    endloop
  endfacet
  facet normal -0.711706 0.129166 0.690501
    outer loop
      vertex 121.915 7.91906 12.3
      vertex 121.053 7.98069 11.4
      vertex 121.914 7.91355 12.3
    endloop
  endfacet
  facet normal 0.487679 -0.538203 0.687392
    outer loop
      vertex 118.623 9.68453 12.3
      vertex 119.222 9.07782 11.4
      vertex 119.302 9.15031 11.4
    endloop
  endfacet
  facet normal 0.500741 -0.525713 0.687666
    outer loop
      vertex 119.222 9.07782 11.4
      vertex 118.623 9.68453 12.3
      vertex 118.619 9.68072 12.3
    endloop
  endfacet
  facet normal -0.0357648 0.725492 0.6873
    outer loop
      vertex 120.191 6.35677 12.3
      vertex 120.108 7.2053 11.4
      vertex 120.006 6.34765 12.3
    endloop
  endfacet
  facet normal 0.622342 -0.374599 0.687289
    outer loop
      vertex 119.03 8.81854 11.4
      vertex 118.374 9.37995 12.3
      vertex 118.278 9.22046 12.3
    endloop
  endfacet
  facet normal 0.244664 -0.683963 0.687265
    outer loop
      vertex 119.579 9.31627 11.4
      vertex 119.428 10.1666 12.3
      vertex 119.253 10.104 12.3
    endloop
  endfacet
  facet normal -0.500741 0.525713 0.687666
    outer loop
      vertex 120.778 7.52218 11.4
      vertex 121.377 6.91547 12.3
      vertex 121.381 6.91928 12.3
    endloop
  endfacet
  facet normal -0.487679 0.538203 0.687392
    outer loop
      vertex 121.377 6.91547 12.3
      vertex 120.778 7.52218 11.4
      vertex 120.698 7.44969 11.4
    endloop
  endfacet
  facet normal -0.526345 -0.50009 0.687656
    outer loop
      vertex 120.778 9.07782 11.4
      vertex 121.385 9.67651 12.3
      vertex 121.381 9.68072 12.3
    endloop
  endfacet
  facet normal -0.53985 -0.485926 0.687342
    outer loop
      vertex 121.385 9.67651 12.3
      vertex 120.778 9.07782 11.4
      vertex 120.85 8.99783 11.4
    endloop
  endfacet
  facet normal -0.622342 0.374599 0.687289
    outer loop
      vertex 121.626 7.22005 12.3
      vertex 121.722 7.37954 12.3
      vertex 120.97 7.78146 11.4
    endloop
  endfacet
  facet normal 0.372547 0.623509 0.687346
    outer loop
      vertex 119.075 6.58085 12.3
      vertex 119.389 7.38538 11.4
      vertex 118.915 6.67645 12.3
    endloop
  endfacet
  facet normal 0.0357648 0.725492 0.6873
    outer loop
      vertex 119.994 6.34765 12.3
      vertex 119.892 7.2053 11.4
      vertex 119.809 6.35677 12.3
    endloop
  endfacet
  facet normal -0.431503 -0.584323 0.687294
    outer loop
      vertex 121.239 9.8094 12.3
      vertex 121.089 9.92017 12.3
      vertex 120.698 9.15031 11.4
    endloop
  endfacet
  facet normal -0.655815 0.312144 0.687367
    outer loop
      vertex 121.722 7.37954 12.3
      vertex 121.802 7.54762 12.3
      vertex 120.97 7.78146 11.4
    endloop
  endfacet
  facet normal 0.718847 0.105523 0.687112
    outer loop
      vertex 118.084 7.92468 12.3
      vertex 118.905 8.19218 11.4
      vertex 118.057 8.10861 12.3
    endloop
  endfacet
  facet normal -0.309538 0.657166 0.687255
    outer loop
      vertex 120.421 7.28373 11.4
      vertex 120.752 6.49843 12.3
      vertex 120.519 7.32989 11.4
    endloop
  endfacet
  facet normal -0.317612 0.653522 0.687045
    outer loop
      vertex 120.752 6.49843 12.3
      vertex 120.421 7.28373 11.4
      vertex 120.747 6.496 12.3
    endloop
  endfacet
  facet normal -0.718847 -0.105523 0.687112
    outer loop
      vertex 121.943 8.49139 12.3
      vertex 121.916 8.67532 12.3
      vertex 121.095 8.40782 11.4
    endloop
  endfacet
  facet normal -0.100732 0.719517 0.687131
    outer loop
      vertex 120.215 7.22114 11.4
      vertex 120.375 6.38405 12.3
      vertex 120.381 6.38489 12.3
    endloop
  endfacet
  facet normal -0.106377 0.718579 0.687262
    outer loop
      vertex 120.375 6.38405 12.3
      vertex 120.215 7.22114 11.4
      vertex 120.108 7.2053 11.4
    endloop
  endfacet
  facet normal 0.716112 -0.126298 0.686464
    outer loop
      vertex 118.056 8.48572 12.3
      vertex 118.905 8.40782 11.4
      vertex 118.057 8.49139 12.3
    endloop
  endfacet
  facet normal 0.725549 -0.0336463 0.687347
    outer loop
      vertex 118.905 8.40782 11.4
      vertex 118.056 8.48572 12.3
      vertex 118.9 8.3 11.4
    endloop
  endfacet
  facet normal -0.106532 0.718543 0.687275
    outer loop
      vertex 120.191 6.35677 12.3
      vertex 120.375 6.38405 12.3
      vertex 120.108 7.2053 11.4
    endloop
  endfacet
  facet normal 0.526345 -0.50009 0.687656
    outer loop
      vertex 118.615 9.67651 12.3
      vertex 119.222 9.07782 11.4
      vertex 118.619 9.68072 12.3
    endloop
  endfacet
  facet normal 0.53985 -0.485926 0.687342
    outer loop
      vertex 119.222 9.07782 11.4
      vertex 118.615 9.67651 12.3
      vertex 119.15 8.99783 11.4
    endloop
  endfacet
  facet normal -0.582994 0.433293 0.687295
    outer loop
      vertex 121.509 7.06126 12.3
      vertex 121.62 7.21061 12.3
      vertex 120.85 7.60217 11.4
    endloop
  endfacet
  facet normal -0.48733 0.538573 0.687349
    outer loop
      vertex 121.239 6.7906 12.3
      vertex 121.377 6.91547 12.3
      vertex 120.698 7.44969 11.4
    endloop
  endfacet
  facet normal -0.676522 0.263238 0.687768
    outer loop
      vertex 121.016 7.87905 11.4
      vertex 121.802 7.54762 12.3
      vertex 121.804 7.55276 12.3
    endloop
  endfacet
  facet normal -0.656786 0.309582 0.687598
    outer loop
      vertex 121.802 7.54762 12.3
      vertex 121.016 7.87905 11.4
      vertex 120.97 7.78146 11.4
    endloop
  endfacet
  facet normal 0.655815 -0.312144 0.687367
    outer loop
      vertex 119.03 8.81854 11.4
      vertex 118.278 9.22046 12.3
      vertex 118.198 9.05238 12.3
    endloop
  endfacet
  facet normal 0.106377 0.718579 0.687262
    outer loop
      vertex 119.785 7.22114 11.4
      vertex 119.625 6.38405 12.3
      vertex 119.892 7.2053 11.4
    endloop
  endfacet
  facet normal 0.100732 0.719517 0.687131
    outer loop
      vertex 119.625 6.38405 12.3
      vertex 119.785 7.22114 11.4
      vertex 119.619 6.38489 12.3
    endloop
  endfacet
  facet normal -0.582994 -0.433293 0.687295
    outer loop
      vertex 121.62 9.38939 12.3
      vertex 121.509 9.53874 12.3
      vertex 120.85 8.99783 11.4
    endloop
  endfacet
  facet normal -0.175906 0.704713 0.687341
    outer loop
      vertex 120.386 6.38627 12.3
      vertex 120.567 6.43145 12.3
      vertex 120.319 7.24736 11.4
    endloop
  endfacet
  facet normal 0.433306 0.582905 0.687362
    outer loop
      vertex 118.915 6.67645 12.3
      vertex 119.389 7.38538 11.4
      vertex 118.766 6.78721 12.3
    endloop
  endfacet
  facet normal -0.244768 0.683818 0.687373
    outer loop
      vertex 120.567 6.43145 12.3
      vertex 120.742 6.49409 12.3
      vertex 120.319 7.24736 11.4
    endloop
  endfacet
  facet normal -0.704748 0.175826 0.687325
    outer loop
      vertex 121.869 7.73318 12.3
      vertex 121.914 7.91355 12.3
      vertex 121.053 7.98069 11.4
    endloop
  endfacet
  facet normal 0.0434955 -0.724924 0.687454
    outer loop
      vertex 119.892 9.3947 11.4
      vertex 119.814 10.2435 12.3
      vertex 119.809 10.2432 12.3
    endloop
  endfacet
  facet normal 0.0356029 -0.725494 0.687307
    outer loop
      vertex 119.814 10.2435 12.3
      vertex 119.892 9.3947 11.4
      vertex 120 9.4 11.4
    endloop
  endfacet
  facet normal 0.270049 -0.675122 0.686501
    outer loop
      vertex 119.428 10.1666 12.3
      vertex 119.681 9.35263 11.4
      vertex 119.433 10.1686 12.3
    endloop
  endfacet
  facet normal 0.243887 -0.684173 0.687333
    outer loop
      vertex 119.681 9.35263 11.4
      vertex 119.428 10.1666 12.3
      vertex 119.579 9.31627 11.4
    endloop
  endfacet
  facet normal 0.48733 0.538573 0.687349
    outer loop
      vertex 118.761 6.7906 12.3
      vertex 119.302 7.44969 11.4
      vertex 118.623 6.91547 12.3
    endloop
  endfacet
  facet normal -0.725738 -0.0351693 0.687072
    outer loop
      vertex 121.952 8.30567 12.3
      vertex 121.943 8.49139 12.3
      vertex 121.095 8.40782 11.4
    endloop
  endfacet
  facet normal -0.71995 0.126752 0.682353
    outer loop
      vertex 121.1 8.3 11.4
      vertex 121.952 8.29432 12.3
      vertex 121.953 8.3 12.3
    endloop
  endfacet
  facet normal -0.72569 0.0336528 0.687199
    outer loop
      vertex 121.952 8.29432 12.3
      vertex 121.1 8.3 11.4
      vertex 121.095 8.19218 11.4
    endloop
  endfacet
  facet normal -0.718847 0.105523 0.687112
    outer loop
      vertex 121.916 7.92468 12.3
      vertex 121.943 8.10861 12.3
      vertex 121.095 8.19218 11.4
    endloop
  endfacet
  facet normal 0.680092 -0.25424 0.687632
    outer loop
      vertex 118.194 9.04189 12.3
      vertex 118.984 8.72095 11.4
      vertex 118.196 9.04724 12.3
    endloop
  endfacet
  facet normal 0.68235 -0.248396 0.68753
    outer loop
      vertex 118.984 8.72095 11.4
      vertex 118.194 9.04189 12.3
      vertex 118.947 8.61931 11.4
    endloop
  endfacet
  facet normal 0.582994 -0.433293 0.687295
    outer loop
      vertex 119.15 8.99783 11.4
      vertex 118.491 9.53874 12.3
      vertex 118.38 9.38939 12.3
    endloop
  endfacet
  facet normal 0.725356 0.0351508 0.687476
    outer loop
      vertex 118.056 8.11428 12.3
      vertex 118.9 8.3 11.4
      vertex 118.047 8.3 12.3
    endloop
  endfacet
  facet normal 0.725356 -0.0351508 0.687476
    outer loop
      vertex 118.9 8.3 11.4
      vertex 118.056 8.48572 12.3
      vertex 118.047 8.3 12.3
    endloop
  endfacet
  facet normal -0.372733 -0.623625 0.68714
    outer loop
      vertex 121.08 9.92647 12.3
      vertex 120.92 10.0221 12.3
      vertex 120.519 9.27011 11.4
    endloop
  endfacet
  facet normal 0.704748 -0.175826 0.687325
    outer loop
      vertex 118.947 8.61931 11.4
      vertex 118.131 8.86682 12.3
      vertex 118.086 8.68645 12.3
    endloop
  endfacet
  facet normal 0.68346 -0.245947 0.687308
    outer loop
      vertex 118.947 8.61931 11.4
      vertex 118.194 9.04189 12.3
      vertex 118.131 8.86682 12.3
    endloop
  endfacet
  facet normal 0.244768 0.683818 0.687373
    outer loop
      vertex 119.433 6.43145 12.3
      vertex 119.681 7.24736 11.4
      vertex 119.258 6.49409 12.3
    endloop
  endfacet
  facet normal 0.431832 0.584192 0.687197
    outer loop
      vertex 119.302 7.44969 11.4
      vertex 118.766 6.78721 12.3
      vertex 119.389 7.38538 11.4
    endloop
  endfacet
  facet normal 0.408182 0.602038 0.686249
    outer loop
      vertex 118.766 6.78721 12.3
      vertex 119.302 7.44969 11.4
      vertex 118.761 6.7906 12.3
    endloop
  endfacet
  facet normal 0.656786 -0.309582 0.687598
    outer loop
      vertex 118.198 9.05238 12.3
      vertex 118.984 8.72095 11.4
      vertex 119.03 8.81854 11.4
    endloop
  endfacet
  facet normal 0.676522 -0.263238 0.687768
    outer loop
      vertex 118.984 8.72095 11.4
      vertex 118.198 9.05238 12.3
      vertex 118.196 9.04724 12.3
    endloop
  endfacet
  facet normal 0.53985 0.485926 0.687342
    outer loop
      vertex 118.615 6.92349 12.3
      vertex 119.222 7.52218 11.4
      vertex 119.15 7.60217 11.4
    endloop
  endfacet
  facet normal 0.526345 0.50009 0.687656
    outer loop
      vertex 119.222 7.52218 11.4
      vertex 118.615 6.92349 12.3
      vertex 118.619 6.91928 12.3
    endloop
  endfacet
  facet normal -0.68235 0.248396 0.68753
    outer loop
      vertex 121.016 7.87905 11.4
      vertex 121.806 7.55811 12.3
      vertex 121.053 7.98069 11.4
    endloop
  endfacet
  facet normal -0.680092 0.25424 0.687632
    outer loop
      vertex 121.806 7.55811 12.3
      vertex 121.016 7.87905 11.4
      vertex 121.804 7.55276 12.3
    endloop
  endfacet
  facet normal 0.539868 -0.485908 0.68734
    outer loop
      vertex 119.15 8.99783 11.4
      vertex 118.615 9.67651 12.3
      vertex 118.491 9.53874 12.3
    endloop
  endfacet
  facet normal -0.539868 -0.485908 0.68734
    outer loop
      vertex 121.509 9.53874 12.3
      vertex 121.385 9.67651 12.3
      vertex 120.85 8.99783 11.4
    endloop
  endfacet
  facet normal 0.243958 0.684182 0.687298
    outer loop
      vertex 119.579 7.28373 11.4
      vertex 119.258 6.49409 12.3
      vertex 119.681 7.24736 11.4
    endloop
  endfacet
  facet normal 0.259118 0.67832 0.687561
    outer loop
      vertex 119.258 6.49409 12.3
      vertex 119.579 7.28373 11.4
      vertex 119.253 6.496 12.3
    endloop
  endfacet
  facet normal -0.500741 -0.525713 0.687666
    outer loop
      vertex 121.377 9.68453 12.3
      vertex 120.778 9.07782 11.4
      vertex 121.381 9.68072 12.3
    endloop
  endfacet
  facet normal -0.487679 -0.538203 0.687392
    outer loop
      vertex 120.778 9.07782 11.4
      vertex 121.377 9.68453 12.3
      vertex 120.698 9.15031 11.4
    endloop
  endfacet
  facet normal 0.718358 0.107639 0.687295
    outer loop
      vertex 118.084 7.92468 12.3
      vertex 118.921 8.0854 11.4
      vertex 118.905 8.19218 11.4
    endloop
  endfacet
  facet normal 0.714893 0.127205 0.687566
    outer loop
      vertex 118.921 8.0854 11.4
      vertex 118.084 7.92468 12.3
      vertex 118.085 7.91906 12.3
    endloop
  endfacet
  facet normal -0.375259 0.622164 0.68709
    outer loop
      vertex 120.519 7.32989 11.4
      vertex 120.925 6.58085 12.3
      vertex 120.611 7.38538 11.4
    endloop
  endfacet
  facet normal -0.366315 0.627252 0.68729
    outer loop
      vertex 120.925 6.58085 12.3
      vertex 120.519 7.32989 11.4
      vertex 120.92 6.57793 12.3
    endloop
  endfacet
  facet normal 0.624805 0.371144 0.686929
    outer loop
      vertex 118.374 7.22005 12.3
      vertex 119.085 7.68887 11.4
      vertex 119.03 7.78146 11.4
    endloop
  endfacet
  facet normal 0.677826 0.278368 0.680487
    outer loop
      vertex 119.085 7.68887 11.4
      vertex 118.374 7.22005 12.3
      vertex 118.376 7.21518 12.3
    endloop
  endfacet
  facet normal 0.677826 -0.278368 0.680487
    outer loop
      vertex 118.374 9.37995 12.3
      vertex 119.085 8.91113 11.4
      vertex 118.376 9.38482 12.3
    endloop
  endfacet
  facet normal 0.624805 -0.371144 0.686929
    outer loop
      vertex 119.085 8.91113 11.4
      vertex 118.374 9.37995 12.3
      vertex 119.03 8.81854 11.4
    endloop
  endfacet
  facet normal -0.54843 -0.480026 0.684689
    outer loop
      vertex 121.62 9.38939 12.3
      vertex 120.915 8.91113 11.4
      vertex 121.624 9.38482 12.3
    endloop
  endfacet
  facet normal -0.58138 -0.435868 0.687035
    outer loop
      vertex 120.915 8.91113 11.4
      vertex 121.62 9.38939 12.3
      vertex 120.85 8.99783 11.4
    endloop
  endfacet
  facet normal 0.68235 0.248396 0.68753
    outer loop
      vertex 118.194 7.55811 12.3
      vertex 118.984 7.87905 11.4
      vertex 118.947 7.98069 11.4
    endloop
  endfacet
  facet normal 0.680092 0.25424 0.687632
    outer loop
      vertex 118.984 7.87905 11.4
      vertex 118.194 7.55811 12.3
      vertex 118.196 7.55276 12.3
    endloop
  endfacet
  facet normal -0.725738 0.0351712 0.687072
    outer loop
      vertex 121.943 8.10861 12.3
      vertex 121.952 8.29432 12.3
      vertex 121.095 8.19218 11.4
    endloop
  endfacet
  facet normal -0.718358 0.107639 0.687295
    outer loop
      vertex 121.079 8.0854 11.4
      vertex 121.916 7.92468 12.3
      vertex 121.095 8.19218 11.4
    endloop
  endfacet
  facet normal -0.714893 0.127205 0.687566
    outer loop
      vertex 121.916 7.92468 12.3
      vertex 121.079 8.0854 11.4
      vertex 121.915 7.91906 12.3
    endloop
  endfacet
  facet normal -0.68346 0.245947 0.687308
    outer loop
      vertex 121.806 7.55811 12.3
      vertex 121.869 7.73318 12.3
      vertex 121.053 7.98069 11.4
    endloop
  endfacet
  facet normal -0.624805 0.371144 0.686929
    outer loop
      vertex 120.915 7.68887 11.4
      vertex 121.626 7.22005 12.3
      vertex 120.97 7.78146 11.4
    endloop
  endfacet
  facet normal -0.677826 0.278368 0.680487
    outer loop
      vertex 121.626 7.22005 12.3
      vertex 120.915 7.68887 11.4
      vertex 121.624 7.21518 12.3
    endloop
  endfacet
  facet normal 0.469905 -0.5561 0.685523
    outer loop
      vertex 118.911 9.92017 12.3
      vertex 119.389 9.21462 11.4
      vertex 118.915 9.92355 12.3
    endloop
  endfacet
  facet normal 0.431794 -0.584141 0.687265
    outer loop
      vertex 119.389 9.21462 11.4
      vertex 118.911 9.92017 12.3
      vertex 119.302 9.15031 11.4
    endloop
  endfacet
  facet normal -0.0356026 0.725487 0.687314
    outer loop
      vertex 120 7.2 11.4
      vertex 120.006 6.34765 12.3
      vertex 120.108 7.2053 11.4
    endloop
  endfacet
  facet normal -0.0338584 0.725537 0.68735
    outer loop
      vertex 120.006 6.34765 12.3
      vertex 120 7.2 11.4
      vertex 120 6.34737 12.3
    endloop
  endfacet
  facet normal 0.58138 -0.435868 0.687035
    outer loop
      vertex 118.38 9.38939 12.3
      vertex 119.085 8.91113 11.4
      vertex 119.15 8.99783 11.4
    endloop
  endfacet
  facet normal 0.54843 -0.480026 0.684689
    outer loop
      vertex 119.085 8.91113 11.4
      vertex 118.38 9.38939 12.3
      vertex 118.376 9.38482 12.3
    endloop
  endfacet
  facet normal 0.725549 0.0336463 0.687347
    outer loop
      vertex 118.056 8.11428 12.3
      vertex 118.905 8.19218 11.4
      vertex 118.9 8.3 11.4
    endloop
  endfacet
  facet normal 0.716112 0.126298 0.686464
    outer loop
      vertex 118.905 8.19218 11.4
      vertex 118.056 8.11428 12.3
      vertex 118.057 8.10861 12.3
    endloop
  endfacet
  facet normal -0.0354953 -0.725508 0.687298
    outer loop
      vertex 120.186 10.2435 12.3
      vertex 120 10.2526 12.3
      vertex 120 9.4 11.4
    endloop
  endfacet
  facet normal 0.10661 -0.718545 0.68726
    outer loop
      vertex 119.892 9.3947 11.4
      vertex 119.809 10.2432 12.3
      vertex 119.625 10.2159 12.3
    endloop
  endfacet
  facet normal 0.48733 -0.538573 0.687349
    outer loop
      vertex 119.302 9.15031 11.4
      vertex 118.761 9.8094 12.3
      vertex 118.623 9.68453 12.3
    endloop
  endfacet
  facet normal -0.622342 -0.374599 0.687289
    outer loop
      vertex 121.722 9.22046 12.3
      vertex 121.626 9.37995 12.3
      vertex 120.97 8.81854 11.4
    endloop
  endfacet
  facet normal -0.677826 -0.278368 0.680487
    outer loop
      vertex 120.915 8.91113 11.4
      vertex 121.626 9.37995 12.3
      vertex 121.624 9.38482 12.3
    endloop
  endfacet
  facet normal -0.624805 -0.371144 0.686929
    outer loop
      vertex 121.626 9.37995 12.3
      vertex 120.915 8.91113 11.4
      vertex 120.97 8.81854 11.4
    endloop
  endfacet
  facet normal 0.153949 -0.710534 0.686616
    outer loop
      vertex 119.681 9.35263 11.4
      vertex 119.439 10.1699 12.3
      vertex 119.433 10.1686 12.3
    endloop
  endfacet
  facet normal 0.177632 -0.704299 0.687321
    outer loop
      vertex 119.439 10.1699 12.3
      vertex 119.681 9.35263 11.4
      vertex 119.785 9.37886 11.4
    endloop
  endfacet
  facet normal -0.539868 0.485908 0.68734
    outer loop
      vertex 121.385 6.92349 12.3
      vertex 121.509 7.06126 12.3
      vertex 120.85 7.60217 11.4
    endloop
  endfacet
  facet normal -0.314387 -0.654973 0.687147
    outer loop
      vertex 120.421 9.31627 11.4
      vertex 120.752 10.1016 12.3
      vertex 120.747 10.104 12.3
    endloop
  endfacet
  facet normal -0.309534 -0.657156 0.687266
    outer loop
      vertex 120.752 10.1016 12.3
      vertex 120.421 9.31627 11.4
      vertex 120.519 9.27011 11.4
    endloop
  endfacet
  facet normal 0.310762 0.656704 0.687145
    outer loop
      vertex 119.248 6.49843 12.3
      vertex 119.481 7.32989 11.4
      vertex 119.08 6.57793 12.3
    endloop
  endfacet
  facet normal 0.310757 -0.656694 0.687156
    outer loop
      vertex 119.481 9.27011 11.4
      vertex 119.248 10.1016 12.3
      vertex 119.08 10.0221 12.3
    endloop
  endfacet
  facet normal 0.714893 -0.127205 0.687566
    outer loop
      vertex 118.084 8.67532 12.3
      vertex 118.921 8.5146 11.4
      vertex 118.085 8.68094 12.3
    endloop
  endfacet
  facet normal 0.718358 -0.107639 0.687295
    outer loop
      vertex 118.921 8.5146 11.4
      vertex 118.084 8.67532 12.3
      vertex 118.905 8.40782 11.4
    endloop
  endfacet
  facet normal 0.711706 -0.129166 0.690501
    outer loop
      vertex 118.085 8.68094 12.3
      vertex 118.947 8.61931 11.4
      vertex 118.086 8.68645 12.3
    endloop
  endfacet
  facet normal 0.705021 -0.17506 0.687241
    outer loop
      vertex 118.947 8.61931 11.4
      vertex 118.085 8.68094 12.3
      vertex 118.921 8.5146 11.4
    endloop
  endfacet
  facet normal -0.310757 -0.656694 0.687156
    outer loop
      vertex 120.92 10.0221 12.3
      vertex 120.752 10.1016 12.3
      vertex 120.519 9.27011 11.4
    endloop
  endfacet
  facet normal 0.0338584 0.725537 0.68735
    outer loop
      vertex 120 7.2 11.4
      vertex 119.994 6.34765 12.3
      vertex 120 6.34737 12.3
    endloop
  endfacet
  facet normal 0.0356026 0.725487 0.687314
    outer loop
      vertex 119.994 6.34765 12.3
      vertex 120 7.2 11.4
      vertex 119.892 7.2053 11.4
    endloop
  endfacet
  facet normal 0.539868 0.485908 0.68734
    outer loop
      vertex 118.615 6.92349 12.3
      vertex 119.15 7.60217 11.4
      vertex 118.491 7.06126 12.3
    endloop
  endfacet
  facet normal -0.680092 -0.25424 0.687632
    outer loop
      vertex 121.016 8.72095 11.4
      vertex 121.806 9.04189 12.3
      vertex 121.804 9.04724 12.3
    endloop
  endfacet
  facet normal -0.68235 -0.248396 0.68753
    outer loop
      vertex 121.806 9.04189 12.3
      vertex 121.016 8.72095 11.4
      vertex 121.053 8.61931 11.4
    endloop
  endfacet
  facet normal -0.0356029 -0.725494 0.687307
    outer loop
      vertex 120.108 9.3947 11.4
      vertex 120.186 10.2435 12.3
      vertex 120 9.4 11.4
    endloop
  endfacet
  facet normal -0.0434955 -0.724924 0.687454
    outer loop
      vertex 120.186 10.2435 12.3
      vertex 120.108 9.3947 11.4
      vertex 120.191 10.2432 12.3
    endloop
  endfacet
  facet normal 0.0354953 -0.725508 0.687298
    outer loop
      vertex 120 9.4 11.4
      vertex 120 10.2526 12.3
      vertex 119.814 10.2435 12.3
    endloop
  endfacet
  facet normal 0.372733 -0.623625 0.68714
    outer loop
      vertex 119.481 9.27011 11.4
      vertex 119.08 10.0221 12.3
      vertex 118.92 9.92647 12.3
    endloop
  endfacet
  facet normal -0.433306 0.582905 0.687362
    outer loop
      vertex 121.085 6.67645 12.3
      vertex 121.234 6.78721 12.3
      vertex 120.611 7.38538 11.4
    endloop
  endfacet
  facet normal 0.622342 0.374599 0.687289
    outer loop
      vertex 118.374 7.22005 12.3
      vertex 119.03 7.78146 11.4
      vertex 118.278 7.37954 12.3
    endloop
  endfacet
  facet normal -0.372547 0.623509 0.687346
    outer loop
      vertex 120.925 6.58085 12.3
      vertex 121.085 6.67645 12.3
      vertex 120.611 7.38538 11.4
    endloop
  endfacet
  facet normal -0.408182 0.602038 0.686249
    outer loop
      vertex 120.698 7.44969 11.4
      vertex 121.234 6.78721 12.3
      vertex 121.239 6.7906 12.3
    endloop
  endfacet
  facet normal -0.431832 0.584192 0.687197
    outer loop
      vertex 121.234 6.78721 12.3
      vertex 120.698 7.44969 11.4
      vertex 120.611 7.38538 11.4
    endloop
  endfacet
  facet normal 0.487679 0.538203 0.687392
    outer loop
      vertex 119.222 7.52218 11.4
      vertex 118.623 6.91547 12.3
      vertex 119.302 7.44969 11.4
    endloop
  endfacet
  facet normal 0.500741 0.525713 0.687666
    outer loop
      vertex 118.623 6.91547 12.3
      vertex 119.222 7.52218 11.4
      vertex 118.619 6.91928 12.3
    endloop
  endfacet
  facet normal 0.106532 0.718543 0.687275
    outer loop
      vertex 119.809 6.35677 12.3
      vertex 119.892 7.2053 11.4
      vertex 119.625 6.38405 12.3
    endloop
  endfacet
  facet normal 0.582994 0.433293 0.687295
    outer loop
      vertex 118.491 7.06126 12.3
      vertex 119.15 7.60217 11.4
      vertex 118.38 7.21061 12.3
    endloop
  endfacet
  facet normal 0.58138 0.435868 0.687035
    outer loop
      vertex 119.085 7.68887 11.4
      vertex 118.38 7.21061 12.3
      vertex 119.15 7.60217 11.4
    endloop
  endfacet
  facet normal 0.54843 0.480026 0.684689
    outer loop
      vertex 118.38 7.21061 12.3
      vertex 119.085 7.68887 11.4
      vertex 118.376 7.21518 12.3
    endloop
  endfacet
  facet normal -0.54843 0.480026 0.684689
    outer loop
      vertex 120.915 7.68887 11.4
      vertex 121.62 7.21061 12.3
      vertex 121.624 7.21518 12.3
    endloop
  endfacet
  facet normal -0.58138 0.435868 0.687035
    outer loop
      vertex 121.62 7.21061 12.3
      vertex 120.915 7.68887 11.4
      vertex 120.85 7.60217 11.4
    endloop
  endfacet
  facet normal 0.175906 0.704713 0.687341
    outer loop
      vertex 119.614 6.38627 12.3
      vertex 119.681 7.24736 11.4
      vertex 119.433 6.43145 12.3
    endloop
  endfacet
  facet normal 0.375259 0.622164 0.68709
    outer loop
      vertex 119.075 6.58085 12.3
      vertex 119.481 7.32989 11.4
      vertex 119.389 7.38538 11.4
    endloop
  endfacet
  facet normal 0.366315 0.627252 0.68729
    outer loop
      vertex 119.481 7.32989 11.4
      vertex 119.075 6.58085 12.3
      vertex 119.08 6.57793 12.3
    endloop
  endfacet
  facet normal -0.676522 -0.263238 0.687768
    outer loop
      vertex 121.802 9.05238 12.3
      vertex 121.016 8.72095 11.4
      vertex 121.804 9.04724 12.3
    endloop
  endfacet
  facet normal -0.656786 -0.309582 0.687598
    outer loop
      vertex 121.016 8.72095 11.4
      vertex 121.802 9.05238 12.3
      vertex 120.97 8.81854 11.4
    endloop
  endfacet
  facet normal -0.53985 0.485926 0.687342
    outer loop
      vertex 120.778 7.52218 11.4
      vertex 121.385 6.92349 12.3
      vertex 120.85 7.60217 11.4
    endloop
  endfacet
  facet normal -0.526345 0.50009 0.687656
    outer loop
      vertex 121.385 6.92349 12.3
      vertex 120.778 7.52218 11.4
      vertex 121.381 6.91928 12.3
    endloop
  endfacet
  facet normal -0.704748 -0.175826 0.687325
    outer loop
      vertex 121.914 8.68645 12.3
      vertex 121.869 8.86682 12.3
      vertex 121.053 8.61931 11.4
    endloop
  endfacet
  facet normal 0.655815 0.312144 0.687367
    outer loop
      vertex 118.278 7.37954 12.3
      vertex 119.03 7.78146 11.4
      vertex 118.198 7.54762 12.3
    endloop
  endfacet
  facet normal -0.193651 0.701635 0.685717
    outer loop
      vertex 120.319 7.24736 11.4
      vertex 120.381 6.38489 12.3
      vertex 120.386 6.38627 12.3
    endloop
  endfacet
  facet normal -0.177586 0.704384 0.687245
    outer loop
      vertex 120.381 6.38489 12.3
      vertex 120.319 7.24736 11.4
      vertex 120.215 7.22114 11.4
    endloop
  endfacet
  facet normal -0.177632 -0.704299 0.687321
    outer loop
      vertex 120.319 9.35263 11.4
      vertex 120.561 10.1699 12.3
      vertex 120.215 9.37886 11.4
    endloop
  endfacet
  facet normal -0.153949 -0.710534 0.686616
    outer loop
      vertex 120.561 10.1699 12.3
      vertex 120.319 9.35263 11.4
      vertex 120.567 10.1686 12.3
    endloop
  endfacet
  facet normal 0.309538 0.657166 0.687255
    outer loop
      vertex 119.248 6.49843 12.3
      vertex 119.579 7.28373 11.4
      vertex 119.481 7.32989 11.4
    endloop
  endfacet
  facet normal 0.317612 0.653522 0.687045
    outer loop
      vertex 119.579 7.28373 11.4
      vertex 119.248 6.49843 12.3
      vertex 119.253 6.496 12.3
    endloop
  endfacet
  facet normal 0.177586 0.704384 0.687245
    outer loop
      vertex 119.681 7.24736 11.4
      vertex 119.619 6.38489 12.3
      vertex 119.785 7.22114 11.4
    endloop
  endfacet
  facet normal 0.193651 0.701635 0.685717
    outer loop
      vertex 119.619 6.38489 12.3
      vertex 119.681 7.24736 11.4
      vertex 119.614 6.38627 12.3
    endloop
  endfacet
  facet normal -0.366385 -0.627372 0.687144
    outer loop
      vertex 121.08 9.92647 12.3
      vertex 120.611 9.21462 11.4
      vertex 121.085 9.92355 12.3
    endloop
  endfacet
  facet normal -0.375115 -0.621925 0.687385
    outer loop
      vertex 120.611 9.21462 11.4
      vertex 121.08 9.92647 12.3
      vertex 120.519 9.27011 11.4
    endloop
  endfacet
  facet normal -0.469905 -0.5561 0.685523
    outer loop
      vertex 120.611 9.21462 11.4
      vertex 121.089 9.92017 12.3
      vertex 121.085 9.92355 12.3
    endloop
  endfacet
  facet normal -0.431794 -0.584141 0.687265
    outer loop
      vertex 121.089 9.92017 12.3
      vertex 120.611 9.21462 11.4
      vertex 120.698 9.15031 11.4
    endloop
  endfacet
  facet normal 0.176918 -0.70454 0.687258
    outer loop
      vertex 119.785 9.37886 11.4
      vertex 119.619 10.2151 12.3
      vertex 119.439 10.1699 12.3
    endloop
  endfacet
  facet normal 0.314387 -0.654973 0.687147
    outer loop
      vertex 119.248 10.1016 12.3
      vertex 119.579 9.31627 11.4
      vertex 119.253 10.104 12.3
    endloop
  endfacet
  facet normal 0.309534 -0.657156 0.687266
    outer loop
      vertex 119.579 9.31627 11.4
      vertex 119.248 10.1016 12.3
      vertex 119.481 9.27011 11.4
    endloop
  endfacet
  facet normal 0.0960398 -0.720299 0.686983
    outer loop
      vertex 119.785 9.37886 11.4
      vertex 119.625 10.2159 12.3
      vertex 119.619 10.2151 12.3
    endloop
  endfacet
  facet normal 0.106379 -0.718599 0.687241
    outer loop
      vertex 119.625 10.2159 12.3
      vertex 119.785 9.37886 11.4
      vertex 119.892 9.3947 11.4
    endloop
  endfacet
  facet normal -0.176918 -0.70454 0.687258
    outer loop
      vertex 120.561 10.1699 12.3
      vertex 120.381 10.2151 12.3
      vertex 120.215 9.37886 11.4
    endloop
  endfacet
  facet normal -0.106379 -0.718599 0.687241
    outer loop
      vertex 120.215 9.37886 11.4
      vertex 120.375 10.2159 12.3
      vertex 120.108 9.3947 11.4
    endloop
  endfacet
  facet normal -0.0960398 -0.720299 0.686983
    outer loop
      vertex 120.375 10.2159 12.3
      vertex 120.215 9.37886 11.4
      vertex 120.381 10.2151 12.3
    endloop
  endfacet
  facet normal 0.68346 0.245947 0.687308
    outer loop
      vertex 118.194 7.55811 12.3
      vertex 118.947 7.98069 11.4
      vertex 118.131 7.73318 12.3
    endloop
  endfacet
  facet normal 0.705021 0.17506 0.687241
    outer loop
      vertex 118.085 7.91906 12.3
      vertex 118.947 7.98069 11.4
      vertex 118.921 8.0854 11.4
    endloop
  endfacet
  facet normal 0.711706 0.129166 0.690501
    outer loop
      vertex 118.947 7.98069 11.4
      vertex 118.085 7.91906 12.3
      vertex 118.086 7.91355 12.3
    endloop
  endfacet
  facet normal -0.711706 -0.129166 0.690501
    outer loop
      vertex 121.053 8.61931 11.4
      vertex 121.915 8.68094 12.3
      vertex 121.914 8.68645 12.3
    endloop
  endfacet
  facet normal -0.705021 -0.17506 0.687241
    outer loop
      vertex 121.915 8.68094 12.3
      vertex 121.053 8.61931 11.4
      vertex 121.079 8.5146 11.4
    endloop
  endfacet
  facet normal -0.714893 -0.127205 0.687566
    outer loop
      vertex 121.079 8.5146 11.4
      vertex 121.916 8.67532 12.3
      vertex 121.915 8.68094 12.3
    endloop
  endfacet
  facet normal -0.718358 -0.107639 0.687295
    outer loop
      vertex 121.916 8.67532 12.3
      vertex 121.079 8.5146 11.4
      vertex 121.095 8.40782 11.4
    endloop
  endfacet
  facet normal 0.656786 0.309582 0.687598
    outer loop
      vertex 118.984 7.87905 11.4
      vertex 118.198 7.54762 12.3
      vertex 119.03 7.78146 11.4
    endloop
  endfacet
  facet normal 0.676522 0.263238 0.687768
    outer loop
      vertex 118.198 7.54762 12.3
      vertex 118.984 7.87905 11.4
      vertex 118.196 7.55276 12.3
    endloop
  endfacet
  facet normal 0.375115 -0.621925 0.687385
    outer loop
      vertex 118.92 9.92647 12.3
      vertex 119.389 9.21462 11.4
      vertex 119.481 9.27011 11.4
    endloop
  endfacet
  facet normal 0.366385 -0.627372 0.687144
    outer loop
      vertex 119.389 9.21462 11.4
      vertex 118.92 9.92647 12.3
      vertex 118.915 9.92355 12.3
    endloop
  endfacet
  facet normal -0.72569 -0.0336528 0.687198
    outer loop
      vertex 149.1 8.3 11.4
      vertex 149.952 8.30567 12.3
      vertex 149.095 8.40782 11.4
    endloop
  endfacet
  facet normal -0.71993 -0.126972 0.682334
    outer loop
      vertex 149.952 8.30567 12.3
      vertex 149.1 8.3 11.4
      vertex 149.953 8.3 12.3
    endloop
  endfacet
  facet normal -0.10661 -0.718545 0.68726
    outer loop
      vertex 148.375 10.2159 12.3
      vertex 148.191 10.2432 12.3
      vertex 148.108 9.3947 11.4
    endloop
  endfacet
  facet normal -0.48733 -0.538573 0.687349
    outer loop
      vertex 149.377 9.68453 12.3
      vertex 149.239 9.8094 12.3
      vertex 148.698 9.15031 11.4
    endloop
  endfacet
  facet normal 0.704748 0.175826 0.687325
    outer loop
      vertex 146.131 7.73318 12.3
      vertex 146.947 7.98069 11.4
      vertex 146.086 7.91355 12.3
    endloop
  endfacet
  facet normal -0.68346 -0.245947 0.687308
    outer loop
      vertex 149.869 8.86682 12.3
      vertex 149.806 9.04189 12.3
      vertex 149.053 8.61931 11.4
    endloop
  endfacet
  facet normal -0.259118 0.67832 0.687561
    outer loop
      vertex 148.421 7.28373 11.4
      vertex 148.742 6.49409 12.3
      vertex 148.747 6.496 12.3
    endloop
  endfacet
  facet normal -0.243958 0.684182 0.687298
    outer loop
      vertex 148.742 6.49409 12.3
      vertex 148.421 7.28373 11.4
      vertex 148.319 7.24736 11.4
    endloop
  endfacet
  facet normal -0.655815 -0.312144 0.687367
    outer loop
      vertex 149.802 9.05238 12.3
      vertex 149.722 9.22046 12.3
      vertex 148.97 8.81854 11.4
    endloop
  endfacet
  facet normal 0.718847 -0.105523 0.687112
    outer loop
      vertex 146.905 8.40782 11.4
      vertex 146.084 8.67532 12.3
      vertex 146.057 8.49139 12.3
    endloop
  endfacet
  facet normal -0.244664 -0.683963 0.687265
    outer loop
      vertex 148.747 10.104 12.3
      vertex 148.572 10.1666 12.3
      vertex 148.421 9.31627 11.4
    endloop
  endfacet
  facet normal -0.270049 -0.675122 0.686501
    outer loop
      vertex 148.319 9.35263 11.4
      vertex 148.572 10.1666 12.3
      vertex 148.567 10.1686 12.3
    endloop
  endfacet
  facet normal -0.243887 -0.684173 0.687333
    outer loop
      vertex 148.572 10.1666 12.3
      vertex 148.319 9.35263 11.4
      vertex 148.421 9.31627 11.4
    endloop
  endfacet
  facet normal -0.310762 0.656704 0.687145
    outer loop
      vertex 148.752 6.49843 12.3
      vertex 148.92 6.57793 12.3
      vertex 148.519 7.32989 11.4
    endloop
  endfacet
  facet normal 0.431503 -0.584323 0.687294
    outer loop
      vertex 147.302 9.15031 11.4
      vertex 146.911 9.92017 12.3
      vertex 146.761 9.8094 12.3
    endloop
  endfacet
  facet normal -0.705021 0.17506 0.687241
    outer loop
      vertex 149.053 7.98069 11.4
      vertex 149.915 7.91906 12.3
      vertex 149.079 8.0854 11.4
    endloop
  endfacet
  facet normal -0.711706 0.129166 0.690501
    outer loop
      vertex 149.915 7.91906 12.3
      vertex 149.053 7.98069 11.4
      vertex 149.914 7.91355 12.3
    endloop
  endfacet
  facet normal 0.487679 -0.538203 0.687392
    outer loop
      vertex 146.623 9.68453 12.3
      vertex 147.222 9.07782 11.4
      vertex 147.302 9.15031 11.4
    endloop
  endfacet
  facet normal 0.500741 -0.525713 0.687666
    outer loop
      vertex 147.222 9.07782 11.4
      vertex 146.623 9.68453 12.3
      vertex 146.619 9.68072 12.3
    endloop
  endfacet
  facet normal -0.0357648 0.725492 0.6873
    outer loop
      vertex 148.191 6.35677 12.3
      vertex 148.108 7.2053 11.4
      vertex 148.006 6.34765 12.3
    endloop
  endfacet
  facet normal 0.622342 -0.374599 0.687289
    outer loop
      vertex 147.03 8.81854 11.4
      vertex 146.374 9.37995 12.3
      vertex 146.278 9.22046 12.3
    endloop
  endfacet
  facet normal 0.244664 -0.683963 0.687265
    outer loop
      vertex 147.579 9.31627 11.4
      vertex 147.428 10.1666 12.3
      vertex 147.253 10.104 12.3
    endloop
  endfacet
  facet normal -0.500741 0.525713 0.687666
    outer loop
      vertex 148.778 7.52218 11.4
      vertex 149.377 6.91547 12.3
      vertex 149.381 6.91928 12.3
    endloop
  endfacet
  facet normal -0.487679 0.538203 0.687392
    outer loop
      vertex 149.377 6.91547 12.3
      vertex 148.778 7.52218 11.4
      vertex 148.698 7.44969 11.4
    endloop
  endfacet
  facet normal -0.526345 -0.50009 0.687656
    outer loop
      vertex 148.778 9.07782 11.4
      vertex 149.385 9.67651 12.3
      vertex 149.381 9.68072 12.3
    endloop
  endfacet
  facet normal -0.53985 -0.485926 0.687342
    outer loop
      vertex 149.385 9.67651 12.3
      vertex 148.778 9.07782 11.4
      vertex 148.85 8.99783 11.4
    endloop
  endfacet
  facet normal -0.622342 0.374599 0.687289
    outer loop
      vertex 149.626 7.22005 12.3
      vertex 149.722 7.37954 12.3
      vertex 148.97 7.78146 11.4
    endloop
  endfacet
  facet normal 0.372547 0.623509 0.687346
    outer loop
      vertex 147.075 6.58085 12.3
      vertex 147.389 7.38538 11.4
      vertex 146.915 6.67645 12.3
    endloop
  endfacet
  facet normal 0.0357648 0.725492 0.6873
    outer loop
      vertex 147.994 6.34765 12.3
      vertex 147.892 7.2053 11.4
      vertex 147.809 6.35677 12.3
    endloop
  endfacet
  facet normal -0.431503 -0.584323 0.687294
    outer loop
      vertex 149.239 9.8094 12.3
      vertex 149.089 9.92017 12.3
      vertex 148.698 9.15031 11.4
    endloop
  endfacet
  facet normal -0.655815 0.312144 0.687367
    outer loop
      vertex 149.722 7.37954 12.3
      vertex 149.802 7.54762 12.3
      vertex 148.97 7.78146 11.4
    endloop
  endfacet
  facet normal 0.718847 0.105523 0.687112
    outer loop
      vertex 146.084 7.92468 12.3
      vertex 146.905 8.19218 11.4
      vertex 146.057 8.10861 12.3
    endloop
  endfacet
  facet normal -0.309538 0.657166 0.687255
    outer loop
      vertex 148.421 7.28373 11.4
      vertex 148.752 6.49843 12.3
      vertex 148.519 7.32989 11.4
    endloop
  endfacet
  facet normal -0.317612 0.653522 0.687045
    outer loop
      vertex 148.752 6.49843 12.3
      vertex 148.421 7.28373 11.4
      vertex 148.747 6.496 12.3
    endloop
  endfacet
  facet normal -0.718847 -0.105523 0.687112
    outer loop
      vertex 149.943 8.49139 12.3
      vertex 149.916 8.67532 12.3
      vertex 149.095 8.40782 11.4
    endloop
  endfacet
  facet normal -0.100732 0.719517 0.687131
    outer loop
      vertex 148.215 7.22114 11.4
      vertex 148.375 6.38405 12.3
      vertex 148.381 6.38489 12.3
    endloop
  endfacet
  facet normal -0.106377 0.718579 0.687262
    outer loop
      vertex 148.375 6.38405 12.3
      vertex 148.215 7.22114 11.4
      vertex 148.108 7.2053 11.4
    endloop
  endfacet
  facet normal 0.716112 -0.126298 0.686464
    outer loop
      vertex 146.056 8.48572 12.3
      vertex 146.905 8.40782 11.4
      vertex 146.057 8.49139 12.3
    endloop
  endfacet
  facet normal 0.725549 -0.0336463 0.687347
    outer loop
      vertex 146.905 8.40782 11.4
      vertex 146.056 8.48572 12.3
      vertex 146.9 8.3 11.4
    endloop
  endfacet
  facet normal -0.106532 0.718543 0.687275
    outer loop
      vertex 148.191 6.35677 12.3
      vertex 148.375 6.38405 12.3
      vertex 148.108 7.2053 11.4
    endloop
  endfacet
  facet normal 0.526345 -0.50009 0.687656
    outer loop
      vertex 146.615 9.67651 12.3
      vertex 147.222 9.07782 11.4
      vertex 146.619 9.68072 12.3
    endloop
  endfacet
  facet normal 0.53985 -0.485926 0.687342
    outer loop
      vertex 147.222 9.07782 11.4
      vertex 146.615 9.67651 12.3
      vertex 147.15 8.99783 11.4
    endloop
  endfacet
  facet normal -0.582994 0.433293 0.687295
    outer loop
      vertex 149.509 7.06126 12.3
      vertex 149.62 7.21061 12.3
      vertex 148.85 7.60217 11.4
    endloop
  endfacet
  facet normal -0.48733 0.538573 0.687349
    outer loop
      vertex 149.239 6.7906 12.3
      vertex 149.377 6.91547 12.3
      vertex 148.698 7.44969 11.4
    endloop
  endfacet
  facet normal -0.676522 0.263238 0.687768
    outer loop
      vertex 149.016 7.87905 11.4
      vertex 149.802 7.54762 12.3
      vertex 149.804 7.55276 12.3
    endloop
  endfacet
  facet normal -0.656786 0.309582 0.687598
    outer loop
      vertex 149.802 7.54762 12.3
      vertex 149.016 7.87905 11.4
      vertex 148.97 7.78146 11.4
    endloop
  endfacet
  facet normal 0.655815 -0.312144 0.687367
    outer loop
      vertex 147.03 8.81854 11.4
      vertex 146.278 9.22046 12.3
      vertex 146.198 9.05238 12.3
    endloop
  endfacet
  facet normal 0.106377 0.718579 0.687262
    outer loop
      vertex 147.785 7.22114 11.4
      vertex 147.625 6.38405 12.3
      vertex 147.892 7.2053 11.4
    endloop
  endfacet
  facet normal 0.100732 0.719517 0.687131
    outer loop
      vertex 147.625 6.38405 12.3
      vertex 147.785 7.22114 11.4
      vertex 147.619 6.38489 12.3
    endloop
  endfacet
  facet normal -0.582994 -0.433293 0.687295
    outer loop
      vertex 149.62 9.38939 12.3
      vertex 149.509 9.53874 12.3
      vertex 148.85 8.99783 11.4
    endloop
  endfacet
  facet normal -0.175906 0.704713 0.687341
    outer loop
      vertex 148.386 6.38627 12.3
      vertex 148.567 6.43145 12.3
      vertex 148.319 7.24736 11.4
    endloop
  endfacet
  facet normal 0.433306 0.582905 0.687362
    outer loop
      vertex 146.915 6.67645 12.3
      vertex 147.389 7.38538 11.4
      vertex 146.766 6.78721 12.3
    endloop
  endfacet
  facet normal -0.244768 0.683818 0.687373
    outer loop
      vertex 148.567 6.43145 12.3
      vertex 148.742 6.49409 12.3
      vertex 148.319 7.24736 11.4
    endloop
  endfacet
  facet normal -0.704748 0.175826 0.687325
    outer loop
      vertex 149.869 7.73318 12.3
      vertex 149.914 7.91355 12.3
      vertex 149.053 7.98069 11.4
    endloop
  endfacet
  facet normal 0.0434955 -0.724924 0.687454
    outer loop
      vertex 147.892 9.3947 11.4
      vertex 147.814 10.2435 12.3
      vertex 147.809 10.2432 12.3
    endloop
  endfacet
  facet normal 0.0356029 -0.725494 0.687307
    outer loop
      vertex 147.814 10.2435 12.3
      vertex 147.892 9.3947 11.4
      vertex 148 9.4 11.4
    endloop
  endfacet
  facet normal 0.270049 -0.675122 0.686501
    outer loop
      vertex 147.428 10.1666 12.3
      vertex 147.681 9.35263 11.4
      vertex 147.433 10.1686 12.3
    endloop
  endfacet
  facet normal 0.243887 -0.684173 0.687333
    outer loop
      vertex 147.681 9.35263 11.4
      vertex 147.428 10.1666 12.3
      vertex 147.579 9.31627 11.4
    endloop
  endfacet
  facet normal 0.48733 0.538573 0.687349
    outer loop
      vertex 146.761 6.7906 12.3
      vertex 147.302 7.44969 11.4
      vertex 146.623 6.91547 12.3
    endloop
  endfacet
  facet normal -0.725738 -0.0351693 0.687072
    outer loop
      vertex 149.952 8.30567 12.3
      vertex 149.943 8.49139 12.3
      vertex 149.095 8.40782 11.4
    endloop
  endfacet
  facet normal -0.71995 0.126752 0.682353
    outer loop
      vertex 149.1 8.3 11.4
      vertex 149.952 8.29432 12.3
      vertex 149.953 8.3 12.3
    endloop
  endfacet
  facet normal -0.72569 0.0336528 0.687199
    outer loop
      vertex 149.952 8.29432 12.3
      vertex 149.1 8.3 11.4
      vertex 149.095 8.19218 11.4
    endloop
  endfacet
  facet normal -0.718847 0.105523 0.687112
    outer loop
      vertex 149.916 7.92468 12.3
      vertex 149.943 8.10861 12.3
      vertex 149.095 8.19218 11.4
    endloop
  endfacet
  facet normal 0.680092 -0.25424 0.687632
    outer loop
      vertex 146.194 9.04189 12.3
      vertex 146.984 8.72095 11.4
      vertex 146.196 9.04724 12.3
    endloop
  endfacet
  facet normal 0.68235 -0.248396 0.68753
    outer loop
      vertex 146.984 8.72095 11.4
      vertex 146.194 9.04189 12.3
      vertex 146.947 8.61931 11.4
    endloop
  endfacet
  facet normal 0.582994 -0.433293 0.687295
    outer loop
      vertex 147.15 8.99783 11.4
      vertex 146.491 9.53874 12.3
      vertex 146.38 9.38939 12.3
    endloop
  endfacet
  facet normal 0.725356 0.0351508 0.687476
    outer loop
      vertex 146.056 8.11428 12.3
      vertex 146.9 8.3 11.4
      vertex 146.047 8.3 12.3
    endloop
  endfacet
  facet normal 0.725356 -0.0351508 0.687476
    outer loop
      vertex 146.9 8.3 11.4
      vertex 146.056 8.48572 12.3
      vertex 146.047 8.3 12.3
    endloop
  endfacet
  facet normal -0.372733 -0.623625 0.68714
    outer loop
      vertex 149.08 9.92647 12.3
      vertex 148.92 10.0221 12.3
      vertex 148.519 9.27011 11.4
    endloop
  endfacet
  facet normal 0.704748 -0.175826 0.687325
    outer loop
      vertex 146.947 8.61931 11.4
      vertex 146.131 8.86682 12.3
      vertex 146.086 8.68645 12.3
    endloop
  endfacet
  facet normal 0.68346 -0.245947 0.687308
    outer loop
      vertex 146.947 8.61931 11.4
      vertex 146.194 9.04189 12.3
      vertex 146.131 8.86682 12.3
    endloop
  endfacet
  facet normal 0.244768 0.683818 0.687373
    outer loop
      vertex 147.433 6.43145 12.3
      vertex 147.681 7.24736 11.4
      vertex 147.258 6.49409 12.3
    endloop
  endfacet
  facet normal 0.431832 0.584192 0.687197
    outer loop
      vertex 147.302 7.44969 11.4
      vertex 146.766 6.78721 12.3
      vertex 147.389 7.38538 11.4
    endloop
  endfacet
  facet normal 0.408182 0.602038 0.686249
    outer loop
      vertex 146.766 6.78721 12.3
      vertex 147.302 7.44969 11.4
      vertex 146.761 6.7906 12.3
    endloop
  endfacet
  facet normal 0.656786 -0.309582 0.687598
    outer loop
      vertex 146.198 9.05238 12.3
      vertex 146.984 8.72095 11.4
      vertex 147.03 8.81854 11.4
    endloop
  endfacet
  facet normal 0.676522 -0.263238 0.687768
    outer loop
      vertex 146.984 8.72095 11.4
      vertex 146.198 9.05238 12.3
      vertex 146.196 9.04724 12.3
    endloop
  endfacet
  facet normal 0.53985 0.485926 0.687342
    outer loop
      vertex 146.615 6.92349 12.3
      vertex 147.222 7.52218 11.4
      vertex 147.15 7.60217 11.4
    endloop
  endfacet
  facet normal 0.526345 0.50009 0.687656
    outer loop
      vertex 147.222 7.52218 11.4
      vertex 146.615 6.92349 12.3
      vertex 146.619 6.91928 12.3
    endloop
  endfacet
  facet normal -0.68235 0.248396 0.68753
    outer loop
      vertex 149.016 7.87905 11.4
      vertex 149.806 7.55811 12.3
      vertex 149.053 7.98069 11.4
    endloop
  endfacet
  facet normal -0.680092 0.25424 0.687632
    outer loop
      vertex 149.806 7.55811 12.3
      vertex 149.016 7.87905 11.4
      vertex 149.804 7.55276 12.3
    endloop
  endfacet
  facet normal 0.539868 -0.485908 0.68734
    outer loop
      vertex 147.15 8.99783 11.4
      vertex 146.615 9.67651 12.3
      vertex 146.491 9.53874 12.3
    endloop
  endfacet
  facet normal -0.539868 -0.485908 0.68734
    outer loop
      vertex 149.509 9.53874 12.3
      vertex 149.385 9.67651 12.3
      vertex 148.85 8.99783 11.4
    endloop
  endfacet
  facet normal 0.243958 0.684182 0.687298
    outer loop
      vertex 147.579 7.28373 11.4
      vertex 147.258 6.49409 12.3
      vertex 147.681 7.24736 11.4
    endloop
  endfacet
  facet normal 0.259118 0.67832 0.687561
    outer loop
      vertex 147.258 6.49409 12.3
      vertex 147.579 7.28373 11.4
      vertex 147.253 6.496 12.3
    endloop
  endfacet
  facet normal -0.500741 -0.525713 0.687666
    outer loop
      vertex 149.377 9.68453 12.3
      vertex 148.778 9.07782 11.4
      vertex 149.381 9.68072 12.3
    endloop
  endfacet
  facet normal -0.487679 -0.538203 0.687392
    outer loop
      vertex 148.778 9.07782 11.4
      vertex 149.377 9.68453 12.3
      vertex 148.698 9.15031 11.4
    endloop
  endfacet
  facet normal 0.718358 0.107639 0.687295
    outer loop
      vertex 146.084 7.92468 12.3
      vertex 146.921 8.0854 11.4
      vertex 146.905 8.19218 11.4
    endloop
  endfacet
  facet normal 0.714893 0.127205 0.687566
    outer loop
      vertex 146.921 8.0854 11.4
      vertex 146.084 7.92468 12.3
      vertex 146.085 7.91906 12.3
    endloop
  endfacet
  facet normal -0.375259 0.622164 0.68709
    outer loop
      vertex 148.519 7.32989 11.4
      vertex 148.925 6.58085 12.3
      vertex 148.611 7.38538 11.4
    endloop
  endfacet
  facet normal -0.366315 0.627252 0.68729
    outer loop
      vertex 148.925 6.58085 12.3
      vertex 148.519 7.32989 11.4
      vertex 148.92 6.57793 12.3
    endloop
  endfacet
  facet normal 0.624805 0.371144 0.686929
    outer loop
      vertex 146.374 7.22005 12.3
      vertex 147.085 7.68887 11.4
      vertex 147.03 7.78146 11.4
    endloop
  endfacet
  facet normal 0.677826 0.278368 0.680487
    outer loop
      vertex 147.085 7.68887 11.4
      vertex 146.374 7.22005 12.3
      vertex 146.376 7.21518 12.3
    endloop
  endfacet
  facet normal 0.677826 -0.278368 0.680487
    outer loop
      vertex 146.374 9.37995 12.3
      vertex 147.085 8.91113 11.4
      vertex 146.376 9.38482 12.3
    endloop
  endfacet
  facet normal 0.624805 -0.371144 0.686929
    outer loop
      vertex 147.085 8.91113 11.4
      vertex 146.374 9.37995 12.3
      vertex 147.03 8.81854 11.4
    endloop
  endfacet
  facet normal -0.54843 -0.480026 0.684689
    outer loop
      vertex 149.62 9.38939 12.3
      vertex 148.915 8.91113 11.4
      vertex 149.624 9.38482 12.3
    endloop
  endfacet
  facet normal -0.58138 -0.435868 0.687035
    outer loop
      vertex 148.915 8.91113 11.4
      vertex 149.62 9.38939 12.3
      vertex 148.85 8.99783 11.4
    endloop
  endfacet
  facet normal 0.68235 0.248396 0.68753
    outer loop
      vertex 146.194 7.55811 12.3
      vertex 146.984 7.87905 11.4
      vertex 146.947 7.98069 11.4
    endloop
  endfacet
  facet normal 0.680092 0.25424 0.687632
    outer loop
      vertex 146.984 7.87905 11.4
      vertex 146.194 7.55811 12.3
      vertex 146.196 7.55276 12.3
    endloop
  endfacet
  facet normal -0.725738 0.0351712 0.687072
    outer loop
      vertex 149.943 8.10861 12.3
      vertex 149.952 8.29432 12.3
      vertex 149.095 8.19218 11.4
    endloop
  endfacet
  facet normal -0.718358 0.107639 0.687295
    outer loop
      vertex 149.079 8.0854 11.4
      vertex 149.916 7.92468 12.3
      vertex 149.095 8.19218 11.4
    endloop
  endfacet
  facet normal -0.714893 0.127205 0.687566
    outer loop
      vertex 149.916 7.92468 12.3
      vertex 149.079 8.0854 11.4
      vertex 149.915 7.91906 12.3
    endloop
  endfacet
  facet normal -0.68346 0.245947 0.687308
    outer loop
      vertex 149.806 7.55811 12.3
      vertex 149.869 7.73318 12.3
      vertex 149.053 7.98069 11.4
    endloop
  endfacet
  facet normal -0.624805 0.371144 0.686929
    outer loop
      vertex 148.915 7.68887 11.4
      vertex 149.626 7.22005 12.3
      vertex 148.97 7.78146 11.4
    endloop
  endfacet
  facet normal -0.677826 0.278368 0.680487
    outer loop
      vertex 149.626 7.22005 12.3
      vertex 148.915 7.68887 11.4
      vertex 149.624 7.21518 12.3
    endloop
  endfacet
  facet normal 0.469905 -0.5561 0.685523
    outer loop
      vertex 146.911 9.92017 12.3
      vertex 147.389 9.21462 11.4
      vertex 146.915 9.92355 12.3
    endloop
  endfacet
  facet normal 0.431794 -0.584141 0.687265
    outer loop
      vertex 147.389 9.21462 11.4
      vertex 146.911 9.92017 12.3
      vertex 147.302 9.15031 11.4
    endloop
  endfacet
  facet normal -0.0356026 0.725487 0.687314
    outer loop
      vertex 148 7.2 11.4
      vertex 148.006 6.34765 12.3
      vertex 148.108 7.2053 11.4
    endloop
  endfacet
  facet normal -0.0338584 0.725537 0.68735
    outer loop
      vertex 148.006 6.34765 12.3
      vertex 148 7.2 11.4
      vertex 148 6.34737 12.3
    endloop
  endfacet
  facet normal 0.58138 -0.435868 0.687035
    outer loop
      vertex 146.38 9.38939 12.3
      vertex 147.085 8.91113 11.4
      vertex 147.15 8.99783 11.4
    endloop
  endfacet
  facet normal 0.54843 -0.480026 0.684689
    outer loop
      vertex 147.085 8.91113 11.4
      vertex 146.38 9.38939 12.3
      vertex 146.376 9.38482 12.3
    endloop
  endfacet
  facet normal 0.725549 0.0336463 0.687347
    outer loop
      vertex 146.056 8.11428 12.3
      vertex 146.905 8.19218 11.4
      vertex 146.9 8.3 11.4
    endloop
  endfacet
  facet normal 0.716112 0.126298 0.686464
    outer loop
      vertex 146.905 8.19218 11.4
      vertex 146.056 8.11428 12.3
      vertex 146.057 8.10861 12.3
    endloop
  endfacet
  facet normal -0.0354953 -0.725508 0.687298
    outer loop
      vertex 148.186 10.2435 12.3
      vertex 148 10.2526 12.3
      vertex 148 9.4 11.4
    endloop
  endfacet
  facet normal 0.10661 -0.718545 0.68726
    outer loop
      vertex 147.892 9.3947 11.4
      vertex 147.809 10.2432 12.3
      vertex 147.625 10.2159 12.3
    endloop
  endfacet
  facet normal 0.48733 -0.538573 0.687349
    outer loop
      vertex 147.302 9.15031 11.4
      vertex 146.761 9.8094 12.3
      vertex 146.623 9.68453 12.3
    endloop
  endfacet
  facet normal -0.622342 -0.374599 0.687289
    outer loop
      vertex 149.722 9.22046 12.3
      vertex 149.626 9.37995 12.3
      vertex 148.97 8.81854 11.4
    endloop
  endfacet
  facet normal -0.677826 -0.278368 0.680487
    outer loop
      vertex 148.915 8.91113 11.4
      vertex 149.626 9.37995 12.3
      vertex 149.624 9.38482 12.3
    endloop
  endfacet
  facet normal -0.624805 -0.371144 0.686929
    outer loop
      vertex 149.626 9.37995 12.3
      vertex 148.915 8.91113 11.4
      vertex 148.97 8.81854 11.4
    endloop
  endfacet
  facet normal 0.153949 -0.710534 0.686616
    outer loop
      vertex 147.681 9.35263 11.4
      vertex 147.439 10.1699 12.3
      vertex 147.433 10.1686 12.3
    endloop
  endfacet
  facet normal 0.177632 -0.704299 0.687321
    outer loop
      vertex 147.439 10.1699 12.3
      vertex 147.681 9.35263 11.4
      vertex 147.785 9.37886 11.4
    endloop
  endfacet
  facet normal -0.539868 0.485908 0.68734
    outer loop
      vertex 149.385 6.92349 12.3
      vertex 149.509 7.06126 12.3
      vertex 148.85 7.60217 11.4
    endloop
  endfacet
  facet normal -0.314387 -0.654973 0.687147
    outer loop
      vertex 148.421 9.31627 11.4
      vertex 148.752 10.1016 12.3
      vertex 148.747 10.104 12.3
    endloop
  endfacet
  facet normal -0.309534 -0.657156 0.687266
    outer loop
      vertex 148.752 10.1016 12.3
      vertex 148.421 9.31627 11.4
      vertex 148.519 9.27011 11.4
    endloop
  endfacet
  facet normal 0.310762 0.656704 0.687145
    outer loop
      vertex 147.248 6.49843 12.3
      vertex 147.481 7.32989 11.4
      vertex 147.08 6.57793 12.3
    endloop
  endfacet
  facet normal 0.310757 -0.656694 0.687156
    outer loop
      vertex 147.481 9.27011 11.4
      vertex 147.248 10.1016 12.3
      vertex 147.08 10.0221 12.3
    endloop
  endfacet
  facet normal 0.714893 -0.127205 0.687566
    outer loop
      vertex 146.084 8.67532 12.3
      vertex 146.921 8.5146 11.4
      vertex 146.085 8.68094 12.3
    endloop
  endfacet
  facet normal 0.718358 -0.107639 0.687295
    outer loop
      vertex 146.921 8.5146 11.4
      vertex 146.084 8.67532 12.3
      vertex 146.905 8.40782 11.4
    endloop
  endfacet
  facet normal 0.711706 -0.129166 0.690501
    outer loop
      vertex 146.085 8.68094 12.3
      vertex 146.947 8.61931 11.4
      vertex 146.086 8.68645 12.3
    endloop
  endfacet
  facet normal 0.705021 -0.17506 0.687241
    outer loop
      vertex 146.947 8.61931 11.4
      vertex 146.085 8.68094 12.3
      vertex 146.921 8.5146 11.4
    endloop
  endfacet
  facet normal -0.310757 -0.656694 0.687156
    outer loop
      vertex 148.92 10.0221 12.3
      vertex 148.752 10.1016 12.3
      vertex 148.519 9.27011 11.4
    endloop
  endfacet
  facet normal 0.0338584 0.725537 0.68735
    outer loop
      vertex 148 7.2 11.4
      vertex 147.994 6.34765 12.3
      vertex 148 6.34737 12.3
    endloop
  endfacet
  facet normal 0.0356026 0.725487 0.687314
    outer loop
      vertex 147.994 6.34765 12.3
      vertex 148 7.2 11.4
      vertex 147.892 7.2053 11.4
    endloop
  endfacet
  facet normal 0.539868 0.485908 0.68734
    outer loop
      vertex 146.615 6.92349 12.3
      vertex 147.15 7.60217 11.4
      vertex 146.491 7.06126 12.3
    endloop
  endfacet
  facet normal -0.680092 -0.25424 0.687632
    outer loop
      vertex 149.016 8.72095 11.4
      vertex 149.806 9.04189 12.3
      vertex 149.804 9.04724 12.3
    endloop
  endfacet
  facet normal -0.68235 -0.248396 0.68753
    outer loop
      vertex 149.806 9.04189 12.3
      vertex 149.016 8.72095 11.4
      vertex 149.053 8.61931 11.4
    endloop
  endfacet
  facet normal -0.0356029 -0.725494 0.687307
    outer loop
      vertex 148.108 9.3947 11.4
      vertex 148.186 10.2435 12.3
      vertex 148 9.4 11.4
    endloop
  endfacet
  facet normal -0.0434955 -0.724924 0.687454
    outer loop
      vertex 148.186 10.2435 12.3
      vertex 148.108 9.3947 11.4
      vertex 148.191 10.2432 12.3
    endloop
  endfacet
  facet normal 0.0354953 -0.725508 0.687298
    outer loop
      vertex 148 9.4 11.4
      vertex 148 10.2526 12.3
      vertex 147.814 10.2435 12.3
    endloop
  endfacet
  facet normal 0.372733 -0.623625 0.68714
    outer loop
      vertex 147.481 9.27011 11.4
      vertex 147.08 10.0221 12.3
      vertex 146.92 9.92647 12.3
    endloop
  endfacet
  facet normal -0.433306 0.582905 0.687362
    outer loop
      vertex 149.085 6.67645 12.3
      vertex 149.234 6.78721 12.3
      vertex 148.611 7.38538 11.4
    endloop
  endfacet
  facet normal 0.622342 0.374599 0.687289
    outer loop
      vertex 146.374 7.22005 12.3
      vertex 147.03 7.78146 11.4
      vertex 146.278 7.37954 12.3
    endloop
  endfacet
  facet normal -0.372547 0.623509 0.687346
    outer loop
      vertex 148.925 6.58085 12.3
      vertex 149.085 6.67645 12.3
      vertex 148.611 7.38538 11.4
    endloop
  endfacet
  facet normal -0.408182 0.602038 0.686249
    outer loop
      vertex 148.698 7.44969 11.4
      vertex 149.234 6.78721 12.3
      vertex 149.239 6.7906 12.3
    endloop
  endfacet
  facet normal -0.431832 0.584192 0.687197
    outer loop
      vertex 149.234 6.78721 12.3
      vertex 148.698 7.44969 11.4
      vertex 148.611 7.38538 11.4
    endloop
  endfacet
  facet normal 0.487679 0.538203 0.687392
    outer loop
      vertex 147.222 7.52218 11.4
      vertex 146.623 6.91547 12.3
      vertex 147.302 7.44969 11.4
    endloop
  endfacet
  facet normal 0.500741 0.525713 0.687666
    outer loop
      vertex 146.623 6.91547 12.3
      vertex 147.222 7.52218 11.4
      vertex 146.619 6.91928 12.3
    endloop
  endfacet
  facet normal 0.106532 0.718543 0.687275
    outer loop
      vertex 147.809 6.35677 12.3
      vertex 147.892 7.2053 11.4
      vertex 147.625 6.38405 12.3
    endloop
  endfacet
  facet normal 0.582994 0.433293 0.687295
    outer loop
      vertex 146.491 7.06126 12.3
      vertex 147.15 7.60217 11.4
      vertex 146.38 7.21061 12.3
    endloop
  endfacet
  facet normal 0.58138 0.435868 0.687035
    outer loop
      vertex 147.085 7.68887 11.4
      vertex 146.38 7.21061 12.3
      vertex 147.15 7.60217 11.4
    endloop
  endfacet
  facet normal 0.54843 0.480026 0.684689
    outer loop
      vertex 146.38 7.21061 12.3
      vertex 147.085 7.68887 11.4
      vertex 146.376 7.21518 12.3
    endloop
  endfacet
  facet normal -0.54843 0.480026 0.684689
    outer loop
      vertex 148.915 7.68887 11.4
      vertex 149.62 7.21061 12.3
      vertex 149.624 7.21518 12.3
    endloop
  endfacet
  facet normal -0.58138 0.435868 0.687035
    outer loop
      vertex 149.62 7.21061 12.3
      vertex 148.915 7.68887 11.4
      vertex 148.85 7.60217 11.4
    endloop
  endfacet
  facet normal 0.175906 0.704713 0.687341
    outer loop
      vertex 147.614 6.38627 12.3
      vertex 147.681 7.24736 11.4
      vertex 147.433 6.43145 12.3
    endloop
  endfacet
  facet normal 0.375259 0.622164 0.68709
    outer loop
      vertex 147.075 6.58085 12.3
      vertex 147.481 7.32989 11.4
      vertex 147.389 7.38538 11.4
    endloop
  endfacet
  facet normal 0.366315 0.627252 0.68729
    outer loop
      vertex 147.481 7.32989 11.4
      vertex 147.075 6.58085 12.3
      vertex 147.08 6.57793 12.3
    endloop
  endfacet
  facet normal -0.676522 -0.263238 0.687768
    outer loop
      vertex 149.802 9.05238 12.3
      vertex 149.016 8.72095 11.4
      vertex 149.804 9.04724 12.3
    endloop
  endfacet
  facet normal -0.656786 -0.309582 0.687598
    outer loop
      vertex 149.016 8.72095 11.4
      vertex 149.802 9.05238 12.3
      vertex 148.97 8.81854 11.4
    endloop
  endfacet
  facet normal -0.53985 0.485926 0.687342
    outer loop
      vertex 148.778 7.52218 11.4
      vertex 149.385 6.92349 12.3
      vertex 148.85 7.60217 11.4
    endloop
  endfacet
  facet normal -0.526345 0.50009 0.687656
    outer loop
      vertex 149.385 6.92349 12.3
      vertex 148.778 7.52218 11.4
      vertex 149.381 6.91928 12.3
    endloop
  endfacet
  facet normal -0.704748 -0.175826 0.687325
    outer loop
      vertex 149.914 8.68645 12.3
      vertex 149.869 8.86682 12.3
      vertex 149.053 8.61931 11.4
    endloop
  endfacet
  facet normal 0.655815 0.312144 0.687367
    outer loop
      vertex 146.278 7.37954 12.3
      vertex 147.03 7.78146 11.4
      vertex 146.198 7.54762 12.3
    endloop
  endfacet
  facet normal -0.193651 0.701635 0.685717
    outer loop
      vertex 148.319 7.24736 11.4
      vertex 148.381 6.38489 12.3
      vertex 148.386 6.38627 12.3
    endloop
  endfacet
  facet normal -0.177586 0.704384 0.687245
    outer loop
      vertex 148.381 6.38489 12.3
      vertex 148.319 7.24736 11.4
      vertex 148.215 7.22114 11.4
    endloop
  endfacet
  facet normal -0.177632 -0.704299 0.687321
    outer loop
      vertex 148.319 9.35263 11.4
      vertex 148.561 10.1699 12.3
      vertex 148.215 9.37886 11.4
    endloop
  endfacet
  facet normal -0.153949 -0.710534 0.686616
    outer loop
      vertex 148.561 10.1699 12.3
      vertex 148.319 9.35263 11.4
      vertex 148.567 10.1686 12.3
    endloop
  endfacet
  facet normal 0.309538 0.657166 0.687255
    outer loop
      vertex 147.248 6.49843 12.3
      vertex 147.579 7.28373 11.4
      vertex 147.481 7.32989 11.4
    endloop
  endfacet
  facet normal 0.317612 0.653522 0.687045
    outer loop
      vertex 147.579 7.28373 11.4
      vertex 147.248 6.49843 12.3
      vertex 147.253 6.496 12.3
    endloop
  endfacet
  facet normal 0.177586 0.704384 0.687245
    outer loop
      vertex 147.681 7.24736 11.4
      vertex 147.619 6.38489 12.3
      vertex 147.785 7.22114 11.4
    endloop
  endfacet
  facet normal 0.193651 0.701635 0.685717
    outer loop
      vertex 147.619 6.38489 12.3
      vertex 147.681 7.24736 11.4
      vertex 147.614 6.38627 12.3
    endloop
  endfacet
  facet normal -0.366385 -0.627372 0.687144
    outer loop
      vertex 149.08 9.92647 12.3
      vertex 148.611 9.21462 11.4
      vertex 149.085 9.92355 12.3
    endloop
  endfacet
  facet normal -0.375115 -0.621925 0.687385
    outer loop
      vertex 148.611 9.21462 11.4
      vertex 149.08 9.92647 12.3
      vertex 148.519 9.27011 11.4
    endloop
  endfacet
  facet normal -0.469905 -0.5561 0.685523
    outer loop
      vertex 148.611 9.21462 11.4
      vertex 149.089 9.92017 12.3
      vertex 149.085 9.92355 12.3
    endloop
  endfacet
  facet normal -0.431794 -0.584141 0.687265
    outer loop
      vertex 149.089 9.92017 12.3
      vertex 148.611 9.21462 11.4
      vertex 148.698 9.15031 11.4
    endloop
  endfacet
  facet normal 0.176918 -0.70454 0.687258
    outer loop
      vertex 147.785 9.37886 11.4
      vertex 147.619 10.2151 12.3
      vertex 147.439 10.1699 12.3
    endloop
  endfacet
  facet normal 0.314387 -0.654973 0.687147
    outer loop
      vertex 147.248 10.1016 12.3
      vertex 147.579 9.31627 11.4
      vertex 147.253 10.104 12.3
    endloop
  endfacet
  facet normal 0.309534 -0.657156 0.687266
    outer loop
      vertex 147.579 9.31627 11.4
      vertex 147.248 10.1016 12.3
      vertex 147.481 9.27011 11.4
    endloop
  endfacet
  facet normal 0.0960398 -0.720299 0.686983
    outer loop
      vertex 147.785 9.37886 11.4
      vertex 147.625 10.2159 12.3
      vertex 147.619 10.2151 12.3
    endloop
  endfacet
  facet normal 0.106379 -0.718599 0.687241
    outer loop
      vertex 147.625 10.2159 12.3
      vertex 147.785 9.37886 11.4
      vertex 147.892 9.3947 11.4
    endloop
  endfacet
  facet normal -0.176918 -0.70454 0.687258
    outer loop
      vertex 148.561 10.1699 12.3
      vertex 148.381 10.2151 12.3
      vertex 148.215 9.37886 11.4
    endloop
  endfacet
  facet normal -0.106379 -0.718599 0.687241
    outer loop
      vertex 148.215 9.37886 11.4
      vertex 148.375 10.2159 12.3
      vertex 148.108 9.3947 11.4
    endloop
  endfacet
  facet normal -0.0960398 -0.720299 0.686983
    outer loop
      vertex 148.375 10.2159 12.3
      vertex 148.215 9.37886 11.4
      vertex 148.381 10.2151 12.3
    endloop
  endfacet
  facet normal 0.68346 0.245947 0.687308
    outer loop
      vertex 146.194 7.55811 12.3
      vertex 146.947 7.98069 11.4
      vertex 146.131 7.73318 12.3
    endloop
  endfacet
  facet normal 0.705021 0.17506 0.687241
    outer loop
      vertex 146.085 7.91906 12.3
      vertex 146.947 7.98069 11.4
      vertex 146.921 8.0854 11.4
    endloop
  endfacet
  facet normal 0.711706 0.129166 0.690501
    outer loop
      vertex 146.947 7.98069 11.4
      vertex 146.085 7.91906 12.3
      vertex 146.086 7.91355 12.3
    endloop
  endfacet
  facet normal -0.711706 -0.129166 0.690501
    outer loop
      vertex 149.053 8.61931 11.4
      vertex 149.915 8.68094 12.3
      vertex 149.914 8.68645 12.3
    endloop
  endfacet
  facet normal -0.705021 -0.17506 0.687241
    outer loop
      vertex 149.915 8.68094 12.3
      vertex 149.053 8.61931 11.4
      vertex 149.079 8.5146 11.4
    endloop
  endfacet
  facet normal -0.714893 -0.127205 0.687566
    outer loop
      vertex 149.079 8.5146 11.4
      vertex 149.916 8.67532 12.3
      vertex 149.915 8.68094 12.3
    endloop
  endfacet
  facet normal -0.718358 -0.107639 0.687295
    outer loop
      vertex 149.916 8.67532 12.3
      vertex 149.079 8.5146 11.4
      vertex 149.095 8.40782 11.4
    endloop
  endfacet
  facet normal 0.656786 0.309582 0.687598
    outer loop
      vertex 146.984 7.87905 11.4
      vertex 146.198 7.54762 12.3
      vertex 147.03 7.78146 11.4
    endloop
  endfacet
  facet normal 0.676522 0.263238 0.687768
    outer loop
      vertex 146.198 7.54762 12.3
      vertex 146.984 7.87905 11.4
      vertex 146.196 7.55276 12.3
    endloop
  endfacet
  facet normal 0.375115 -0.621925 0.687385
    outer loop
      vertex 146.92 9.92647 12.3
      vertex 147.389 9.21462 11.4
      vertex 147.481 9.27011 11.4
    endloop
  endfacet
  facet normal 0.366385 -0.627372 0.687144
    outer loop
      vertex 147.389 9.21462 11.4
      vertex 146.92 9.92647 12.3
      vertex 146.915 9.92355 12.3
    endloop
  endfacet
  facet normal -0.72569 -0.0336528 0.687198
    outer loop
      vertex 177.1 8.3 11.4
      vertex 177.952 8.30567 12.3
      vertex 177.095 8.40782 11.4
    endloop
  endfacet
  facet normal -0.71993 -0.126972 0.682334
    outer loop
      vertex 177.952 8.30567 12.3
      vertex 177.1 8.3 11.4
      vertex 177.953 8.3 12.3
    endloop
  endfacet
  facet normal -0.10661 -0.718545 0.68726
    outer loop
      vertex 176.375 10.2159 12.3
      vertex 176.191 10.2432 12.3
      vertex 176.108 9.3947 11.4
    endloop
  endfacet
  facet normal -0.48733 -0.538573 0.687349
    outer loop
      vertex 177.377 9.68453 12.3
      vertex 177.239 9.8094 12.3
      vertex 176.698 9.15031 11.4
    endloop
  endfacet
  facet normal 0.704748 0.175826 0.687325
    outer loop
      vertex 174.131 7.73318 12.3
      vertex 174.947 7.98069 11.4
      vertex 174.086 7.91355 12.3
    endloop
  endfacet
  facet normal -0.68346 -0.245947 0.687308
    outer loop
      vertex 177.869 8.86682 12.3
      vertex 177.806 9.04189 12.3
      vertex 177.053 8.61931 11.4
    endloop
  endfacet
  facet normal -0.259118 0.67832 0.687561
    outer loop
      vertex 176.421 7.28373 11.4
      vertex 176.742 6.49409 12.3
      vertex 176.747 6.496 12.3
    endloop
  endfacet
  facet normal -0.243958 0.684182 0.687298
    outer loop
      vertex 176.742 6.49409 12.3
      vertex 176.421 7.28373 11.4
      vertex 176.319 7.24736 11.4
    endloop
  endfacet
  facet normal -0.655815 -0.312144 0.687367
    outer loop
      vertex 177.802 9.05238 12.3
      vertex 177.722 9.22046 12.3
      vertex 176.97 8.81854 11.4
    endloop
  endfacet
  facet normal 0.718847 -0.105523 0.687112
    outer loop
      vertex 174.905 8.40782 11.4
      vertex 174.084 8.67532 12.3
      vertex 174.057 8.49139 12.3
    endloop
  endfacet
  facet normal -0.244664 -0.683963 0.687265
    outer loop
      vertex 176.747 10.104 12.3
      vertex 176.572 10.1666 12.3
      vertex 176.421 9.31627 11.4
    endloop
  endfacet
  facet normal -0.270049 -0.675122 0.686501
    outer loop
      vertex 176.319 9.35263 11.4
      vertex 176.572 10.1666 12.3
      vertex 176.567 10.1686 12.3
    endloop
  endfacet
  facet normal -0.243887 -0.684173 0.687333
    outer loop
      vertex 176.572 10.1666 12.3
      vertex 176.319 9.35263 11.4
      vertex 176.421 9.31627 11.4
    endloop
  endfacet
  facet normal -0.310762 0.656704 0.687145
    outer loop
      vertex 176.752 6.49843 12.3
      vertex 176.92 6.57793 12.3
      vertex 176.519 7.32989 11.4
    endloop
  endfacet
  facet normal 0.431503 -0.584323 0.687294
    outer loop
      vertex 175.302 9.15031 11.4
      vertex 174.911 9.92017 12.3
      vertex 174.761 9.8094 12.3
    endloop
  endfacet
  facet normal -0.705021 0.17506 0.687241
    outer loop
      vertex 177.053 7.98069 11.4
      vertex 177.915 7.91906 12.3
      vertex 177.079 8.0854 11.4
    endloop
  endfacet
  facet normal -0.711706 0.129166 0.690501
    outer loop
      vertex 177.915 7.91906 12.3
      vertex 177.053 7.98069 11.4
      vertex 177.914 7.91355 12.3
    endloop
  endfacet
  facet normal 0.487679 -0.538203 0.687392
    outer loop
      vertex 174.623 9.68453 12.3
      vertex 175.222 9.07782 11.4
      vertex 175.302 9.15031 11.4
    endloop
  endfacet
  facet normal 0.500741 -0.525713 0.687666
    outer loop
      vertex 175.222 9.07782 11.4
      vertex 174.623 9.68453 12.3
      vertex 174.619 9.68072 12.3
    endloop
  endfacet
  facet normal -0.0357648 0.725492 0.6873
    outer loop
      vertex 176.191 6.35677 12.3
      vertex 176.108 7.2053 11.4
      vertex 176.006 6.34765 12.3
    endloop
  endfacet
  facet normal 0.622342 -0.374599 0.687289
    outer loop
      vertex 175.03 8.81854 11.4
      vertex 174.374 9.37995 12.3
      vertex 174.278 9.22046 12.3
    endloop
  endfacet
  facet normal 0.244664 -0.683963 0.687265
    outer loop
      vertex 175.579 9.31627 11.4
      vertex 175.428 10.1666 12.3
      vertex 175.253 10.104 12.3
    endloop
  endfacet
  facet normal -0.500741 0.525713 0.687666
    outer loop
      vertex 176.778 7.52218 11.4
      vertex 177.377 6.91547 12.3
      vertex 177.381 6.91928 12.3
    endloop
  endfacet
  facet normal -0.487679 0.538203 0.687392
    outer loop
      vertex 177.377 6.91547 12.3
      vertex 176.778 7.52218 11.4
      vertex 176.698 7.44969 11.4
    endloop
  endfacet
  facet normal -0.526345 -0.50009 0.687656
    outer loop
      vertex 176.778 9.07782 11.4
      vertex 177.385 9.67651 12.3
      vertex 177.381 9.68072 12.3
    endloop
  endfacet
  facet normal -0.53985 -0.485926 0.687342
    outer loop
      vertex 177.385 9.67651 12.3
      vertex 176.778 9.07782 11.4
      vertex 176.85 8.99783 11.4
    endloop
  endfacet
  facet normal -0.622342 0.374599 0.687289
    outer loop
      vertex 177.626 7.22005 12.3
      vertex 177.722 7.37954 12.3
      vertex 176.97 7.78146 11.4
    endloop
  endfacet
  facet normal 0.372547 0.623509 0.687346
    outer loop
      vertex 175.075 6.58085 12.3
      vertex 175.389 7.38538 11.4
      vertex 174.915 6.67645 12.3
    endloop
  endfacet
  facet normal 0.0357648 0.725492 0.6873
    outer loop
      vertex 175.994 6.34765 12.3
      vertex 175.892 7.2053 11.4
      vertex 175.809 6.35677 12.3
    endloop
  endfacet
  facet normal -0.431503 -0.584323 0.687294
    outer loop
      vertex 177.239 9.8094 12.3
      vertex 177.089 9.92017 12.3
      vertex 176.698 9.15031 11.4
    endloop
  endfacet
  facet normal -0.655815 0.312144 0.687367
    outer loop
      vertex 177.722 7.37954 12.3
      vertex 177.802 7.54762 12.3
      vertex 176.97 7.78146 11.4
    endloop
  endfacet
  facet normal 0.718847 0.105523 0.687112
    outer loop
      vertex 174.084 7.92468 12.3
      vertex 174.905 8.19218 11.4
      vertex 174.057 8.10861 12.3
    endloop
  endfacet
  facet normal -0.309538 0.657166 0.687255
    outer loop
      vertex 176.421 7.28373 11.4
      vertex 176.752 6.49843 12.3
      vertex 176.519 7.32989 11.4
    endloop
  endfacet
  facet normal -0.317612 0.653522 0.687045
    outer loop
      vertex 176.752 6.49843 12.3
      vertex 176.421 7.28373 11.4
      vertex 176.747 6.496 12.3
    endloop
  endfacet
  facet normal -0.718847 -0.105523 0.687112
    outer loop
      vertex 177.943 8.49139 12.3
      vertex 177.916 8.67532 12.3
      vertex 177.095 8.40782 11.4
    endloop
  endfacet
  facet normal -0.100732 0.719517 0.687131
    outer loop
      vertex 176.215 7.22114 11.4
      vertex 176.375 6.38405 12.3
      vertex 176.381 6.38489 12.3
    endloop
  endfacet
  facet normal -0.106377 0.718579 0.687262
    outer loop
      vertex 176.375 6.38405 12.3
      vertex 176.215 7.22114 11.4
      vertex 176.108 7.2053 11.4
    endloop
  endfacet
  facet normal 0.716112 -0.126298 0.686464
    outer loop
      vertex 174.056 8.48572 12.3
      vertex 174.905 8.40782 11.4
      vertex 174.057 8.49139 12.3
    endloop
  endfacet
  facet normal 0.725549 -0.0336463 0.687347
    outer loop
      vertex 174.905 8.40782 11.4
      vertex 174.056 8.48572 12.3
      vertex 174.9 8.3 11.4
    endloop
  endfacet
  facet normal -0.106532 0.718543 0.687275
    outer loop
      vertex 176.191 6.35677 12.3
      vertex 176.375 6.38405 12.3
      vertex 176.108 7.2053 11.4
    endloop
  endfacet
  facet normal 0.526345 -0.50009 0.687656
    outer loop
      vertex 174.615 9.67651 12.3
      vertex 175.222 9.07782 11.4
      vertex 174.619 9.68072 12.3
    endloop
  endfacet
  facet normal 0.53985 -0.485926 0.687342
    outer loop
      vertex 175.222 9.07782 11.4
      vertex 174.615 9.67651 12.3
      vertex 175.15 8.99783 11.4
    endloop
  endfacet
  facet normal -0.582994 0.433293 0.687295
    outer loop
      vertex 177.509 7.06126 12.3
      vertex 177.62 7.21061 12.3
      vertex 176.85 7.60217 11.4
    endloop
  endfacet
  facet normal -0.48733 0.538573 0.687349
    outer loop
      vertex 177.239 6.7906 12.3
      vertex 177.377 6.91547 12.3
      vertex 176.698 7.44969 11.4
    endloop
  endfacet
  facet normal -0.676522 0.263238 0.687768
    outer loop
      vertex 177.016 7.87905 11.4
      vertex 177.802 7.54762 12.3
      vertex 177.804 7.55276 12.3
    endloop
  endfacet
  facet normal -0.656786 0.309582 0.687598
    outer loop
      vertex 177.802 7.54762 12.3
      vertex 177.016 7.87905 11.4
      vertex 176.97 7.78146 11.4
    endloop
  endfacet
  facet normal 0.655815 -0.312144 0.687367
    outer loop
      vertex 175.03 8.81854 11.4
      vertex 174.278 9.22046 12.3
      vertex 174.198 9.05238 12.3
    endloop
  endfacet
  facet normal 0.106377 0.718579 0.687262
    outer loop
      vertex 175.785 7.22114 11.4
      vertex 175.625 6.38405 12.3
      vertex 175.892 7.2053 11.4
    endloop
  endfacet
  facet normal 0.100732 0.719517 0.687131
    outer loop
      vertex 175.625 6.38405 12.3
      vertex 175.785 7.22114 11.4
      vertex 175.619 6.38489 12.3
    endloop
  endfacet
  facet normal -0.582994 -0.433293 0.687295
    outer loop
      vertex 177.62 9.38939 12.3
      vertex 177.509 9.53874 12.3
      vertex 176.85 8.99783 11.4
    endloop
  endfacet
  facet normal -0.175906 0.704713 0.687341
    outer loop
      vertex 176.386 6.38627 12.3
      vertex 176.567 6.43145 12.3
      vertex 176.319 7.24736 11.4
    endloop
  endfacet
  facet normal 0.433306 0.582905 0.687362
    outer loop
      vertex 174.915 6.67645 12.3
      vertex 175.389 7.38538 11.4
      vertex 174.766 6.78721 12.3
    endloop
  endfacet
  facet normal -0.244768 0.683818 0.687373
    outer loop
      vertex 176.567 6.43145 12.3
      vertex 176.742 6.49409 12.3
      vertex 176.319 7.24736 11.4
    endloop
  endfacet
  facet normal -0.704748 0.175826 0.687325
    outer loop
      vertex 177.869 7.73318 12.3
      vertex 177.914 7.91355 12.3
      vertex 177.053 7.98069 11.4
    endloop
  endfacet
  facet normal 0.0434955 -0.724924 0.687454
    outer loop
      vertex 175.892 9.3947 11.4
      vertex 175.814 10.2435 12.3
      vertex 175.809 10.2432 12.3
    endloop
  endfacet
  facet normal 0.0356029 -0.725494 0.687307
    outer loop
      vertex 175.814 10.2435 12.3
      vertex 175.892 9.3947 11.4
      vertex 176 9.4 11.4
    endloop
  endfacet
  facet normal 0.270049 -0.675122 0.686501
    outer loop
      vertex 175.428 10.1666 12.3
      vertex 175.681 9.35263 11.4
      vertex 175.433 10.1686 12.3
    endloop
  endfacet
  facet normal 0.243887 -0.684173 0.687333
    outer loop
      vertex 175.681 9.35263 11.4
      vertex 175.428 10.1666 12.3
      vertex 175.579 9.31627 11.4
    endloop
  endfacet
  facet normal 0.48733 0.538573 0.687349
    outer loop
      vertex 174.761 6.7906 12.3
      vertex 175.302 7.44969 11.4
      vertex 174.623 6.91547 12.3
    endloop
  endfacet
  facet normal -0.725738 -0.0351693 0.687072
    outer loop
      vertex 177.952 8.30567 12.3
      vertex 177.943 8.49139 12.3
      vertex 177.095 8.40782 11.4
    endloop
  endfacet
  facet normal -0.71995 0.126752 0.682353
    outer loop
      vertex 177.1 8.3 11.4
      vertex 177.952 8.29432 12.3
      vertex 177.953 8.3 12.3
    endloop
  endfacet
  facet normal -0.72569 0.0336528 0.687199
    outer loop
      vertex 177.952 8.29432 12.3
      vertex 177.1 8.3 11.4
      vertex 177.095 8.19218 11.4
    endloop
  endfacet
  facet normal -0.718847 0.105523 0.687112
    outer loop
      vertex 177.916 7.92468 12.3
      vertex 177.943 8.10861 12.3
      vertex 177.095 8.19218 11.4
    endloop
  endfacet
  facet normal 0.680092 -0.25424 0.687632
    outer loop
      vertex 174.194 9.04189 12.3
      vertex 174.984 8.72095 11.4
      vertex 174.196 9.04724 12.3
    endloop
  endfacet
  facet normal 0.68235 -0.248396 0.68753
    outer loop
      vertex 174.984 8.72095 11.4
      vertex 174.194 9.04189 12.3
      vertex 174.947 8.61931 11.4
    endloop
  endfacet
  facet normal 0.582994 -0.433293 0.687295
    outer loop
      vertex 175.15 8.99783 11.4
      vertex 174.491 9.53874 12.3
      vertex 174.38 9.38939 12.3
    endloop
  endfacet
  facet normal 0.725356 0.0351508 0.687476
    outer loop
      vertex 174.056 8.11428 12.3
      vertex 174.9 8.3 11.4
      vertex 174.047 8.3 12.3
    endloop
  endfacet
  facet normal 0.725356 -0.0351508 0.687476
    outer loop
      vertex 174.9 8.3 11.4
      vertex 174.056 8.48572 12.3
      vertex 174.047 8.3 12.3
    endloop
  endfacet
  facet normal -0.372733 -0.623625 0.68714
    outer loop
      vertex 177.08 9.92647 12.3
      vertex 176.92 10.0221 12.3
      vertex 176.519 9.27011 11.4
    endloop
  endfacet
  facet normal 0.704748 -0.175826 0.687325
    outer loop
      vertex 174.947 8.61931 11.4
      vertex 174.131 8.86682 12.3
      vertex 174.086 8.68645 12.3
    endloop
  endfacet
  facet normal 0.68346 -0.245947 0.687308
    outer loop
      vertex 174.947 8.61931 11.4
      vertex 174.194 9.04189 12.3
      vertex 174.131 8.86682 12.3
    endloop
  endfacet
  facet normal 0.244768 0.683818 0.687373
    outer loop
      vertex 175.433 6.43145 12.3
      vertex 175.681 7.24736 11.4
      vertex 175.258 6.49409 12.3
    endloop
  endfacet
  facet normal 0.431832 0.584192 0.687197
    outer loop
      vertex 175.302 7.44969 11.4
      vertex 174.766 6.78721 12.3
      vertex 175.389 7.38538 11.4
    endloop
  endfacet
  facet normal 0.408182 0.602038 0.686249
    outer loop
      vertex 174.766 6.78721 12.3
      vertex 175.302 7.44969 11.4
      vertex 174.761 6.7906 12.3
    endloop
  endfacet
  facet normal 0.656786 -0.309582 0.687598
    outer loop
      vertex 174.198 9.05238 12.3
      vertex 174.984 8.72095 11.4
      vertex 175.03 8.81854 11.4
    endloop
  endfacet
  facet normal 0.676522 -0.263238 0.687768
    outer loop
      vertex 174.984 8.72095 11.4
      vertex 174.198 9.05238 12.3
      vertex 174.196 9.04724 12.3
    endloop
  endfacet
  facet normal 0.53985 0.485926 0.687342
    outer loop
      vertex 174.615 6.92349 12.3
      vertex 175.222 7.52218 11.4
      vertex 175.15 7.60217 11.4
    endloop
  endfacet
  facet normal 0.526345 0.50009 0.687656
    outer loop
      vertex 175.222 7.52218 11.4
      vertex 174.615 6.92349 12.3
      vertex 174.619 6.91928 12.3
    endloop
  endfacet
  facet normal -0.68235 0.248396 0.68753
    outer loop
      vertex 177.016 7.87905 11.4
      vertex 177.806 7.55811 12.3
      vertex 177.053 7.98069 11.4
    endloop
  endfacet
  facet normal -0.680092 0.25424 0.687632
    outer loop
      vertex 177.806 7.55811 12.3
      vertex 177.016 7.87905 11.4
      vertex 177.804 7.55276 12.3
    endloop
  endfacet
  facet normal 0.539868 -0.485908 0.68734
    outer loop
      vertex 175.15 8.99783 11.4
      vertex 174.615 9.67651 12.3
      vertex 174.491 9.53874 12.3
    endloop
  endfacet
  facet normal -0.539868 -0.485908 0.68734
    outer loop
      vertex 177.509 9.53874 12.3
      vertex 177.385 9.67651 12.3
      vertex 176.85 8.99783 11.4
    endloop
  endfacet
  facet normal 0.243958 0.684182 0.687298
    outer loop
      vertex 175.579 7.28373 11.4
      vertex 175.258 6.49409 12.3
      vertex 175.681 7.24736 11.4
    endloop
  endfacet
  facet normal 0.259118 0.67832 0.687561
    outer loop
      vertex 175.258 6.49409 12.3
      vertex 175.579 7.28373 11.4
      vertex 175.253 6.496 12.3
    endloop
  endfacet
  facet normal -0.500741 -0.525713 0.687666
    outer loop
      vertex 177.377 9.68453 12.3
      vertex 176.778 9.07782 11.4
      vertex 177.381 9.68072 12.3
    endloop
  endfacet
  facet normal -0.487679 -0.538203 0.687392
    outer loop
      vertex 176.778 9.07782 11.4
      vertex 177.377 9.68453 12.3
      vertex 176.698 9.15031 11.4
    endloop
  endfacet
  facet normal 0.718358 0.107639 0.687295
    outer loop
      vertex 174.084 7.92468 12.3
      vertex 174.921 8.0854 11.4
      vertex 174.905 8.19218 11.4
    endloop
  endfacet
  facet normal 0.714893 0.127205 0.687566
    outer loop
      vertex 174.921 8.0854 11.4
      vertex 174.084 7.92468 12.3
      vertex 174.085 7.91906 12.3
    endloop
  endfacet
  facet normal -0.375259 0.622164 0.68709
    outer loop
      vertex 176.519 7.32989 11.4
      vertex 176.925 6.58085 12.3
      vertex 176.611 7.38538 11.4
    endloop
  endfacet
  facet normal -0.366315 0.627252 0.68729
    outer loop
      vertex 176.925 6.58085 12.3
      vertex 176.519 7.32989 11.4
      vertex 176.92 6.57793 12.3
    endloop
  endfacet
  facet normal 0.624805 0.371144 0.686929
    outer loop
      vertex 174.374 7.22005 12.3
      vertex 175.085 7.68887 11.4
      vertex 175.03 7.78146 11.4
    endloop
  endfacet
  facet normal 0.677826 0.278368 0.680487
    outer loop
      vertex 175.085 7.68887 11.4
      vertex 174.374 7.22005 12.3
      vertex 174.376 7.21518 12.3
    endloop
  endfacet
  facet normal 0.677826 -0.278368 0.680487
    outer loop
      vertex 174.374 9.37995 12.3
      vertex 175.085 8.91113 11.4
      vertex 174.376 9.38482 12.3
    endloop
  endfacet
  facet normal 0.624805 -0.371144 0.686929
    outer loop
      vertex 175.085 8.91113 11.4
      vertex 174.374 9.37995 12.3
      vertex 175.03 8.81854 11.4
    endloop
  endfacet
  facet normal -0.54843 -0.480026 0.684689
    outer loop
      vertex 177.62 9.38939 12.3
      vertex 176.915 8.91113 11.4
      vertex 177.624 9.38482 12.3
    endloop
  endfacet
  facet normal -0.58138 -0.435868 0.687035
    outer loop
      vertex 176.915 8.91113 11.4
      vertex 177.62 9.38939 12.3
      vertex 176.85 8.99783 11.4
    endloop
  endfacet
  facet normal 0.68235 0.248396 0.68753
    outer loop
      vertex 174.194 7.55811 12.3
      vertex 174.984 7.87905 11.4
      vertex 174.947 7.98069 11.4
    endloop
  endfacet
  facet normal 0.680092 0.25424 0.687632
    outer loop
      vertex 174.984 7.87905 11.4
      vertex 174.194 7.55811 12.3
      vertex 174.196 7.55276 12.3
    endloop
  endfacet
  facet normal -0.725738 0.0351712 0.687072
    outer loop
      vertex 177.943 8.10861 12.3
      vertex 177.952 8.29432 12.3
      vertex 177.095 8.19218 11.4
    endloop
  endfacet
  facet normal -0.718358 0.107639 0.687295
    outer loop
      vertex 177.079 8.0854 11.4
      vertex 177.916 7.92468 12.3
      vertex 177.095 8.19218 11.4
    endloop
  endfacet
  facet normal -0.714893 0.127205 0.687566
    outer loop
      vertex 177.916 7.92468 12.3
      vertex 177.079 8.0854 11.4
      vertex 177.915 7.91906 12.3
    endloop
  endfacet
  facet normal -0.68346 0.245947 0.687308
    outer loop
      vertex 177.806 7.55811 12.3
      vertex 177.869 7.73318 12.3
      vertex 177.053 7.98069 11.4
    endloop
  endfacet
  facet normal -0.624805 0.371144 0.686929
    outer loop
      vertex 176.915 7.68887 11.4
      vertex 177.626 7.22005 12.3
      vertex 176.97 7.78146 11.4
    endloop
  endfacet
  facet normal -0.677826 0.278368 0.680487
    outer loop
      vertex 177.626 7.22005 12.3
      vertex 176.915 7.68887 11.4
      vertex 177.624 7.21518 12.3
    endloop
  endfacet
  facet normal 0.469905 -0.5561 0.685523
    outer loop
      vertex 174.911 9.92017 12.3
      vertex 175.389 9.21462 11.4
      vertex 174.915 9.92355 12.3
    endloop
  endfacet
  facet normal 0.431794 -0.584141 0.687265
    outer loop
      vertex 175.389 9.21462 11.4
      vertex 174.911 9.92017 12.3
      vertex 175.302 9.15031 11.4
    endloop
  endfacet
  facet normal -0.0356026 0.725487 0.687314
    outer loop
      vertex 176 7.2 11.4
      vertex 176.006 6.34765 12.3
      vertex 176.108 7.2053 11.4
    endloop
  endfacet
  facet normal -0.0338584 0.725537 0.68735
    outer loop
      vertex 176.006 6.34765 12.3
      vertex 176 7.2 11.4
      vertex 176 6.34737 12.3
    endloop
  endfacet
  facet normal 0.58138 -0.435868 0.687035
    outer loop
      vertex 174.38 9.38939 12.3
      vertex 175.085 8.91113 11.4
      vertex 175.15 8.99783 11.4
    endloop
  endfacet
  facet normal 0.54843 -0.480026 0.684689
    outer loop
      vertex 175.085 8.91113 11.4
      vertex 174.38 9.38939 12.3
      vertex 174.376 9.38482 12.3
    endloop
  endfacet
  facet normal 0.725549 0.0336463 0.687347
    outer loop
      vertex 174.056 8.11428 12.3
      vertex 174.905 8.19218 11.4
      vertex 174.9 8.3 11.4
    endloop
  endfacet
  facet normal 0.716112 0.126298 0.686464
    outer loop
      vertex 174.905 8.19218 11.4
      vertex 174.056 8.11428 12.3
      vertex 174.057 8.10861 12.3
    endloop
  endfacet
  facet normal -0.0354953 -0.725508 0.687298
    outer loop
      vertex 176.186 10.2435 12.3
      vertex 176 10.2526 12.3
      vertex 176 9.4 11.4
    endloop
  endfacet
  facet normal 0.10661 -0.718545 0.68726
    outer loop
      vertex 175.892 9.3947 11.4
      vertex 175.809 10.2432 12.3
      vertex 175.625 10.2159 12.3
    endloop
  endfacet
  facet normal 0.48733 -0.538573 0.687349
    outer loop
      vertex 175.302 9.15031 11.4
      vertex 174.761 9.8094 12.3
      vertex 174.623 9.68453 12.3
    endloop
  endfacet
  facet normal -0.622342 -0.374599 0.687289
    outer loop
      vertex 177.722 9.22046 12.3
      vertex 177.626 9.37995 12.3
      vertex 176.97 8.81854 11.4
    endloop
  endfacet
  facet normal -0.677826 -0.278368 0.680487
    outer loop
      vertex 176.915 8.91113 11.4
      vertex 177.626 9.37995 12.3
      vertex 177.624 9.38482 12.3
    endloop
  endfacet
  facet normal -0.624805 -0.371144 0.686929
    outer loop
      vertex 177.626 9.37995 12.3
      vertex 176.915 8.91113 11.4
      vertex 176.97 8.81854 11.4
    endloop
  endfacet
  facet normal 0.153949 -0.710534 0.686616
    outer loop
      vertex 175.681 9.35263 11.4
      vertex 175.439 10.1699 12.3
      vertex 175.433 10.1686 12.3
    endloop
  endfacet
  facet normal 0.177632 -0.704299 0.687321
    outer loop
      vertex 175.439 10.1699 12.3
      vertex 175.681 9.35263 11.4
      vertex 175.785 9.37886 11.4
    endloop
  endfacet
  facet normal -0.539868 0.485908 0.68734
    outer loop
      vertex 177.385 6.92349 12.3
      vertex 177.509 7.06126 12.3
      vertex 176.85 7.60217 11.4
    endloop
  endfacet
  facet normal -0.314387 -0.654973 0.687147
    outer loop
      vertex 176.421 9.31627 11.4
      vertex 176.752 10.1016 12.3
      vertex 176.747 10.104 12.3
    endloop
  endfacet
  facet normal -0.309534 -0.657156 0.687266
    outer loop
      vertex 176.752 10.1016 12.3
      vertex 176.421 9.31627 11.4
      vertex 176.519 9.27011 11.4
    endloop
  endfacet
  facet normal 0.310762 0.656704 0.687145
    outer loop
      vertex 175.248 6.49843 12.3
      vertex 175.481 7.32989 11.4
      vertex 175.08 6.57793 12.3
    endloop
  endfacet
  facet normal 0.310757 -0.656694 0.687156
    outer loop
      vertex 175.481 9.27011 11.4
      vertex 175.248 10.1016 12.3
      vertex 175.08 10.0221 12.3
    endloop
  endfacet
  facet normal 0.714893 -0.127205 0.687566
    outer loop
      vertex 174.084 8.67532 12.3
      vertex 174.921 8.5146 11.4
      vertex 174.085 8.68094 12.3
    endloop
  endfacet
  facet normal 0.718358 -0.107639 0.687295
    outer loop
      vertex 174.921 8.5146 11.4
      vertex 174.084 8.67532 12.3
      vertex 174.905 8.40782 11.4
    endloop
  endfacet
  facet normal 0.711706 -0.129166 0.690501
    outer loop
      vertex 174.085 8.68094 12.3
      vertex 174.947 8.61931 11.4
      vertex 174.086 8.68645 12.3
    endloop
  endfacet
  facet normal 0.705021 -0.17506 0.687241
    outer loop
      vertex 174.947 8.61931 11.4
      vertex 174.085 8.68094 12.3
      vertex 174.921 8.5146 11.4
    endloop
  endfacet
  facet normal -0.310757 -0.656694 0.687156
    outer loop
      vertex 176.92 10.0221 12.3
      vertex 176.752 10.1016 12.3
      vertex 176.519 9.27011 11.4
    endloop
  endfacet
  facet normal 0.0338584 0.725537 0.68735
    outer loop
      vertex 176 7.2 11.4
      vertex 175.994 6.34765 12.3
      vertex 176 6.34737 12.3
    endloop
  endfacet
  facet normal 0.0356026 0.725487 0.687314
    outer loop
      vertex 175.994 6.34765 12.3
      vertex 176 7.2 11.4
      vertex 175.892 7.2053 11.4
    endloop
  endfacet
  facet normal 0.539868 0.485908 0.68734
    outer loop
      vertex 174.615 6.92349 12.3
      vertex 175.15 7.60217 11.4
      vertex 174.491 7.06126 12.3
    endloop
  endfacet
  facet normal -0.680092 -0.25424 0.687632
    outer loop
      vertex 177.016 8.72095 11.4
      vertex 177.806 9.04189 12.3
      vertex 177.804 9.04724 12.3
    endloop
  endfacet
  facet normal -0.68235 -0.248396 0.68753
    outer loop
      vertex 177.806 9.04189 12.3
      vertex 177.016 8.72095 11.4
      vertex 177.053 8.61931 11.4
    endloop
  endfacet
  facet normal -0.0356029 -0.725494 0.687307
    outer loop
      vertex 176.108 9.3947 11.4
      vertex 176.186 10.2435 12.3
      vertex 176 9.4 11.4
    endloop
  endfacet
  facet normal -0.0434955 -0.724924 0.687454
    outer loop
      vertex 176.186 10.2435 12.3
      vertex 176.108 9.3947 11.4
      vertex 176.191 10.2432 12.3
    endloop
  endfacet
  facet normal 0.0354953 -0.725508 0.687298
    outer loop
      vertex 176 9.4 11.4
      vertex 176 10.2526 12.3
      vertex 175.814 10.2435 12.3
    endloop
  endfacet
  facet normal 0.372733 -0.623625 0.68714
    outer loop
      vertex 175.481 9.27011 11.4
      vertex 175.08 10.0221 12.3
      vertex 174.92 9.92647 12.3
    endloop
  endfacet
  facet normal -0.433306 0.582905 0.687362
    outer loop
      vertex 177.085 6.67645 12.3
      vertex 177.234 6.78721 12.3
      vertex 176.611 7.38538 11.4
    endloop
  endfacet
  facet normal 0.622342 0.374599 0.687289
    outer loop
      vertex 174.374 7.22005 12.3
      vertex 175.03 7.78146 11.4
      vertex 174.278 7.37954 12.3
    endloop
  endfacet
  facet normal -0.372547 0.623509 0.687346
    outer loop
      vertex 176.925 6.58085 12.3
      vertex 177.085 6.67645 12.3
      vertex 176.611 7.38538 11.4
    endloop
  endfacet
  facet normal -0.408182 0.602038 0.686249
    outer loop
      vertex 176.698 7.44969 11.4
      vertex 177.234 6.78721 12.3
      vertex 177.239 6.7906 12.3
    endloop
  endfacet
  facet normal -0.431832 0.584192 0.687197
    outer loop
      vertex 177.234 6.78721 12.3
      vertex 176.698 7.44969 11.4
      vertex 176.611 7.38538 11.4
    endloop
  endfacet
  facet normal 0.487679 0.538203 0.687392
    outer loop
      vertex 175.222 7.52218 11.4
      vertex 174.623 6.91547 12.3
      vertex 175.302 7.44969 11.4
    endloop
  endfacet
  facet normal 0.500741 0.525713 0.687666
    outer loop
      vertex 174.623 6.91547 12.3
      vertex 175.222 7.52218 11.4
      vertex 174.619 6.91928 12.3
    endloop
  endfacet
  facet normal 0.106532 0.718543 0.687275
    outer loop
      vertex 175.809 6.35677 12.3
      vertex 175.892 7.2053 11.4
      vertex 175.625 6.38405 12.3
    endloop
  endfacet
  facet normal 0.582994 0.433293 0.687295
    outer loop
      vertex 174.491 7.06126 12.3
      vertex 175.15 7.60217 11.4
      vertex 174.38 7.21061 12.3
    endloop
  endfacet
  facet normal 0.58138 0.435868 0.687035
    outer loop
      vertex 175.085 7.68887 11.4
      vertex 174.38 7.21061 12.3
      vertex 175.15 7.60217 11.4
    endloop
  endfacet
  facet normal 0.54843 0.480026 0.684689
    outer loop
      vertex 174.38 7.21061 12.3
      vertex 175.085 7.68887 11.4
      vertex 174.376 7.21518 12.3
    endloop
  endfacet
  facet normal -0.54843 0.480026 0.684689
    outer loop
      vertex 176.915 7.68887 11.4
      vertex 177.62 7.21061 12.3
      vertex 177.624 7.21518 12.3
    endloop
  endfacet
  facet normal -0.58138 0.435868 0.687035
    outer loop
      vertex 177.62 7.21061 12.3
      vertex 176.915 7.68887 11.4
      vertex 176.85 7.60217 11.4
    endloop
  endfacet
  facet normal 0.175906 0.704713 0.687341
    outer loop
      vertex 175.614 6.38627 12.3
      vertex 175.681 7.24736 11.4
      vertex 175.433 6.43145 12.3
    endloop
  endfacet
  facet normal 0.375259 0.622164 0.68709
    outer loop
      vertex 175.075 6.58085 12.3
      vertex 175.481 7.32989 11.4
      vertex 175.389 7.38538 11.4
    endloop
  endfacet
  facet normal 0.366315 0.627252 0.68729
    outer loop
      vertex 175.481 7.32989 11.4
      vertex 175.075 6.58085 12.3
      vertex 175.08 6.57793 12.3
    endloop
  endfacet
  facet normal -0.676522 -0.263238 0.687768
    outer loop
      vertex 177.802 9.05238 12.3
      vertex 177.016 8.72095 11.4
      vertex 177.804 9.04724 12.3
    endloop
  endfacet
  facet normal -0.656786 -0.309582 0.687598
    outer loop
      vertex 177.016 8.72095 11.4
      vertex 177.802 9.05238 12.3
      vertex 176.97 8.81854 11.4
    endloop
  endfacet
  facet normal -0.53985 0.485926 0.687342
    outer loop
      vertex 176.778 7.52218 11.4
      vertex 177.385 6.92349 12.3
      vertex 176.85 7.60217 11.4
    endloop
  endfacet
  facet normal -0.526345 0.50009 0.687656
    outer loop
      vertex 177.385 6.92349 12.3
      vertex 176.778 7.52218 11.4
      vertex 177.381 6.91928 12.3
    endloop
  endfacet
  facet normal -0.704748 -0.175826 0.687325
    outer loop
      vertex 177.914 8.68645 12.3
      vertex 177.869 8.86682 12.3
      vertex 177.053 8.61931 11.4
    endloop
  endfacet
  facet normal 0.655815 0.312144 0.687367
    outer loop
      vertex 174.278 7.37954 12.3
      vertex 175.03 7.78146 11.4
      vertex 174.198 7.54762 12.3
    endloop
  endfacet
  facet normal -0.193651 0.701635 0.685717
    outer loop
      vertex 176.319 7.24736 11.4
      vertex 176.381 6.38489 12.3
      vertex 176.386 6.38627 12.3
    endloop
  endfacet
  facet normal -0.177586 0.704384 0.687245
    outer loop
      vertex 176.381 6.38489 12.3
      vertex 176.319 7.24736 11.4
      vertex 176.215 7.22114 11.4
    endloop
  endfacet
  facet normal -0.177632 -0.704299 0.687321
    outer loop
      vertex 176.319 9.35263 11.4
      vertex 176.561 10.1699 12.3
      vertex 176.215 9.37886 11.4
    endloop
  endfacet
  facet normal -0.153949 -0.710534 0.686616
    outer loop
      vertex 176.561 10.1699 12.3
      vertex 176.319 9.35263 11.4
      vertex 176.567 10.1686 12.3
    endloop
  endfacet
  facet normal 0.309538 0.657166 0.687255
    outer loop
      vertex 175.248 6.49843 12.3
      vertex 175.579 7.28373 11.4
      vertex 175.481 7.32989 11.4
    endloop
  endfacet
  facet normal 0.317612 0.653522 0.687045
    outer loop
      vertex 175.579 7.28373 11.4
      vertex 175.248 6.49843 12.3
      vertex 175.253 6.496 12.3
    endloop
  endfacet
  facet normal 0.177586 0.704384 0.687245
    outer loop
      vertex 175.681 7.24736 11.4
      vertex 175.619 6.38489 12.3
      vertex 175.785 7.22114 11.4
    endloop
  endfacet
  facet normal 0.193651 0.701635 0.685717
    outer loop
      vertex 175.619 6.38489 12.3
      vertex 175.681 7.24736 11.4
      vertex 175.614 6.38627 12.3
    endloop
  endfacet
  facet normal -0.366385 -0.627372 0.687144
    outer loop
      vertex 177.08 9.92647 12.3
      vertex 176.611 9.21462 11.4
      vertex 177.085 9.92355 12.3
    endloop
  endfacet
  facet normal -0.375115 -0.621925 0.687385
    outer loop
      vertex 176.611 9.21462 11.4
      vertex 177.08 9.92647 12.3
      vertex 176.519 9.27011 11.4
    endloop
  endfacet
  facet normal -0.469905 -0.5561 0.685523
    outer loop
      vertex 176.611 9.21462 11.4
      vertex 177.089 9.92017 12.3
      vertex 177.085 9.92355 12.3
    endloop
  endfacet
  facet normal -0.431794 -0.584141 0.687265
    outer loop
      vertex 177.089 9.92017 12.3
      vertex 176.611 9.21462 11.4
      vertex 176.698 9.15031 11.4
    endloop
  endfacet
  facet normal 0.176918 -0.70454 0.687258
    outer loop
      vertex 175.785 9.37886 11.4
      vertex 175.619 10.2151 12.3
      vertex 175.439 10.1699 12.3
    endloop
  endfacet
  facet normal 0.314387 -0.654973 0.687147
    outer loop
      vertex 175.248 10.1016 12.3
      vertex 175.579 9.31627 11.4
      vertex 175.253 10.104 12.3
    endloop
  endfacet
  facet normal 0.309534 -0.657156 0.687266
    outer loop
      vertex 175.579 9.31627 11.4
      vertex 175.248 10.1016 12.3
      vertex 175.481 9.27011 11.4
    endloop
  endfacet
  facet normal 0.0960398 -0.720299 0.686983
    outer loop
      vertex 175.785 9.37886 11.4
      vertex 175.625 10.2159 12.3
      vertex 175.619 10.2151 12.3
    endloop
  endfacet
  facet normal 0.106379 -0.718599 0.687241
    outer loop
      vertex 175.625 10.2159 12.3
      vertex 175.785 9.37886 11.4
      vertex 175.892 9.3947 11.4
    endloop
  endfacet
  facet normal -0.176918 -0.70454 0.687258
    outer loop
      vertex 176.561 10.1699 12.3
      vertex 176.381 10.2151 12.3
      vertex 176.215 9.37886 11.4
    endloop
  endfacet
  facet normal -0.106379 -0.718599 0.687241
    outer loop
      vertex 176.215 9.37886 11.4
      vertex 176.375 10.2159 12.3
      vertex 176.108 9.3947 11.4
    endloop
  endfacet
  facet normal -0.0960398 -0.720299 0.686983
    outer loop
      vertex 176.375 10.2159 12.3
      vertex 176.215 9.37886 11.4
      vertex 176.381 10.2151 12.3
    endloop
  endfacet
  facet normal 0.68346 0.245947 0.687308
    outer loop
      vertex 174.194 7.55811 12.3
      vertex 174.947 7.98069 11.4
      vertex 174.131 7.73318 12.3
    endloop
  endfacet
  facet normal 0.705021 0.17506 0.687241
    outer loop
      vertex 174.085 7.91906 12.3
      vertex 174.947 7.98069 11.4
      vertex 174.921 8.0854 11.4
    endloop
  endfacet
  facet normal 0.711706 0.129166 0.690501
    outer loop
      vertex 174.947 7.98069 11.4
      vertex 174.085 7.91906 12.3
      vertex 174.086 7.91355 12.3
    endloop
  endfacet
  facet normal -0.711706 -0.129166 0.690501
    outer loop
      vertex 177.053 8.61931 11.4
      vertex 177.915 8.68094 12.3
      vertex 177.914 8.68645 12.3
    endloop
  endfacet
  facet normal -0.705021 -0.17506 0.687241
    outer loop
      vertex 177.915 8.68094 12.3
      vertex 177.053 8.61931 11.4
      vertex 177.079 8.5146 11.4
    endloop
  endfacet
  facet normal -0.714893 -0.127205 0.687566
    outer loop
      vertex 177.079 8.5146 11.4
      vertex 177.916 8.67532 12.3
      vertex 177.915 8.68094 12.3
    endloop
  endfacet
  facet normal -0.718358 -0.107639 0.687295
    outer loop
      vertex 177.916 8.67532 12.3
      vertex 177.079 8.5146 11.4
      vertex 177.095 8.40782 11.4
    endloop
  endfacet
  facet normal 0.656786 0.309582 0.687598
    outer loop
      vertex 174.984 7.87905 11.4
      vertex 174.198 7.54762 12.3
      vertex 175.03 7.78146 11.4
    endloop
  endfacet
  facet normal 0.676522 0.263238 0.687768
    outer loop
      vertex 174.198 7.54762 12.3
      vertex 174.984 7.87905 11.4
      vertex 174.196 7.55276 12.3
    endloop
  endfacet
  facet normal 0.375115 -0.621925 0.687385
    outer loop
      vertex 174.92 9.92647 12.3
      vertex 175.389 9.21462 11.4
      vertex 175.481 9.27011 11.4
    endloop
  endfacet
  facet normal 0.366385 -0.627372 0.687144
    outer loop
      vertex 175.389 9.21462 11.4
      vertex 174.92 9.92647 12.3
      vertex 174.915 9.92355 12.3
    endloop
  endfacet
  facet normal -0.72569 -0.0336528 0.687198
    outer loop
      vertex 205.1 8.3 11.4
      vertex 205.952 8.30567 12.3
      vertex 205.095 8.40782 11.4
    endloop
  endfacet
  facet normal -0.71993 -0.126972 0.682334
    outer loop
      vertex 205.952 8.30567 12.3
      vertex 205.1 8.3 11.4
      vertex 205.953 8.3 12.3
    endloop
  endfacet
  facet normal -0.10661 -0.718545 0.68726
    outer loop
      vertex 204.375 10.2159 12.3
      vertex 204.191 10.2432 12.3
      vertex 204.108 9.3947 11.4
    endloop
  endfacet
  facet normal -0.48733 -0.538573 0.687349
    outer loop
      vertex 205.377 9.68453 12.3
      vertex 205.239 9.8094 12.3
      vertex 204.698 9.15031 11.4
    endloop
  endfacet
  facet normal 0.704748 0.175826 0.687325
    outer loop
      vertex 202.131 7.73318 12.3
      vertex 202.947 7.98069 11.4
      vertex 202.086 7.91355 12.3
    endloop
  endfacet
  facet normal -0.68346 -0.245947 0.687308
    outer loop
      vertex 205.869 8.86682 12.3
      vertex 205.806 9.04189 12.3
      vertex 205.053 8.61931 11.4
    endloop
  endfacet
  facet normal -0.259118 0.67832 0.687561
    outer loop
      vertex 204.421 7.28373 11.4
      vertex 204.742 6.49409 12.3
      vertex 204.747 6.496 12.3
    endloop
  endfacet
  facet normal -0.243958 0.684182 0.687298
    outer loop
      vertex 204.742 6.49409 12.3
      vertex 204.421 7.28373 11.4
      vertex 204.319 7.24736 11.4
    endloop
  endfacet
  facet normal -0.655815 -0.312144 0.687367
    outer loop
      vertex 205.802 9.05238 12.3
      vertex 205.722 9.22046 12.3
      vertex 204.97 8.81854 11.4
    endloop
  endfacet
  facet normal 0.718847 -0.105523 0.687112
    outer loop
      vertex 202.905 8.40782 11.4
      vertex 202.084 8.67532 12.3
      vertex 202.057 8.49139 12.3
    endloop
  endfacet
  facet normal -0.244664 -0.683963 0.687265
    outer loop
      vertex 204.747 10.104 12.3
      vertex 204.572 10.1666 12.3
      vertex 204.421 9.31627 11.4
    endloop
  endfacet
  facet normal -0.270049 -0.675122 0.686501
    outer loop
      vertex 204.319 9.35263 11.4
      vertex 204.572 10.1666 12.3
      vertex 204.567 10.1686 12.3
    endloop
  endfacet
  facet normal -0.243887 -0.684173 0.687333
    outer loop
      vertex 204.572 10.1666 12.3
      vertex 204.319 9.35263 11.4
      vertex 204.421 9.31627 11.4
    endloop
  endfacet
  facet normal -0.310762 0.656704 0.687145
    outer loop
      vertex 204.752 6.49843 12.3
      vertex 204.92 6.57793 12.3
      vertex 204.519 7.32989 11.4
    endloop
  endfacet
  facet normal 0.431503 -0.584323 0.687294
    outer loop
      vertex 203.302 9.15031 11.4
      vertex 202.911 9.92017 12.3
      vertex 202.761 9.8094 12.3
    endloop
  endfacet
  facet normal -0.705021 0.17506 0.687241
    outer loop
      vertex 205.053 7.98069 11.4
      vertex 205.915 7.91906 12.3
      vertex 205.079 8.0854 11.4
    endloop
  endfacet
  facet normal -0.711706 0.129166 0.690501
    outer loop
      vertex 205.915 7.91906 12.3
      vertex 205.053 7.98069 11.4
      vertex 205.914 7.91355 12.3
    endloop
  endfacet
  facet normal 0.487679 -0.538203 0.687392
    outer loop
      vertex 202.623 9.68453 12.3
      vertex 203.222 9.07782 11.4
      vertex 203.302 9.15031 11.4
    endloop
  endfacet
  facet normal 0.500741 -0.525713 0.687666
    outer loop
      vertex 203.222 9.07782 11.4
      vertex 202.623 9.68453 12.3
      vertex 202.619 9.68072 12.3
    endloop
  endfacet
  facet normal -0.0357648 0.725492 0.6873
    outer loop
      vertex 204.191 6.35677 12.3
      vertex 204.108 7.2053 11.4
      vertex 204.006 6.34765 12.3
    endloop
  endfacet
  facet normal 0.622342 -0.374599 0.687289
    outer loop
      vertex 203.03 8.81854 11.4
      vertex 202.374 9.37995 12.3
      vertex 202.278 9.22046 12.3
    endloop
  endfacet
  facet normal 0.244664 -0.683963 0.687265
    outer loop
      vertex 203.579 9.31627 11.4
      vertex 203.428 10.1666 12.3
      vertex 203.253 10.104 12.3
    endloop
  endfacet
  facet normal -0.500741 0.525713 0.687666
    outer loop
      vertex 204.778 7.52218 11.4
      vertex 205.377 6.91547 12.3
      vertex 205.381 6.91928 12.3
    endloop
  endfacet
  facet normal -0.487679 0.538203 0.687392
    outer loop
      vertex 205.377 6.91547 12.3
      vertex 204.778 7.52218 11.4
      vertex 204.698 7.44969 11.4
    endloop
  endfacet
  facet normal -0.526345 -0.50009 0.687656
    outer loop
      vertex 204.778 9.07782 11.4
      vertex 205.385 9.67651 12.3
      vertex 205.381 9.68072 12.3
    endloop
  endfacet
  facet normal -0.53985 -0.485926 0.687342
    outer loop
      vertex 205.385 9.67651 12.3
      vertex 204.778 9.07782 11.4
      vertex 204.85 8.99783 11.4
    endloop
  endfacet
  facet normal -0.622342 0.374599 0.687289
    outer loop
      vertex 205.626 7.22005 12.3
      vertex 205.722 7.37954 12.3
      vertex 204.97 7.78146 11.4
    endloop
  endfacet
  facet normal 0.372547 0.623509 0.687346
    outer loop
      vertex 203.075 6.58085 12.3
      vertex 203.389 7.38538 11.4
      vertex 202.915 6.67645 12.3
    endloop
  endfacet
  facet normal 0.0357648 0.725492 0.6873
    outer loop
      vertex 203.994 6.34765 12.3
      vertex 203.892 7.2053 11.4
      vertex 203.809 6.35677 12.3
    endloop
  endfacet
  facet normal -0.431503 -0.584323 0.687294
    outer loop
      vertex 205.239 9.8094 12.3
      vertex 205.089 9.92017 12.3
      vertex 204.698 9.15031 11.4
    endloop
  endfacet
  facet normal -0.655815 0.312144 0.687367
    outer loop
      vertex 205.722 7.37954 12.3
      vertex 205.802 7.54762 12.3
      vertex 204.97 7.78146 11.4
    endloop
  endfacet
  facet normal 0.718847 0.105523 0.687112
    outer loop
      vertex 202.084 7.92468 12.3
      vertex 202.905 8.19218 11.4
      vertex 202.057 8.10861 12.3
    endloop
  endfacet
  facet normal -0.309538 0.657166 0.687255
    outer loop
      vertex 204.421 7.28373 11.4
      vertex 204.752 6.49843 12.3
      vertex 204.519 7.32989 11.4
    endloop
  endfacet
  facet normal -0.317612 0.653522 0.687045
    outer loop
      vertex 204.752 6.49843 12.3
      vertex 204.421 7.28373 11.4
      vertex 204.747 6.496 12.3
    endloop
  endfacet
  facet normal -0.718847 -0.105523 0.687112
    outer loop
      vertex 205.943 8.49139 12.3
      vertex 205.916 8.67532 12.3
      vertex 205.095 8.40782 11.4
    endloop
  endfacet
  facet normal -0.100732 0.719517 0.687131
    outer loop
      vertex 204.215 7.22114 11.4
      vertex 204.375 6.38405 12.3
      vertex 204.381 6.38489 12.3
    endloop
  endfacet
  facet normal -0.106377 0.718579 0.687262
    outer loop
      vertex 204.375 6.38405 12.3
      vertex 204.215 7.22114 11.4
      vertex 204.108 7.2053 11.4
    endloop
  endfacet
  facet normal 0.716112 -0.126298 0.686464
    outer loop
      vertex 202.056 8.48572 12.3
      vertex 202.905 8.40782 11.4
      vertex 202.057 8.49139 12.3
    endloop
  endfacet
  facet normal 0.725549 -0.0336463 0.687347
    outer loop
      vertex 202.905 8.40782 11.4
      vertex 202.056 8.48572 12.3
      vertex 202.9 8.3 11.4
    endloop
  endfacet
  facet normal -0.106532 0.718543 0.687275
    outer loop
      vertex 204.191 6.35677 12.3
      vertex 204.375 6.38405 12.3
      vertex 204.108 7.2053 11.4
    endloop
  endfacet
  facet normal 0.526345 -0.50009 0.687656
    outer loop
      vertex 202.615 9.67651 12.3
      vertex 203.222 9.07782 11.4
      vertex 202.619 9.68072 12.3
    endloop
  endfacet
  facet normal 0.53985 -0.485926 0.687342
    outer loop
      vertex 203.222 9.07782 11.4
      vertex 202.615 9.67651 12.3
      vertex 203.15 8.99783 11.4
    endloop
  endfacet
  facet normal -0.582994 0.433293 0.687295
    outer loop
      vertex 205.509 7.06126 12.3
      vertex 205.62 7.21061 12.3
      vertex 204.85 7.60217 11.4
    endloop
  endfacet
  facet normal -0.48733 0.538573 0.687349
    outer loop
      vertex 205.239 6.7906 12.3
      vertex 205.377 6.91547 12.3
      vertex 204.698 7.44969 11.4
    endloop
  endfacet
  facet normal -0.676522 0.263238 0.687768
    outer loop
      vertex 205.016 7.87905 11.4
      vertex 205.802 7.54762 12.3
      vertex 205.804 7.55276 12.3
    endloop
  endfacet
  facet normal -0.656786 0.309582 0.687598
    outer loop
      vertex 205.802 7.54762 12.3
      vertex 205.016 7.87905 11.4
      vertex 204.97 7.78146 11.4
    endloop
  endfacet
  facet normal 0.655815 -0.312144 0.687367
    outer loop
      vertex 203.03 8.81854 11.4
      vertex 202.278 9.22046 12.3
      vertex 202.198 9.05238 12.3
    endloop
  endfacet
  facet normal 0.106377 0.718579 0.687262
    outer loop
      vertex 203.785 7.22114 11.4
      vertex 203.625 6.38405 12.3
      vertex 203.892 7.2053 11.4
    endloop
  endfacet
  facet normal 0.100732 0.719517 0.687131
    outer loop
      vertex 203.625 6.38405 12.3
      vertex 203.785 7.22114 11.4
      vertex 203.619 6.38489 12.3
    endloop
  endfacet
  facet normal -0.582994 -0.433293 0.687295
    outer loop
      vertex 205.62 9.38939 12.3
      vertex 205.509 9.53874 12.3
      vertex 204.85 8.99783 11.4
    endloop
  endfacet
  facet normal -0.175906 0.704713 0.687341
    outer loop
      vertex 204.386 6.38627 12.3
      vertex 204.567 6.43145 12.3
      vertex 204.319 7.24736 11.4
    endloop
  endfacet
  facet normal 0.433306 0.582905 0.687362
    outer loop
      vertex 202.915 6.67645 12.3
      vertex 203.389 7.38538 11.4
      vertex 202.766 6.78721 12.3
    endloop
  endfacet
  facet normal -0.244768 0.683818 0.687373
    outer loop
      vertex 204.567 6.43145 12.3
      vertex 204.742 6.49409 12.3
      vertex 204.319 7.24736 11.4
    endloop
  endfacet
  facet normal -0.704748 0.175826 0.687325
    outer loop
      vertex 205.869 7.73318 12.3
      vertex 205.914 7.91355 12.3
      vertex 205.053 7.98069 11.4
    endloop
  endfacet
  facet normal 0.0434955 -0.724924 0.687454
    outer loop
      vertex 203.892 9.3947 11.4
      vertex 203.814 10.2435 12.3
      vertex 203.809 10.2432 12.3
    endloop
  endfacet
  facet normal 0.0356029 -0.725494 0.687307
    outer loop
      vertex 203.814 10.2435 12.3
      vertex 203.892 9.3947 11.4
      vertex 204 9.4 11.4
    endloop
  endfacet
  facet normal 0.270049 -0.675122 0.686501
    outer loop
      vertex 203.428 10.1666 12.3
      vertex 203.681 9.35263 11.4
      vertex 203.433 10.1686 12.3
    endloop
  endfacet
  facet normal 0.243887 -0.684173 0.687333
    outer loop
      vertex 203.681 9.35263 11.4
      vertex 203.428 10.1666 12.3
      vertex 203.579 9.31627 11.4
    endloop
  endfacet
  facet normal 0.48733 0.538573 0.687349
    outer loop
      vertex 202.761 6.7906 12.3
      vertex 203.302 7.44969 11.4
      vertex 202.623 6.91547 12.3
    endloop
  endfacet
  facet normal -0.725738 -0.0351693 0.687072
    outer loop
      vertex 205.952 8.30567 12.3
      vertex 205.943 8.49139 12.3
      vertex 205.095 8.40782 11.4
    endloop
  endfacet
  facet normal -0.71995 0.126752 0.682353
    outer loop
      vertex 205.1 8.3 11.4
      vertex 205.952 8.29432 12.3
      vertex 205.953 8.3 12.3
    endloop
  endfacet
  facet normal -0.72569 0.0336528 0.687199
    outer loop
      vertex 205.952 8.29432 12.3
      vertex 205.1 8.3 11.4
      vertex 205.095 8.19218 11.4
    endloop
  endfacet
  facet normal -0.718847 0.105523 0.687112
    outer loop
      vertex 205.916 7.92468 12.3
      vertex 205.943 8.10861 12.3
      vertex 205.095 8.19218 11.4
    endloop
  endfacet
  facet normal 0.680092 -0.25424 0.687632
    outer loop
      vertex 202.194 9.04189 12.3
      vertex 202.984 8.72095 11.4
      vertex 202.196 9.04724 12.3
    endloop
  endfacet
  facet normal 0.68235 -0.248396 0.68753
    outer loop
      vertex 202.984 8.72095 11.4
      vertex 202.194 9.04189 12.3
      vertex 202.947 8.61931 11.4
    endloop
  endfacet
  facet normal 0.582994 -0.433293 0.687295
    outer loop
      vertex 203.15 8.99783 11.4
      vertex 202.491 9.53874 12.3
      vertex 202.38 9.38939 12.3
    endloop
  endfacet
  facet normal 0.725356 0.0351508 0.687476
    outer loop
      vertex 202.056 8.11428 12.3
      vertex 202.9 8.3 11.4
      vertex 202.047 8.3 12.3
    endloop
  endfacet
  facet normal 0.725356 -0.0351508 0.687476
    outer loop
      vertex 202.9 8.3 11.4
      vertex 202.056 8.48572 12.3
      vertex 202.047 8.3 12.3
    endloop
  endfacet
  facet normal -0.372733 -0.623625 0.68714
    outer loop
      vertex 205.08 9.92647 12.3
      vertex 204.92 10.0221 12.3
      vertex 204.519 9.27011 11.4
    endloop
  endfacet
  facet normal 0.704748 -0.175826 0.687325
    outer loop
      vertex 202.947 8.61931 11.4
      vertex 202.131 8.86682 12.3
      vertex 202.086 8.68645 12.3
    endloop
  endfacet
  facet normal 0.68346 -0.245947 0.687308
    outer loop
      vertex 202.947 8.61931 11.4
      vertex 202.194 9.04189 12.3
      vertex 202.131 8.86682 12.3
    endloop
  endfacet
  facet normal 0.244768 0.683818 0.687373
    outer loop
      vertex 203.433 6.43145 12.3
      vertex 203.681 7.24736 11.4
      vertex 203.258 6.49409 12.3
    endloop
  endfacet
  facet normal 0.431832 0.584192 0.687197
    outer loop
      vertex 203.302 7.44969 11.4
      vertex 202.766 6.78721 12.3
      vertex 203.389 7.38538 11.4
    endloop
  endfacet
  facet normal 0.408182 0.602038 0.686249
    outer loop
      vertex 202.766 6.78721 12.3
      vertex 203.302 7.44969 11.4
      vertex 202.761 6.7906 12.3
    endloop
  endfacet
  facet normal 0.656786 -0.309582 0.687598
    outer loop
      vertex 202.198 9.05238 12.3
      vertex 202.984 8.72095 11.4
      vertex 203.03 8.81854 11.4
    endloop
  endfacet
  facet normal 0.676522 -0.263238 0.687768
    outer loop
      vertex 202.984 8.72095 11.4
      vertex 202.198 9.05238 12.3
      vertex 202.196 9.04724 12.3
    endloop
  endfacet
  facet normal 0.53985 0.485926 0.687342
    outer loop
      vertex 202.615 6.92349 12.3
      vertex 203.222 7.52218 11.4
      vertex 203.15 7.60217 11.4
    endloop
  endfacet
  facet normal 0.526345 0.50009 0.687656
    outer loop
      vertex 203.222 7.52218 11.4
      vertex 202.615 6.92349 12.3
      vertex 202.619 6.91928 12.3
    endloop
  endfacet
  facet normal -0.68235 0.248396 0.68753
    outer loop
      vertex 205.016 7.87905 11.4
      vertex 205.806 7.55811 12.3
      vertex 205.053 7.98069 11.4
    endloop
  endfacet
  facet normal -0.680092 0.25424 0.687632
    outer loop
      vertex 205.806 7.55811 12.3
      vertex 205.016 7.87905 11.4
      vertex 205.804 7.55276 12.3
    endloop
  endfacet
  facet normal 0.539868 -0.485908 0.68734
    outer loop
      vertex 203.15 8.99783 11.4
      vertex 202.615 9.67651 12.3
      vertex 202.491 9.53874 12.3
    endloop
  endfacet
  facet normal -0.539868 -0.485908 0.68734
    outer loop
      vertex 205.509 9.53874 12.3
      vertex 205.385 9.67651 12.3
      vertex 204.85 8.99783 11.4
    endloop
  endfacet
  facet normal 0.243958 0.684182 0.687298
    outer loop
      vertex 203.579 7.28373 11.4
      vertex 203.258 6.49409 12.3
      vertex 203.681 7.24736 11.4
    endloop
  endfacet
  facet normal 0.259118 0.67832 0.687561
    outer loop
      vertex 203.258 6.49409 12.3
      vertex 203.579 7.28373 11.4
      vertex 203.253 6.496 12.3
    endloop
  endfacet
  facet normal -0.500741 -0.525713 0.687666
    outer loop
      vertex 205.377 9.68453 12.3
      vertex 204.778 9.07782 11.4
      vertex 205.381 9.68072 12.3
    endloop
  endfacet
  facet normal -0.487679 -0.538203 0.687392
    outer loop
      vertex 204.778 9.07782 11.4
      vertex 205.377 9.68453 12.3
      vertex 204.698 9.15031 11.4
    endloop
  endfacet
  facet normal 0.718358 0.107639 0.687295
    outer loop
      vertex 202.084 7.92468 12.3
      vertex 202.921 8.0854 11.4
      vertex 202.905 8.19218 11.4
    endloop
  endfacet
  facet normal 0.714893 0.127205 0.687566
    outer loop
      vertex 202.921 8.0854 11.4
      vertex 202.084 7.92468 12.3
      vertex 202.085 7.91906 12.3
    endloop
  endfacet
  facet normal -0.375259 0.622164 0.68709
    outer loop
      vertex 204.519 7.32989 11.4
      vertex 204.925 6.58085 12.3
      vertex 204.611 7.38538 11.4
    endloop
  endfacet
  facet normal -0.366315 0.627252 0.68729
    outer loop
      vertex 204.925 6.58085 12.3
      vertex 204.519 7.32989 11.4
      vertex 204.92 6.57793 12.3
    endloop
  endfacet
  facet normal 0.624805 0.371144 0.686929
    outer loop
      vertex 202.374 7.22005 12.3
      vertex 203.085 7.68887 11.4
      vertex 203.03 7.78146 11.4
    endloop
  endfacet
  facet normal 0.677826 0.278368 0.680487
    outer loop
      vertex 203.085 7.68887 11.4
      vertex 202.374 7.22005 12.3
      vertex 202.376 7.21518 12.3
    endloop
  endfacet
  facet normal 0.677826 -0.278368 0.680487
    outer loop
      vertex 202.374 9.37995 12.3
      vertex 203.085 8.91113 11.4
      vertex 202.376 9.38482 12.3
    endloop
  endfacet
  facet normal 0.624805 -0.371144 0.686929
    outer loop
      vertex 203.085 8.91113 11.4
      vertex 202.374 9.37995 12.3
      vertex 203.03 8.81854 11.4
    endloop
  endfacet
  facet normal -0.54843 -0.480026 0.684689
    outer loop
      vertex 205.62 9.38939 12.3
      vertex 204.915 8.91113 11.4
      vertex 205.624 9.38482 12.3
    endloop
  endfacet
  facet normal -0.58138 -0.435868 0.687035
    outer loop
      vertex 204.915 8.91113 11.4
      vertex 205.62 9.38939 12.3
      vertex 204.85 8.99783 11.4
    endloop
  endfacet
  facet normal 0.68235 0.248396 0.68753
    outer loop
      vertex 202.194 7.55811 12.3
      vertex 202.984 7.87905 11.4
      vertex 202.947 7.98069 11.4
    endloop
  endfacet
  facet normal 0.680092 0.25424 0.687632
    outer loop
      vertex 202.984 7.87905 11.4
      vertex 202.194 7.55811 12.3
      vertex 202.196 7.55276 12.3
    endloop
  endfacet
  facet normal -0.725738 0.0351712 0.687072
    outer loop
      vertex 205.943 8.10861 12.3
      vertex 205.952 8.29432 12.3
      vertex 205.095 8.19218 11.4
    endloop
  endfacet
  facet normal -0.718358 0.107639 0.687295
    outer loop
      vertex 205.079 8.0854 11.4
      vertex 205.916 7.92468 12.3
      vertex 205.095 8.19218 11.4
    endloop
  endfacet
  facet normal -0.714893 0.127205 0.687566
    outer loop
      vertex 205.916 7.92468 12.3
      vertex 205.079 8.0854 11.4
      vertex 205.915 7.91906 12.3
    endloop
  endfacet
  facet normal -0.68346 0.245947 0.687308
    outer loop
      vertex 205.806 7.55811 12.3
      vertex 205.869 7.73318 12.3
      vertex 205.053 7.98069 11.4
    endloop
  endfacet
  facet normal -0.624805 0.371144 0.686929
    outer loop
      vertex 204.915 7.68887 11.4
      vertex 205.626 7.22005 12.3
      vertex 204.97 7.78146 11.4
    endloop
  endfacet
  facet normal -0.677826 0.278368 0.680487
    outer loop
      vertex 205.626 7.22005 12.3
      vertex 204.915 7.68887 11.4
      vertex 205.624 7.21518 12.3
    endloop
  endfacet
  facet normal 0.469905 -0.5561 0.685523
    outer loop
      vertex 202.911 9.92017 12.3
      vertex 203.389 9.21462 11.4
      vertex 202.915 9.92355 12.3
    endloop
  endfacet
  facet normal 0.431794 -0.584141 0.687265
    outer loop
      vertex 203.389 9.21462 11.4
      vertex 202.911 9.92017 12.3
      vertex 203.302 9.15031 11.4
    endloop
  endfacet
  facet normal -0.0356026 0.725487 0.687314
    outer loop
      vertex 204 7.2 11.4
      vertex 204.006 6.34765 12.3
      vertex 204.108 7.2053 11.4
    endloop
  endfacet
  facet normal -0.0338584 0.725537 0.68735
    outer loop
      vertex 204.006 6.34765 12.3
      vertex 204 7.2 11.4
      vertex 204 6.34737 12.3
    endloop
  endfacet
  facet normal 0.58138 -0.435868 0.687035
    outer loop
      vertex 202.38 9.38939 12.3
      vertex 203.085 8.91113 11.4
      vertex 203.15 8.99783 11.4
    endloop
  endfacet
  facet normal 0.54843 -0.480026 0.684689
    outer loop
      vertex 203.085 8.91113 11.4
      vertex 202.38 9.38939 12.3
      vertex 202.376 9.38482 12.3
    endloop
  endfacet
  facet normal 0.725549 0.0336463 0.687347
    outer loop
      vertex 202.056 8.11428 12.3
      vertex 202.905 8.19218 11.4
      vertex 202.9 8.3 11.4
    endloop
  endfacet
  facet normal 0.716112 0.126298 0.686464
    outer loop
      vertex 202.905 8.19218 11.4
      vertex 202.056 8.11428 12.3
      vertex 202.057 8.10861 12.3
    endloop
  endfacet
  facet normal -0.0354953 -0.725508 0.687298
    outer loop
      vertex 204.186 10.2435 12.3
      vertex 204 10.2526 12.3
      vertex 204 9.4 11.4
    endloop
  endfacet
  facet normal 0.10661 -0.718545 0.68726
    outer loop
      vertex 203.892 9.3947 11.4
      vertex 203.809 10.2432 12.3
      vertex 203.625 10.2159 12.3
    endloop
  endfacet
  facet normal 0.48733 -0.538573 0.687349
    outer loop
      vertex 203.302 9.15031 11.4
      vertex 202.761 9.8094 12.3
      vertex 202.623 9.68453 12.3
    endloop
  endfacet
  facet normal -0.622342 -0.374599 0.687289
    outer loop
      vertex 205.722 9.22046 12.3
      vertex 205.626 9.37995 12.3
      vertex 204.97 8.81854 11.4
    endloop
  endfacet
  facet normal -0.677826 -0.278368 0.680487
    outer loop
      vertex 204.915 8.91113 11.4
      vertex 205.626 9.37995 12.3
      vertex 205.624 9.38482 12.3
    endloop
  endfacet
  facet normal -0.624805 -0.371144 0.686929
    outer loop
      vertex 205.626 9.37995 12.3
      vertex 204.915 8.91113 11.4
      vertex 204.97 8.81854 11.4
    endloop
  endfacet
  facet normal 0.153949 -0.710534 0.686616
    outer loop
      vertex 203.681 9.35263 11.4
      vertex 203.439 10.1699 12.3
      vertex 203.433 10.1686 12.3
    endloop
  endfacet
  facet normal 0.177632 -0.704299 0.687321
    outer loop
      vertex 203.439 10.1699 12.3
      vertex 203.681 9.35263 11.4
      vertex 203.785 9.37886 11.4
    endloop
  endfacet
  facet normal -0.539868 0.485908 0.68734
    outer loop
      vertex 205.385 6.92349 12.3
      vertex 205.509 7.06126 12.3
      vertex 204.85 7.60217 11.4
    endloop
  endfacet
  facet normal -0.314387 -0.654973 0.687147
    outer loop
      vertex 204.421 9.31627 11.4
      vertex 204.752 10.1016 12.3
      vertex 204.747 10.104 12.3
    endloop
  endfacet
  facet normal -0.309534 -0.657156 0.687266
    outer loop
      vertex 204.752 10.1016 12.3
      vertex 204.421 9.31627 11.4
      vertex 204.519 9.27011 11.4
    endloop
  endfacet
  facet normal 0.310762 0.656704 0.687145
    outer loop
      vertex 203.248 6.49843 12.3
      vertex 203.481 7.32989 11.4
      vertex 203.08 6.57793 12.3
    endloop
  endfacet
  facet normal 0.310757 -0.656694 0.687156
    outer loop
      vertex 203.481 9.27011 11.4
      vertex 203.248 10.1016 12.3
      vertex 203.08 10.0221 12.3
    endloop
  endfacet
  facet normal 0.714893 -0.127205 0.687566
    outer loop
      vertex 202.084 8.67532 12.3
      vertex 202.921 8.5146 11.4
      vertex 202.085 8.68094 12.3
    endloop
  endfacet
  facet normal 0.718358 -0.107639 0.687295
    outer loop
      vertex 202.921 8.5146 11.4
      vertex 202.084 8.67532 12.3
      vertex 202.905 8.40782 11.4
    endloop
  endfacet
  facet normal 0.711706 -0.129166 0.690501
    outer loop
      vertex 202.085 8.68094 12.3
      vertex 202.947 8.61931 11.4
      vertex 202.086 8.68645 12.3
    endloop
  endfacet
  facet normal 0.705021 -0.17506 0.687241
    outer loop
      vertex 202.947 8.61931 11.4
      vertex 202.085 8.68094 12.3
      vertex 202.921 8.5146 11.4
    endloop
  endfacet
  facet normal -0.310757 -0.656694 0.687156
    outer loop
      vertex 204.92 10.0221 12.3
      vertex 204.752 10.1016 12.3
      vertex 204.519 9.27011 11.4
    endloop
  endfacet
  facet normal 0.0338584 0.725537 0.68735
    outer loop
      vertex 204 7.2 11.4
      vertex 203.994 6.34765 12.3
      vertex 204 6.34737 12.3
    endloop
  endfacet
  facet normal 0.0356026 0.725487 0.687314
    outer loop
      vertex 203.994 6.34765 12.3
      vertex 204 7.2 11.4
      vertex 203.892 7.2053 11.4
    endloop
  endfacet
  facet normal 0.539868 0.485908 0.68734
    outer loop
      vertex 202.615 6.92349 12.3
      vertex 203.15 7.60217 11.4
      vertex 202.491 7.06126 12.3
    endloop
  endfacet
  facet normal -0.680092 -0.25424 0.687632
    outer loop
      vertex 205.016 8.72095 11.4
      vertex 205.806 9.04189 12.3
      vertex 205.804 9.04724 12.3
    endloop
  endfacet
  facet normal -0.68235 -0.248396 0.68753
    outer loop
      vertex 205.806 9.04189 12.3
      vertex 205.016 8.72095 11.4
      vertex 205.053 8.61931 11.4
    endloop
  endfacet
  facet normal -0.0356029 -0.725494 0.687307
    outer loop
      vertex 204.108 9.3947 11.4
      vertex 204.186 10.2435 12.3
      vertex 204 9.4 11.4
    endloop
  endfacet
  facet normal -0.0434955 -0.724924 0.687454
    outer loop
      vertex 204.186 10.2435 12.3
      vertex 204.108 9.3947 11.4
      vertex 204.191 10.2432 12.3
    endloop
  endfacet
  facet normal 0.0354953 -0.725508 0.687298
    outer loop
      vertex 204 9.4 11.4
      vertex 204 10.2526 12.3
      vertex 203.814 10.2435 12.3
    endloop
  endfacet
  facet normal 0.372733 -0.623625 0.68714
    outer loop
      vertex 203.481 9.27011 11.4
      vertex 203.08 10.0221 12.3
      vertex 202.92 9.92647 12.3
    endloop
  endfacet
  facet normal -0.433306 0.582905 0.687362
    outer loop
      vertex 205.085 6.67645 12.3
      vertex 205.234 6.78721 12.3
      vertex 204.611 7.38538 11.4
    endloop
  endfacet
  facet normal 0.622342 0.374599 0.687289
    outer loop
      vertex 202.374 7.22005 12.3
      vertex 203.03 7.78146 11.4
      vertex 202.278 7.37954 12.3
    endloop
  endfacet
  facet normal -0.372547 0.623509 0.687346
    outer loop
      vertex 204.925 6.58085 12.3
      vertex 205.085 6.67645 12.3
      vertex 204.611 7.38538 11.4
    endloop
  endfacet
  facet normal -0.408182 0.602038 0.686249
    outer loop
      vertex 204.698 7.44969 11.4
      vertex 205.234 6.78721 12.3
      vertex 205.239 6.7906 12.3
    endloop
  endfacet
  facet normal -0.431832 0.584192 0.687197
    outer loop
      vertex 205.234 6.78721 12.3
      vertex 204.698 7.44969 11.4
      vertex 204.611 7.38538 11.4
    endloop
  endfacet
  facet normal 0.487679 0.538203 0.687392
    outer loop
      vertex 203.222 7.52218 11.4
      vertex 202.623 6.91547 12.3
      vertex 203.302 7.44969 11.4
    endloop
  endfacet
  facet normal 0.500741 0.525713 0.687666
    outer loop
      vertex 202.623 6.91547 12.3
      vertex 203.222 7.52218 11.4
      vertex 202.619 6.91928 12.3
    endloop
  endfacet
  facet normal 0.106532 0.718543 0.687275
    outer loop
      vertex 203.809 6.35677 12.3
      vertex 203.892 7.2053 11.4
      vertex 203.625 6.38405 12.3
    endloop
  endfacet
  facet normal 0.582994 0.433293 0.687295
    outer loop
      vertex 202.491 7.06126 12.3
      vertex 203.15 7.60217 11.4
      vertex 202.38 7.21061 12.3
    endloop
  endfacet
  facet normal 0.58138 0.435868 0.687035
    outer loop
      vertex 203.085 7.68887 11.4
      vertex 202.38 7.21061 12.3
      vertex 203.15 7.60217 11.4
    endloop
  endfacet
  facet normal 0.54843 0.480026 0.684689
    outer loop
      vertex 202.38 7.21061 12.3
      vertex 203.085 7.68887 11.4
      vertex 202.376 7.21518 12.3
    endloop
  endfacet
  facet normal -0.54843 0.480026 0.684689
    outer loop
      vertex 204.915 7.68887 11.4
      vertex 205.62 7.21061 12.3
      vertex 205.624 7.21518 12.3
    endloop
  endfacet
  facet normal -0.58138 0.435868 0.687035
    outer loop
      vertex 205.62 7.21061 12.3
      vertex 204.915 7.68887 11.4
      vertex 204.85 7.60217 11.4
    endloop
  endfacet
  facet normal 0.175906 0.704713 0.687341
    outer loop
      vertex 203.614 6.38627 12.3
      vertex 203.681 7.24736 11.4
      vertex 203.433 6.43145 12.3
    endloop
  endfacet
  facet normal 0.375259 0.622164 0.68709
    outer loop
      vertex 203.075 6.58085 12.3
      vertex 203.481 7.32989 11.4
      vertex 203.389 7.38538 11.4
    endloop
  endfacet
  facet normal 0.366315 0.627252 0.68729
    outer loop
      vertex 203.481 7.32989 11.4
      vertex 203.075 6.58085 12.3
      vertex 203.08 6.57793 12.3
    endloop
  endfacet
  facet normal -0.676522 -0.263238 0.687768
    outer loop
      vertex 205.802 9.05238 12.3
      vertex 205.016 8.72095 11.4
      vertex 205.804 9.04724 12.3
    endloop
  endfacet
  facet normal -0.656786 -0.309582 0.687598
    outer loop
      vertex 205.016 8.72095 11.4
      vertex 205.802 9.05238 12.3
      vertex 204.97 8.81854 11.4
    endloop
  endfacet
  facet normal -0.53985 0.485926 0.687342
    outer loop
      vertex 204.778 7.52218 11.4
      vertex 205.385 6.92349 12.3
      vertex 204.85 7.60217 11.4
    endloop
  endfacet
  facet normal -0.526345 0.50009 0.687656
    outer loop
      vertex 205.385 6.92349 12.3
      vertex 204.778 7.52218 11.4
      vertex 205.381 6.91928 12.3
    endloop
  endfacet
  facet normal -0.704748 -0.175826 0.687325
    outer loop
      vertex 205.914 8.68645 12.3
      vertex 205.869 8.86682 12.3
      vertex 205.053 8.61931 11.4
    endloop
  endfacet
  facet normal 0.655815 0.312144 0.687367
    outer loop
      vertex 202.278 7.37954 12.3
      vertex 203.03 7.78146 11.4
      vertex 202.198 7.54762 12.3
    endloop
  endfacet
  facet normal -0.193651 0.701635 0.685717
    outer loop
      vertex 204.319 7.24736 11.4
      vertex 204.381 6.38489 12.3
      vertex 204.386 6.38627 12.3
    endloop
  endfacet
  facet normal -0.177586 0.704384 0.687245
    outer loop
      vertex 204.381 6.38489 12.3
      vertex 204.319 7.24736 11.4
      vertex 204.215 7.22114 11.4
    endloop
  endfacet
  facet normal -0.177632 -0.704299 0.687321
    outer loop
      vertex 204.319 9.35263 11.4
      vertex 204.561 10.1699 12.3
      vertex 204.215 9.37886 11.4
    endloop
  endfacet
  facet normal -0.153949 -0.710534 0.686616
    outer loop
      vertex 204.561 10.1699 12.3
      vertex 204.319 9.35263 11.4
      vertex 204.567 10.1686 12.3
    endloop
  endfacet
  facet normal 0.309538 0.657166 0.687255
    outer loop
      vertex 203.248 6.49843 12.3
      vertex 203.579 7.28373 11.4
      vertex 203.481 7.32989 11.4
    endloop
  endfacet
  facet normal 0.317612 0.653522 0.687045
    outer loop
      vertex 203.579 7.28373 11.4
      vertex 203.248 6.49843 12.3
      vertex 203.253 6.496 12.3
    endloop
  endfacet
  facet normal 0.177586 0.704384 0.687245
    outer loop
      vertex 203.681 7.24736 11.4
      vertex 203.619 6.38489 12.3
      vertex 203.785 7.22114 11.4
    endloop
  endfacet
  facet normal 0.193651 0.701635 0.685717
    outer loop
      vertex 203.619 6.38489 12.3
      vertex 203.681 7.24736 11.4
      vertex 203.614 6.38627 12.3
    endloop
  endfacet
  facet normal -0.366385 -0.627372 0.687144
    outer loop
      vertex 205.08 9.92647 12.3
      vertex 204.611 9.21462 11.4
      vertex 205.085 9.92355 12.3
    endloop
  endfacet
  facet normal -0.375115 -0.621925 0.687385
    outer loop
      vertex 204.611 9.21462 11.4
      vertex 205.08 9.92647 12.3
      vertex 204.519 9.27011 11.4
    endloop
  endfacet
  facet normal -0.469905 -0.5561 0.685523
    outer loop
      vertex 204.611 9.21462 11.4
      vertex 205.089 9.92017 12.3
      vertex 205.085 9.92355 12.3
    endloop
  endfacet
  facet normal -0.431794 -0.584141 0.687265
    outer loop
      vertex 205.089 9.92017 12.3
      vertex 204.611 9.21462 11.4
      vertex 204.698 9.15031 11.4
    endloop
  endfacet
  facet normal 0.176918 -0.70454 0.687258
    outer loop
      vertex 203.785 9.37886 11.4
      vertex 203.619 10.2151 12.3
      vertex 203.439 10.1699 12.3
    endloop
  endfacet
  facet normal 0.314387 -0.654973 0.687147
    outer loop
      vertex 203.248 10.1016 12.3
      vertex 203.579 9.31627 11.4
      vertex 203.253 10.104 12.3
    endloop
  endfacet
  facet normal 0.309534 -0.657156 0.687266
    outer loop
      vertex 203.579 9.31627 11.4
      vertex 203.248 10.1016 12.3
      vertex 203.481 9.27011 11.4
    endloop
  endfacet
  facet normal 0.0960398 -0.720299 0.686983
    outer loop
      vertex 203.785 9.37886 11.4
      vertex 203.625 10.2159 12.3
      vertex 203.619 10.2151 12.3
    endloop
  endfacet
  facet normal 0.106379 -0.718599 0.687241
    outer loop
      vertex 203.625 10.2159 12.3
      vertex 203.785 9.37886 11.4
      vertex 203.892 9.3947 11.4
    endloop
  endfacet
  facet normal -0.176918 -0.70454 0.687258
    outer loop
      vertex 204.561 10.1699 12.3
      vertex 204.381 10.2151 12.3
      vertex 204.215 9.37886 11.4
    endloop
  endfacet
  facet normal -0.106379 -0.718599 0.687241
    outer loop
      vertex 204.215 9.37886 11.4
      vertex 204.375 10.2159 12.3
      vertex 204.108 9.3947 11.4
    endloop
  endfacet
  facet normal -0.0960398 -0.720299 0.686983
    outer loop
      vertex 204.375 10.2159 12.3
      vertex 204.215 9.37886 11.4
      vertex 204.381 10.2151 12.3
    endloop
  endfacet
  facet normal 0.68346 0.245947 0.687308
    outer loop
      vertex 202.194 7.55811 12.3
      vertex 202.947 7.98069 11.4
      vertex 202.131 7.73318 12.3
    endloop
  endfacet
  facet normal 0.705021 0.17506 0.687241
    outer loop
      vertex 202.085 7.91906 12.3
      vertex 202.947 7.98069 11.4
      vertex 202.921 8.0854 11.4
    endloop
  endfacet
  facet normal 0.711706 0.129166 0.690501
    outer loop
      vertex 202.947 7.98069 11.4
      vertex 202.085 7.91906 12.3
      vertex 202.086 7.91355 12.3
    endloop
  endfacet
  facet normal -0.711706 -0.129166 0.690501
    outer loop
      vertex 205.053 8.61931 11.4
      vertex 205.915 8.68094 12.3
      vertex 205.914 8.68645 12.3
    endloop
  endfacet
  facet normal -0.705021 -0.17506 0.687241
    outer loop
      vertex 205.915 8.68094 12.3
      vertex 205.053 8.61931 11.4
      vertex 205.079 8.5146 11.4
    endloop
  endfacet
  facet normal -0.714893 -0.127205 0.687566
    outer loop
      vertex 205.079 8.5146 11.4
      vertex 205.916 8.67532 12.3
      vertex 205.915 8.68094 12.3
    endloop
  endfacet
  facet normal -0.718358 -0.107639 0.687295
    outer loop
      vertex 205.916 8.67532 12.3
      vertex 205.079 8.5146 11.4
      vertex 205.095 8.40782 11.4
    endloop
  endfacet
  facet normal 0.656786 0.309582 0.687598
    outer loop
      vertex 202.984 7.87905 11.4
      vertex 202.198 7.54762 12.3
      vertex 203.03 7.78146 11.4
    endloop
  endfacet
  facet normal 0.676522 0.263238 0.687768
    outer loop
      vertex 202.198 7.54762 12.3
      vertex 202.984 7.87905 11.4
      vertex 202.196 7.55276 12.3
    endloop
  endfacet
  facet normal 0.375115 -0.621925 0.687385
    outer loop
      vertex 202.92 9.92647 12.3
      vertex 203.389 9.21462 11.4
      vertex 203.481 9.27011 11.4
    endloop
  endfacet
  facet normal 0.366385 -0.627372 0.687144
    outer loop
      vertex 203.389 9.21462 11.4
      vertex 202.92 9.92647 12.3
      vertex 202.915 9.92355 12.3
    endloop
  endfacet
  facet normal 1 0 0
    outer loop
      vertex 212 16.6 12.3
      vertex 212 13.6 3.3
      vertex 212 16.6 0
    endloop
  endfacet
  facet normal 1 0 0
    outer loop
      vertex 212 16.6 12.3
      vertex 212 3 3.3
      vertex 212 13.6 3.3
    endloop
  endfacet
  facet normal 1 -0 0
    outer loop
      vertex 212 0 12.3
      vertex 212 3 3.3
      vertex 212 16.6 12.3
    endloop
  endfacet
  facet normal 1 0 0
    outer loop
      vertex 212 0 0
      vertex 212 3 3.3
      vertex 212 0 12.3
    endloop
  endfacet
  facet normal 1 0 0
    outer loop
      vertex 212 3 3.3
      vertex 212 0 0
      vertex 212 3 0
    endloop
  endfacet
  facet normal 1 0 0
    outer loop
      vertex 212 16.6 0
      vertex 212 13.6 3.3
      vertex 212 13.6 0
    endloop
  endfacet
  facet normal 0 0 1
    outer loop
      vertex 212 16.6 12.3
      vertex 205.953 8.3 12.3
      vertex 212 0 12.3
    endloop
  endfacet
  facet normal 0 0 1
    outer loop
      vertex 212 16.6 12.3
      vertex 205.952 8.30567 12.3
      vertex 205.953 8.3 12.3
    endloop
  endfacet
  facet normal 0 0 1
    outer loop
      vertex 212 16.6 12.3
      vertex 205.943 8.49139 12.3
      vertex 205.952 8.30567 12.3
    endloop
  endfacet
  facet normal 0 0 1
    outer loop
      vertex 212 16.6 12.3
      vertex 205.916 8.67532 12.3
      vertex 205.943 8.49139 12.3
    endloop
  endfacet
  facet normal 0 0 1
    outer loop
      vertex 212 16.6 12.3
      vertex 205.915 8.68094 12.3
      vertex 205.916 8.67532 12.3
    endloop
  endfacet
  facet normal 0 0 1
    outer loop
      vertex 212 16.6 12.3
      vertex 205.914 8.68645 12.3
      vertex 205.915 8.68094 12.3
    endloop
  endfacet
  facet normal 0 0 1
    outer loop
      vertex 212 16.6 12.3
      vertex 205.869 8.86682 12.3
      vertex 205.914 8.68645 12.3
    endloop
  endfacet
  facet normal 0 0 1
    outer loop
      vertex 212 16.6 12.3
      vertex 205.806 9.04189 12.3
      vertex 205.869 8.86682 12.3
    endloop
  endfacet
  facet normal 0 0 1
    outer loop
      vertex 212 16.6 12.3
      vertex 205.804 9.04724 12.3
      vertex 205.806 9.04189 12.3
    endloop
  endfacet
  facet normal 0 0 1
    outer loop
      vertex 212 16.6 12.3
      vertex 205.802 9.05238 12.3
      vertex 205.804 9.04724 12.3
    endloop
  endfacet
  facet normal 0 0 1
    outer loop
      vertex 212 16.6 12.3
      vertex 205.722 9.22046 12.3
      vertex 205.802 9.05238 12.3
    endloop
  endfacet
  facet normal 0 0 1
    outer loop
      vertex 212 16.6 12.3
      vertex 205.626 9.37995 12.3
      vertex 205.722 9.22046 12.3
    endloop
  endfacet
  facet normal 0 0 1
    outer loop
      vertex 212 16.6 12.3
      vertex 205.624 9.38482 12.3
      vertex 205.626 9.37995 12.3
    endloop
  endfacet
  facet normal 0 0 1
    outer loop
      vertex 212 16.6 12.3
      vertex 205.62 9.38939 12.3
      vertex 205.624 9.38482 12.3
    endloop
  endfacet
  facet normal 0 0 1
    outer loop
      vertex 212 16.6 12.3
      vertex 205.509 9.53874 12.3
      vertex 205.62 9.38939 12.3
    endloop
  endfacet
  facet normal 0 0 1
    outer loop
      vertex 212 16.6 12.3
      vertex 205.385 9.67651 12.3
      vertex 205.509 9.53874 12.3
    endloop
  endfacet
  facet normal 0 0 1
    outer loop
      vertex 212 16.6 12.3
      vertex 205.381 9.68072 12.3
      vertex 205.385 9.67651 12.3
    endloop
  endfacet
  facet normal 0 0 1
    outer loop
      vertex 212 16.6 12.3
      vertex 205.377 9.68453 12.3
      vertex 205.381 9.68072 12.3
    endloop
  endfacet
  facet normal 0 0 1
    outer loop
      vertex 212 16.6 12.3
      vertex 205.239 9.8094 12.3
      vertex 205.377 9.68453 12.3
    endloop
  endfacet
  facet normal 0 0 1
    outer loop
      vertex 212 16.6 12.3
      vertex 205.089 9.92017 12.3
      vertex 205.239 9.8094 12.3
    endloop
  endfacet
  facet normal 0 0 1
    outer loop
      vertex 212 16.6 12.3
      vertex 205.085 9.92355 12.3
      vertex 205.089 9.92017 12.3
    endloop
  endfacet
  facet normal 0 0 1
    outer loop
      vertex 212 16.6 12.3
      vertex 205.08 9.92647 12.3
      vertex 205.085 9.92355 12.3
    endloop
  endfacet
  facet normal 0 0 1
    outer loop
      vertex 212 16.6 12.3
      vertex 204.92 10.0221 12.3
      vertex 205.08 9.92647 12.3
    endloop
  endfacet
  facet normal 0 0 1
    outer loop
      vertex 212 16.6 12.3
      vertex 204.752 10.1016 12.3
      vertex 204.92 10.0221 12.3
    endloop
  endfacet
  facet normal 0 0 1
    outer loop
      vertex 212 16.6 12.3
      vertex 204.747 10.104 12.3
      vertex 204.752 10.1016 12.3
    endloop
  endfacet
  facet normal 0 0 1
    outer loop
      vertex 212 16.6 12.3
      vertex 204.572 10.1666 12.3
      vertex 204.747 10.104 12.3
    endloop
  endfacet
  facet normal 0 0 1
    outer loop
      vertex 212 16.6 12.3
      vertex 204.567 10.1686 12.3
      vertex 204.572 10.1666 12.3
    endloop
  endfacet
  facet normal 0 0 1
    outer loop
      vertex 212 16.6 12.3
      vertex 204.561 10.1699 12.3
      vertex 204.567 10.1686 12.3
    endloop
  endfacet
  facet normal 0 0 1
    outer loop
      vertex 212 16.6 12.3
      vertex 204.381 10.2151 12.3
      vertex 204.561 10.1699 12.3
    endloop
  endfacet
  facet normal 0 0 1
    outer loop
      vertex 212 16.6 12.3
      vertex 204.375 10.2159 12.3
      vertex 204.381 10.2151 12.3
    endloop
  endfacet
  facet normal 0 0 1
    outer loop
      vertex 212 16.6 12.3
      vertex 204.191 10.2432 12.3
      vertex 204.375 10.2159 12.3
    endloop
  endfacet
  facet normal 0 0 1
    outer loop
      vertex 212 16.6 12.3
      vertex 204.186 10.2435 12.3
      vertex 204.191 10.2432 12.3
    endloop
  endfacet
  facet normal 0 0 1
    outer loop
      vertex 212 16.6 12.3
      vertex 204 10.2526 12.3
      vertex 204.186 10.2435 12.3
    endloop
  endfacet
  facet normal 0 0 1
    outer loop
      vertex 212 16.6 12.3
      vertex 203.814 10.2435 12.3
      vertex 204 10.2526 12.3
    endloop
  endfacet
  facet normal 0 0 1
    outer loop
      vertex 212 16.6 12.3
      vertex 203.809 10.2432 12.3
      vertex 203.814 10.2435 12.3
    endloop
  endfacet
  facet normal 0 0 1
    outer loop
      vertex 212 16.6 12.3
      vertex 203.625 10.2159 12.3
      vertex 203.809 10.2432 12.3
    endloop
  endfacet
  facet normal 0 0 1
    outer loop
      vertex 212 16.6 12.3
      vertex 203.619 10.2151 12.3
      vertex 203.625 10.2159 12.3
    endloop
  endfacet
  facet normal 0 0 1
    outer loop
      vertex 212 16.6 12.3
      vertex 203.439 10.1699 12.3
      vertex 203.619 10.2151 12.3
    endloop
  endfacet
  facet normal 0 0 1
    outer loop
      vertex 212 16.6 12.3
      vertex 203.433 10.1686 12.3
      vertex 203.439 10.1699 12.3
    endloop
  endfacet
  facet normal 0 0 1
    outer loop
      vertex 212 16.6 12.3
      vertex 203.428 10.1666 12.3
      vertex 203.433 10.1686 12.3
    endloop
  endfacet
  facet normal 0 0 1
    outer loop
      vertex 212 16.6 12.3
      vertex 203.253 10.104 12.3
      vertex 203.428 10.1666 12.3
    endloop
  endfacet
  facet normal 0 0 1
    outer loop
      vertex 212 16.6 12.3
      vertex 203.248 10.1016 12.3
      vertex 203.253 10.104 12.3
    endloop
  endfacet
  facet normal 0 0 1
    outer loop
      vertex 212 16.6 12.3
      vertex 203.08 10.0221 12.3
      vertex 203.248 10.1016 12.3
    endloop
  endfacet
  facet normal 0 0 1
    outer loop
      vertex 176.92 10.0221 12.3
      vertex 203.08 10.0221 12.3
      vertex 212 16.6 12.3
    endloop
  endfacet
  facet normal 0 0 1
    outer loop
      vertex 203.08 10.0221 12.3
      vertex 176.92 10.0221 12.3
      vertex 202.92 9.92647 12.3
    endloop
  endfacet
  facet normal 0 0 1
    outer loop
      vertex 202.915 9.92355 12.3
      vertex 202.761 9.8094 12.3
      vertex 202.911 9.92017 12.3
    endloop
  endfacet
  facet normal 0 0 -1
    outer loop
      vertex 202.761 9.8094 12.3
      vertex 202.619 9.68072 12.3
      vertex 202.623 9.68453 12.3
    endloop
  endfacet
  facet normal 0 0 -1
    outer loop
      vertex 202.619 9.68072 12.3
      vertex 202.491 9.53874 12.3
      vertex 202.615 9.67651 12.3
    endloop
  endfacet
  facet normal 0 0 1
    outer loop
      vertex 202.491 9.53874 12.3
      vertex 202.376 9.38482 12.3
      vertex 202.38 9.38939 12.3
    endloop
  endfacet
  facet normal 0 0 -1
    outer loop
      vertex 202.196 9.04724 12.3
      vertex 202.131 8.86682 12.3
      vertex 202.194 9.04189 12.3
    endloop
  endfacet
  facet normal 0 0 -1
    outer loop
      vertex 202.131 8.86682 12.3
      vertex 202.085 8.68094 12.3
      vertex 202.086 8.68645 12.3
    endloop
  endfacet
  facet normal 0 0 -1
    outer loop
      vertex 202.085 8.68094 12.3
      vertex 202.057 8.49139 12.3
      vertex 202.084 8.67532 12.3
    endloop
  endfacet
  facet normal 0 0 1
    outer loop
      vertex 202.056 8.48572 12.3
      vertex 177.953 8.3 12.3
      vertex 202.047 8.3 12.3
    endloop
  endfacet
  facet normal 0 0 1
    outer loop
      vertex 177.952 8.30567 12.3
      vertex 202.056 8.48572 12.3
      vertex 202.057 8.49139 12.3
    endloop
  endfacet
  facet normal 0 0 1
    outer loop
      vertex 177.943 8.49139 12.3
      vertex 202.057 8.49139 12.3
      vertex 202.085 8.68094 12.3
    endloop
  endfacet
  facet normal 0 0 1
    outer loop
      vertex 177.915 8.68094 12.3
      vertex 202.085 8.68094 12.3
      vertex 202.131 8.86682 12.3
    endloop
  endfacet
  facet normal 0 0 1
    outer loop
      vertex 177.869 8.86682 12.3
      vertex 202.131 8.86682 12.3
      vertex 202.196 9.04724 12.3
    endloop
  endfacet
  facet normal 0 0 1
    outer loop
      vertex 177.804 9.04724 12.3
      vertex 202.196 9.04724 12.3
      vertex 202.198 9.05238 12.3
    endloop
  endfacet
  facet normal 0 0 1
    outer loop
      vertex 177.804 9.04724 12.3
      vertex 202.198 9.05238 12.3
      vertex 202.278 9.22046 12.3
    endloop
  endfacet
  facet normal 0 0 1
    outer loop
      vertex 177.722 9.22046 12.3
      vertex 202.278 9.22046 12.3
      vertex 202.374 9.37995 12.3
    endloop
  endfacet
  facet normal 0 0 1
    outer loop
      vertex 177.722 9.22046 12.3
      vertex 202.374 9.37995 12.3
      vertex 202.376 9.38482 12.3
    endloop
  endfacet
  facet normal 0 0 1
    outer loop
      vertex 177.624 9.38482 12.3
      vertex 202.376 9.38482 12.3
      vertex 202.491 9.53874 12.3
    endloop
  endfacet
  facet normal 0 0 1
    outer loop
      vertex 177.509 9.53874 12.3
      vertex 202.491 9.53874 12.3
      vertex 202.619 9.68072 12.3
    endloop
  endfacet
  facet normal 0 0 1
    outer loop
      vertex 177.381 9.68072 12.3
      vertex 202.619 9.68072 12.3
      vertex 202.761 9.8094 12.3
    endloop
  endfacet
  facet normal 0 0 1
    outer loop
      vertex 177.239 9.8094 12.3
      vertex 202.761 9.8094 12.3
      vertex 202.915 9.92355 12.3
    endloop
  endfacet
  facet normal 0 0 1
    outer loop
      vertex 202.92 9.92647 12.3
      vertex 176.92 10.0221 12.3
      vertex 202.915 9.92355 12.3
    endloop
  endfacet
  facet normal 0 0 1
    outer loop
      vertex 202.056 8.48572 12.3
      vertex 177.952 8.30567 12.3
      vertex 177.953 8.3 12.3
    endloop
  endfacet
  facet normal 0 0 1
    outer loop
      vertex 202.057 8.49139 12.3
      vertex 177.943 8.49139 12.3
      vertex 177.952 8.30567 12.3
    endloop
  endfacet
  facet normal 0 0 1
    outer loop
      vertex 202.085 8.68094 12.3
      vertex 177.916 8.67532 12.3
      vertex 177.943 8.49139 12.3
    endloop
  endfacet
  facet normal 0 0 1
    outer loop
      vertex 202.085 8.68094 12.3
      vertex 177.915 8.68094 12.3
      vertex 177.916 8.67532 12.3
    endloop
  endfacet
  facet normal 0 0 1
    outer loop
      vertex 202.131 8.86682 12.3
      vertex 177.914 8.68645 12.3
      vertex 177.915 8.68094 12.3
    endloop
  endfacet
  facet normal 0 0 1
    outer loop
      vertex 202.131 8.86682 12.3
      vertex 177.869 8.86682 12.3
      vertex 177.914 8.68645 12.3
    endloop
  endfacet
  facet normal 0 0 1
    outer loop
      vertex 202.196 9.04724 12.3
      vertex 177.806 9.04189 12.3
      vertex 177.869 8.86682 12.3
    endloop
  endfacet
  facet normal 0 0 1
    outer loop
      vertex 202.196 9.04724 12.3
      vertex 177.804 9.04724 12.3
      vertex 177.806 9.04189 12.3
    endloop
  endfacet
  facet normal 0 0 1
    outer loop
      vertex 202.278 9.22046 12.3
      vertex 177.802 9.05238 12.3
      vertex 177.804 9.04724 12.3
    endloop
  endfacet
  facet normal 0 0 1
    outer loop
      vertex 202.278 9.22046 12.3
      vertex 177.722 9.22046 12.3
      vertex 177.802 9.05238 12.3
    endloop
  endfacet
  facet normal 0 0 1
    outer loop
      vertex 202.376 9.38482 12.3
      vertex 177.626 9.37995 12.3
      vertex 177.722 9.22046 12.3
    endloop
  endfacet
  facet normal 0 0 1
    outer loop
      vertex 202.376 9.38482 12.3
      vertex 177.624 9.38482 12.3
      vertex 177.626 9.37995 12.3
    endloop
  endfacet
  facet normal 0 0 1
    outer loop
      vertex 202.491 9.53874 12.3
      vertex 177.62 9.38939 12.3
      vertex 177.624 9.38482 12.3
    endloop
  endfacet
  facet normal 0 0 1
    outer loop
      vertex 202.491 9.53874 12.3
      vertex 177.509 9.53874 12.3
      vertex 177.62 9.38939 12.3
    endloop
  endfacet
  facet normal 0 0 1
    outer loop
      vertex 202.619 9.68072 12.3
      vertex 177.385 9.67651 12.3
      vertex 177.509 9.53874 12.3
    endloop
  endfacet
  facet normal 0 0 1
    outer loop
      vertex 202.619 9.68072 12.3
      vertex 177.381 9.68072 12.3
      vertex 177.385 9.67651 12.3
    endloop
  endfacet
  facet normal 0 0 1
    outer loop
      vertex 202.761 9.8094 12.3
      vertex 177.377 9.68453 12.3
      vertex 177.381 9.68072 12.3
    endloop
  endfacet
  facet normal 0 0 1
    outer loop
      vertex 202.761 9.8094 12.3
      vertex 177.239 9.8094 12.3
      vertex 177.377 9.68453 12.3
    endloop
  endfacet
  facet normal 0 0 1
    outer loop
      vertex 202.915 9.92355 12.3
      vertex 177.089 9.92017 12.3
      vertex 177.239 9.8094 12.3
    endloop
  endfacet
  facet normal 0 0 1
    outer loop
      vertex 202.915 9.92355 12.3
      vertex 177.085 9.92355 12.3
      vertex 177.089 9.92017 12.3
    endloop
  endfacet
  facet normal 0 0 1
    outer loop
      vertex 202.915 9.92355 12.3
      vertex 177.08 9.92647 12.3
      vertex 177.085 9.92355 12.3
    endloop
  endfacet
  facet normal 0 0 1
    outer loop
      vertex 202.915 9.92355 12.3
      vertex 176.92 10.0221 12.3
      vertex 177.08 9.92647 12.3
    endloop
  endfacet
  facet normal 0 0 1
    outer loop
      vertex 212 16.6 12.3
      vertex 176.752 10.1016 12.3
      vertex 176.92 10.0221 12.3
    endloop
  endfacet
  facet normal 0 0 1
    outer loop
      vertex 212 16.6 12.3
      vertex 176.747 10.104 12.3
      vertex 176.752 10.1016 12.3
    endloop
  endfacet
  facet normal 0 0 1
    outer loop
      vertex 212 16.6 12.3
      vertex 176.572 10.1666 12.3
      vertex 176.747 10.104 12.3
    endloop
  endfacet
  facet normal 0 0 1
    outer loop
      vertex 212 16.6 12.3
      vertex 176.567 10.1686 12.3
      vertex 176.572 10.1666 12.3
    endloop
  endfacet
  facet normal 0 0 1
    outer loop
      vertex 212 16.6 12.3
      vertex 176.561 10.1699 12.3
      vertex 176.567 10.1686 12.3
    endloop
  endfacet
  facet normal 0 0 1
    outer loop
      vertex 212 16.6 12.3
      vertex 176.381 10.2151 12.3
      vertex 176.561 10.1699 12.3
    endloop
  endfacet
  facet normal 0 0 1
    outer loop
      vertex 212 16.6 12.3
      vertex 176.375 10.2159 12.3
      vertex 176.381 10.2151 12.3
    endloop
  endfacet
  facet normal 0 0 1
    outer loop
      vertex 212 16.6 12.3
      vertex 176.191 10.2432 12.3
      vertex 176.375 10.2159 12.3
    endloop
  endfacet
  facet normal 0 0 1
    outer loop
      vertex 212 16.6 12.3
      vertex 176.186 10.2435 12.3
      vertex 176.191 10.2432 12.3
    endloop
  endfacet
  facet normal 0 0 1
    outer loop
      vertex 212 16.6 12.3
      vertex 176 10.2526 12.3
      vertex 176.186 10.2435 12.3
    endloop
  endfacet
  facet normal 0 0 1
    outer loop
      vertex 212 16.6 12.3
      vertex 175.814 10.2435 12.3
      vertex 176 10.2526 12.3
    endloop
  endfacet
  facet normal 0 0 1
    outer loop
      vertex 212 16.6 12.3
      vertex 175.809 10.2432 12.3
      vertex 175.814 10.2435 12.3
    endloop
  endfacet
  facet normal 0 0 1
    outer loop
      vertex 148.191 10.2432 12.3
      vertex 175.809 10.2432 12.3
      vertex 212 16.6 12.3
    endloop
  endfacet
  facet normal 0 0 1
    outer loop
      vertex 175.809 10.2432 12.3
      vertex 148.191 10.2432 12.3
      vertex 175.625 10.2159 12.3
    endloop
  endfacet
  facet normal 0 0 1
    outer loop
      vertex 174.915 9.92355 12.3
      vertex 174.761 9.8094 12.3
      vertex 174.911 9.92017 12.3
    endloop
  endfacet
  facet normal 0 0 -1
    outer loop
      vertex 174.761 9.8094 12.3
      vertex 174.619 9.68072 12.3
      vertex 174.623 9.68453 12.3
    endloop
  endfacet
  facet normal 0 0 -1
    outer loop
      vertex 174.619 9.68072 12.3
      vertex 174.491 9.53874 12.3
      vertex 174.615 9.67651 12.3
    endloop
  endfacet
  facet normal 0 0 1
    outer loop
      vertex 174.491 9.53874 12.3
      vertex 174.376 9.38482 12.3
      vertex 174.38 9.38939 12.3
    endloop
  endfacet
  facet normal 0 0 -1
    outer loop
      vertex 174.196 9.04724 12.3
      vertex 174.131 8.86682 12.3
      vertex 174.194 9.04189 12.3
    endloop
  endfacet
  facet normal 0 0 -1
    outer loop
      vertex 174.131 8.86682 12.3
      vertex 174.085 8.68094 12.3
      vertex 174.086 8.68645 12.3
    endloop
  endfacet
  facet normal 0 0 -1
    outer loop
      vertex 174.085 8.68094 12.3
      vertex 174.057 8.49139 12.3
      vertex 174.084 8.67532 12.3
    endloop
  endfacet
  facet normal 0 0 1
    outer loop
      vertex 174.056 8.48572 12.3
      vertex 149.953 8.3 12.3
      vertex 174.047 8.3 12.3
    endloop
  endfacet
  facet normal 0 0 1
    outer loop
      vertex 149.952 8.30567 12.3
      vertex 174.056 8.48572 12.3
      vertex 174.057 8.49139 12.3
    endloop
  endfacet
  facet normal 0 0 1
    outer loop
      vertex 149.943 8.49139 12.3
      vertex 174.057 8.49139 12.3
      vertex 174.085 8.68094 12.3
    endloop
  endfacet
  facet normal 0 0 1
    outer loop
      vertex 149.915 8.68094 12.3
      vertex 174.085 8.68094 12.3
      vertex 174.131 8.86682 12.3
    endloop
  endfacet
  facet normal 0 0 1
    outer loop
      vertex 149.869 8.86682 12.3
      vertex 174.131 8.86682 12.3
      vertex 174.196 9.04724 12.3
    endloop
  endfacet
  facet normal 0 0 1
    outer loop
      vertex 149.804 9.04724 12.3
      vertex 174.196 9.04724 12.3
      vertex 174.198 9.05238 12.3
    endloop
  endfacet
  facet normal 0 0 1
    outer loop
      vertex 149.804 9.04724 12.3
      vertex 174.198 9.05238 12.3
      vertex 174.278 9.22046 12.3
    endloop
  endfacet
  facet normal 0 0 1
    outer loop
      vertex 149.722 9.22046 12.3
      vertex 174.278 9.22046 12.3
      vertex 174.374 9.37995 12.3
    endloop
  endfacet
  facet normal 0 0 1
    outer loop
      vertex 149.722 9.22046 12.3
      vertex 174.374 9.37995 12.3
      vertex 174.376 9.38482 12.3
    endloop
  endfacet
  facet normal 0 0 1
    outer loop
      vertex 149.624 9.38482 12.3
      vertex 174.376 9.38482 12.3
      vertex 174.491 9.53874 12.3
    endloop
  endfacet
  facet normal 0 0 1
    outer loop
      vertex 149.509 9.53874 12.3
      vertex 174.491 9.53874 12.3
      vertex 174.619 9.68072 12.3
    endloop
  endfacet
  facet normal 0 0 1
    outer loop
      vertex 149.381 9.68072 12.3
      vertex 174.619 9.68072 12.3
      vertex 174.761 9.8094 12.3
    endloop
  endfacet
  facet normal 0 0 1
    outer loop
      vertex 149.239 9.8094 12.3
      vertex 174.761 9.8094 12.3
      vertex 174.915 9.92355 12.3
    endloop
  endfacet
  facet normal 0 0 1
    outer loop
      vertex 149.085 9.92355 12.3
      vertex 174.915 9.92355 12.3
      vertex 174.92 9.92647 12.3
    endloop
  endfacet
  facet normal 0 0 1
    outer loop
      vertex 149.085 9.92355 12.3
      vertex 174.92 9.92647 12.3
      vertex 175.08 10.0221 12.3
    endloop
  endfacet
  facet normal 0 0 1
    outer loop
      vertex 148.92 10.0221 12.3
      vertex 175.08 10.0221 12.3
      vertex 175.248 10.1016 12.3
    endloop
  endfacet
  facet normal 0 0 1
    outer loop
      vertex 148.92 10.0221 12.3
      vertex 175.248 10.1016 12.3
      vertex 175.253 10.104 12.3
    endloop
  endfacet
  facet normal 0 0 1
    outer loop
      vertex 148.747 10.104 12.3
      vertex 175.253 10.104 12.3
      vertex 175.428 10.1666 12.3
    endloop
  endfacet
  facet normal 0 0 1
    outer loop
      vertex 148.747 10.104 12.3
      vertex 175.428 10.1666 12.3
      vertex 175.433 10.1686 12.3
    endloop
  endfacet
  facet normal 0 0 1
    outer loop
      vertex 148.567 10.1686 12.3
      vertex 175.433 10.1686 12.3
      vertex 175.439 10.1699 12.3
    endloop
  endfacet
  facet normal 0 0 1
    outer loop
      vertex 148.567 10.1686 12.3
      vertex 175.439 10.1699 12.3
      vertex 175.619 10.2151 12.3
    endloop
  endfacet
  facet normal 0 0 1
    outer loop
      vertex 175.625 10.2159 12.3
      vertex 148.191 10.2432 12.3
      vertex 175.619 10.2151 12.3
    endloop
  endfacet
  facet normal 0 0 1
    outer loop
      vertex 174.056 8.48572 12.3
      vertex 149.952 8.30567 12.3
      vertex 149.953 8.3 12.3
    endloop
  endfacet
  facet normal 0 0 1
    outer loop
      vertex 174.057 8.49139 12.3
      vertex 149.943 8.49139 12.3
      vertex 149.952 8.30567 12.3
    endloop
  endfacet
  facet normal 0 0 1
    outer loop
      vertex 174.085 8.68094 12.3
      vertex 149.916 8.67532 12.3
      vertex 149.943 8.49139 12.3
    endloop
  endfacet
  facet normal 0 0 1
    outer loop
      vertex 174.085 8.68094 12.3
      vertex 149.915 8.68094 12.3
      vertex 149.916 8.67532 12.3
    endloop
  endfacet
  facet normal 0 0 1
    outer loop
      vertex 174.131 8.86682 12.3
      vertex 149.914 8.68645 12.3
      vertex 149.915 8.68094 12.3
    endloop
  endfacet
  facet normal 0 0 1
    outer loop
      vertex 174.131 8.86682 12.3
      vertex 149.869 8.86682 12.3
      vertex 149.914 8.68645 12.3
    endloop
  endfacet
  facet normal 0 0 1
    outer loop
      vertex 174.196 9.04724 12.3
      vertex 149.806 9.04189 12.3
      vertex 149.869 8.86682 12.3
    endloop
  endfacet
  facet normal 0 0 1
    outer loop
      vertex 174.196 9.04724 12.3
      vertex 149.804 9.04724 12.3
      vertex 149.806 9.04189 12.3
    endloop
  endfacet
  facet normal 0 0 1
    outer loop
      vertex 174.278 9.22046 12.3
      vertex 149.802 9.05238 12.3
      vertex 149.804 9.04724 12.3
    endloop
  endfacet
  facet normal 0 0 1
    outer loop
      vertex 174.278 9.22046 12.3
      vertex 149.722 9.22046 12.3
      vertex 149.802 9.05238 12.3
    endloop
  endfacet
  facet normal 0 0 1
    outer loop
      vertex 174.376 9.38482 12.3
      vertex 149.626 9.37995 12.3
      vertex 149.722 9.22046 12.3
    endloop
  endfacet
  facet normal 0 0 1
    outer loop
      vertex 174.376 9.38482 12.3
      vertex 149.624 9.38482 12.3
      vertex 149.626 9.37995 12.3
    endloop
  endfacet
  facet normal 0 0 1
    outer loop
      vertex 174.491 9.53874 12.3
      vertex 149.62 9.38939 12.3
      vertex 149.624 9.38482 12.3
    endloop
  endfacet
  facet normal 0 0 1
    outer loop
      vertex 174.491 9.53874 12.3
      vertex 149.509 9.53874 12.3
      vertex 149.62 9.38939 12.3
    endloop
  endfacet
  facet normal 0 0 1
    outer loop
      vertex 174.619 9.68072 12.3
      vertex 149.385 9.67651 12.3
      vertex 149.509 9.53874 12.3
    endloop
  endfacet
  facet normal 0 0 1
    outer loop
      vertex 174.619 9.68072 12.3
      vertex 149.381 9.68072 12.3
      vertex 149.385 9.67651 12.3
    endloop
  endfacet
  facet normal 0 0 1
    outer loop
      vertex 174.761 9.8094 12.3
      vertex 149.377 9.68453 12.3
      vertex 149.381 9.68072 12.3
    endloop
  endfacet
  facet normal 0 0 1
    outer loop
      vertex 174.761 9.8094 12.3
      vertex 149.239 9.8094 12.3
      vertex 149.377 9.68453 12.3
    endloop
  endfacet
  facet normal 0 0 1
    outer loop
      vertex 174.915 9.92355 12.3
      vertex 149.089 9.92017 12.3
      vertex 149.239 9.8094 12.3
    endloop
  endfacet
  facet normal 0 0 1
    outer loop
      vertex 174.915 9.92355 12.3
      vertex 149.085 9.92355 12.3
      vertex 149.089 9.92017 12.3
    endloop
  endfacet
  facet normal 0 0 1
    outer loop
      vertex 175.08 10.0221 12.3
      vertex 149.08 9.92647 12.3
      vertex 149.085 9.92355 12.3
    endloop
  endfacet
  facet normal 0 0 1
    outer loop
      vertex 175.08 10.0221 12.3
      vertex 148.92 10.0221 12.3
      vertex 149.08 9.92647 12.3
    endloop
  endfacet
  facet normal 0 0 1
    outer loop
      vertex 175.253 10.104 12.3
      vertex 148.752 10.1016 12.3
      vertex 148.92 10.0221 12.3
    endloop
  endfacet
  facet normal 0 0 1
    outer loop
      vertex 175.253 10.104 12.3
      vertex 148.747 10.104 12.3
      vertex 148.752 10.1016 12.3
    endloop
  endfacet
  facet normal 0 0 1
    outer loop
      vertex 175.433 10.1686 12.3
      vertex 148.572 10.1666 12.3
      vertex 148.747 10.104 12.3
    endloop
  endfacet
  facet normal 0 0 1
    outer loop
      vertex 175.433 10.1686 12.3
      vertex 148.567 10.1686 12.3
      vertex 148.572 10.1666 12.3
    endloop
  endfacet
  facet normal 0 0 1
    outer loop
      vertex 175.619 10.2151 12.3
      vertex 148.561 10.1699 12.3
      vertex 148.567 10.1686 12.3
    endloop
  endfacet
  facet normal 0 0 1
    outer loop
      vertex 175.619 10.2151 12.3
      vertex 148.381 10.2151 12.3
      vertex 148.561 10.1699 12.3
    endloop
  endfacet
  facet normal 0 0 1
    outer loop
      vertex 175.619 10.2151 12.3
      vertex 148.375 10.2159 12.3
      vertex 148.381 10.2151 12.3
    endloop
  endfacet
  facet normal 0 0 1
    outer loop
      vertex 175.619 10.2151 12.3
      vertex 148.191 10.2432 12.3
      vertex 148.375 10.2159 12.3
    endloop
  endfacet
  facet normal 0 0 1
    outer loop
      vertex 212 16.6 12.3
      vertex 148.186 10.2435 12.3
      vertex 148.191 10.2432 12.3
    endloop
  endfacet
  facet normal 0 0 1
    outer loop
      vertex 212 16.6 12.3
      vertex 148 10.2526 12.3
      vertex 148.186 10.2435 12.3
    endloop
  endfacet
  facet normal -0 0 1
    outer loop
      vertex 106 16.6 12.3
      vertex 148 10.2526 12.3
      vertex 212 16.6 12.3
    endloop
  endfacet
  facet normal 0 0 1
    outer loop
      vertex 148 10.2526 12.3
      vertex 106 16.6 12.3
      vertex 147.814 10.2435 12.3
    endloop
  endfacet
  facet normal 0 0 1
    outer loop
      vertex 146.915 9.92355 12.3
      vertex 146.761 9.8094 12.3
      vertex 146.911 9.92017 12.3
    endloop
  endfacet
  facet normal 0 0 -1
    outer loop
      vertex 146.761 9.8094 12.3
      vertex 146.619 9.68072 12.3
      vertex 146.623 9.68453 12.3
    endloop
  endfacet
  facet normal 0 0 -1
    outer loop
      vertex 146.619 9.68072 12.3
      vertex 146.491 9.53874 12.3
      vertex 146.615 9.67651 12.3
    endloop
  endfacet
  facet normal 0 0 1
    outer loop
      vertex 146.491 9.53874 12.3
      vertex 146.376 9.38482 12.3
      vertex 146.38 9.38939 12.3
    endloop
  endfacet
  facet normal 0 0 -1
    outer loop
      vertex 146.196 9.04724 12.3
      vertex 146.131 8.86682 12.3
      vertex 146.194 9.04189 12.3
    endloop
  endfacet
  facet normal 0 0 -1
    outer loop
      vertex 146.131 8.86682 12.3
      vertex 146.085 8.68094 12.3
      vertex 146.086 8.68645 12.3
    endloop
  endfacet
  facet normal 0 0 -1
    outer loop
      vertex 146.085 8.68094 12.3
      vertex 146.057 8.49139 12.3
      vertex 146.084 8.67532 12.3
    endloop
  endfacet
  facet normal 0 0 1
    outer loop
      vertex 146.056 8.48572 12.3
      vertex 121.953 8.3 12.3
      vertex 146.047 8.3 12.3
    endloop
  endfacet
  facet normal 0 0 1
    outer loop
      vertex 121.952 8.30567 12.3
      vertex 146.056 8.48572 12.3
      vertex 146.057 8.49139 12.3
    endloop
  endfacet
  facet normal 0 0 1
    outer loop
      vertex 121.943 8.49139 12.3
      vertex 146.057 8.49139 12.3
      vertex 146.085 8.68094 12.3
    endloop
  endfacet
  facet normal 0 0 1
    outer loop
      vertex 121.915 8.68094 12.3
      vertex 146.085 8.68094 12.3
      vertex 146.131 8.86682 12.3
    endloop
  endfacet
  facet normal 0 0 1
    outer loop
      vertex 121.869 8.86682 12.3
      vertex 146.131 8.86682 12.3
      vertex 146.196 9.04724 12.3
    endloop
  endfacet
  facet normal 0 0 1
    outer loop
      vertex 121.804 9.04724 12.3
      vertex 146.196 9.04724 12.3
      vertex 146.198 9.05238 12.3
    endloop
  endfacet
  facet normal 0 0 1
    outer loop
      vertex 121.804 9.04724 12.3
      vertex 146.198 9.05238 12.3
      vertex 146.278 9.22046 12.3
    endloop
  endfacet
  facet normal 0 0 1
    outer loop
      vertex 121.722 9.22046 12.3
      vertex 146.278 9.22046 12.3
      vertex 146.374 9.37995 12.3
    endloop
  endfacet
  facet normal 0 0 1
    outer loop
      vertex 121.722 9.22046 12.3
      vertex 146.374 9.37995 12.3
      vertex 146.376 9.38482 12.3
    endloop
  endfacet
  facet normal 0 0 1
    outer loop
      vertex 121.624 9.38482 12.3
      vertex 146.376 9.38482 12.3
      vertex 146.491 9.53874 12.3
    endloop
  endfacet
  facet normal 0 0 1
    outer loop
      vertex 121.509 9.53874 12.3
      vertex 146.491 9.53874 12.3
      vertex 146.619 9.68072 12.3
    endloop
  endfacet
  facet normal 0 0 1
    outer loop
      vertex 121.381 9.68072 12.3
      vertex 146.619 9.68072 12.3
      vertex 146.761 9.8094 12.3
    endloop
  endfacet
  facet normal 0 0 1
    outer loop
      vertex 121.239 9.8094 12.3
      vertex 146.761 9.8094 12.3
      vertex 146.915 9.92355 12.3
    endloop
  endfacet
  facet normal 0 0 1
    outer loop
      vertex 121.085 9.92355 12.3
      vertex 146.915 9.92355 12.3
      vertex 146.92 9.92647 12.3
    endloop
  endfacet
  facet normal 0 0 1
    outer loop
      vertex 121.085 9.92355 12.3
      vertex 146.92 9.92647 12.3
      vertex 147.08 10.0221 12.3
    endloop
  endfacet
  facet normal 0 0 1
    outer loop
      vertex 120.92 10.0221 12.3
      vertex 147.08 10.0221 12.3
      vertex 147.248 10.1016 12.3
    endloop
  endfacet
  facet normal 0 0 1
    outer loop
      vertex 120.92 10.0221 12.3
      vertex 147.248 10.1016 12.3
      vertex 147.253 10.104 12.3
    endloop
  endfacet
  facet normal 0 0 1
    outer loop
      vertex 120.747 10.104 12.3
      vertex 147.253 10.104 12.3
      vertex 147.428 10.1666 12.3
    endloop
  endfacet
  facet normal 0 0 1
    outer loop
      vertex 120.747 10.104 12.3
      vertex 147.428 10.1666 12.3
      vertex 147.433 10.1686 12.3
    endloop
  endfacet
  facet normal 0 0 1
    outer loop
      vertex 106 16.6 12.3
      vertex 147.433 10.1686 12.3
      vertex 147.439 10.1699 12.3
    endloop
  endfacet
  facet normal 0 0 1
    outer loop
      vertex 106 16.6 12.3
      vertex 147.439 10.1699 12.3
      vertex 147.619 10.2151 12.3
    endloop
  endfacet
  facet normal 0 0 1
    outer loop
      vertex 106 16.6 12.3
      vertex 147.619 10.2151 12.3
      vertex 147.625 10.2159 12.3
    endloop
  endfacet
  facet normal 0 0 1
    outer loop
      vertex 106 16.6 12.3
      vertex 147.625 10.2159 12.3
      vertex 147.809 10.2432 12.3
    endloop
  endfacet
  facet normal 0 0 1
    outer loop
      vertex 147.814 10.2435 12.3
      vertex 106 16.6 12.3
      vertex 147.809 10.2432 12.3
    endloop
  endfacet
  facet normal 0 0 1
    outer loop
      vertex 146.056 8.48572 12.3
      vertex 121.952 8.30567 12.3
      vertex 121.953 8.3 12.3
    endloop
  endfacet
  facet normal 0 0 1
    outer loop
      vertex 146.057 8.49139 12.3
      vertex 121.943 8.49139 12.3
      vertex 121.952 8.30567 12.3
    endloop
  endfacet
  facet normal 0 0 1
    outer loop
      vertex 146.085 8.68094 12.3
      vertex 121.916 8.67532 12.3
      vertex 121.943 8.49139 12.3
    endloop
  endfacet
  facet normal 0 0 1
    outer loop
      vertex 146.085 8.68094 12.3
      vertex 121.915 8.68094 12.3
      vertex 121.916 8.67532 12.3
    endloop
  endfacet
  facet normal 0 0 1
    outer loop
      vertex 146.131 8.86682 12.3
      vertex 121.914 8.68645 12.3
      vertex 121.915 8.68094 12.3
    endloop
  endfacet
  facet normal 0 0 1
    outer loop
      vertex 146.131 8.86682 12.3
      vertex 121.869 8.86682 12.3
      vertex 121.914 8.68645 12.3
    endloop
  endfacet
  facet normal 0 0 1
    outer loop
      vertex 146.196 9.04724 12.3
      vertex 121.806 9.04189 12.3
      vertex 121.869 8.86682 12.3
    endloop
  endfacet
  facet normal 0 0 1
    outer loop
      vertex 146.196 9.04724 12.3
      vertex 121.804 9.04724 12.3
      vertex 121.806 9.04189 12.3
    endloop
  endfacet
  facet normal 0 0 1
    outer loop
      vertex 146.278 9.22046 12.3
      vertex 121.802 9.05238 12.3
      vertex 121.804 9.04724 12.3
    endloop
  endfacet
  facet normal 0 0 1
    outer loop
      vertex 146.278 9.22046 12.3
      vertex 121.722 9.22046 12.3
      vertex 121.802 9.05238 12.3
    endloop
  endfacet
  facet normal 0 0 1
    outer loop
      vertex 146.376 9.38482 12.3
      vertex 121.626 9.37995 12.3
      vertex 121.722 9.22046 12.3
    endloop
  endfacet
  facet normal 0 0 1
    outer loop
      vertex 146.376 9.38482 12.3
      vertex 121.624 9.38482 12.3
      vertex 121.626 9.37995 12.3
    endloop
  endfacet
  facet normal 0 0 1
    outer loop
      vertex 146.491 9.53874 12.3
      vertex 121.62 9.38939 12.3
      vertex 121.624 9.38482 12.3
    endloop
  endfacet
  facet normal 0 0 1
    outer loop
      vertex 146.491 9.53874 12.3
      vertex 121.509 9.53874 12.3
      vertex 121.62 9.38939 12.3
    endloop
  endfacet
  facet normal 0 0 1
    outer loop
      vertex 146.619 9.68072 12.3
      vertex 121.385 9.67651 12.3
      vertex 121.509 9.53874 12.3
    endloop
  endfacet
  facet normal 0 0 1
    outer loop
      vertex 146.619 9.68072 12.3
      vertex 121.381 9.68072 12.3
      vertex 121.385 9.67651 12.3
    endloop
  endfacet
  facet normal 0 0 1
    outer loop
      vertex 146.761 9.8094 12.3
      vertex 121.377 9.68453 12.3
      vertex 121.381 9.68072 12.3
    endloop
  endfacet
  facet normal 0 0 1
    outer loop
      vertex 146.761 9.8094 12.3
      vertex 121.239 9.8094 12.3
      vertex 121.377 9.68453 12.3
    endloop
  endfacet
  facet normal 0 0 1
    outer loop
      vertex 146.915 9.92355 12.3
      vertex 121.089 9.92017 12.3
      vertex 121.239 9.8094 12.3
    endloop
  endfacet
  facet normal 0 0 1
    outer loop
      vertex 146.915 9.92355 12.3
      vertex 121.085 9.92355 12.3
      vertex 121.089 9.92017 12.3
    endloop
  endfacet
  facet normal 0 0 1
    outer loop
      vertex 147.08 10.0221 12.3
      vertex 121.08 9.92647 12.3
      vertex 121.085 9.92355 12.3
    endloop
  endfacet
  facet normal 0 0 1
    outer loop
      vertex 147.08 10.0221 12.3
      vertex 120.92 10.0221 12.3
      vertex 121.08 9.92647 12.3
    endloop
  endfacet
  facet normal 0 0 1
    outer loop
      vertex 147.253 10.104 12.3
      vertex 120.752 10.1016 12.3
      vertex 120.92 10.0221 12.3
    endloop
  endfacet
  facet normal 0 0 1
    outer loop
      vertex 147.253 10.104 12.3
      vertex 120.747 10.104 12.3
      vertex 120.752 10.1016 12.3
    endloop
  endfacet
  facet normal 0 0 1
    outer loop
      vertex 147.433 10.1686 12.3
      vertex 120.572 10.1666 12.3
      vertex 120.747 10.104 12.3
    endloop
  endfacet
  facet normal 0 0 1
    outer loop
      vertex 147.433 10.1686 12.3
      vertex 120.567 10.1686 12.3
      vertex 120.572 10.1666 12.3
    endloop
  endfacet
  facet normal 0 0 1
    outer loop
      vertex 147.433 10.1686 12.3
      vertex 106 16.6 12.3
      vertex 120.567 10.1686 12.3
    endloop
  endfacet
  facet normal 0 0 1
    outer loop
      vertex 120.567 10.1686 12.3
      vertex 106 16.6 12.3
      vertex 120.561 10.1699 12.3
    endloop
  endfacet
  facet normal 0 0 1
    outer loop
      vertex 120.561 10.1699 12.3
      vertex 106 16.6 12.3
      vertex 120.381 10.2151 12.3
    endloop
  endfacet
  facet normal 0 0 1
    outer loop
      vertex 120.381 10.2151 12.3
      vertex 106 16.6 12.3
      vertex 120.375 10.2159 12.3
    endloop
  endfacet
  facet normal 0 0 1
    outer loop
      vertex 120.375 10.2159 12.3
      vertex 106 16.6 12.3
      vertex 120.191 10.2432 12.3
    endloop
  endfacet
  facet normal 0 0 1
    outer loop
      vertex 120.191 10.2432 12.3
      vertex 106 16.6 12.3
      vertex 120.186 10.2435 12.3
    endloop
  endfacet
  facet normal 0 0 1
    outer loop
      vertex 120.186 10.2435 12.3
      vertex 106 16.6 12.3
      vertex 120 10.2526 12.3
    endloop
  endfacet
  facet normal 0 0 1
    outer loop
      vertex 120 10.2526 12.3
      vertex 106 16.6 12.3
      vertex 119.814 10.2435 12.3
    endloop
  endfacet
  facet normal 0 0 1
    outer loop
      vertex 119.809 10.2432 12.3
      vertex 119.619 10.2151 12.3
      vertex 119.625 10.2159 12.3
    endloop
  endfacet
  facet normal 0 0 1
    outer loop
      vertex 119.433 10.1686 12.3
      vertex 119.253 10.104 12.3
      vertex 119.428 10.1666 12.3
    endloop
  endfacet
  facet normal 0 0 1
    outer loop
      vertex 106 16.6 12.3
      vertex 119.248 10.1016 12.3
      vertex 119.253 10.104 12.3
    endloop
  endfacet
  facet normal 0 0 1
    outer loop
      vertex 106 16.6 12.3
      vertex 118.92 9.92647 12.3
      vertex 119.08 10.0221 12.3
    endloop
  endfacet
  facet normal 0 0 1
    outer loop
      vertex 106 16.6 12.3
      vertex 118.911 9.92017 12.3
      vertex 118.915 9.92355 12.3
    endloop
  endfacet
  facet normal 0 0 1
    outer loop
      vertex 106 16.6 12.3
      vertex 118.623 9.68453 12.3
      vertex 118.761 9.8094 12.3
    endloop
  endfacet
  facet normal 0 0 1
    outer loop
      vertex 106 16.6 12.3
      vertex 118.615 9.67651 12.3
      vertex 118.619 9.68072 12.3
    endloop
  endfacet
  facet normal 0 0 1
    outer loop
      vertex 106 16.6 12.3
      vertex 118.38 9.38939 12.3
      vertex 118.491 9.53874 12.3
    endloop
  endfacet
  facet normal 0 0 1
    outer loop
      vertex 106 16.6 12.3
      vertex 118.374 9.37995 12.3
      vertex 118.376 9.38482 12.3
    endloop
  endfacet
  facet normal 0 0 1
    outer loop
      vertex 106 16.6 12.3
      vertex 118.086 8.68645 12.3
      vertex 118.131 8.86682 12.3
    endloop
  endfacet
  facet normal 0 0 1
    outer loop
      vertex 106 16.6 12.3
      vertex 118.084 8.67532 12.3
      vertex 118.085 8.68094 12.3
    endloop
  endfacet
  facet normal 0 0 1
    outer loop
      vertex 106 16.6 12.3
      vertex 118.056 8.48572 12.3
      vertex 118.057 8.49139 12.3
    endloop
  endfacet
  facet normal 0 0 1
    outer loop
      vertex 118.056 8.48572 12.3
      vertex 106 16.6 12.3
      vertex 118.047 8.3 12.3
    endloop
  endfacet
  facet normal 0 0 1
    outer loop
      vertex 118.084 8.67532 12.3
      vertex 106 16.6 12.3
      vertex 118.057 8.49139 12.3
    endloop
  endfacet
  facet normal 0 0 1
    outer loop
      vertex 118.086 8.68645 12.3
      vertex 106 16.6 12.3
      vertex 118.085 8.68094 12.3
    endloop
  endfacet
  facet normal 0 0 1
    outer loop
      vertex 118.194 9.04189 12.3
      vertex 106 16.6 12.3
      vertex 118.131 8.86682 12.3
    endloop
  endfacet
  facet normal 0 0 1
    outer loop
      vertex 118.196 9.04724 12.3
      vertex 106 16.6 12.3
      vertex 118.194 9.04189 12.3
    endloop
  endfacet
  facet normal 0 0 1
    outer loop
      vertex 118.198 9.05238 12.3
      vertex 106 16.6 12.3
      vertex 118.196 9.04724 12.3
    endloop
  endfacet
  facet normal 0 0 1
    outer loop
      vertex 118.278 9.22046 12.3
      vertex 106 16.6 12.3
      vertex 118.198 9.05238 12.3
    endloop
  endfacet
  facet normal 0 0 1
    outer loop
      vertex 118.374 9.37995 12.3
      vertex 106 16.6 12.3
      vertex 118.278 9.22046 12.3
    endloop
  endfacet
  facet normal 0 0 1
    outer loop
      vertex 118.38 9.38939 12.3
      vertex 106 16.6 12.3
      vertex 118.376 9.38482 12.3
    endloop
  endfacet
  facet normal 0 0 1
    outer loop
      vertex 118.615 9.67651 12.3
      vertex 106 16.6 12.3
      vertex 118.491 9.53874 12.3
    endloop
  endfacet
  facet normal 0 0 1
    outer loop
      vertex 118.623 9.68453 12.3
      vertex 106 16.6 12.3
      vertex 118.619 9.68072 12.3
    endloop
  endfacet
  facet normal 0 0 1
    outer loop
      vertex 118.911 9.92017 12.3
      vertex 106 16.6 12.3
      vertex 118.761 9.8094 12.3
    endloop
  endfacet
  facet normal 0 0 1
    outer loop
      vertex 118.92 9.92647 12.3
      vertex 106 16.6 12.3
      vertex 118.915 9.92355 12.3
    endloop
  endfacet
  facet normal 0 0 1
    outer loop
      vertex 119.248 10.1016 12.3
      vertex 106 16.6 12.3
      vertex 119.08 10.0221 12.3
    endloop
  endfacet
  facet normal 0 0 1
    outer loop
      vertex 119.433 10.1686 12.3
      vertex 106 16.6 12.3
      vertex 119.253 10.104 12.3
    endloop
  endfacet
  facet normal 0 0 1
    outer loop
      vertex 119.439 10.1699 12.3
      vertex 106 16.6 12.3
      vertex 119.433 10.1686 12.3
    endloop
  endfacet
  facet normal 0 0 1
    outer loop
      vertex 119.619 10.2151 12.3
      vertex 106 16.6 12.3
      vertex 119.439 10.1699 12.3
    endloop
  endfacet
  facet normal 0 0 1
    outer loop
      vertex 119.809 10.2432 12.3
      vertex 106 16.6 12.3
      vertex 119.619 10.2151 12.3
    endloop
  endfacet
  facet normal 0 0 1
    outer loop
      vertex 119.814 10.2435 12.3
      vertex 106 16.6 12.3
      vertex 119.809 10.2432 12.3
    endloop
  endfacet
  facet normal -0 0 1
    outer loop
      vertex 205.952 8.29432 12.3
      vertex 212 0 12.3
      vertex 205.953 8.3 12.3
    endloop
  endfacet
  facet normal -0 0 1
    outer loop
      vertex 205.943 8.10861 12.3
      vertex 212 0 12.3
      vertex 205.952 8.29432 12.3
    endloop
  endfacet
  facet normal -0 0 1
    outer loop
      vertex 205.916 7.92468 12.3
      vertex 212 0 12.3
      vertex 205.943 8.10861 12.3
    endloop
  endfacet
  facet normal -0 0 1
    outer loop
      vertex 205.915 7.91906 12.3
      vertex 212 0 12.3
      vertex 205.916 7.92468 12.3
    endloop
  endfacet
  facet normal -0 0 1
    outer loop
      vertex 205.914 7.91355 12.3
      vertex 212 0 12.3
      vertex 205.915 7.91906 12.3
    endloop
  endfacet
  facet normal -0 0 1
    outer loop
      vertex 205.869 7.73318 12.3
      vertex 212 0 12.3
      vertex 205.914 7.91355 12.3
    endloop
  endfacet
  facet normal -0 0 1
    outer loop
      vertex 205.806 7.55811 12.3
      vertex 212 0 12.3
      vertex 205.869 7.73318 12.3
    endloop
  endfacet
  facet normal -0 0 1
    outer loop
      vertex 205.804 7.55276 12.3
      vertex 212 0 12.3
      vertex 205.806 7.55811 12.3
    endloop
  endfacet
  facet normal -0 0 1
    outer loop
      vertex 205.802 7.54762 12.3
      vertex 212 0 12.3
      vertex 205.804 7.55276 12.3
    endloop
  endfacet
  facet normal -0 0 1
    outer loop
      vertex 205.722 7.37954 12.3
      vertex 212 0 12.3
      vertex 205.802 7.54762 12.3
    endloop
  endfacet
  facet normal -0 0 1
    outer loop
      vertex 205.626 7.22005 12.3
      vertex 212 0 12.3
      vertex 205.722 7.37954 12.3
    endloop
  endfacet
  facet normal -0 0 1
    outer loop
      vertex 205.624 7.21518 12.3
      vertex 212 0 12.3
      vertex 205.626 7.22005 12.3
    endloop
  endfacet
  facet normal -0 0 1
    outer loop
      vertex 205.62 7.21061 12.3
      vertex 212 0 12.3
      vertex 205.624 7.21518 12.3
    endloop
  endfacet
  facet normal -0 0 1
    outer loop
      vertex 205.509 7.06126 12.3
      vertex 212 0 12.3
      vertex 205.62 7.21061 12.3
    endloop
  endfacet
  facet normal -0 0 1
    outer loop
      vertex 205.385 6.92349 12.3
      vertex 212 0 12.3
      vertex 205.509 7.06126 12.3
    endloop
  endfacet
  facet normal -0 0 1
    outer loop
      vertex 205.381 6.91928 12.3
      vertex 212 0 12.3
      vertex 205.385 6.92349 12.3
    endloop
  endfacet
  facet normal -0 0 1
    outer loop
      vertex 205.377 6.91547 12.3
      vertex 212 0 12.3
      vertex 205.381 6.91928 12.3
    endloop
  endfacet
  facet normal -0 0 1
    outer loop
      vertex 205.239 6.7906 12.3
      vertex 212 0 12.3
      vertex 205.377 6.91547 12.3
    endloop
  endfacet
  facet normal -0 0 1
    outer loop
      vertex 205.234 6.78721 12.3
      vertex 212 0 12.3
      vertex 205.239 6.7906 12.3
    endloop
  endfacet
  facet normal -0 0 1
    outer loop
      vertex 205.085 6.67645 12.3
      vertex 212 0 12.3
      vertex 205.234 6.78721 12.3
    endloop
  endfacet
  facet normal -0 0 1
    outer loop
      vertex 204.925 6.58085 12.3
      vertex 212 0 12.3
      vertex 205.085 6.67645 12.3
    endloop
  endfacet
  facet normal -0 0 1
    outer loop
      vertex 204.92 6.57793 12.3
      vertex 212 0 12.3
      vertex 204.925 6.58085 12.3
    endloop
  endfacet
  facet normal -0 0 1
    outer loop
      vertex 204.752 6.49843 12.3
      vertex 212 0 12.3
      vertex 204.92 6.57793 12.3
    endloop
  endfacet
  facet normal -0 0 1
    outer loop
      vertex 204.747 6.496 12.3
      vertex 212 0 12.3
      vertex 204.752 6.49843 12.3
    endloop
  endfacet
  facet normal -0 0 1
    outer loop
      vertex 204.742 6.49409 12.3
      vertex 212 0 12.3
      vertex 204.747 6.496 12.3
    endloop
  endfacet
  facet normal -0 0 1
    outer loop
      vertex 204.567 6.43145 12.3
      vertex 212 0 12.3
      vertex 204.742 6.49409 12.3
    endloop
  endfacet
  facet normal -0 0 1
    outer loop
      vertex 204.386 6.38627 12.3
      vertex 212 0 12.3
      vertex 204.567 6.43145 12.3
    endloop
  endfacet
  facet normal -0 0 1
    outer loop
      vertex 204.381 6.38489 12.3
      vertex 212 0 12.3
      vertex 204.386 6.38627 12.3
    endloop
  endfacet
  facet normal -0 0 1
    outer loop
      vertex 204.375 6.38405 12.3
      vertex 212 0 12.3
      vertex 204.381 6.38489 12.3
    endloop
  endfacet
  facet normal -0 0 1
    outer loop
      vertex 204.191 6.35677 12.3
      vertex 212 0 12.3
      vertex 204.375 6.38405 12.3
    endloop
  endfacet
  facet normal -0 0 1
    outer loop
      vertex 204.006 6.34765 12.3
      vertex 212 0 12.3
      vertex 204.191 6.35677 12.3
    endloop
  endfacet
  facet normal -0 0 1
    outer loop
      vertex 204 6.34737 12.3
      vertex 212 0 12.3
      vertex 204.006 6.34765 12.3
    endloop
  endfacet
  facet normal 0 0 1
    outer loop
      vertex 203.994 6.34765 12.3
      vertex 212 0 12.3
      vertex 204 6.34737 12.3
    endloop
  endfacet
  facet normal 0 0 1
    outer loop
      vertex 203.809 6.35677 12.3
      vertex 212 0 12.3
      vertex 203.994 6.34765 12.3
    endloop
  endfacet
  facet normal 0 0 1
    outer loop
      vertex 203.625 6.38405 12.3
      vertex 212 0 12.3
      vertex 203.809 6.35677 12.3
    endloop
  endfacet
  facet normal 0 0 1
    outer loop
      vertex 203.619 6.38489 12.3
      vertex 212 0 12.3
      vertex 203.625 6.38405 12.3
    endloop
  endfacet
  facet normal 0 0 1
    outer loop
      vertex 203.614 6.38627 12.3
      vertex 212 0 12.3
      vertex 203.619 6.38489 12.3
    endloop
  endfacet
  facet normal 0 0 1
    outer loop
      vertex 203.433 6.43145 12.3
      vertex 212 0 12.3
      vertex 203.614 6.38627 12.3
    endloop
  endfacet
  facet normal 0 0 1
    outer loop
      vertex 203.258 6.49409 12.3
      vertex 212 0 12.3
      vertex 203.433 6.43145 12.3
    endloop
  endfacet
  facet normal 0 0 1
    outer loop
      vertex 203.253 6.496 12.3
      vertex 212 0 12.3
      vertex 203.258 6.49409 12.3
    endloop
  endfacet
  facet normal 0 0 1
    outer loop
      vertex 203.248 6.49843 12.3
      vertex 212 0 12.3
      vertex 203.253 6.496 12.3
    endloop
  endfacet
  facet normal 0 0 1
    outer loop
      vertex 203.08 6.57793 12.3
      vertex 212 0 12.3
      vertex 203.248 6.49843 12.3
    endloop
  endfacet
  facet normal 0 0 1
    outer loop
      vertex 176.92 6.57793 12.3
      vertex 203.08 6.57793 12.3
      vertex 203.075 6.58085 12.3
    endloop
  endfacet
  facet normal 0 0 1
    outer loop
      vertex 176.92 6.57793 12.3
      vertex 203.075 6.58085 12.3
      vertex 202.915 6.67645 12.3
    endloop
  endfacet
  facet normal 0 0 -1
    outer loop
      vertex 202.619 6.91928 12.3
      vertex 202.761 6.7906 12.3
      vertex 202.623 6.91547 12.3
    endloop
  endfacet
  facet normal 0 0 -1
    outer loop
      vertex 202.491 7.06126 12.3
      vertex 202.619 6.91928 12.3
      vertex 202.615 6.92349 12.3
    endloop
  endfacet
  facet normal 0 0 1
    outer loop
      vertex 202.376 7.21518 12.3
      vertex 202.491 7.06126 12.3
      vertex 202.38 7.21061 12.3
    endloop
  endfacet
  facet normal 0 0 -1
    outer loop
      vertex 202.131 7.73318 12.3
      vertex 202.196 7.55276 12.3
      vertex 202.194 7.55811 12.3
    endloop
  endfacet
  facet normal 0 0 -1
    outer loop
      vertex 202.085 7.91906 12.3
      vertex 202.131 7.73318 12.3
      vertex 202.086 7.91355 12.3
    endloop
  endfacet
  facet normal 0 0 -1
    outer loop
      vertex 202.057 8.10861 12.3
      vertex 202.085 7.91906 12.3
      vertex 202.084 7.92468 12.3
    endloop
  endfacet
  facet normal -0 0 1
    outer loop
      vertex 177.953 8.3 12.3
      vertex 202.056 8.11428 12.3
      vertex 202.047 8.3 12.3
    endloop
  endfacet
  facet normal -0 0 1
    outer loop
      vertex 177.952 8.29432 12.3
      vertex 202.056 8.11428 12.3
      vertex 177.953 8.3 12.3
    endloop
  endfacet
  facet normal 0 0 1
    outer loop
      vertex 202.056 8.11428 12.3
      vertex 177.952 8.29432 12.3
      vertex 202.057 8.10861 12.3
    endloop
  endfacet
  facet normal 0 0 1
    outer loop
      vertex 177.943 8.10861 12.3
      vertex 202.057 8.10861 12.3
      vertex 177.952 8.29432 12.3
    endloop
  endfacet
  facet normal 0 0 1
    outer loop
      vertex 202.057 8.10861 12.3
      vertex 177.943 8.10861 12.3
      vertex 202.085 7.91906 12.3
    endloop
  endfacet
  facet normal -0 0 1
    outer loop
      vertex 177.916 7.92468 12.3
      vertex 202.085 7.91906 12.3
      vertex 177.943 8.10861 12.3
    endloop
  endfacet
  facet normal 0 0 1
    outer loop
      vertex 177.915 7.91906 12.3
      vertex 202.085 7.91906 12.3
      vertex 177.916 7.92468 12.3
    endloop
  endfacet
  facet normal 0 0 1
    outer loop
      vertex 202.085 7.91906 12.3
      vertex 177.915 7.91906 12.3
      vertex 202.131 7.73318 12.3
    endloop
  endfacet
  facet normal -0 0 1
    outer loop
      vertex 177.914 7.91355 12.3
      vertex 202.131 7.73318 12.3
      vertex 177.915 7.91906 12.3
    endloop
  endfacet
  facet normal 0 0 1
    outer loop
      vertex 177.869 7.73318 12.3
      vertex 202.131 7.73318 12.3
      vertex 177.914 7.91355 12.3
    endloop
  endfacet
  facet normal 0 0 1
    outer loop
      vertex 202.131 7.73318 12.3
      vertex 177.869 7.73318 12.3
      vertex 202.196 7.55276 12.3
    endloop
  endfacet
  facet normal -0 0 1
    outer loop
      vertex 177.806 7.55811 12.3
      vertex 202.196 7.55276 12.3
      vertex 177.869 7.73318 12.3
    endloop
  endfacet
  facet normal 0 0 1
    outer loop
      vertex 177.804 7.55276 12.3
      vertex 202.196 7.55276 12.3
      vertex 177.806 7.55811 12.3
    endloop
  endfacet
  facet normal 0 0 1
    outer loop
      vertex 202.196 7.55276 12.3
      vertex 177.804 7.55276 12.3
      vertex 202.198 7.54762 12.3
    endloop
  endfacet
  facet normal 0 0 1
    outer loop
      vertex 202.198 7.54762 12.3
      vertex 177.804 7.55276 12.3
      vertex 202.278 7.37954 12.3
    endloop
  endfacet
  facet normal -0 0 1
    outer loop
      vertex 177.802 7.54762 12.3
      vertex 202.278 7.37954 12.3
      vertex 177.804 7.55276 12.3
    endloop
  endfacet
  facet normal 0 0 1
    outer loop
      vertex 177.722 7.37954 12.3
      vertex 202.278 7.37954 12.3
      vertex 177.802 7.54762 12.3
    endloop
  endfacet
  facet normal 0 0 1
    outer loop
      vertex 202.278 7.37954 12.3
      vertex 177.722 7.37954 12.3
      vertex 202.374 7.22005 12.3
    endloop
  endfacet
  facet normal 0 0 1
    outer loop
      vertex 202.374 7.22005 12.3
      vertex 177.722 7.37954 12.3
      vertex 202.376 7.21518 12.3
    endloop
  endfacet
  facet normal -0 0 1
    outer loop
      vertex 177.626 7.22005 12.3
      vertex 202.376 7.21518 12.3
      vertex 177.722 7.37954 12.3
    endloop
  endfacet
  facet normal 0 0 1
    outer loop
      vertex 177.624 7.21518 12.3
      vertex 202.376 7.21518 12.3
      vertex 177.626 7.22005 12.3
    endloop
  endfacet
  facet normal 0 0 1
    outer loop
      vertex 202.376 7.21518 12.3
      vertex 177.624 7.21518 12.3
      vertex 202.491 7.06126 12.3
    endloop
  endfacet
  facet normal -0 0 1
    outer loop
      vertex 177.62 7.21061 12.3
      vertex 202.491 7.06126 12.3
      vertex 177.624 7.21518 12.3
    endloop
  endfacet
  facet normal 0 0 1
    outer loop
      vertex 177.509 7.06126 12.3
      vertex 202.491 7.06126 12.3
      vertex 177.62 7.21061 12.3
    endloop
  endfacet
  facet normal 0 0 1
    outer loop
      vertex 202.491 7.06126 12.3
      vertex 177.509 7.06126 12.3
      vertex 202.619 6.91928 12.3
    endloop
  endfacet
  facet normal -0 0 1
    outer loop
      vertex 177.385 6.92349 12.3
      vertex 202.619 6.91928 12.3
      vertex 177.509 7.06126 12.3
    endloop
  endfacet
  facet normal 0 0 1
    outer loop
      vertex 177.381 6.91928 12.3
      vertex 202.619 6.91928 12.3
      vertex 177.385 6.92349 12.3
    endloop
  endfacet
  facet normal 0 0 1
    outer loop
      vertex 202.619 6.91928 12.3
      vertex 177.381 6.91928 12.3
      vertex 202.761 6.7906 12.3
    endloop
  endfacet
  facet normal -0 0 1
    outer loop
      vertex 177.377 6.91547 12.3
      vertex 202.761 6.7906 12.3
      vertex 177.381 6.91928 12.3
    endloop
  endfacet
  facet normal 0 0 1
    outer loop
      vertex 177.239 6.7906 12.3
      vertex 202.761 6.7906 12.3
      vertex 177.377 6.91547 12.3
    endloop
  endfacet
  facet normal 0 0 1
    outer loop
      vertex 202.761 6.7906 12.3
      vertex 177.239 6.7906 12.3
      vertex 202.766 6.78721 12.3
    endloop
  endfacet
  facet normal 0 0 1
    outer loop
      vertex 202.766 6.78721 12.3
      vertex 177.239 6.7906 12.3
      vertex 202.915 6.67645 12.3
    endloop
  endfacet
  facet normal -0 0 1
    outer loop
      vertex 177.234 6.78721 12.3
      vertex 202.915 6.67645 12.3
      vertex 177.239 6.7906 12.3
    endloop
  endfacet
  facet normal 0 0 1
    outer loop
      vertex 177.085 6.67645 12.3
      vertex 202.915 6.67645 12.3
      vertex 177.234 6.78721 12.3
    endloop
  endfacet
  facet normal 0 0 1
    outer loop
      vertex 176.925 6.58085 12.3
      vertex 202.915 6.67645 12.3
      vertex 177.085 6.67645 12.3
    endloop
  endfacet
  facet normal 0 0 1
    outer loop
      vertex 176.92 6.57793 12.3
      vertex 202.915 6.67645 12.3
      vertex 176.925 6.58085 12.3
    endloop
  endfacet
  facet normal 0 0 1
    outer loop
      vertex 203.08 6.57793 12.3
      vertex 176.92 6.57793 12.3
      vertex 212 0 12.3
    endloop
  endfacet
  facet normal -0 0 1
    outer loop
      vertex 176.752 6.49843 12.3
      vertex 212 0 12.3
      vertex 176.92 6.57793 12.3
    endloop
  endfacet
  facet normal -0 0 1
    outer loop
      vertex 176.747 6.496 12.3
      vertex 212 0 12.3
      vertex 176.752 6.49843 12.3
    endloop
  endfacet
  facet normal -0 0 1
    outer loop
      vertex 176.742 6.49409 12.3
      vertex 212 0 12.3
      vertex 176.747 6.496 12.3
    endloop
  endfacet
  facet normal -0 0 1
    outer loop
      vertex 176.567 6.43145 12.3
      vertex 212 0 12.3
      vertex 176.742 6.49409 12.3
    endloop
  endfacet
  facet normal -0 0 1
    outer loop
      vertex 176.386 6.38627 12.3
      vertex 212 0 12.3
      vertex 176.567 6.43145 12.3
    endloop
  endfacet
  facet normal -0 0 1
    outer loop
      vertex 176.381 6.38489 12.3
      vertex 212 0 12.3
      vertex 176.386 6.38627 12.3
    endloop
  endfacet
  facet normal -0 0 1
    outer loop
      vertex 176.375 6.38405 12.3
      vertex 212 0 12.3
      vertex 176.381 6.38489 12.3
    endloop
  endfacet
  facet normal -0 0 1
    outer loop
      vertex 176.191 6.35677 12.3
      vertex 212 0 12.3
      vertex 176.375 6.38405 12.3
    endloop
  endfacet
  facet normal -0 0 1
    outer loop
      vertex 176.006 6.34765 12.3
      vertex 212 0 12.3
      vertex 176.191 6.35677 12.3
    endloop
  endfacet
  facet normal -0 0 1
    outer loop
      vertex 176 6.34737 12.3
      vertex 212 0 12.3
      vertex 176.006 6.34765 12.3
    endloop
  endfacet
  facet normal 0 0 1
    outer loop
      vertex 175.994 6.34765 12.3
      vertex 212 0 12.3
      vertex 176 6.34737 12.3
    endloop
  endfacet
  facet normal 0 0 1
    outer loop
      vertex 175.809 6.35677 12.3
      vertex 212 0 12.3
      vertex 175.994 6.34765 12.3
    endloop
  endfacet
  facet normal 0 0 1
    outer loop
      vertex 148.191 6.35677 12.3
      vertex 175.809 6.35677 12.3
      vertex 175.625 6.38405 12.3
    endloop
  endfacet
  facet normal 0 0 1
    outer loop
      vertex 148.191 6.35677 12.3
      vertex 175.625 6.38405 12.3
      vertex 175.619 6.38489 12.3
    endloop
  endfacet
  facet normal 0 0 1
    outer loop
      vertex 175.433 6.43145 12.3
      vertex 175.619 6.38489 12.3
      vertex 175.614 6.38627 12.3
    endloop
  endfacet
  facet normal 0 0 -1
    outer loop
      vertex 174.915 6.67645 12.3
      vertex 175.08 6.57793 12.3
      vertex 175.075 6.58085 12.3
    endloop
  endfacet
  facet normal 0 0 -1
    outer loop
      vertex 174.619 6.91928 12.3
      vertex 174.761 6.7906 12.3
      vertex 174.623 6.91547 12.3
    endloop
  endfacet
  facet normal 0 0 -1
    outer loop
      vertex 174.491 7.06126 12.3
      vertex 174.619 6.91928 12.3
      vertex 174.615 6.92349 12.3
    endloop
  endfacet
  facet normal 0 0 1
    outer loop
      vertex 174.376 7.21518 12.3
      vertex 174.491 7.06126 12.3
      vertex 174.38 7.21061 12.3
    endloop
  endfacet
  facet normal 0 0 -1
    outer loop
      vertex 174.131 7.73318 12.3
      vertex 174.196 7.55276 12.3
      vertex 174.194 7.55811 12.3
    endloop
  endfacet
  facet normal 0 0 -1
    outer loop
      vertex 174.085 7.91906 12.3
      vertex 174.131 7.73318 12.3
      vertex 174.086 7.91355 12.3
    endloop
  endfacet
  facet normal 0 0 -1
    outer loop
      vertex 174.057 8.10861 12.3
      vertex 174.085 7.91906 12.3
      vertex 174.084 7.92468 12.3
    endloop
  endfacet
  facet normal -0 0 1
    outer loop
      vertex 149.953 8.3 12.3
      vertex 174.056 8.11428 12.3
      vertex 174.047 8.3 12.3
    endloop
  endfacet
  facet normal -0 0 1
    outer loop
      vertex 149.952 8.29432 12.3
      vertex 174.056 8.11428 12.3
      vertex 149.953 8.3 12.3
    endloop
  endfacet
  facet normal 0 0 1
    outer loop
      vertex 174.056 8.11428 12.3
      vertex 149.952 8.29432 12.3
      vertex 174.057 8.10861 12.3
    endloop
  endfacet
  facet normal 0 0 1
    outer loop
      vertex 149.943 8.10861 12.3
      vertex 174.057 8.10861 12.3
      vertex 149.952 8.29432 12.3
    endloop
  endfacet
  facet normal 0 0 1
    outer loop
      vertex 174.057 8.10861 12.3
      vertex 149.943 8.10861 12.3
      vertex 174.085 7.91906 12.3
    endloop
  endfacet
  facet normal -0 0 1
    outer loop
      vertex 149.916 7.92468 12.3
      vertex 174.085 7.91906 12.3
      vertex 149.943 8.10861 12.3
    endloop
  endfacet
  facet normal 0 0 1
    outer loop
      vertex 149.915 7.91906 12.3
      vertex 174.085 7.91906 12.3
      vertex 149.916 7.92468 12.3
    endloop
  endfacet
  facet normal 0 0 1
    outer loop
      vertex 174.085 7.91906 12.3
      vertex 149.915 7.91906 12.3
      vertex 174.131 7.73318 12.3
    endloop
  endfacet
  facet normal -0 0 1
    outer loop
      vertex 149.914 7.91355 12.3
      vertex 174.131 7.73318 12.3
      vertex 149.915 7.91906 12.3
    endloop
  endfacet
  facet normal 0 0 1
    outer loop
      vertex 149.869 7.73318 12.3
      vertex 174.131 7.73318 12.3
      vertex 149.914 7.91355 12.3
    endloop
  endfacet
  facet normal 0 0 1
    outer loop
      vertex 174.131 7.73318 12.3
      vertex 149.869 7.73318 12.3
      vertex 174.196 7.55276 12.3
    endloop
  endfacet
  facet normal -0 0 1
    outer loop
      vertex 149.806 7.55811 12.3
      vertex 174.196 7.55276 12.3
      vertex 149.869 7.73318 12.3
    endloop
  endfacet
  facet normal 0 0 1
    outer loop
      vertex 149.804 7.55276 12.3
      vertex 174.196 7.55276 12.3
      vertex 149.806 7.55811 12.3
    endloop
  endfacet
  facet normal 0 0 1
    outer loop
      vertex 174.196 7.55276 12.3
      vertex 149.804 7.55276 12.3
      vertex 174.198 7.54762 12.3
    endloop
  endfacet
  facet normal 0 0 1
    outer loop
      vertex 174.198 7.54762 12.3
      vertex 149.804 7.55276 12.3
      vertex 174.278 7.37954 12.3
    endloop
  endfacet
  facet normal -0 0 1
    outer loop
      vertex 149.802 7.54762 12.3
      vertex 174.278 7.37954 12.3
      vertex 149.804 7.55276 12.3
    endloop
  endfacet
  facet normal 0 0 1
    outer loop
      vertex 149.722 7.37954 12.3
      vertex 174.278 7.37954 12.3
      vertex 149.802 7.54762 12.3
    endloop
  endfacet
  facet normal 0 0 1
    outer loop
      vertex 174.278 7.37954 12.3
      vertex 149.722 7.37954 12.3
      vertex 174.374 7.22005 12.3
    endloop
  endfacet
  facet normal 0 0 1
    outer loop
      vertex 174.374 7.22005 12.3
      vertex 149.722 7.37954 12.3
      vertex 174.376 7.21518 12.3
    endloop
  endfacet
  facet normal -0 0 1
    outer loop
      vertex 149.626 7.22005 12.3
      vertex 174.376 7.21518 12.3
      vertex 149.722 7.37954 12.3
    endloop
  endfacet
  facet normal 0 0 1
    outer loop
      vertex 149.624 7.21518 12.3
      vertex 174.376 7.21518 12.3
      vertex 149.626 7.22005 12.3
    endloop
  endfacet
  facet normal 0 0 1
    outer loop
      vertex 174.376 7.21518 12.3
      vertex 149.624 7.21518 12.3
      vertex 174.491 7.06126 12.3
    endloop
  endfacet
  facet normal -0 0 1
    outer loop
      vertex 149.62 7.21061 12.3
      vertex 174.491 7.06126 12.3
      vertex 149.624 7.21518 12.3
    endloop
  endfacet
  facet normal 0 0 1
    outer loop
      vertex 149.509 7.06126 12.3
      vertex 174.491 7.06126 12.3
      vertex 149.62 7.21061 12.3
    endloop
  endfacet
  facet normal 0 0 1
    outer loop
      vertex 174.491 7.06126 12.3
      vertex 149.509 7.06126 12.3
      vertex 174.619 6.91928 12.3
    endloop
  endfacet
  facet normal -0 0 1
    outer loop
      vertex 149.385 6.92349 12.3
      vertex 174.619 6.91928 12.3
      vertex 149.509 7.06126 12.3
    endloop
  endfacet
  facet normal 0 0 1
    outer loop
      vertex 149.381 6.91928 12.3
      vertex 174.619 6.91928 12.3
      vertex 149.385 6.92349 12.3
    endloop
  endfacet
  facet normal 0 0 1
    outer loop
      vertex 174.619 6.91928 12.3
      vertex 149.381 6.91928 12.3
      vertex 174.761 6.7906 12.3
    endloop
  endfacet
  facet normal -0 0 1
    outer loop
      vertex 149.377 6.91547 12.3
      vertex 174.761 6.7906 12.3
      vertex 149.381 6.91928 12.3
    endloop
  endfacet
  facet normal 0 0 1
    outer loop
      vertex 149.239 6.7906 12.3
      vertex 174.761 6.7906 12.3
      vertex 149.377 6.91547 12.3
    endloop
  endfacet
  facet normal 0 0 1
    outer loop
      vertex 174.761 6.7906 12.3
      vertex 149.239 6.7906 12.3
      vertex 174.766 6.78721 12.3
    endloop
  endfacet
  facet normal 0 0 1
    outer loop
      vertex 174.766 6.78721 12.3
      vertex 149.239 6.7906 12.3
      vertex 174.915 6.67645 12.3
    endloop
  endfacet
  facet normal -0 0 1
    outer loop
      vertex 149.234 6.78721 12.3
      vertex 174.915 6.67645 12.3
      vertex 149.239 6.7906 12.3
    endloop
  endfacet
  facet normal 0 0 1
    outer loop
      vertex 149.085 6.67645 12.3
      vertex 174.915 6.67645 12.3
      vertex 149.234 6.78721 12.3
    endloop
  endfacet
  facet normal 0 0 1
    outer loop
      vertex 174.915 6.67645 12.3
      vertex 149.085 6.67645 12.3
      vertex 175.08 6.57793 12.3
    endloop
  endfacet
  facet normal -0 0 1
    outer loop
      vertex 148.925 6.58085 12.3
      vertex 175.08 6.57793 12.3
      vertex 149.085 6.67645 12.3
    endloop
  endfacet
  facet normal 0 0 1
    outer loop
      vertex 148.92 6.57793 12.3
      vertex 175.08 6.57793 12.3
      vertex 148.925 6.58085 12.3
    endloop
  endfacet
  facet normal 0 0 1
    outer loop
      vertex 175.08 6.57793 12.3
      vertex 148.92 6.57793 12.3
      vertex 175.248 6.49843 12.3
    endloop
  endfacet
  facet normal 0 0 1
    outer loop
      vertex 175.248 6.49843 12.3
      vertex 148.92 6.57793 12.3
      vertex 175.253 6.496 12.3
    endloop
  endfacet
  facet normal -0 0 1
    outer loop
      vertex 148.752 6.49843 12.3
      vertex 175.253 6.496 12.3
      vertex 148.92 6.57793 12.3
    endloop
  endfacet
  facet normal 0 0 1
    outer loop
      vertex 148.747 6.496 12.3
      vertex 175.253 6.496 12.3
      vertex 148.752 6.49843 12.3
    endloop
  endfacet
  facet normal 0 0 1
    outer loop
      vertex 175.253 6.496 12.3
      vertex 148.747 6.496 12.3
      vertex 175.258 6.49409 12.3
    endloop
  endfacet
  facet normal 0 0 1
    outer loop
      vertex 175.258 6.49409 12.3
      vertex 148.747 6.496 12.3
      vertex 175.433 6.43145 12.3
    endloop
  endfacet
  facet normal -0 0 1
    outer loop
      vertex 148.742 6.49409 12.3
      vertex 175.433 6.43145 12.3
      vertex 148.747 6.496 12.3
    endloop
  endfacet
  facet normal 0 0 1
    outer loop
      vertex 148.567 6.43145 12.3
      vertex 175.433 6.43145 12.3
      vertex 148.742 6.49409 12.3
    endloop
  endfacet
  facet normal 0 0 1
    outer loop
      vertex 175.433 6.43145 12.3
      vertex 148.567 6.43145 12.3
      vertex 175.619 6.38489 12.3
    endloop
  endfacet
  facet normal -0 0 1
    outer loop
      vertex 148.386 6.38627 12.3
      vertex 175.619 6.38489 12.3
      vertex 148.567 6.43145 12.3
    endloop
  endfacet
  facet normal 0 0 1
    outer loop
      vertex 148.381 6.38489 12.3
      vertex 175.619 6.38489 12.3
      vertex 148.386 6.38627 12.3
    endloop
  endfacet
  facet normal 0 0 1
    outer loop
      vertex 148.375 6.38405 12.3
      vertex 175.619 6.38489 12.3
      vertex 148.381 6.38489 12.3
    endloop
  endfacet
  facet normal 0 0 1
    outer loop
      vertex 148.191 6.35677 12.3
      vertex 175.619 6.38489 12.3
      vertex 148.375 6.38405 12.3
    endloop
  endfacet
  facet normal 0 0 1
    outer loop
      vertex 175.809 6.35677 12.3
      vertex 148.191 6.35677 12.3
      vertex 212 0 12.3
    endloop
  endfacet
  facet normal -0 0 1
    outer loop
      vertex 148.006 6.34765 12.3
      vertex 212 0 12.3
      vertex 148.191 6.35677 12.3
    endloop
  endfacet
  facet normal -0 0 1
    outer loop
      vertex 148 6.34737 12.3
      vertex 212 0 12.3
      vertex 148.006 6.34765 12.3
    endloop
  endfacet
  facet normal 0 0 1
    outer loop
      vertex 106 0 12.3
      vertex 148 6.34737 12.3
      vertex 147.994 6.34765 12.3
    endloop
  endfacet
  facet normal 0 0 1
    outer loop
      vertex 106 0 12.3
      vertex 147.994 6.34765 12.3
      vertex 147.809 6.35677 12.3
    endloop
  endfacet
  facet normal 0 0 1
    outer loop
      vertex 147.433 6.43145 12.3
      vertex 147.619 6.38489 12.3
      vertex 147.614 6.38627 12.3
    endloop
  endfacet
  facet normal 0 0 -1
    outer loop
      vertex 146.915 6.67645 12.3
      vertex 147.08 6.57793 12.3
      vertex 147.075 6.58085 12.3
    endloop
  endfacet
  facet normal 0 0 -1
    outer loop
      vertex 146.619 6.91928 12.3
      vertex 146.761 6.7906 12.3
      vertex 146.623 6.91547 12.3
    endloop
  endfacet
  facet normal 0 0 -1
    outer loop
      vertex 146.491 7.06126 12.3
      vertex 146.619 6.91928 12.3
      vertex 146.615 6.92349 12.3
    endloop
  endfacet
  facet normal 0 0 1
    outer loop
      vertex 146.376 7.21518 12.3
      vertex 146.491 7.06126 12.3
      vertex 146.38 7.21061 12.3
    endloop
  endfacet
  facet normal 0 0 -1
    outer loop
      vertex 146.131 7.73318 12.3
      vertex 146.196 7.55276 12.3
      vertex 146.194 7.55811 12.3
    endloop
  endfacet
  facet normal 0 0 -1
    outer loop
      vertex 146.085 7.91906 12.3
      vertex 146.131 7.73318 12.3
      vertex 146.086 7.91355 12.3
    endloop
  endfacet
  facet normal 0 0 -1
    outer loop
      vertex 146.057 8.10861 12.3
      vertex 146.085 7.91906 12.3
      vertex 146.084 7.92468 12.3
    endloop
  endfacet
  facet normal -0 0 1
    outer loop
      vertex 121.953 8.3 12.3
      vertex 146.056 8.11428 12.3
      vertex 146.047 8.3 12.3
    endloop
  endfacet
  facet normal -0 0 1
    outer loop
      vertex 121.952 8.29432 12.3
      vertex 146.056 8.11428 12.3
      vertex 121.953 8.3 12.3
    endloop
  endfacet
  facet normal 0 0 1
    outer loop
      vertex 146.056 8.11428 12.3
      vertex 121.952 8.29432 12.3
      vertex 146.057 8.10861 12.3
    endloop
  endfacet
  facet normal 0 0 1
    outer loop
      vertex 121.943 8.10861 12.3
      vertex 146.057 8.10861 12.3
      vertex 121.952 8.29432 12.3
    endloop
  endfacet
  facet normal 0 0 1
    outer loop
      vertex 146.057 8.10861 12.3
      vertex 121.943 8.10861 12.3
      vertex 146.085 7.91906 12.3
    endloop
  endfacet
  facet normal -0 0 1
    outer loop
      vertex 121.916 7.92468 12.3
      vertex 146.085 7.91906 12.3
      vertex 121.943 8.10861 12.3
    endloop
  endfacet
  facet normal 0 0 1
    outer loop
      vertex 121.915 7.91906 12.3
      vertex 146.085 7.91906 12.3
      vertex 121.916 7.92468 12.3
    endloop
  endfacet
  facet normal 0 0 1
    outer loop
      vertex 146.085 7.91906 12.3
      vertex 121.915 7.91906 12.3
      vertex 146.131 7.73318 12.3
    endloop
  endfacet
  facet normal -0 0 1
    outer loop
      vertex 121.914 7.91355 12.3
      vertex 146.131 7.73318 12.3
      vertex 121.915 7.91906 12.3
    endloop
  endfacet
  facet normal 0 0 1
    outer loop
      vertex 121.869 7.73318 12.3
      vertex 146.131 7.73318 12.3
      vertex 121.914 7.91355 12.3
    endloop
  endfacet
  facet normal 0 0 1
    outer loop
      vertex 146.131 7.73318 12.3
      vertex 121.869 7.73318 12.3
      vertex 146.196 7.55276 12.3
    endloop
  endfacet
  facet normal -0 0 1
    outer loop
      vertex 121.806 7.55811 12.3
      vertex 146.196 7.55276 12.3
      vertex 121.869 7.73318 12.3
    endloop
  endfacet
  facet normal 0 0 1
    outer loop
      vertex 121.804 7.55276 12.3
      vertex 146.196 7.55276 12.3
      vertex 121.806 7.55811 12.3
    endloop
  endfacet
  facet normal 0 0 1
    outer loop
      vertex 146.196 7.55276 12.3
      vertex 121.804 7.55276 12.3
      vertex 146.198 7.54762 12.3
    endloop
  endfacet
  facet normal 0 0 1
    outer loop
      vertex 146.198 7.54762 12.3
      vertex 121.804 7.55276 12.3
      vertex 146.278 7.37954 12.3
    endloop
  endfacet
  facet normal -0 0 1
    outer loop
      vertex 121.802 7.54762 12.3
      vertex 146.278 7.37954 12.3
      vertex 121.804 7.55276 12.3
    endloop
  endfacet
  facet normal 0 0 1
    outer loop
      vertex 121.722 7.37954 12.3
      vertex 146.278 7.37954 12.3
      vertex 121.802 7.54762 12.3
    endloop
  endfacet
  facet normal 0 0 1
    outer loop
      vertex 146.278 7.37954 12.3
      vertex 121.722 7.37954 12.3
      vertex 146.374 7.22005 12.3
    endloop
  endfacet
  facet normal 0 0 1
    outer loop
      vertex 146.374 7.22005 12.3
      vertex 121.722 7.37954 12.3
      vertex 146.376 7.21518 12.3
    endloop
  endfacet
  facet normal -0 0 1
    outer loop
      vertex 121.626 7.22005 12.3
      vertex 146.376 7.21518 12.3
      vertex 121.722 7.37954 12.3
    endloop
  endfacet
  facet normal 0 0 1
    outer loop
      vertex 121.624 7.21518 12.3
      vertex 146.376 7.21518 12.3
      vertex 121.626 7.22005 12.3
    endloop
  endfacet
  facet normal 0 0 1
    outer loop
      vertex 146.376 7.21518 12.3
      vertex 121.624 7.21518 12.3
      vertex 146.491 7.06126 12.3
    endloop
  endfacet
  facet normal -0 0 1
    outer loop
      vertex 121.62 7.21061 12.3
      vertex 146.491 7.06126 12.3
      vertex 121.624 7.21518 12.3
    endloop
  endfacet
  facet normal 0 0 1
    outer loop
      vertex 121.509 7.06126 12.3
      vertex 146.491 7.06126 12.3
      vertex 121.62 7.21061 12.3
    endloop
  endfacet
  facet normal 0 0 1
    outer loop
      vertex 146.491 7.06126 12.3
      vertex 121.509 7.06126 12.3
      vertex 146.619 6.91928 12.3
    endloop
  endfacet
  facet normal -0 0 1
    outer loop
      vertex 121.385 6.92349 12.3
      vertex 146.619 6.91928 12.3
      vertex 121.509 7.06126 12.3
    endloop
  endfacet
  facet normal 0 0 1
    outer loop
      vertex 121.381 6.91928 12.3
      vertex 146.619 6.91928 12.3
      vertex 121.385 6.92349 12.3
    endloop
  endfacet
  facet normal 0 0 1
    outer loop
      vertex 146.619 6.91928 12.3
      vertex 121.381 6.91928 12.3
      vertex 146.761 6.7906 12.3
    endloop
  endfacet
  facet normal -0 0 1
    outer loop
      vertex 121.377 6.91547 12.3
      vertex 146.761 6.7906 12.3
      vertex 121.381 6.91928 12.3
    endloop
  endfacet
  facet normal 0 0 1
    outer loop
      vertex 121.239 6.7906 12.3
      vertex 146.761 6.7906 12.3
      vertex 121.377 6.91547 12.3
    endloop
  endfacet
  facet normal 0 0 1
    outer loop
      vertex 146.761 6.7906 12.3
      vertex 121.239 6.7906 12.3
      vertex 146.766 6.78721 12.3
    endloop
  endfacet
  facet normal 0 0 1
    outer loop
      vertex 146.766 6.78721 12.3
      vertex 121.239 6.7906 12.3
      vertex 146.915 6.67645 12.3
    endloop
  endfacet
  facet normal -0 0 1
    outer loop
      vertex 121.234 6.78721 12.3
      vertex 146.915 6.67645 12.3
      vertex 121.239 6.7906 12.3
    endloop
  endfacet
  facet normal 0 0 1
    outer loop
      vertex 121.085 6.67645 12.3
      vertex 146.915 6.67645 12.3
      vertex 121.234 6.78721 12.3
    endloop
  endfacet
  facet normal 0 0 1
    outer loop
      vertex 146.915 6.67645 12.3
      vertex 121.085 6.67645 12.3
      vertex 147.08 6.57793 12.3
    endloop
  endfacet
  facet normal -0 0 1
    outer loop
      vertex 120.925 6.58085 12.3
      vertex 147.08 6.57793 12.3
      vertex 121.085 6.67645 12.3
    endloop
  endfacet
  facet normal 0 0 1
    outer loop
      vertex 120.92 6.57793 12.3
      vertex 147.08 6.57793 12.3
      vertex 120.925 6.58085 12.3
    endloop
  endfacet
  facet normal 0 0 1
    outer loop
      vertex 147.08 6.57793 12.3
      vertex 120.92 6.57793 12.3
      vertex 147.248 6.49843 12.3
    endloop
  endfacet
  facet normal 0 0 1
    outer loop
      vertex 147.248 6.49843 12.3
      vertex 120.92 6.57793 12.3
      vertex 147.253 6.496 12.3
    endloop
  endfacet
  facet normal -0 0 1
    outer loop
      vertex 120.752 6.49843 12.3
      vertex 147.253 6.496 12.3
      vertex 120.92 6.57793 12.3
    endloop
  endfacet
  facet normal 0 0 1
    outer loop
      vertex 120.747 6.496 12.3
      vertex 147.253 6.496 12.3
      vertex 120.752 6.49843 12.3
    endloop
  endfacet
  facet normal 0 0 1
    outer loop
      vertex 147.253 6.496 12.3
      vertex 120.747 6.496 12.3
      vertex 147.258 6.49409 12.3
    endloop
  endfacet
  facet normal 0 0 1
    outer loop
      vertex 147.258 6.49409 12.3
      vertex 120.747 6.496 12.3
      vertex 147.433 6.43145 12.3
    endloop
  endfacet
  facet normal -0 0 1
    outer loop
      vertex 120.742 6.49409 12.3
      vertex 147.433 6.43145 12.3
      vertex 120.747 6.496 12.3
    endloop
  endfacet
  facet normal 0 0 1
    outer loop
      vertex 120.567 6.43145 12.3
      vertex 147.433 6.43145 12.3
      vertex 120.742 6.49409 12.3
    endloop
  endfacet
  facet normal 0 0 1
    outer loop
      vertex 106 0 12.3
      vertex 147.433 6.43145 12.3
      vertex 120.567 6.43145 12.3
    endloop
  endfacet
  facet normal 0 0 1
    outer loop
      vertex 147.433 6.43145 12.3
      vertex 106 0 12.3
      vertex 147.619 6.38489 12.3
    endloop
  endfacet
  facet normal 0 0 1
    outer loop
      vertex 147.619 6.38489 12.3
      vertex 106 0 12.3
      vertex 147.625 6.38405 12.3
    endloop
  endfacet
  facet normal 0 0 1
    outer loop
      vertex 147.625 6.38405 12.3
      vertex 106 0 12.3
      vertex 147.809 6.35677 12.3
    endloop
  endfacet
  facet normal 0 0 1
    outer loop
      vertex 106 0 12.3
      vertex 120.567 6.43145 12.3
      vertex 120.386 6.38627 12.3
    endloop
  endfacet
  facet normal 0 0 1
    outer loop
      vertex 106 0 12.3
      vertex 120.386 6.38627 12.3
      vertex 120.381 6.38489 12.3
    endloop
  endfacet
  facet normal 0 0 1
    outer loop
      vertex 106 0 12.3
      vertex 120.381 6.38489 12.3
      vertex 120.375 6.38405 12.3
    endloop
  endfacet
  facet normal 0 0 1
    outer loop
      vertex 106 0 12.3
      vertex 120.375 6.38405 12.3
      vertex 120.191 6.35677 12.3
    endloop
  endfacet
  facet normal 0 0 1
    outer loop
      vertex 106 0 12.3
      vertex 120.191 6.35677 12.3
      vertex 120.006 6.34765 12.3
    endloop
  endfacet
  facet normal 0 0 1
    outer loop
      vertex 106 0 12.3
      vertex 120.006 6.34765 12.3
      vertex 120 6.34737 12.3
    endloop
  endfacet
  facet normal 0 0 1
    outer loop
      vertex 106 0 12.3
      vertex 120 6.34737 12.3
      vertex 119.994 6.34765 12.3
    endloop
  endfacet
  facet normal 0 0 1
    outer loop
      vertex 106 0 12.3
      vertex 119.994 6.34765 12.3
      vertex 119.809 6.35677 12.3
    endloop
  endfacet
  facet normal 0 0 1
    outer loop
      vertex 119.619 6.38489 12.3
      vertex 119.809 6.35677 12.3
      vertex 119.625 6.38405 12.3
    endloop
  endfacet
  facet normal 0 0 1
    outer loop
      vertex 119.433 6.43145 12.3
      vertex 119.619 6.38489 12.3
      vertex 119.614 6.38627 12.3
    endloop
  endfacet
  facet normal 0 0 1
    outer loop
      vertex 106 0 12.3
      vertex 119.248 6.49843 12.3
      vertex 119.08 6.57793 12.3
    endloop
  endfacet
  facet normal 0 0 1
    outer loop
      vertex 106 0 12.3
      vertex 118.623 6.91547 12.3
      vertex 118.619 6.91928 12.3
    endloop
  endfacet
  facet normal 0 0 1
    outer loop
      vertex 106 0 12.3
      vertex 118.615 6.92349 12.3
      vertex 118.491 7.06126 12.3
    endloop
  endfacet
  facet normal 0 0 1
    outer loop
      vertex 106 0 12.3
      vertex 118.38 7.21061 12.3
      vertex 118.376 7.21518 12.3
    endloop
  endfacet
  facet normal 0 0 1
    outer loop
      vertex 106 0 12.3
      vertex 118.374 7.22005 12.3
      vertex 118.278 7.37954 12.3
    endloop
  endfacet
  facet normal 0 0 1
    outer loop
      vertex 106 0 12.3
      vertex 118.086 7.91355 12.3
      vertex 118.085 7.91906 12.3
    endloop
  endfacet
  facet normal 0 0 1
    outer loop
      vertex 106 0 12.3
      vertex 118.084 7.92468 12.3
      vertex 118.057 8.10861 12.3
    endloop
  endfacet
  facet normal 0 0 1
    outer loop
      vertex 106 0 12.3
      vertex 118.056 8.11428 12.3
      vertex 118.047 8.3 12.3
    endloop
  endfacet
  facet normal 0 0 1
    outer loop
      vertex 106 0 12.3
      vertex 118.047 8.3 12.3
      vertex 106 16.6 12.3
    endloop
  endfacet
  facet normal 0 0 1
    outer loop
      vertex 118.056 8.11428 12.3
      vertex 106 0 12.3
      vertex 118.057 8.10861 12.3
    endloop
  endfacet
  facet normal 0 0 1
    outer loop
      vertex 118.084 7.92468 12.3
      vertex 106 0 12.3
      vertex 118.085 7.91906 12.3
    endloop
  endfacet
  facet normal 0 0 1
    outer loop
      vertex 118.086 7.91355 12.3
      vertex 106 0 12.3
      vertex 118.131 7.73318 12.3
    endloop
  endfacet
  facet normal 0 0 1
    outer loop
      vertex 118.131 7.73318 12.3
      vertex 106 0 12.3
      vertex 118.194 7.55811 12.3
    endloop
  endfacet
  facet normal 0 0 1
    outer loop
      vertex 118.194 7.55811 12.3
      vertex 106 0 12.3
      vertex 118.196 7.55276 12.3
    endloop
  endfacet
  facet normal 0 0 1
    outer loop
      vertex 118.196 7.55276 12.3
      vertex 106 0 12.3
      vertex 118.198 7.54762 12.3
    endloop
  endfacet
  facet normal 0 0 1
    outer loop
      vertex 118.198 7.54762 12.3
      vertex 106 0 12.3
      vertex 118.278 7.37954 12.3
    endloop
  endfacet
  facet normal 0 0 1
    outer loop
      vertex 118.374 7.22005 12.3
      vertex 106 0 12.3
      vertex 118.376 7.21518 12.3
    endloop
  endfacet
  facet normal 0 0 1
    outer loop
      vertex 118.38 7.21061 12.3
      vertex 106 0 12.3
      vertex 118.491 7.06126 12.3
    endloop
  endfacet
  facet normal 0 0 1
    outer loop
      vertex 118.615 6.92349 12.3
      vertex 106 0 12.3
      vertex 118.619 6.91928 12.3
    endloop
  endfacet
  facet normal 0 0 1
    outer loop
      vertex 148 6.34737 12.3
      vertex 106 0 12.3
      vertex 212 0 12.3
    endloop
  endfacet
  facet normal 0 0 1
    outer loop
      vertex 119.619 6.38489 12.3
      vertex 106 0 12.3
      vertex 119.809 6.35677 12.3
    endloop
  endfacet
  facet normal 0 0 1
    outer loop
      vertex 119.433 6.43145 12.3
      vertex 106 0 12.3
      vertex 119.619 6.38489 12.3
    endloop
  endfacet
  facet normal 0 0 1
    outer loop
      vertex 119.258 6.49409 12.3
      vertex 106 0 12.3
      vertex 119.433 6.43145 12.3
    endloop
  endfacet
  facet normal 0 0 1
    outer loop
      vertex 119.253 6.496 12.3
      vertex 106 0 12.3
      vertex 119.258 6.49409 12.3
    endloop
  endfacet
  facet normal 0 0 1
    outer loop
      vertex 119.248 6.49843 12.3
      vertex 106 0 12.3
      vertex 119.253 6.496 12.3
    endloop
  endfacet
  facet normal 0 0 1
    outer loop
      vertex 119.075 6.58085 12.3
      vertex 106 0 12.3
      vertex 119.08 6.57793 12.3
    endloop
  endfacet
  facet normal 0 0 1
    outer loop
      vertex 118.915 6.67645 12.3
      vertex 106 0 12.3
      vertex 119.075 6.58085 12.3
    endloop
  endfacet
  facet normal 0 0 1
    outer loop
      vertex 118.766 6.78721 12.3
      vertex 106 0 12.3
      vertex 118.915 6.67645 12.3
    endloop
  endfacet
  facet normal 0 0 1
    outer loop
      vertex 118.761 6.7906 12.3
      vertex 106 0 12.3
      vertex 118.766 6.78721 12.3
    endloop
  endfacet
  facet normal 0 0 1
    outer loop
      vertex 118.623 6.91547 12.3
      vertex 106 0 12.3
      vertex 118.761 6.7906 12.3
    endloop
  endfacet
  facet normal 0 0 -1
    outer loop
      vertex 106 13.6 0
      vertex 212 16.6 0
      vertex 212 13.6 0
    endloop
  endfacet
  facet normal -0 0 -1
    outer loop
      vertex 212 16.6 0
      vertex 106 13.6 0
      vertex 106 16.6 0
    endloop
  endfacet
  facet normal 0 0 -1
    outer loop
      vertex 106 0 0
      vertex 212 3 0
      vertex 212 0 0
    endloop
  endfacet
  facet normal -0 0 -1
    outer loop
      vertex 212 3 0
      vertex 106 0 0
      vertex 106 3 0
    endloop
  endfacet
  facet normal 0 1 -0
    outer loop
      vertex 212 16.6 0
      vertex 106 16.6 12.3
      vertex 212 16.6 12.3
    endloop
  endfacet
  facet normal 0 1 0
    outer loop
      vertex 106 16.6 12.3
      vertex 212 16.6 0
      vertex 106 16.6 0
    endloop
  endfacet
  facet normal 0 -1 0
    outer loop
      vertex 106 0 0
      vertex 212 0 12.3
      vertex 106 0 12.3
    endloop
  endfacet
  facet normal 0 -1 -0
    outer loop
      vertex 212 0 12.3
      vertex 106 0 0
      vertex 212 0 0
    endloop
  endfacet
  facet normal 0 0 -1
    outer loop
      vertex 212 3 3.3
      vertex 205.1 8.3 3.3
      vertex 212 13.6 3.3
    endloop
  endfacet
  facet normal 0 0 -1
    outer loop
      vertex 212 3 3.3
      vertex 205.095 8.19218 3.3
      vertex 205.1 8.3 3.3
    endloop
  endfacet
  facet normal 0 0 -1
    outer loop
      vertex 212 3 3.3
      vertex 205.079 8.0854 3.3
      vertex 205.095 8.19218 3.3
    endloop
  endfacet
  facet normal 0 0 -1
    outer loop
      vertex 212 3 3.3
      vertex 205.053 7.98069 3.3
      vertex 205.079 8.0854 3.3
    endloop
  endfacet
  facet normal 0 0 -1
    outer loop
      vertex 212 3 3.3
      vertex 205.016 7.87905 3.3
      vertex 205.053 7.98069 3.3
    endloop
  endfacet
  facet normal 0 0 -1
    outer loop
      vertex 212 3 3.3
      vertex 204.97 7.78146 3.3
      vertex 205.016 7.87905 3.3
    endloop
  endfacet
  facet normal 0 0 -1
    outer loop
      vertex 212 3 3.3
      vertex 204.915 7.68887 3.3
      vertex 204.97 7.78146 3.3
    endloop
  endfacet
  facet normal 0 0 -1
    outer loop
      vertex 212 3 3.3
      vertex 204.85 7.60217 3.3
      vertex 204.915 7.68887 3.3
    endloop
  endfacet
  facet normal 0 0 -1
    outer loop
      vertex 212 3 3.3
      vertex 204.778 7.52218 3.3
      vertex 204.85 7.60217 3.3
    endloop
  endfacet
  facet normal 0 0 -1
    outer loop
      vertex 212 3 3.3
      vertex 204.698 7.44969 3.3
      vertex 204.778 7.52218 3.3
    endloop
  endfacet
  facet normal 0 0 -1
    outer loop
      vertex 212 3 3.3
      vertex 204.611 7.38538 3.3
      vertex 204.698 7.44969 3.3
    endloop
  endfacet
  facet normal 0 0 -1
    outer loop
      vertex 212 3 3.3
      vertex 204.519 7.32989 3.3
      vertex 204.611 7.38538 3.3
    endloop
  endfacet
  facet normal 0 0 -1
    outer loop
      vertex 212 3 3.3
      vertex 204.421 7.28373 3.3
      vertex 204.519 7.32989 3.3
    endloop
  endfacet
  facet normal 0 0 -1
    outer loop
      vertex 212 3 3.3
      vertex 204.319 7.24736 3.3
      vertex 204.421 7.28373 3.3
    endloop
  endfacet
  facet normal 0 0 -1
    outer loop
      vertex 212 3 3.3
      vertex 204.215 7.22114 3.3
      vertex 204.319 7.24736 3.3
    endloop
  endfacet
  facet normal 0 0 -1
    outer loop
      vertex 212 3 3.3
      vertex 204.108 7.2053 3.3
      vertex 204.215 7.22114 3.3
    endloop
  endfacet
  facet normal 0 0 -1
    outer loop
      vertex 212 3 3.3
      vertex 204 7.2 3.3
      vertex 204.108 7.2053 3.3
    endloop
  endfacet
  facet normal 0 0 -1
    outer loop
      vertex 212 3 3.3
      vertex 203.892 7.2053 3.3
      vertex 204 7.2 3.3
    endloop
  endfacet
  facet normal 0 0 -1
    outer loop
      vertex 212 3 3.3
      vertex 203.785 7.22114 3.3
      vertex 203.892 7.2053 3.3
    endloop
  endfacet
  facet normal 0 0 -1
    outer loop
      vertex 212 3 3.3
      vertex 203.681 7.24736 3.3
      vertex 203.785 7.22114 3.3
    endloop
  endfacet
  facet normal 0 0 -1
    outer loop
      vertex 212 3 3.3
      vertex 203.579 7.28373 3.3
      vertex 203.681 7.24736 3.3
    endloop
  endfacet
  facet normal 0 0 -1
    outer loop
      vertex 176.421 7.28373 3.3
      vertex 203.579 7.28373 3.3
      vertex 212 3 3.3
    endloop
  endfacet
  facet normal 0 0 -1
    outer loop
      vertex 202.905 8.19218 3.3
      vertex 177.1 8.3 3.3
      vertex 202.9 8.3 3.3
    endloop
  endfacet
  facet normal 0 0 -1
    outer loop
      vertex 177.095 8.19218 3.3
      vertex 202.905 8.19218 3.3
      vertex 202.921 8.0854 3.3
    endloop
  endfacet
  facet normal 0 0 -1
    outer loop
      vertex 177.079 8.0854 3.3
      vertex 202.921 8.0854 3.3
      vertex 202.947 7.98069 3.3
    endloop
  endfacet
  facet normal 0 0 -1
    outer loop
      vertex 177.053 7.98069 3.3
      vertex 202.947 7.98069 3.3
      vertex 202.984 7.87905 3.3
    endloop
  endfacet
  facet normal 0 0 -1
    outer loop
      vertex 177.016 7.87905 3.3
      vertex 202.984 7.87905 3.3
      vertex 203.03 7.78146 3.3
    endloop
  endfacet
  facet normal 0 0 -1
    outer loop
      vertex 176.97 7.78146 3.3
      vertex 203.03 7.78146 3.3
      vertex 203.085 7.68887 3.3
    endloop
  endfacet
  facet normal 0 0 -1
    outer loop
      vertex 176.915 7.68887 3.3
      vertex 203.085 7.68887 3.3
      vertex 203.15 7.60217 3.3
    endloop
  endfacet
  facet normal 0 0 -1
    outer loop
      vertex 176.85 7.60217 3.3
      vertex 203.15 7.60217 3.3
      vertex 203.222 7.52218 3.3
    endloop
  endfacet
  facet normal 0 0 -1
    outer loop
      vertex 176.778 7.52218 3.3
      vertex 203.222 7.52218 3.3
      vertex 203.302 7.44969 3.3
    endloop
  endfacet
  facet normal 0 0 -1
    outer loop
      vertex 176.698 7.44969 3.3
      vertex 203.302 7.44969 3.3
      vertex 203.389 7.38538 3.3
    endloop
  endfacet
  facet normal 0 0 -1
    outer loop
      vertex 176.611 7.38538 3.3
      vertex 203.389 7.38538 3.3
      vertex 203.481 7.32989 3.3
    endloop
  endfacet
  facet normal 0 0 -1
    outer loop
      vertex 203.579 7.28373 3.3
      vertex 176.421 7.28373 3.3
      vertex 203.481 7.32989 3.3
    endloop
  endfacet
  facet normal 0 0 -1
    outer loop
      vertex 202.905 8.19218 3.3
      vertex 177.095 8.19218 3.3
      vertex 177.1 8.3 3.3
    endloop
  endfacet
  facet normal 0 0 -1
    outer loop
      vertex 202.921 8.0854 3.3
      vertex 177.079 8.0854 3.3
      vertex 177.095 8.19218 3.3
    endloop
  endfacet
  facet normal 0 0 -1
    outer loop
      vertex 202.947 7.98069 3.3
      vertex 177.053 7.98069 3.3
      vertex 177.079 8.0854 3.3
    endloop
  endfacet
  facet normal 0 0 -1
    outer loop
      vertex 202.984 7.87905 3.3
      vertex 177.016 7.87905 3.3
      vertex 177.053 7.98069 3.3
    endloop
  endfacet
  facet normal 0 0 -1
    outer loop
      vertex 203.03 7.78146 3.3
      vertex 176.97 7.78146 3.3
      vertex 177.016 7.87905 3.3
    endloop
  endfacet
  facet normal 0 0 -1
    outer loop
      vertex 203.085 7.68887 3.3
      vertex 176.915 7.68887 3.3
      vertex 176.97 7.78146 3.3
    endloop
  endfacet
  facet normal 0 0 -1
    outer loop
      vertex 203.15 7.60217 3.3
      vertex 176.85 7.60217 3.3
      vertex 176.915 7.68887 3.3
    endloop
  endfacet
  facet normal 0 0 -1
    outer loop
      vertex 203.222 7.52218 3.3
      vertex 176.778 7.52218 3.3
      vertex 176.85 7.60217 3.3
    endloop
  endfacet
  facet normal 0 0 -1
    outer loop
      vertex 203.302 7.44969 3.3
      vertex 176.698 7.44969 3.3
      vertex 176.778 7.52218 3.3
    endloop
  endfacet
  facet normal 0 0 -1
    outer loop
      vertex 203.389 7.38538 3.3
      vertex 176.611 7.38538 3.3
      vertex 176.698 7.44969 3.3
    endloop
  endfacet
  facet normal 0 0 -1
    outer loop
      vertex 203.481 7.32989 3.3
      vertex 176.519 7.32989 3.3
      vertex 176.611 7.38538 3.3
    endloop
  endfacet
  facet normal -0 0 -1
    outer loop
      vertex 203.481 7.32989 3.3
      vertex 176.421 7.28373 3.3
      vertex 176.519 7.32989 3.3
    endloop
  endfacet
  facet normal 0 0 -1
    outer loop
      vertex 212 3 3.3
      vertex 176.319 7.24736 3.3
      vertex 176.421 7.28373 3.3
    endloop
  endfacet
  facet normal 0 0 -1
    outer loop
      vertex 212 3 3.3
      vertex 176.215 7.22114 3.3
      vertex 176.319 7.24736 3.3
    endloop
  endfacet
  facet normal 0 0 -1
    outer loop
      vertex 212 3 3.3
      vertex 176.108 7.2053 3.3
      vertex 176.215 7.22114 3.3
    endloop
  endfacet
  facet normal 0 0 -1
    outer loop
      vertex 212 3 3.3
      vertex 176 7.2 3.3
      vertex 176.108 7.2053 3.3
    endloop
  endfacet
  facet normal 0 0 -1
    outer loop
      vertex 212 3 3.3
      vertex 175.892 7.2053 3.3
      vertex 176 7.2 3.3
    endloop
  endfacet
  facet normal 0 0 -1
    outer loop
      vertex 174.905 8.19218 3.3
      vertex 149.1 8.3 3.3
      vertex 174.9 8.3 3.3
    endloop
  endfacet
  facet normal 0 0 -1
    outer loop
      vertex 149.095 8.19218 3.3
      vertex 174.905 8.19218 3.3
      vertex 174.921 8.0854 3.3
    endloop
  endfacet
  facet normal 0 0 -1
    outer loop
      vertex 149.079 8.0854 3.3
      vertex 174.921 8.0854 3.3
      vertex 174.947 7.98069 3.3
    endloop
  endfacet
  facet normal 0 0 -1
    outer loop
      vertex 149.053 7.98069 3.3
      vertex 174.947 7.98069 3.3
      vertex 174.984 7.87905 3.3
    endloop
  endfacet
  facet normal 0 0 -1
    outer loop
      vertex 149.016 7.87905 3.3
      vertex 174.984 7.87905 3.3
      vertex 175.03 7.78146 3.3
    endloop
  endfacet
  facet normal 0 0 -1
    outer loop
      vertex 148.97 7.78146 3.3
      vertex 175.03 7.78146 3.3
      vertex 175.085 7.68887 3.3
    endloop
  endfacet
  facet normal 0 0 -1
    outer loop
      vertex 148.915 7.68887 3.3
      vertex 175.085 7.68887 3.3
      vertex 175.15 7.60217 3.3
    endloop
  endfacet
  facet normal 0 0 -1
    outer loop
      vertex 148.85 7.60217 3.3
      vertex 175.15 7.60217 3.3
      vertex 175.222 7.52218 3.3
    endloop
  endfacet
  facet normal 0 0 -1
    outer loop
      vertex 148.778 7.52218 3.3
      vertex 175.222 7.52218 3.3
      vertex 175.302 7.44969 3.3
    endloop
  endfacet
  facet normal 0 0 -1
    outer loop
      vertex 148.698 7.44969 3.3
      vertex 175.302 7.44969 3.3
      vertex 175.389 7.38538 3.3
    endloop
  endfacet
  facet normal 0 0 -1
    outer loop
      vertex 148.611 7.38538 3.3
      vertex 175.389 7.38538 3.3
      vertex 175.481 7.32989 3.3
    endloop
  endfacet
  facet normal 0 0 -1
    outer loop
      vertex 148.519 7.32989 3.3
      vertex 175.481 7.32989 3.3
      vertex 175.579 7.28373 3.3
    endloop
  endfacet
  facet normal 0 0 -1
    outer loop
      vertex 148.421 7.28373 3.3
      vertex 175.579 7.28373 3.3
      vertex 175.681 7.24736 3.3
    endloop
  endfacet
  facet normal 0 0 -1
    outer loop
      vertex 148.319 7.24736 3.3
      vertex 175.681 7.24736 3.3
      vertex 175.785 7.22114 3.3
    endloop
  endfacet
  facet normal 0 0 -1
    outer loop
      vertex 148.215 7.22114 3.3
      vertex 175.785 7.22114 3.3
      vertex 175.892 7.2053 3.3
    endloop
  endfacet
  facet normal 0 0 -1
    outer loop
      vertex 148.108 7.2053 3.3
      vertex 175.892 7.2053 3.3
      vertex 212 3 3.3
    endloop
  endfacet
  facet normal 0 0 -1
    outer loop
      vertex 174.905 8.19218 3.3
      vertex 149.095 8.19218 3.3
      vertex 149.1 8.3 3.3
    endloop
  endfacet
  facet normal 0 0 -1
    outer loop
      vertex 174.921 8.0854 3.3
      vertex 149.079 8.0854 3.3
      vertex 149.095 8.19218 3.3
    endloop
  endfacet
  facet normal 0 0 -1
    outer loop
      vertex 174.947 7.98069 3.3
      vertex 149.053 7.98069 3.3
      vertex 149.079 8.0854 3.3
    endloop
  endfacet
  facet normal 0 0 -1
    outer loop
      vertex 174.984 7.87905 3.3
      vertex 149.016 7.87905 3.3
      vertex 149.053 7.98069 3.3
    endloop
  endfacet
  facet normal 0 0 -1
    outer loop
      vertex 175.03 7.78146 3.3
      vertex 148.97 7.78146 3.3
      vertex 149.016 7.87905 3.3
    endloop
  endfacet
  facet normal 0 0 -1
    outer loop
      vertex 175.085 7.68887 3.3
      vertex 148.915 7.68887 3.3
      vertex 148.97 7.78146 3.3
    endloop
  endfacet
  facet normal 0 0 -1
    outer loop
      vertex 175.15 7.60217 3.3
      vertex 148.85 7.60217 3.3
      vertex 148.915 7.68887 3.3
    endloop
  endfacet
  facet normal 0 0 -1
    outer loop
      vertex 175.222 7.52218 3.3
      vertex 148.778 7.52218 3.3
      vertex 148.85 7.60217 3.3
    endloop
  endfacet
  facet normal 0 0 -1
    outer loop
      vertex 175.302 7.44969 3.3
      vertex 148.698 7.44969 3.3
      vertex 148.778 7.52218 3.3
    endloop
  endfacet
  facet normal 0 0 -1
    outer loop
      vertex 175.389 7.38538 3.3
      vertex 148.611 7.38538 3.3
      vertex 148.698 7.44969 3.3
    endloop
  endfacet
  facet normal 0 0 -1
    outer loop
      vertex 175.481 7.32989 3.3
      vertex 148.519 7.32989 3.3
      vertex 148.611 7.38538 3.3
    endloop
  endfacet
  facet normal 0 0 -1
    outer loop
      vertex 175.579 7.28373 3.3
      vertex 148.421 7.28373 3.3
      vertex 148.519 7.32989 3.3
    endloop
  endfacet
  facet normal 0 0 -1
    outer loop
      vertex 175.681 7.24736 3.3
      vertex 148.319 7.24736 3.3
      vertex 148.421 7.28373 3.3
    endloop
  endfacet
  facet normal 0 0 -1
    outer loop
      vertex 175.785 7.22114 3.3
      vertex 148.215 7.22114 3.3
      vertex 148.319 7.24736 3.3
    endloop
  endfacet
  facet normal 0 0 -1
    outer loop
      vertex 175.892 7.2053 3.3
      vertex 148.108 7.2053 3.3
      vertex 148.215 7.22114 3.3
    endloop
  endfacet
  facet normal 0 0 -1
    outer loop
      vertex 212 3 3.3
      vertex 148 7.2 3.3
      vertex 148.108 7.2053 3.3
    endloop
  endfacet
  facet normal 0 0 -1
    outer loop
      vertex 106 3 3.3
      vertex 148 7.2 3.3
      vertex 212 3 3.3
    endloop
  endfacet
  facet normal 0 0 -1
    outer loop
      vertex 146.905 8.19218 3.3
      vertex 121.1 8.3 3.3
      vertex 146.9 8.3 3.3
    endloop
  endfacet
  facet normal 0 0 -1
    outer loop
      vertex 121.095 8.19218 3.3
      vertex 146.905 8.19218 3.3
      vertex 146.921 8.0854 3.3
    endloop
  endfacet
  facet normal 0 0 -1
    outer loop
      vertex 121.079 8.0854 3.3
      vertex 146.921 8.0854 3.3
      vertex 146.947 7.98069 3.3
    endloop
  endfacet
  facet normal 0 0 -1
    outer loop
      vertex 121.053 7.98069 3.3
      vertex 146.947 7.98069 3.3
      vertex 146.984 7.87905 3.3
    endloop
  endfacet
  facet normal 0 0 -1
    outer loop
      vertex 121.016 7.87905 3.3
      vertex 146.984 7.87905 3.3
      vertex 147.03 7.78146 3.3
    endloop
  endfacet
  facet normal 0 0 -1
    outer loop
      vertex 120.97 7.78146 3.3
      vertex 147.03 7.78146 3.3
      vertex 147.085 7.68887 3.3
    endloop
  endfacet
  facet normal 0 0 -1
    outer loop
      vertex 120.915 7.68887 3.3
      vertex 147.085 7.68887 3.3
      vertex 147.15 7.60217 3.3
    endloop
  endfacet
  facet normal 0 0 -1
    outer loop
      vertex 120.85 7.60217 3.3
      vertex 147.15 7.60217 3.3
      vertex 147.222 7.52218 3.3
    endloop
  endfacet
  facet normal 0 0 -1
    outer loop
      vertex 120.778 7.52218 3.3
      vertex 147.222 7.52218 3.3
      vertex 147.302 7.44969 3.3
    endloop
  endfacet
  facet normal 0 0 -1
    outer loop
      vertex 120.698 7.44969 3.3
      vertex 147.302 7.44969 3.3
      vertex 147.389 7.38538 3.3
    endloop
  endfacet
  facet normal 0 0 -1
    outer loop
      vertex 120.611 7.38538 3.3
      vertex 147.389 7.38538 3.3
      vertex 147.481 7.32989 3.3
    endloop
  endfacet
  facet normal 0 0 -1
    outer loop
      vertex 120.519 7.32989 3.3
      vertex 147.481 7.32989 3.3
      vertex 147.579 7.28373 3.3
    endloop
  endfacet
  facet normal 0 0 -1
    outer loop
      vertex 120.421 7.28373 3.3
      vertex 147.579 7.28373 3.3
      vertex 147.681 7.24736 3.3
    endloop
  endfacet
  facet normal 0 0 -1
    outer loop
      vertex 120.319 7.24736 3.3
      vertex 147.681 7.24736 3.3
      vertex 147.785 7.22114 3.3
    endloop
  endfacet
  facet normal 0 0 -1
    outer loop
      vertex 106 3 3.3
      vertex 147.785 7.22114 3.3
      vertex 147.892 7.2053 3.3
    endloop
  endfacet
  facet normal -0 0 -1
    outer loop
      vertex 148 7.2 3.3
      vertex 106 3 3.3
      vertex 147.892 7.2053 3.3
    endloop
  endfacet
  facet normal 0 0 -1
    outer loop
      vertex 146.905 8.19218 3.3
      vertex 121.095 8.19218 3.3
      vertex 121.1 8.3 3.3
    endloop
  endfacet
  facet normal 0 0 -1
    outer loop
      vertex 146.921 8.0854 3.3
      vertex 121.079 8.0854 3.3
      vertex 121.095 8.19218 3.3
    endloop
  endfacet
  facet normal 0 0 -1
    outer loop
      vertex 146.947 7.98069 3.3
      vertex 121.053 7.98069 3.3
      vertex 121.079 8.0854 3.3
    endloop
  endfacet
  facet normal 0 0 -1
    outer loop
      vertex 146.984 7.87905 3.3
      vertex 121.016 7.87905 3.3
      vertex 121.053 7.98069 3.3
    endloop
  endfacet
  facet normal 0 0 -1
    outer loop
      vertex 147.03 7.78146 3.3
      vertex 120.97 7.78146 3.3
      vertex 121.016 7.87905 3.3
    endloop
  endfacet
  facet normal 0 0 -1
    outer loop
      vertex 147.085 7.68887 3.3
      vertex 120.915 7.68887 3.3
      vertex 120.97 7.78146 3.3
    endloop
  endfacet
  facet normal 0 0 -1
    outer loop
      vertex 147.15 7.60217 3.3
      vertex 120.85 7.60217 3.3
      vertex 120.915 7.68887 3.3
    endloop
  endfacet
  facet normal 0 0 -1
    outer loop
      vertex 147.222 7.52218 3.3
      vertex 120.778 7.52218 3.3
      vertex 120.85 7.60217 3.3
    endloop
  endfacet
  facet normal 0 0 -1
    outer loop
      vertex 147.302 7.44969 3.3
      vertex 120.698 7.44969 3.3
      vertex 120.778 7.52218 3.3
    endloop
  endfacet
  facet normal 0 0 -1
    outer loop
      vertex 147.389 7.38538 3.3
      vertex 120.611 7.38538 3.3
      vertex 120.698 7.44969 3.3
    endloop
  endfacet
  facet normal 0 0 -1
    outer loop
      vertex 147.481 7.32989 3.3
      vertex 120.519 7.32989 3.3
      vertex 120.611 7.38538 3.3
    endloop
  endfacet
  facet normal 0 0 -1
    outer loop
      vertex 147.579 7.28373 3.3
      vertex 120.421 7.28373 3.3
      vertex 120.519 7.32989 3.3
    endloop
  endfacet
  facet normal 0 0 -1
    outer loop
      vertex 147.681 7.24736 3.3
      vertex 120.319 7.24736 3.3
      vertex 120.421 7.28373 3.3
    endloop
  endfacet
  facet normal 0 0 -1
    outer loop
      vertex 147.785 7.22114 3.3
      vertex 120.215 7.22114 3.3
      vertex 120.319 7.24736 3.3
    endloop
  endfacet
  facet normal -0 0 -1
    outer loop
      vertex 147.785 7.22114 3.3
      vertex 106 3 3.3
      vertex 120.215 7.22114 3.3
    endloop
  endfacet
  facet normal 0 0 -1
    outer loop
      vertex 120.215 7.22114 3.3
      vertex 106 3 3.3
      vertex 120.108 7.2053 3.3
    endloop
  endfacet
  facet normal -0 0 -1
    outer loop
      vertex 118.905 8.19218 3.3
      vertex 106 3 3.3
      vertex 118.9 8.3 3.3
    endloop
  endfacet
  facet normal -0 0 -1
    outer loop
      vertex 118.921 8.0854 3.3
      vertex 106 3 3.3
      vertex 118.905 8.19218 3.3
    endloop
  endfacet
  facet normal -0 0 -1
    outer loop
      vertex 118.947 7.98069 3.3
      vertex 106 3 3.3
      vertex 118.921 8.0854 3.3
    endloop
  endfacet
  facet normal -0 0 -1
    outer loop
      vertex 118.984 7.87905 3.3
      vertex 106 3 3.3
      vertex 118.947 7.98069 3.3
    endloop
  endfacet
  facet normal -0 0 -1
    outer loop
      vertex 119.03 7.78146 3.3
      vertex 106 3 3.3
      vertex 118.984 7.87905 3.3
    endloop
  endfacet
  facet normal -0 0 -1
    outer loop
      vertex 119.085 7.68887 3.3
      vertex 106 3 3.3
      vertex 119.03 7.78146 3.3
    endloop
  endfacet
  facet normal -0 0 -1
    outer loop
      vertex 119.15 7.60217 3.3
      vertex 106 3 3.3
      vertex 119.085 7.68887 3.3
    endloop
  endfacet
  facet normal -0 0 -1
    outer loop
      vertex 119.222 7.52218 3.3
      vertex 106 3 3.3
      vertex 119.15 7.60217 3.3
    endloop
  endfacet
  facet normal -0 0 -1
    outer loop
      vertex 119.302 7.44969 3.3
      vertex 106 3 3.3
      vertex 119.222 7.52218 3.3
    endloop
  endfacet
  facet normal -0 0 -1
    outer loop
      vertex 119.389 7.38538 3.3
      vertex 106 3 3.3
      vertex 119.302 7.44969 3.3
    endloop
  endfacet
  facet normal -0 0 -1
    outer loop
      vertex 119.481 7.32989 3.3
      vertex 106 3 3.3
      vertex 119.389 7.38538 3.3
    endloop
  endfacet
  facet normal -0 0 -1
    outer loop
      vertex 119.579 7.28373 3.3
      vertex 106 3 3.3
      vertex 119.481 7.32989 3.3
    endloop
  endfacet
  facet normal -0 0 -1
    outer loop
      vertex 119.681 7.24736 3.3
      vertex 106 3 3.3
      vertex 119.579 7.28373 3.3
    endloop
  endfacet
  facet normal -0 0 -1
    outer loop
      vertex 119.785 7.22114 3.3
      vertex 106 3 3.3
      vertex 119.681 7.24736 3.3
    endloop
  endfacet
  facet normal -0 0 -1
    outer loop
      vertex 119.892 7.2053 3.3
      vertex 106 3 3.3
      vertex 119.785 7.22114 3.3
    endloop
  endfacet
  facet normal -0 0 -1
    outer loop
      vertex 120 7.2 3.3
      vertex 106 3 3.3
      vertex 119.892 7.2053 3.3
    endloop
  endfacet
  facet normal 0 0 -1
    outer loop
      vertex 120.108 7.2053 3.3
      vertex 106 3 3.3
      vertex 120 7.2 3.3
    endloop
  endfacet
  facet normal 0 0 -1
    outer loop
      vertex 205.095 8.40782 3.3
      vertex 212 13.6 3.3
      vertex 205.1 8.3 3.3
    endloop
  endfacet
  facet normal 0 0 -1
    outer loop
      vertex 205.079 8.5146 3.3
      vertex 212 13.6 3.3
      vertex 205.095 8.40782 3.3
    endloop
  endfacet
  facet normal 0 0 -1
    outer loop
      vertex 205.053 8.61931 3.3
      vertex 212 13.6 3.3
      vertex 205.079 8.5146 3.3
    endloop
  endfacet
  facet normal 0 0 -1
    outer loop
      vertex 205.016 8.72095 3.3
      vertex 212 13.6 3.3
      vertex 205.053 8.61931 3.3
    endloop
  endfacet
  facet normal 0 0 -1
    outer loop
      vertex 204.97 8.81854 3.3
      vertex 212 13.6 3.3
      vertex 205.016 8.72095 3.3
    endloop
  endfacet
  facet normal 0 0 -1
    outer loop
      vertex 204.915 8.91113 3.3
      vertex 212 13.6 3.3
      vertex 204.97 8.81854 3.3
    endloop
  endfacet
  facet normal 0 0 -1
    outer loop
      vertex 204.85 8.99783 3.3
      vertex 212 13.6 3.3
      vertex 204.915 8.91113 3.3
    endloop
  endfacet
  facet normal 0 0 -1
    outer loop
      vertex 204.778 9.07782 3.3
      vertex 212 13.6 3.3
      vertex 204.85 8.99783 3.3
    endloop
  endfacet
  facet normal 0 0 -1
    outer loop
      vertex 204.698 9.15031 3.3
      vertex 212 13.6 3.3
      vertex 204.778 9.07782 3.3
    endloop
  endfacet
  facet normal 0 0 -1
    outer loop
      vertex 204.611 9.21462 3.3
      vertex 212 13.6 3.3
      vertex 204.698 9.15031 3.3
    endloop
  endfacet
  facet normal 0 0 -1
    outer loop
      vertex 204.519 9.27011 3.3
      vertex 212 13.6 3.3
      vertex 204.611 9.21462 3.3
    endloop
  endfacet
  facet normal 0 0 -1
    outer loop
      vertex 204.421 9.31627 3.3
      vertex 212 13.6 3.3
      vertex 204.519 9.27011 3.3
    endloop
  endfacet
  facet normal 0 0 -1
    outer loop
      vertex 204.319 9.35263 3.3
      vertex 212 13.6 3.3
      vertex 204.421 9.31627 3.3
    endloop
  endfacet
  facet normal 0 0 -1
    outer loop
      vertex 204.215 9.37886 3.3
      vertex 212 13.6 3.3
      vertex 204.319 9.35263 3.3
    endloop
  endfacet
  facet normal 0 0 -1
    outer loop
      vertex 204.108 9.3947 3.3
      vertex 212 13.6 3.3
      vertex 204.215 9.37886 3.3
    endloop
  endfacet
  facet normal 0 0 -1
    outer loop
      vertex 204 9.4 3.3
      vertex 212 13.6 3.3
      vertex 204.108 9.3947 3.3
    endloop
  endfacet
  facet normal 0 0 -1
    outer loop
      vertex 203.892 9.3947 3.3
      vertex 212 13.6 3.3
      vertex 204 9.4 3.3
    endloop
  endfacet
  facet normal 0 0 -1
    outer loop
      vertex 203.785 9.37886 3.3
      vertex 212 13.6 3.3
      vertex 203.892 9.3947 3.3
    endloop
  endfacet
  facet normal 0 0 -1
    outer loop
      vertex 203.681 9.35263 3.3
      vertex 212 13.6 3.3
      vertex 203.785 9.37886 3.3
    endloop
  endfacet
  facet normal 0 0 -1
    outer loop
      vertex 203.579 9.31627 3.3
      vertex 212 13.6 3.3
      vertex 203.681 9.35263 3.3
    endloop
  endfacet
  facet normal 0 0 -1
    outer loop
      vertex 176.421 9.31627 3.3
      vertex 203.579 9.31627 3.3
      vertex 203.481 9.27011 3.3
    endloop
  endfacet
  facet normal 0 0 -1
    outer loop
      vertex 177.1 8.3 3.3
      vertex 202.905 8.40782 3.3
      vertex 202.9 8.3 3.3
    endloop
  endfacet
  facet normal 0 0 -1
    outer loop
      vertex 177.095 8.40782 3.3
      vertex 202.905 8.40782 3.3
      vertex 177.1 8.3 3.3
    endloop
  endfacet
  facet normal 0 0 -1
    outer loop
      vertex 202.905 8.40782 3.3
      vertex 177.095 8.40782 3.3
      vertex 202.921 8.5146 3.3
    endloop
  endfacet
  facet normal 0 0 -1
    outer loop
      vertex 177.079 8.5146 3.3
      vertex 202.921 8.5146 3.3
      vertex 177.095 8.40782 3.3
    endloop
  endfacet
  facet normal 0 0 -1
    outer loop
      vertex 202.921 8.5146 3.3
      vertex 177.079 8.5146 3.3
      vertex 202.947 8.61931 3.3
    endloop
  endfacet
  facet normal 0 0 -1
    outer loop
      vertex 177.053 8.61931 3.3
      vertex 202.947 8.61931 3.3
      vertex 177.079 8.5146 3.3
    endloop
  endfacet
  facet normal 0 0 -1
    outer loop
      vertex 202.947 8.61931 3.3
      vertex 177.053 8.61931 3.3
      vertex 202.984 8.72095 3.3
    endloop
  endfacet
  facet normal 0 0 -1
    outer loop
      vertex 177.016 8.72095 3.3
      vertex 202.984 8.72095 3.3
      vertex 177.053 8.61931 3.3
    endloop
  endfacet
  facet normal 0 0 -1
    outer loop
      vertex 202.984 8.72095 3.3
      vertex 177.016 8.72095 3.3
      vertex 203.03 8.81854 3.3
    endloop
  endfacet
  facet normal 0 0 -1
    outer loop
      vertex 176.97 8.81854 3.3
      vertex 203.03 8.81854 3.3
      vertex 177.016 8.72095 3.3
    endloop
  endfacet
  facet normal 0 0 -1
    outer loop
      vertex 203.03 8.81854 3.3
      vertex 176.97 8.81854 3.3
      vertex 203.085 8.91113 3.3
    endloop
  endfacet
  facet normal 0 0 -1
    outer loop
      vertex 176.915 8.91113 3.3
      vertex 203.085 8.91113 3.3
      vertex 176.97 8.81854 3.3
    endloop
  endfacet
  facet normal 0 0 -1
    outer loop
      vertex 203.085 8.91113 3.3
      vertex 176.915 8.91113 3.3
      vertex 203.15 8.99783 3.3
    endloop
  endfacet
  facet normal 0 0 -1
    outer loop
      vertex 176.85 8.99783 3.3
      vertex 203.15 8.99783 3.3
      vertex 176.915 8.91113 3.3
    endloop
  endfacet
  facet normal 0 0 -1
    outer loop
      vertex 203.15 8.99783 3.3
      vertex 176.85 8.99783 3.3
      vertex 203.222 9.07782 3.3
    endloop
  endfacet
  facet normal 0 0 -1
    outer loop
      vertex 176.778 9.07782 3.3
      vertex 203.222 9.07782 3.3
      vertex 176.85 8.99783 3.3
    endloop
  endfacet
  facet normal 0 0 -1
    outer loop
      vertex 203.222 9.07782 3.3
      vertex 176.778 9.07782 3.3
      vertex 203.302 9.15031 3.3
    endloop
  endfacet
  facet normal 0 0 -1
    outer loop
      vertex 176.698 9.15031 3.3
      vertex 203.302 9.15031 3.3
      vertex 176.778 9.07782 3.3
    endloop
  endfacet
  facet normal 0 0 -1
    outer loop
      vertex 203.302 9.15031 3.3
      vertex 176.698 9.15031 3.3
      vertex 203.389 9.21462 3.3
    endloop
  endfacet
  facet normal 0 0 -1
    outer loop
      vertex 176.611 9.21462 3.3
      vertex 203.389 9.21462 3.3
      vertex 176.698 9.15031 3.3
    endloop
  endfacet
  facet normal 0 0 -1
    outer loop
      vertex 203.389 9.21462 3.3
      vertex 176.611 9.21462 3.3
      vertex 203.481 9.27011 3.3
    endloop
  endfacet
  facet normal 0 0 -1
    outer loop
      vertex 176.519 9.27011 3.3
      vertex 203.481 9.27011 3.3
      vertex 176.611 9.21462 3.3
    endloop
  endfacet
  facet normal 0 0 -1
    outer loop
      vertex 176.421 9.31627 3.3
      vertex 203.481 9.27011 3.3
      vertex 176.519 9.27011 3.3
    endloop
  endfacet
  facet normal 0 0 -1
    outer loop
      vertex 203.579 9.31627 3.3
      vertex 176.421 9.31627 3.3
      vertex 212 13.6 3.3
    endloop
  endfacet
  facet normal 0 0 -1
    outer loop
      vertex 176.319 9.35263 3.3
      vertex 212 13.6 3.3
      vertex 176.421 9.31627 3.3
    endloop
  endfacet
  facet normal 0 0 -1
    outer loop
      vertex 176.215 9.37886 3.3
      vertex 212 13.6 3.3
      vertex 176.319 9.35263 3.3
    endloop
  endfacet
  facet normal 0 0 -1
    outer loop
      vertex 176.108 9.3947 3.3
      vertex 212 13.6 3.3
      vertex 176.215 9.37886 3.3
    endloop
  endfacet
  facet normal 0 0 -1
    outer loop
      vertex 176 9.4 3.3
      vertex 212 13.6 3.3
      vertex 176.108 9.3947 3.3
    endloop
  endfacet
  facet normal 0 0 -1
    outer loop
      vertex 175.892 9.3947 3.3
      vertex 212 13.6 3.3
      vertex 176 9.4 3.3
    endloop
  endfacet
  facet normal 0 0 -1
    outer loop
      vertex 149.1 8.3 3.3
      vertex 174.905 8.40782 3.3
      vertex 174.9 8.3 3.3
    endloop
  endfacet
  facet normal 0 0 -1
    outer loop
      vertex 149.095 8.40782 3.3
      vertex 174.905 8.40782 3.3
      vertex 149.1 8.3 3.3
    endloop
  endfacet
  facet normal 0 0 -1
    outer loop
      vertex 174.905 8.40782 3.3
      vertex 149.095 8.40782 3.3
      vertex 174.921 8.5146 3.3
    endloop
  endfacet
  facet normal 0 0 -1
    outer loop
      vertex 149.079 8.5146 3.3
      vertex 174.921 8.5146 3.3
      vertex 149.095 8.40782 3.3
    endloop
  endfacet
  facet normal 0 0 -1
    outer loop
      vertex 174.921 8.5146 3.3
      vertex 149.079 8.5146 3.3
      vertex 174.947 8.61931 3.3
    endloop
  endfacet
  facet normal 0 0 -1
    outer loop
      vertex 149.053 8.61931 3.3
      vertex 174.947 8.61931 3.3
      vertex 149.079 8.5146 3.3
    endloop
  endfacet
  facet normal 0 0 -1
    outer loop
      vertex 174.947 8.61931 3.3
      vertex 149.053 8.61931 3.3
      vertex 174.984 8.72095 3.3
    endloop
  endfacet
  facet normal 0 0 -1
    outer loop
      vertex 149.016 8.72095 3.3
      vertex 174.984 8.72095 3.3
      vertex 149.053 8.61931 3.3
    endloop
  endfacet
  facet normal 0 0 -1
    outer loop
      vertex 174.984 8.72095 3.3
      vertex 149.016 8.72095 3.3
      vertex 175.03 8.81854 3.3
    endloop
  endfacet
  facet normal 0 0 -1
    outer loop
      vertex 148.97 8.81854 3.3
      vertex 175.03 8.81854 3.3
      vertex 149.016 8.72095 3.3
    endloop
  endfacet
  facet normal 0 0 -1
    outer loop
      vertex 175.03 8.81854 3.3
      vertex 148.97 8.81854 3.3
      vertex 175.085 8.91113 3.3
    endloop
  endfacet
  facet normal 0 0 -1
    outer loop
      vertex 148.915 8.91113 3.3
      vertex 175.085 8.91113 3.3
      vertex 148.97 8.81854 3.3
    endloop
  endfacet
  facet normal 0 0 -1
    outer loop
      vertex 175.085 8.91113 3.3
      vertex 148.915 8.91113 3.3
      vertex 175.15 8.99783 3.3
    endloop
  endfacet
  facet normal 0 0 -1
    outer loop
      vertex 148.85 8.99783 3.3
      vertex 175.15 8.99783 3.3
      vertex 148.915 8.91113 3.3
    endloop
  endfacet
  facet normal 0 0 -1
    outer loop
      vertex 175.15 8.99783 3.3
      vertex 148.85 8.99783 3.3
      vertex 175.222 9.07782 3.3
    endloop
  endfacet
  facet normal 0 0 -1
    outer loop
      vertex 148.778 9.07782 3.3
      vertex 175.222 9.07782 3.3
      vertex 148.85 8.99783 3.3
    endloop
  endfacet
  facet normal 0 0 -1
    outer loop
      vertex 175.222 9.07782 3.3
      vertex 148.778 9.07782 3.3
      vertex 175.302 9.15031 3.3
    endloop
  endfacet
  facet normal 0 0 -1
    outer loop
      vertex 148.698 9.15031 3.3
      vertex 175.302 9.15031 3.3
      vertex 148.778 9.07782 3.3
    endloop
  endfacet
  facet normal 0 0 -1
    outer loop
      vertex 175.302 9.15031 3.3
      vertex 148.698 9.15031 3.3
      vertex 175.389 9.21462 3.3
    endloop
  endfacet
  facet normal 0 0 -1
    outer loop
      vertex 148.611 9.21462 3.3
      vertex 175.389 9.21462 3.3
      vertex 148.698 9.15031 3.3
    endloop
  endfacet
  facet normal 0 0 -1
    outer loop
      vertex 175.389 9.21462 3.3
      vertex 148.611 9.21462 3.3
      vertex 175.481 9.27011 3.3
    endloop
  endfacet
  facet normal 0 0 -1
    outer loop
      vertex 148.519 9.27011 3.3
      vertex 175.481 9.27011 3.3
      vertex 148.611 9.21462 3.3
    endloop
  endfacet
  facet normal 0 0 -1
    outer loop
      vertex 175.481 9.27011 3.3
      vertex 148.519 9.27011 3.3
      vertex 175.579 9.31627 3.3
    endloop
  endfacet
  facet normal 0 0 -1
    outer loop
      vertex 148.421 9.31627 3.3
      vertex 175.579 9.31627 3.3
      vertex 148.519 9.27011 3.3
    endloop
  endfacet
  facet normal 0 0 -1
    outer loop
      vertex 175.579 9.31627 3.3
      vertex 148.421 9.31627 3.3
      vertex 175.681 9.35263 3.3
    endloop
  endfacet
  facet normal 0 0 -1
    outer loop
      vertex 148.319 9.35263 3.3
      vertex 175.681 9.35263 3.3
      vertex 148.421 9.31627 3.3
    endloop
  endfacet
  facet normal 0 0 -1
    outer loop
      vertex 175.681 9.35263 3.3
      vertex 148.319 9.35263 3.3
      vertex 175.785 9.37886 3.3
    endloop
  endfacet
  facet normal 0 0 -1
    outer loop
      vertex 148.215 9.37886 3.3
      vertex 175.785 9.37886 3.3
      vertex 148.319 9.35263 3.3
    endloop
  endfacet
  facet normal 0 0 -1
    outer loop
      vertex 175.785 9.37886 3.3
      vertex 148.215 9.37886 3.3
      vertex 175.892 9.3947 3.3
    endloop
  endfacet
  facet normal 0 0 -1
    outer loop
      vertex 148.108 9.3947 3.3
      vertex 175.892 9.3947 3.3
      vertex 148.215 9.37886 3.3
    endloop
  endfacet
  facet normal 0 0 -1
    outer loop
      vertex 175.892 9.3947 3.3
      vertex 148.108 9.3947 3.3
      vertex 212 13.6 3.3
    endloop
  endfacet
  facet normal 0 0 -1
    outer loop
      vertex 148 9.4 3.3
      vertex 212 13.6 3.3
      vertex 148.108 9.3947 3.3
    endloop
  endfacet
  facet normal 0 0 -1
    outer loop
      vertex 106 13.6 3.3
      vertex 148 9.4 3.3
      vertex 147.892 9.3947 3.3
    endloop
  endfacet
  facet normal 0 0 -1
    outer loop
      vertex 121.1 8.3 3.3
      vertex 146.905 8.40782 3.3
      vertex 146.9 8.3 3.3
    endloop
  endfacet
  facet normal 0 0 -1
    outer loop
      vertex 121.095 8.40782 3.3
      vertex 146.905 8.40782 3.3
      vertex 121.1 8.3 3.3
    endloop
  endfacet
  facet normal 0 0 -1
    outer loop
      vertex 146.905 8.40782 3.3
      vertex 121.095 8.40782 3.3
      vertex 146.921 8.5146 3.3
    endloop
  endfacet
  facet normal 0 0 -1
    outer loop
      vertex 121.079 8.5146 3.3
      vertex 146.921 8.5146 3.3
      vertex 121.095 8.40782 3.3
    endloop
  endfacet
  facet normal 0 0 -1
    outer loop
      vertex 146.921 8.5146 3.3
      vertex 121.079 8.5146 3.3
      vertex 146.947 8.61931 3.3
    endloop
  endfacet
  facet normal 0 0 -1
    outer loop
      vertex 121.053 8.61931 3.3
      vertex 146.947 8.61931 3.3
      vertex 121.079 8.5146 3.3
    endloop
  endfacet
  facet normal 0 0 -1
    outer loop
      vertex 146.947 8.61931 3.3
      vertex 121.053 8.61931 3.3
      vertex 146.984 8.72095 3.3
    endloop
  endfacet
  facet normal 0 0 -1
    outer loop
      vertex 121.016 8.72095 3.3
      vertex 146.984 8.72095 3.3
      vertex 121.053 8.61931 3.3
    endloop
  endfacet
  facet normal 0 0 -1
    outer loop
      vertex 146.984 8.72095 3.3
      vertex 121.016 8.72095 3.3
      vertex 147.03 8.81854 3.3
    endloop
  endfacet
  facet normal 0 0 -1
    outer loop
      vertex 120.97 8.81854 3.3
      vertex 147.03 8.81854 3.3
      vertex 121.016 8.72095 3.3
    endloop
  endfacet
  facet normal 0 0 -1
    outer loop
      vertex 147.03 8.81854 3.3
      vertex 120.97 8.81854 3.3
      vertex 147.085 8.91113 3.3
    endloop
  endfacet
  facet normal 0 0 -1
    outer loop
      vertex 120.915 8.91113 3.3
      vertex 147.085 8.91113 3.3
      vertex 120.97 8.81854 3.3
    endloop
  endfacet
  facet normal 0 0 -1
    outer loop
      vertex 147.085 8.91113 3.3
      vertex 120.915 8.91113 3.3
      vertex 147.15 8.99783 3.3
    endloop
  endfacet
  facet normal 0 0 -1
    outer loop
      vertex 120.85 8.99783 3.3
      vertex 147.15 8.99783 3.3
      vertex 120.915 8.91113 3.3
    endloop
  endfacet
  facet normal 0 0 -1
    outer loop
      vertex 147.15 8.99783 3.3
      vertex 120.85 8.99783 3.3
      vertex 147.222 9.07782 3.3
    endloop
  endfacet
  facet normal 0 0 -1
    outer loop
      vertex 120.778 9.07782 3.3
      vertex 147.222 9.07782 3.3
      vertex 120.85 8.99783 3.3
    endloop
  endfacet
  facet normal 0 0 -1
    outer loop
      vertex 147.222 9.07782 3.3
      vertex 120.778 9.07782 3.3
      vertex 147.302 9.15031 3.3
    endloop
  endfacet
  facet normal 0 0 -1
    outer loop
      vertex 120.698 9.15031 3.3
      vertex 147.302 9.15031 3.3
      vertex 120.778 9.07782 3.3
    endloop
  endfacet
  facet normal 0 0 -1
    outer loop
      vertex 147.302 9.15031 3.3
      vertex 120.698 9.15031 3.3
      vertex 147.389 9.21462 3.3
    endloop
  endfacet
  facet normal 0 0 -1
    outer loop
      vertex 120.611 9.21462 3.3
      vertex 147.389 9.21462 3.3
      vertex 120.698 9.15031 3.3
    endloop
  endfacet
  facet normal 0 0 -1
    outer loop
      vertex 147.389 9.21462 3.3
      vertex 120.611 9.21462 3.3
      vertex 147.481 9.27011 3.3
    endloop
  endfacet
  facet normal 0 0 -1
    outer loop
      vertex 120.519 9.27011 3.3
      vertex 147.481 9.27011 3.3
      vertex 120.611 9.21462 3.3
    endloop
  endfacet
  facet normal 0 0 -1
    outer loop
      vertex 147.481 9.27011 3.3
      vertex 120.519 9.27011 3.3
      vertex 147.579 9.31627 3.3
    endloop
  endfacet
  facet normal 0 0 -1
    outer loop
      vertex 120.421 9.31627 3.3
      vertex 147.579 9.31627 3.3
      vertex 120.519 9.27011 3.3
    endloop
  endfacet
  facet normal 0 0 -1
    outer loop
      vertex 147.579 9.31627 3.3
      vertex 120.421 9.31627 3.3
      vertex 147.681 9.35263 3.3
    endloop
  endfacet
  facet normal 0 0 -1
    outer loop
      vertex 120.319 9.35263 3.3
      vertex 147.681 9.35263 3.3
      vertex 120.421 9.31627 3.3
    endloop
  endfacet
  facet normal 0 0 -1
    outer loop
      vertex 147.681 9.35263 3.3
      vertex 120.319 9.35263 3.3
      vertex 147.785 9.37886 3.3
    endloop
  endfacet
  facet normal 0 0 -1
    outer loop
      vertex 120.215 9.37886 3.3
      vertex 147.785 9.37886 3.3
      vertex 120.319 9.35263 3.3
    endloop
  endfacet
  facet normal 0 0 -1
    outer loop
      vertex 106 13.6 3.3
      vertex 147.785 9.37886 3.3
      vertex 120.215 9.37886 3.3
    endloop
  endfacet
  facet normal 0 0 -1
    outer loop
      vertex 147.785 9.37886 3.3
      vertex 106 13.6 3.3
      vertex 147.892 9.3947 3.3
    endloop
  endfacet
  facet normal 0 0 -1
    outer loop
      vertex 106 13.6 3.3
      vertex 120.215 9.37886 3.3
      vertex 120.108 9.3947 3.3
    endloop
  endfacet
  facet normal 0 0 -1
    outer loop
      vertex 106 13.6 3.3
      vertex 120.108 9.3947 3.3
      vertex 120 9.4 3.3
    endloop
  endfacet
  facet normal 0 0 -1
    outer loop
      vertex 106 13.6 3.3
      vertex 118.9 8.3 3.3
      vertex 106 3 3.3
    endloop
  endfacet
  facet normal 0 0 -1
    outer loop
      vertex 118.9 8.3 3.3
      vertex 106 13.6 3.3
      vertex 118.905 8.40782 3.3
    endloop
  endfacet
  facet normal 0 0 -1
    outer loop
      vertex 118.905 8.40782 3.3
      vertex 106 13.6 3.3
      vertex 118.921 8.5146 3.3
    endloop
  endfacet
  facet normal 0 0 -1
    outer loop
      vertex 118.921 8.5146 3.3
      vertex 106 13.6 3.3
      vertex 118.947 8.61931 3.3
    endloop
  endfacet
  facet normal 0 0 -1
    outer loop
      vertex 118.947 8.61931 3.3
      vertex 106 13.6 3.3
      vertex 118.984 8.72095 3.3
    endloop
  endfacet
  facet normal 0 0 -1
    outer loop
      vertex 118.984 8.72095 3.3
      vertex 106 13.6 3.3
      vertex 119.03 8.81854 3.3
    endloop
  endfacet
  facet normal 0 0 -1
    outer loop
      vertex 119.03 8.81854 3.3
      vertex 106 13.6 3.3
      vertex 119.085 8.91113 3.3
    endloop
  endfacet
  facet normal 0 0 -1
    outer loop
      vertex 119.085 8.91113 3.3
      vertex 106 13.6 3.3
      vertex 119.15 8.99783 3.3
    endloop
  endfacet
  facet normal 0 0 -1
    outer loop
      vertex 119.15 8.99783 3.3
      vertex 106 13.6 3.3
      vertex 119.222 9.07782 3.3
    endloop
  endfacet
  facet normal 0 0 -1
    outer loop
      vertex 119.222 9.07782 3.3
      vertex 106 13.6 3.3
      vertex 119.302 9.15031 3.3
    endloop
  endfacet
  facet normal 0 0 -1
    outer loop
      vertex 119.302 9.15031 3.3
      vertex 106 13.6 3.3
      vertex 119.389 9.21462 3.3
    endloop
  endfacet
  facet normal 0 0 -1
    outer loop
      vertex 119.389 9.21462 3.3
      vertex 106 13.6 3.3
      vertex 119.481 9.27011 3.3
    endloop
  endfacet
  facet normal 0 0 -1
    outer loop
      vertex 148 9.4 3.3
      vertex 106 13.6 3.3
      vertex 212 13.6 3.3
    endloop
  endfacet
  facet normal 0 0 -1
    outer loop
      vertex 119.892 9.3947 3.3
      vertex 106 13.6 3.3
      vertex 120 9.4 3.3
    endloop
  endfacet
  facet normal 0 0 -1
    outer loop
      vertex 119.785 9.37886 3.3
      vertex 106 13.6 3.3
      vertex 119.892 9.3947 3.3
    endloop
  endfacet
  facet normal 0 0 -1
    outer loop
      vertex 119.681 9.35263 3.3
      vertex 106 13.6 3.3
      vertex 119.785 9.37886 3.3
    endloop
  endfacet
  facet normal 0 0 -1
    outer loop
      vertex 119.579 9.31627 3.3
      vertex 106 13.6 3.3
      vertex 119.681 9.35263 3.3
    endloop
  endfacet
  facet normal 0 0 -1
    outer loop
      vertex 119.481 9.27011 3.3
      vertex 106 13.6 3.3
      vertex 119.579 9.31627 3.3
    endloop
  endfacet
  facet normal 0 -1 0
    outer loop
      vertex 106 13.6 0
      vertex 212 13.6 3.3
      vertex 106 13.6 3.3
    endloop
  endfacet
  facet normal 0 -1 -0
    outer loop
      vertex 212 13.6 3.3
      vertex 106 13.6 0
      vertex 212 13.6 0
    endloop
  endfacet
  facet normal 0 1 -0
    outer loop
      vertex 212 3 0
      vertex 106 3 3.3
      vertex 212 3 3.3
    endloop
  endfacet
  facet normal 0 1 0
    outer loop
      vertex 106 3 3.3
      vertex 212 3 0
      vertex 106 3 0
    endloop
  endfacet
  facet normal -1 0 0
    outer loop
      vertex 106 3 0
      vertex 106 0 0
      vertex 106 3 3.3
    endloop
  endfacet
  facet normal -1 0 0
    outer loop
      vertex 106 13.6 3.3
      vertex 106 16.6 0
      vertex 106 13.6 0
    endloop
  endfacet
  facet normal -1 0 0
    outer loop
      vertex 106 16.6 0
      vertex 106 13.6 3.3
      vertex 106 16.6 12.3
    endloop
  endfacet
  facet normal -1 0 0
    outer loop
      vertex 106 3 3.3
      vertex 106 16.6 12.3
      vertex 106 13.6 3.3
    endloop
  endfacet
  facet normal -1 0 0
    outer loop
      vertex 106 3 3.3
      vertex 106 0 12.3
      vertex 106 16.6 12.3
    endloop
  endfacet
  facet normal -1 0 0
    outer loop
      vertex 106 0 12.3
      vertex 106 3 3.3
      vertex 106 0 0
    endloop
  endfacet
endsolid OpenSCAD_Model
