solid OpenSCAD_Model
  facet normal -0.989176 -0.146737 0
    outer loop
      vertex 9.0947 9.40782 3.3
      vertex 9.07886 9.5146 11.4
      vertex 9.07886 9.5146 3.3
    endloop
  endfacet
  facet normal -0.989176 -0.146737 0
    outer loop
      vertex 9.07886 9.5146 11.4
      vertex 9.0947 9.40782 3.3
      vertex 9.0947 9.40782 11.4
    endloop
  endfacet
  facet normal -0.998794 -0.0490967 0
    outer loop
      vertex 9.1 9.3 3.3
      vertex 9.0947 9.40782 11.4
      vertex 9.0947 9.40782 3.3
    endloop
  endfacet
  facet normal -0.998794 -0.0490967 0
    outer loop
      vertex 9.0947 9.40782 11.4
      vertex 9.1 9.3 3.3
      vertex 9.1 9.3 11.4
    endloop
  endfacet
  facet normal -0.970028 -0.242993 0
    outer loop
      vertex 9.07886 9.5146 3.3
      vertex 9.05263 9.61931 11.4
      vertex 9.05263 9.61931 3.3
    endloop
  endfacet
  facet normal -0.970028 -0.242993 0
    outer loop
      vertex 9.05263 9.61931 11.4
      vertex 9.07886 9.5146 3.3
      vertex 9.07886 9.5146 11.4
    endloop
  endfacet
  facet normal 0.97005 -0.242906 0
    outer loop
      vertex 6.92114 9.5146 11.4
      vertex 6.94736 9.61931 3.3
      vertex 6.94736 9.61931 11.4
    endloop
  endfacet
  facet normal 0.97005 -0.242906 0
    outer loop
      vertex 6.94736 9.61931 3.3
      vertex 6.92114 9.5146 11.4
      vertex 6.92114 9.5146 3.3
    endloop
  endfacet
  facet normal 0.427883 -0.903834 0
    outer loop
      vertex 7.48146 10.2701 3.3
      vertex 7.57905 10.3163 11.4
      vertex 7.48146 10.2701 11.4
    endloop
  endfacet
  facet normal 0.427883 -0.903834 0
    outer loop
      vertex 7.57905 10.3163 11.4
      vertex 7.48146 10.2701 3.3
      vertex 7.57905 10.3163 3.3
    endloop
  endfacet
  facet normal -0.336336 -0.941742 0
    outer loop
      vertex 8.31931 10.3526 3.3
      vertex 8.42095 10.3163 11.4
      vertex 8.31931 10.3526 11.4
    endloop
  endfacet
  facet normal -0.336336 -0.941742 -0
    outer loop
      vertex 8.42095 10.3163 11.4
      vertex 8.31931 10.3526 3.3
      vertex 8.42095 10.3163 3.3
    endloop
  endfacet
  facet normal -0.146374 -0.989229 0
    outer loop
      vertex 8.10782 10.3947 3.3
      vertex 8.2146 10.3789 11.4
      vertex 8.10782 10.3947 11.4
    endloop
  endfacet
  facet normal -0.146374 -0.989229 -0
    outer loop
      vertex 8.2146 10.3789 11.4
      vertex 8.10782 10.3947 3.3
      vertex 8.2146 10.3789 3.3
    endloop
  endfacet
  facet normal 0.514128 -0.857714 0
    outer loop
      vertex 7.38887 10.2146 3.3
      vertex 7.48146 10.2701 11.4
      vertex 7.38887 10.2146 11.4
    endloop
  endfacet
  facet normal 0.514128 -0.857714 0
    outer loop
      vertex 7.48146 10.2701 11.4
      vertex 7.38887 10.2146 3.3
      vertex 7.48146 10.2701 3.3
    endloop
  endfacet
  facet normal -0.998794 0.0490967 0
    outer loop
      vertex 9.0947 9.19218 3.3
      vertex 9.1 9.3 11.4
      vertex 9.1 9.3 3.3
    endloop
  endfacet
  facet normal -0.998794 0.0490967 0
    outer loop
      vertex 9.1 9.3 11.4
      vertex 9.0947 9.19218 3.3
      vertex 9.0947 9.19218 11.4
    endloop
  endfacet
  facet normal -0.242906 0.97005 0
    outer loop
      vertex 8.31931 8.24736 3.3
      vertex 8.2146 8.22114 11.4
      vertex 8.31931 8.24736 11.4
    endloop
  endfacet
  facet normal -0.242906 0.97005 0
    outer loop
      vertex 8.2146 8.22114 11.4
      vertex 8.31931 8.24736 3.3
      vertex 8.2146 8.22114 3.3
    endloop
  endfacet
  facet normal 0.0490967 -0.998794 0
    outer loop
      vertex 7.89218 10.3947 3.3
      vertex 8 10.4 11.4
      vertex 7.89218 10.3947 11.4
    endloop
  endfacet
  facet normal 0.0490967 -0.998794 0
    outer loop
      vertex 8 10.4 11.4
      vertex 7.89218 10.3947 3.3
      vertex 8 10.4 3.3
    endloop
  endfacet
  facet normal 0.989176 0.146737 0
    outer loop
      vertex 6.92114 9.0854 11.4
      vertex 6.9053 9.19218 3.3
      vertex 6.9053 9.19218 11.4
    endloop
  endfacet
  facet normal 0.989176 0.146737 0
    outer loop
      vertex 6.9053 9.19218 3.3
      vertex 6.92114 9.0854 11.4
      vertex 6.92114 9.0854 3.3
    endloop
  endfacet
  facet normal 0.740908 -0.671607 0
    outer loop
      vertex 7.14969 9.99783 11.4
      vertex 7.22218 10.0778 3.3
      vertex 7.22218 10.0778 11.4
    endloop
  endfacet
  facet normal 0.740908 -0.671607 0
    outer loop
      vertex 7.22218 10.0778 3.3
      vertex 7.14969 9.99783 11.4
      vertex 7.14969 9.99783 3.3
    endloop
  endfacet
  facet normal 0.242906 0.97005 -0
    outer loop
      vertex 7.7854 8.22114 3.3
      vertex 7.68069 8.24736 11.4
      vertex 7.7854 8.22114 11.4
    endloop
  endfacet
  facet normal 0.242906 0.97005 0
    outer loop
      vertex 7.68069 8.24736 11.4
      vertex 7.7854 8.22114 3.3
      vertex 7.68069 8.24736 3.3
    endloop
  endfacet
  facet normal -0.427581 0.903977 0
    outer loop
      vertex 8.51854 8.32989 3.3
      vertex 8.42095 8.28373 11.4
      vertex 8.51854 8.32989 11.4
    endloop
  endfacet
  facet normal -0.427581 0.903977 0
    outer loop
      vertex 8.42095 8.28373 11.4
      vertex 8.51854 8.32989 3.3
      vertex 8.42095 8.28373 3.3
    endloop
  endfacet
  facet normal 0.595752 0.803168 -0
    outer loop
      vertex 7.38887 8.38538 3.3
      vertex 7.30217 8.44969 11.4
      vertex 7.38887 8.38538 11.4
    endloop
  endfacet
  facet normal 0.595752 0.803168 0
    outer loop
      vertex 7.30217 8.44969 11.4
      vertex 7.38887 8.38538 3.3
      vertex 7.30217 8.44969 3.3
    endloop
  endfacet
  facet normal -0.146737 0.989176 0
    outer loop
      vertex 8.2146 8.22114 3.3
      vertex 8.10782 8.2053 11.4
      vertex 8.2146 8.22114 11.4
    endloop
  endfacet
  facet normal -0.146737 0.989176 0
    outer loop
      vertex 8.10782 8.2053 11.4
      vertex 8.2146 8.22114 3.3
      vertex 8.10782 8.2053 3.3
    endloop
  endfacet
  facet normal 0.146374 -0.989229 0
    outer loop
      vertex 7.7854 10.3789 3.3
      vertex 7.89218 10.3947 11.4
      vertex 7.7854 10.3789 11.4
    endloop
  endfacet
  facet normal 0.146374 -0.989229 0
    outer loop
      vertex 7.89218 10.3947 11.4
      vertex 7.7854 10.3789 3.3
      vertex 7.89218 10.3947 3.3
    endloop
  endfacet
  facet normal 0.989176 -0.146737 0
    outer loop
      vertex 6.9053 9.40782 11.4
      vertex 6.92114 9.5146 3.3
      vertex 6.92114 9.5146 11.4
    endloop
  endfacet
  facet normal 0.989176 -0.146737 0
    outer loop
      vertex 6.92114 9.5146 3.3
      vertex 6.9053 9.40782 11.4
      vertex 6.9053 9.40782 3.3
    endloop
  endfacet
  facet normal -0.903977 0.427581 0
    outer loop
      vertex 8.97011 8.78146 3.3
      vertex 9.01627 8.87905 11.4
      vertex 9.01627 8.87905 3.3
    endloop
  endfacet
  facet normal -0.903977 0.427581 0
    outer loop
      vertex 9.01627 8.87905 11.4
      vertex 8.97011 8.78146 3.3
      vertex 8.97011 8.78146 11.4
    endloop
  endfacet
  facet normal 0.671515 0.740991 -0
    outer loop
      vertex 7.30217 8.44969 3.3
      vertex 7.22218 8.52218 11.4
      vertex 7.30217 8.44969 11.4
    endloop
  endfacet
  facet normal 0.671515 0.740991 0
    outer loop
      vertex 7.22218 8.52218 11.4
      vertex 7.30217 8.44969 3.3
      vertex 7.22218 8.52218 3.3
    endloop
  endfacet
  facet normal -0.740908 -0.671607 0
    outer loop
      vertex 8.85031 9.99783 3.3
      vertex 8.77782 10.0778 11.4
      vertex 8.77782 10.0778 3.3
    endloop
  endfacet
  facet normal -0.740908 -0.671607 0
    outer loop
      vertex 8.77782 10.0778 11.4
      vertex 8.85031 9.99783 3.3
      vertex 8.85031 9.99783 11.4
    endloop
  endfacet
  facet normal 0.243603 -0.969875 0
    outer loop
      vertex 7.68069 10.3526 3.3
      vertex 7.7854 10.3789 11.4
      vertex 7.68069 10.3526 11.4
    endloop
  endfacet
  facet normal 0.243603 -0.969875 0
    outer loop
      vertex 7.7854 10.3789 11.4
      vertex 7.68069 10.3526 3.3
      vertex 7.7854 10.3789 3.3
    endloop
  endfacet
  facet normal -0.427883 -0.903834 0
    outer loop
      vertex 8.42095 10.3163 3.3
      vertex 8.51854 10.2701 11.4
      vertex 8.42095 10.3163 11.4
    endloop
  endfacet
  facet normal -0.427883 -0.903834 -0
    outer loop
      vertex 8.51854 10.2701 11.4
      vertex 8.42095 10.3163 3.3
      vertex 8.51854 10.2701 3.3
    endloop
  endfacet
  facet normal -0.0490967 0.998794 0
    outer loop
      vertex 8.10782 8.2053 3.3
      vertex 8 8.2 11.4
      vertex 8.10782 8.2053 11.4
    endloop
  endfacet
  facet normal -0.0490967 0.998794 0
    outer loop
      vertex 8 8.2 11.4
      vertex 8.10782 8.2053 3.3
      vertex 8 8.2 3.3
    endloop
  endfacet
  facet normal 0.146737 0.989176 -0
    outer loop
      vertex 7.89218 8.2053 3.3
      vertex 7.7854 8.22114 11.4
      vertex 7.89218 8.2053 11.4
    endloop
  endfacet
  facet normal 0.146737 0.989176 0
    outer loop
      vertex 7.7854 8.22114 11.4
      vertex 7.89218 8.2053 3.3
      vertex 7.7854 8.22114 3.3
    endloop
  endfacet
  facet normal 0.903977 -0.427581 0
    outer loop
      vertex 6.98373 9.72095 11.4
      vertex 7.02989 9.81854 3.3
      vertex 7.02989 9.81854 11.4
    endloop
  endfacet
  facet normal 0.903977 -0.427581 0
    outer loop
      vertex 7.02989 9.81854 3.3
      vertex 6.98373 9.72095 11.4
      vertex 6.98373 9.72095 3.3
    endloop
  endfacet
  facet normal -0.803168 -0.595752 0
    outer loop
      vertex 8.91462 9.91113 3.3
      vertex 8.85031 9.99783 11.4
      vertex 8.85031 9.99783 3.3
    endloop
  endfacet
  facet normal -0.803168 -0.595752 0
    outer loop
      vertex 8.85031 9.99783 11.4
      vertex 8.91462 9.91113 3.3
      vertex 8.91462 9.91113 11.4
    endloop
  endfacet
  facet normal 0.803168 0.595752 0
    outer loop
      vertex 7.14969 8.60217 11.4
      vertex 7.08538 8.68887 3.3
      vertex 7.08538 8.68887 11.4
    endloop
  endfacet
  facet normal 0.803168 0.595752 0
    outer loop
      vertex 7.08538 8.68887 3.3
      vertex 7.14969 8.60217 11.4
      vertex 7.14969 8.60217 3.3
    endloop
  endfacet
  facet normal 0.740991 0.671515 0
    outer loop
      vertex 7.22218 8.52218 11.4
      vertex 7.14969 8.60217 3.3
      vertex 7.14969 8.60217 11.4
    endloop
  endfacet
  facet normal 0.740991 0.671515 0
    outer loop
      vertex 7.14969 8.60217 3.3
      vertex 7.22218 8.52218 11.4
      vertex 7.22218 8.52218 3.3
    endloop
  endfacet
  facet normal 0.336911 0.941536 -0
    outer loop
      vertex 7.68069 8.24736 3.3
      vertex 7.57905 8.28373 11.4
      vertex 7.68069 8.24736 11.4
    endloop
  endfacet
  facet normal 0.336911 0.941536 0
    outer loop
      vertex 7.57905 8.28373 11.4
      vertex 7.68069 8.24736 3.3
      vertex 7.57905 8.28373 3.3
    endloop
  endfacet
  facet normal 0.998794 -0.0490967 0
    outer loop
      vertex 6.9 9.3 11.4
      vertex 6.9053 9.40782 3.3
      vertex 6.9053 9.40782 11.4
    endloop
  endfacet
  facet normal 0.998794 -0.0490967 0
    outer loop
      vertex 6.9053 9.40782 3.3
      vertex 6.9 9.3 11.4
      vertex 6.9 9.3 3.3
    endloop
  endfacet
  facet normal -0.336911 0.941536 0
    outer loop
      vertex 8.42095 8.28373 3.3
      vertex 8.31931 8.24736 11.4
      vertex 8.42095 8.28373 11.4
    endloop
  endfacet
  facet normal -0.336911 0.941536 0
    outer loop
      vertex 8.31931 8.24736 11.4
      vertex 8.42095 8.28373 3.3
      vertex 8.31931 8.24736 3.3
    endloop
  endfacet
  facet normal -0.970028 0.242993 0
    outer loop
      vertex 9.05263 8.98069 3.3
      vertex 9.07886 9.0854 11.4
      vertex 9.07886 9.0854 3.3
    endloop
  endfacet
  facet normal -0.970028 0.242993 0
    outer loop
      vertex 9.07886 9.0854 11.4
      vertex 9.05263 8.98069 3.3
      vertex 9.05263 8.98069 11.4
    endloop
  endfacet
  facet normal -0.941566 0.336829 0
    outer loop
      vertex 9.01627 8.87905 3.3
      vertex 9.05263 8.98069 11.4
      vertex 9.05263 8.98069 3.3
    endloop
  endfacet
  facet normal -0.941566 0.336829 0
    outer loop
      vertex 9.05263 8.98069 11.4
      vertex 9.01627 8.87905 3.3
      vertex 9.01627 8.87905 11.4
    endloop
  endfacet
  facet normal -0.0490967 -0.998794 0
    outer loop
      vertex 8 10.4 3.3
      vertex 8.10782 10.3947 11.4
      vertex 8 10.4 11.4
    endloop
  endfacet
  facet normal -0.0490967 -0.998794 -0
    outer loop
      vertex 8.10782 10.3947 11.4
      vertex 8 10.4 3.3
      vertex 8.10782 10.3947 3.3
    endloop
  endfacet
  facet normal -0.740991 0.671515 0
    outer loop
      vertex 8.77782 8.52218 3.3
      vertex 8.85031 8.60217 11.4
      vertex 8.85031 8.60217 3.3
    endloop
  endfacet
  facet normal -0.740991 0.671515 0
    outer loop
      vertex 8.85031 8.60217 11.4
      vertex 8.77782 8.52218 3.3
      vertex 8.77782 8.52218 11.4
    endloop
  endfacet
  facet normal 0.595693 -0.803212 0
    outer loop
      vertex 7.30217 10.1503 3.3
      vertex 7.38887 10.2146 11.4
      vertex 7.30217 10.1503 11.4
    endloop
  endfacet
  facet normal 0.595693 -0.803212 0
    outer loop
      vertex 7.38887 10.2146 11.4
      vertex 7.30217 10.1503 3.3
      vertex 7.38887 10.2146 3.3
    endloop
  endfacet
  facet normal -0.514128 -0.857714 0
    outer loop
      vertex 8.51854 10.2701 3.3
      vertex 8.61113 10.2146 11.4
      vertex 8.51854 10.2701 11.4
    endloop
  endfacet
  facet normal -0.514128 -0.857714 -0
    outer loop
      vertex 8.61113 10.2146 11.4
      vertex 8.51854 10.2701 3.3
      vertex 8.61113 10.2146 3.3
    endloop
  endfacet
  facet normal -0.243603 -0.969875 0
    outer loop
      vertex 8.2146 10.3789 3.3
      vertex 8.31931 10.3526 11.4
      vertex 8.2146 10.3789 11.4
    endloop
  endfacet
  facet normal -0.243603 -0.969875 -0
    outer loop
      vertex 8.31931 10.3526 11.4
      vertex 8.2146 10.3789 3.3
      vertex 8.31931 10.3526 3.3
    endloop
  endfacet
  facet normal -0.941566 -0.336829 0
    outer loop
      vertex 9.05263 9.61931 3.3
      vertex 9.01627 9.72095 11.4
      vertex 9.01627 9.72095 3.3
    endloop
  endfacet
  facet normal -0.941566 -0.336829 0
    outer loop
      vertex 9.01627 9.72095 11.4
      vertex 9.05263 9.61931 3.3
      vertex 9.05263 9.61931 11.4
    endloop
  endfacet
  facet normal -0.595693 -0.803212 0
    outer loop
      vertex 8.61113 10.2146 3.3
      vertex 8.69783 10.1503 11.4
      vertex 8.61113 10.2146 11.4
    endloop
  endfacet
  facet normal -0.595693 -0.803212 -0
    outer loop
      vertex 8.69783 10.1503 11.4
      vertex 8.61113 10.2146 3.3
      vertex 8.69783 10.1503 3.3
    endloop
  endfacet
  facet normal -0.671515 0.740991 0
    outer loop
      vertex 8.77782 8.52218 3.3
      vertex 8.69783 8.44969 11.4
      vertex 8.77782 8.52218 11.4
    endloop
  endfacet
  facet normal -0.671515 0.740991 0
    outer loop
      vertex 8.69783 8.44969 11.4
      vertex 8.77782 8.52218 3.3
      vertex 8.69783 8.44969 3.3
    endloop
  endfacet
  facet normal 0.97005 0.242906 0
    outer loop
      vertex 6.94736 8.98069 11.4
      vertex 6.92114 9.0854 3.3
      vertex 6.92114 9.0854 11.4
    endloop
  endfacet
  facet normal 0.97005 0.242906 0
    outer loop
      vertex 6.92114 9.0854 3.3
      vertex 6.94736 8.98069 11.4
      vertex 6.94736 8.98069 3.3
    endloop
  endfacet
  facet normal -0.903977 -0.427581 0
    outer loop
      vertex 9.01627 9.72095 3.3
      vertex 8.97011 9.81854 11.4
      vertex 8.97011 9.81854 3.3
    endloop
  endfacet
  facet normal -0.903977 -0.427581 0
    outer loop
      vertex 8.97011 9.81854 11.4
      vertex 9.01627 9.72095 3.3
      vertex 9.01627 9.72095 11.4
    endloop
  endfacet
  facet normal -0.989176 0.146737 0
    outer loop
      vertex 9.07886 9.0854 3.3
      vertex 9.0947 9.19218 11.4
      vertex 9.0947 9.19218 3.3
    endloop
  endfacet
  facet normal -0.989176 0.146737 0
    outer loop
      vertex 9.0947 9.19218 11.4
      vertex 9.07886 9.0854 3.3
      vertex 9.07886 9.0854 11.4
    endloop
  endfacet
  facet normal -0.857754 -0.51406 0
    outer loop
      vertex 8.97011 9.81854 3.3
      vertex 8.91462 9.91113 11.4
      vertex 8.91462 9.91113 3.3
    endloop
  endfacet
  facet normal -0.857754 -0.51406 0
    outer loop
      vertex 8.91462 9.91113 11.4
      vertex 8.97011 9.81854 3.3
      vertex 8.97011 9.81854 11.4
    endloop
  endfacet
  facet normal 0.336336 -0.941742 0
    outer loop
      vertex 7.57905 10.3163 3.3
      vertex 7.68069 10.3526 11.4
      vertex 7.57905 10.3163 11.4
    endloop
  endfacet
  facet normal 0.336336 -0.941742 0
    outer loop
      vertex 7.68069 10.3526 11.4
      vertex 7.57905 10.3163 3.3
      vertex 7.68069 10.3526 3.3
    endloop
  endfacet
  facet normal -0.857754 0.51406 0
    outer loop
      vertex 8.91462 8.68887 3.3
      vertex 8.97011 8.78146 11.4
      vertex 8.97011 8.78146 3.3
    endloop
  endfacet
  facet normal -0.857754 0.51406 0
    outer loop
      vertex 8.97011 8.78146 11.4
      vertex 8.91462 8.68887 3.3
      vertex 8.91462 8.68887 11.4
    endloop
  endfacet
  facet normal -0.671566 -0.740945 0
    outer loop
      vertex 8.69783 10.1503 3.3
      vertex 8.77782 10.0778 11.4
      vertex 8.69783 10.1503 11.4
    endloop
  endfacet
  facet normal -0.671566 -0.740945 -0
    outer loop
      vertex 8.77782 10.0778 11.4
      vertex 8.69783 10.1503 3.3
      vertex 8.77782 10.0778 3.3
    endloop
  endfacet
  facet normal 0.671566 -0.740945 0
    outer loop
      vertex 7.22218 10.0778 3.3
      vertex 7.30217 10.1503 11.4
      vertex 7.22218 10.0778 11.4
    endloop
  endfacet
  facet normal 0.671566 -0.740945 0
    outer loop
      vertex 7.30217 10.1503 11.4
      vertex 7.22218 10.0778 3.3
      vertex 7.30217 10.1503 3.3
    endloop
  endfacet
  facet normal 0.0490967 0.998794 -0
    outer loop
      vertex 8 8.2 3.3
      vertex 7.89218 8.2053 11.4
      vertex 8 8.2 11.4
    endloop
  endfacet
  facet normal 0.0490967 0.998794 0
    outer loop
      vertex 7.89218 8.2053 11.4
      vertex 8 8.2 3.3
      vertex 7.89218 8.2053 3.3
    endloop
  endfacet
  facet normal -0.595752 0.803168 0
    outer loop
      vertex 8.69783 8.44969 3.3
      vertex 8.61113 8.38538 11.4
      vertex 8.69783 8.44969 11.4
    endloop
  endfacet
  facet normal -0.595752 0.803168 0
    outer loop
      vertex 8.61113 8.38538 11.4
      vertex 8.69783 8.44969 3.3
      vertex 8.61113 8.38538 3.3
    endloop
  endfacet
  facet normal 0.857754 -0.51406 0
    outer loop
      vertex 7.02989 9.81854 11.4
      vertex 7.08538 9.91113 3.3
      vertex 7.08538 9.91113 11.4
    endloop
  endfacet
  facet normal 0.857754 -0.51406 0
    outer loop
      vertex 7.08538 9.91113 3.3
      vertex 7.02989 9.81854 11.4
      vertex 7.02989 9.81854 3.3
    endloop
  endfacet
  facet normal 0.903977 0.427581 0
    outer loop
      vertex 7.02989 8.78146 11.4
      vertex 6.98373 8.87905 3.3
      vertex 6.98373 8.87905 11.4
    endloop
  endfacet
  facet normal 0.903977 0.427581 0
    outer loop
      vertex 6.98373 8.87905 3.3
      vertex 7.02989 8.78146 11.4
      vertex 7.02989 8.78146 3.3
    endloop
  endfacet
  facet normal 0.998794 0.0490967 0
    outer loop
      vertex 6.9053 9.19218 11.4
      vertex 6.9 9.3 3.3
      vertex 6.9 9.3 11.4
    endloop
  endfacet
  facet normal 0.998794 0.0490967 0
    outer loop
      vertex 6.9 9.3 3.3
      vertex 6.9053 9.19218 11.4
      vertex 6.9053 9.19218 3.3
    endloop
  endfacet
  facet normal -0.51406 0.857754 0
    outer loop
      vertex 8.61113 8.38538 3.3
      vertex 8.51854 8.32989 11.4
      vertex 8.61113 8.38538 11.4
    endloop
  endfacet
  facet normal -0.51406 0.857754 0
    outer loop
      vertex 8.51854 8.32989 11.4
      vertex 8.61113 8.38538 3.3
      vertex 8.51854 8.32989 3.3
    endloop
  endfacet
  facet normal -0.803168 0.595752 0
    outer loop
      vertex 8.85031 8.60217 3.3
      vertex 8.91462 8.68887 11.4
      vertex 8.91462 8.68887 3.3
    endloop
  endfacet
  facet normal -0.803168 0.595752 0
    outer loop
      vertex 8.91462 8.68887 11.4
      vertex 8.85031 8.60217 3.3
      vertex 8.85031 8.60217 11.4
    endloop
  endfacet
  facet normal 0.857754 0.51406 0
    outer loop
      vertex 7.08538 8.68887 11.4
      vertex 7.02989 8.78146 3.3
      vertex 7.02989 8.78146 11.4
    endloop
  endfacet
  facet normal 0.857754 0.51406 0
    outer loop
      vertex 7.02989 8.78146 3.3
      vertex 7.08538 8.68887 11.4
      vertex 7.08538 8.68887 3.3
    endloop
  endfacet
  facet normal 0.941536 0.336911 0
    outer loop
      vertex 6.98373 8.87905 11.4
      vertex 6.94736 8.98069 3.3
      vertex 6.94736 8.98069 11.4
    endloop
  endfacet
  facet normal 0.941536 0.336911 0
    outer loop
      vertex 6.94736 8.98069 3.3
      vertex 6.98373 8.87905 11.4
      vertex 6.98373 8.87905 3.3
    endloop
  endfacet
  facet normal 0.51406 0.857754 -0
    outer loop
      vertex 7.48146 8.32989 3.3
      vertex 7.38887 8.38538 11.4
      vertex 7.48146 8.32989 11.4
    endloop
  endfacet
  facet normal 0.51406 0.857754 0
    outer loop
      vertex 7.38887 8.38538 11.4
      vertex 7.48146 8.32989 3.3
      vertex 7.38887 8.38538 3.3
    endloop
  endfacet
  facet normal 0.803168 -0.595752 0
    outer loop
      vertex 7.08538 9.91113 11.4
      vertex 7.14969 9.99783 3.3
      vertex 7.14969 9.99783 11.4
    endloop
  endfacet
  facet normal 0.803168 -0.595752 0
    outer loop
      vertex 7.14969 9.99783 3.3
      vertex 7.08538 9.91113 11.4
      vertex 7.08538 9.91113 3.3
    endloop
  endfacet
  facet normal 0.427581 0.903977 -0
    outer loop
      vertex 7.57905 8.28373 3.3
      vertex 7.48146 8.32989 11.4
      vertex 7.57905 8.28373 11.4
    endloop
  endfacet
  facet normal 0.427581 0.903977 0
    outer loop
      vertex 7.48146 8.32989 11.4
      vertex 7.57905 8.28373 3.3
      vertex 7.48146 8.32989 3.3
    endloop
  endfacet
  facet normal 0.941536 -0.336911 0
    outer loop
      vertex 6.94736 9.61931 11.4
      vertex 6.98373 9.72095 3.3
      vertex 6.98373 9.72095 11.4
    endloop
  endfacet
  facet normal 0.941536 -0.336911 0
    outer loop
      vertex 6.98373 9.72095 3.3
      vertex 6.94736 9.61931 11.4
      vertex 6.94736 9.61931 3.3
    endloop
  endfacet
  facet normal -0.989229 -0.146374 0
    outer loop
      vertex 16.0387 9.40782 3.3
      vertex 16.0229 9.5146 11.4
      vertex 16.0229 9.5146 3.3
    endloop
  endfacet
  facet normal -0.989229 -0.146374 0
    outer loop
      vertex 16.0229 9.5146 11.4
      vertex 16.0387 9.40782 3.3
      vertex 16.0387 9.40782 11.4
    endloop
  endfacet
  facet normal -0.998794 -0.0490967 0
    outer loop
      vertex 16.044 9.3 3.3
      vertex 16.0387 9.40782 11.4
      vertex 16.0387 9.40782 3.3
    endloop
  endfacet
  facet normal -0.998794 -0.0490967 0
    outer loop
      vertex 16.0387 9.40782 11.4
      vertex 16.044 9.3 3.3
      vertex 16.044 9.3 11.4
    endloop
  endfacet
  facet normal -0.969875 -0.243603 0
    outer loop
      vertex 16.0229 9.5146 3.3
      vertex 15.9966 9.61931 11.4
      vertex 15.9966 9.61931 3.3
    endloop
  endfacet
  facet normal -0.969875 -0.243603 0
    outer loop
      vertex 15.9966 9.61931 11.4
      vertex 16.0229 9.5146 3.3
      vertex 16.0229 9.5146 11.4
    endloop
  endfacet
  facet normal -0.998794 0.0490967 0
    outer loop
      vertex 16.0387 9.19218 3.3
      vertex 16.044 9.3 11.4
      vertex 16.044 9.3 3.3
    endloop
  endfacet
  facet normal -0.998794 0.0490967 0
    outer loop
      vertex 16.044 9.3 11.4
      vertex 16.0387 9.19218 3.3
      vertex 16.0387 9.19218 11.4
    endloop
  endfacet
  facet normal -0.428206 -0.903681 0
    outer loop
      vertex 15.365 10.3163 3.3
      vertex 15.4625 10.2701 11.4
      vertex 15.365 10.3163 11.4
    endloop
  endfacet
  facet normal -0.428206 -0.903681 -0
    outer loop
      vertex 15.4625 10.2701 11.4
      vertex 15.365 10.3163 3.3
      vertex 15.4625 10.2701 3.3
    endloop
  endfacet
  facet normal -0.740945 0.671566 0
    outer loop
      vertex 15.7218 8.52218 3.3
      vertex 15.7943 8.60217 11.4
      vertex 15.7943 8.60217 3.3
    endloop
  endfacet
  facet normal -0.740945 0.671566 0
    outer loop
      vertex 15.7943 8.60217 11.4
      vertex 15.7218 8.52218 3.3
      vertex 15.7218 8.52218 11.4
    endloop
  endfacet
  facet normal 0.428206 -0.903681 0
    outer loop
      vertex 14.4255 10.2701 3.3
      vertex 14.523 10.3163 11.4
      vertex 14.4255 10.2701 11.4
    endloop
  endfacet
  facet normal 0.428206 -0.903681 0
    outer loop
      vertex 14.523 10.3163 11.4
      vertex 14.4255 10.2701 3.3
      vertex 14.523 10.3163 3.3
    endloop
  endfacet
  facet normal -0.671469 0.741033 0
    outer loop
      vertex 15.7218 8.52218 3.3
      vertex 15.6418 8.44969 11.4
      vertex 15.7218 8.52218 11.4
    endloop
  endfacet
  facet normal -0.671469 0.741033 0
    outer loop
      vertex 15.6418 8.44969 11.4
      vertex 15.7218 8.52218 3.3
      vertex 15.6418 8.44969 3.3
    endloop
  endfacet
  facet normal 0.514019 0.857779 -0
    outer loop
      vertex 14.4255 8.32989 3.3
      vertex 14.3329 8.38538 11.4
      vertex 14.4255 8.32989 11.4
    endloop
  endfacet
  facet normal 0.514019 0.857779 0
    outer loop
      vertex 14.3329 8.38538 11.4
      vertex 14.4255 8.32989 3.3
      vertex 14.3329 8.38538 3.3
    endloop
  endfacet
  facet normal -0.941742 -0.336336 0
    outer loop
      vertex 15.9966 9.61931 3.3
      vertex 15.9603 9.72095 11.4
      vertex 15.9603 9.72095 3.3
    endloop
  endfacet
  facet normal -0.941742 -0.336336 0
    outer loop
      vertex 15.9603 9.72095 11.4
      vertex 15.9966 9.61931 3.3
      vertex 15.9966 9.61931 11.4
    endloop
  endfacet
  facet normal -0.33616 -0.941805 0
    outer loop
      vertex 15.2633 10.3526 3.3
      vertex 15.365 10.3163 11.4
      vertex 15.2633 10.3526 11.4
    endloop
  endfacet
  facet normal -0.33616 -0.941805 -0
    outer loop
      vertex 15.365 10.3163 11.4
      vertex 15.2633 10.3526 3.3
      vertex 15.365 10.3163 3.3
    endloop
  endfacet
  facet normal -0.803212 -0.595693 0
    outer loop
      vertex 15.8586 9.91113 3.3
      vertex 15.7943 9.99783 11.4
      vertex 15.7943 9.99783 3.3
    endloop
  endfacet
  facet normal -0.803212 -0.595693 0
    outer loop
      vertex 15.7943 9.99783 11.4
      vertex 15.8586 9.91113 3.3
      vertex 15.8586 9.91113 11.4
    endloop
  endfacet
  facet normal -0.514087 -0.857738 0
    outer loop
      vertex 15.4625 10.2701 3.3
      vertex 15.5551 10.2146 11.4
      vertex 15.4625 10.2701 11.4
    endloop
  endfacet
  facet normal -0.514087 -0.857738 -0
    outer loop
      vertex 15.5551 10.2146 11.4
      vertex 15.4625 10.2701 3.3
      vertex 15.5551 10.2146 3.3
    endloop
  endfacet
  facet normal 0.969875 -0.243603 0
    outer loop
      vertex 13.8651 9.5146 11.4
      vertex 13.8914 9.61931 3.3
      vertex 13.8914 9.61931 11.4
    endloop
  endfacet
  facet normal 0.969875 -0.243603 0
    outer loop
      vertex 13.8914 9.61931 3.3
      vertex 13.8651 9.5146 11.4
      vertex 13.8651 9.5146 3.3
    endloop
  endfacet
  facet normal 0.595693 -0.803212 0
    outer loop
      vertex 14.2462 10.1503 3.3
      vertex 14.3329 10.2146 11.4
      vertex 14.2462 10.1503 11.4
    endloop
  endfacet
  facet normal 0.595693 -0.803212 0
    outer loop
      vertex 14.3329 10.2146 11.4
      vertex 14.2462 10.1503 3.3
      vertex 14.3329 10.2146 3.3
    endloop
  endfacet
  facet normal -0.146347 -0.989233 0
    outer loop
      vertex 15.0518 10.3947 3.3
      vertex 15.1586 10.3789 11.4
      vertex 15.0518 10.3947 11.4
    endloop
  endfacet
  facet normal -0.146347 -0.989233 -0
    outer loop
      vertex 15.1586 10.3789 11.4
      vertex 15.0518 10.3947 3.3
      vertex 15.1586 10.3789 3.3
    endloop
  endfacet
  facet normal -0.740862 -0.671658 0
    outer loop
      vertex 15.7943 9.99783 3.3
      vertex 15.7218 10.0778 11.4
      vertex 15.7218 10.0778 3.3
    endloop
  endfacet
  facet normal -0.740862 -0.671658 0
    outer loop
      vertex 15.7218 10.0778 11.4
      vertex 15.7943 9.99783 3.3
      vertex 15.7943 9.99783 11.4
    endloop
  endfacet
  facet normal 0.243625 -0.969869 0
    outer loop
      vertex 14.6247 10.3526 3.3
      vertex 14.7294 10.3789 11.4
      vertex 14.6247 10.3526 11.4
    endloop
  endfacet
  facet normal 0.243625 -0.969869 0
    outer loop
      vertex 14.7294 10.3789 11.4
      vertex 14.6247 10.3526 3.3
      vertex 14.7294 10.3789 3.3
    endloop
  endfacet
  facet normal 0.671519 -0.740987 0
    outer loop
      vertex 14.1662 10.0778 3.3
      vertex 14.2462 10.1503 11.4
      vertex 14.1662 10.0778 11.4
    endloop
  endfacet
  facet normal 0.671519 -0.740987 0
    outer loop
      vertex 14.2462 10.1503 11.4
      vertex 14.1662 10.0778 3.3
      vertex 14.2462 10.1503 3.3
    endloop
  endfacet
  facet normal -0.903834 0.427883 0
    outer loop
      vertex 15.9141 8.78146 3.3
      vertex 15.9603 8.87905 11.4
      vertex 15.9603 8.87905 3.3
    endloop
  endfacet
  facet normal -0.903834 0.427883 0
    outer loop
      vertex 15.9603 8.87905 11.4
      vertex 15.9141 8.78146 3.3
      vertex 15.9141 8.78146 11.4
    endloop
  endfacet
  facet normal -0.595693 -0.803212 0
    outer loop
      vertex 15.5551 10.2146 3.3
      vertex 15.6418 10.1503 11.4
      vertex 15.5551 10.2146 11.4
    endloop
  endfacet
  facet normal -0.595693 -0.803212 -0
    outer loop
      vertex 15.6418 10.1503 11.4
      vertex 15.5551 10.2146 3.3
      vertex 15.6418 10.1503 3.3
    endloop
  endfacet
  facet normal -0.989229 0.146374 0
    outer loop
      vertex 16.0229 9.0854 3.3
      vertex 16.0387 9.19218 11.4
      vertex 16.0387 9.19218 3.3
    endloop
  endfacet
  facet normal -0.989229 0.146374 0
    outer loop
      vertex 16.0387 9.19218 11.4
      vertex 16.0229 9.0854 3.3
      vertex 16.0229 9.0854 11.4
    endloop
  endfacet
  facet normal -0.243625 -0.969869 0
    outer loop
      vertex 15.1586 10.3789 3.3
      vertex 15.2633 10.3526 11.4
      vertex 15.1586 10.3789 11.4
    endloop
  endfacet
  facet normal -0.243625 -0.969869 -0
    outer loop
      vertex 15.2633 10.3526 11.4
      vertex 15.1586 10.3789 3.3
      vertex 15.2633 10.3526 3.3
    endloop
  endfacet
  facet normal -0.514019 0.857779 0
    outer loop
      vertex 15.5551 8.38538 3.3
      vertex 15.4625 8.32989 11.4
      vertex 15.5551 8.38538 11.4
    endloop
  endfacet
  facet normal -0.514019 0.857779 0
    outer loop
      vertex 15.4625 8.32989 11.4
      vertex 15.5551 8.38538 3.3
      vertex 15.4625 8.32989 3.3
    endloop
  endfacet
  facet normal -0.857714 0.514128 0
    outer loop
      vertex 15.8586 8.68887 3.3
      vertex 15.9141 8.78146 11.4
      vertex 15.9141 8.78146 3.3
    endloop
  endfacet
  facet normal -0.857714 0.514128 0
    outer loop
      vertex 15.9141 8.78146 11.4
      vertex 15.8586 8.68887 3.3
      vertex 15.8586 8.68887 11.4
    endloop
  endfacet
  facet normal -0.14671 0.98918 0
    outer loop
      vertex 15.1586 8.22114 3.3
      vertex 15.0518 8.2053 11.4
      vertex 15.1586 8.22114 11.4
    endloop
  endfacet
  facet normal -0.14671 0.98918 0
    outer loop
      vertex 15.0518 8.2053 11.4
      vertex 15.1586 8.22114 3.3
      vertex 15.0518 8.2053 3.3
    endloop
  endfacet
  facet normal 0.242928 0.970044 -0
    outer loop
      vertex 14.7294 8.22114 3.3
      vertex 14.6247 8.24736 11.4
      vertex 14.7294 8.22114 11.4
    endloop
  endfacet
  facet normal 0.242928 0.970044 0
    outer loop
      vertex 14.6247 8.24736 11.4
      vertex 14.7294 8.22114 3.3
      vertex 14.6247 8.24736 3.3
    endloop
  endfacet
  facet normal 0.803212 0.595693 0
    outer loop
      vertex 14.0937 8.60217 11.4
      vertex 14.0294 8.68887 3.3
      vertex 14.0294 8.68887 11.4
    endloop
  endfacet
  facet normal 0.803212 0.595693 0
    outer loop
      vertex 14.0294 8.68887 3.3
      vertex 14.0937 8.60217 11.4
      vertex 14.0937 8.60217 3.3
    endloop
  endfacet
  facet normal 0.740945 0.671566 0
    outer loop
      vertex 14.1662 8.52218 11.4
      vertex 14.0937 8.60217 3.3
      vertex 14.0937 8.60217 11.4
    endloop
  endfacet
  facet normal 0.740945 0.671566 0
    outer loop
      vertex 14.0937 8.60217 3.3
      vertex 14.1662 8.52218 11.4
      vertex 14.1662 8.52218 3.3
    endloop
  endfacet
  facet normal 0.857714 -0.514128 0
    outer loop
      vertex 13.9739 9.81854 11.4
      vertex 14.0294 9.91113 3.3
      vertex 14.0294 9.91113 11.4
    endloop
  endfacet
  facet normal 0.857714 -0.514128 0
    outer loop
      vertex 14.0294 9.91113 3.3
      vertex 13.9739 9.81854 11.4
      vertex 13.9739 9.81854 3.3
    endloop
  endfacet
  facet normal -0.969875 0.243603 0
    outer loop
      vertex 15.9966 8.98069 3.3
      vertex 16.0229 9.0854 11.4
      vertex 16.0229 9.0854 3.3
    endloop
  endfacet
  facet normal -0.969875 0.243603 0
    outer loop
      vertex 16.0229 9.0854 11.4
      vertex 15.9966 8.98069 3.3
      vertex 15.9966 8.98069 11.4
    endloop
  endfacet
  facet normal 0.514087 -0.857738 0
    outer loop
      vertex 14.3329 10.2146 3.3
      vertex 14.4255 10.2701 11.4
      vertex 14.3329 10.2146 11.4
    endloop
  endfacet
  facet normal 0.514087 -0.857738 0
    outer loop
      vertex 14.4255 10.2701 11.4
      vertex 14.3329 10.2146 3.3
      vertex 14.4255 10.2701 3.3
    endloop
  endfacet
  facet normal 0.903834 -0.427883 0
    outer loop
      vertex 13.9277 9.72095 11.4
      vertex 13.9739 9.81854 3.3
      vertex 13.9739 9.81854 11.4
    endloop
  endfacet
  facet normal 0.903834 -0.427883 0
    outer loop
      vertex 13.9739 9.81854 3.3
      vertex 13.9277 9.72095 11.4
      vertex 13.9277 9.72095 3.3
    endloop
  endfacet
  facet normal -0.336735 0.941599 0
    outer loop
      vertex 15.365 8.28373 3.3
      vertex 15.2633 8.24736 11.4
      vertex 15.365 8.28373 11.4
    endloop
  endfacet
  facet normal -0.336735 0.941599 0
    outer loop
      vertex 15.2633 8.24736 11.4
      vertex 15.365 8.28373 3.3
      vertex 15.2633 8.24736 3.3
    endloop
  endfacet
  facet normal 0.0491058 0.998794 -0
    outer loop
      vertex 14.944 8.2 3.3
      vertex 14.8362 8.2053 11.4
      vertex 14.944 8.2 11.4
    endloop
  endfacet
  facet normal 0.0491058 0.998794 0
    outer loop
      vertex 14.8362 8.2053 11.4
      vertex 14.944 8.2 3.3
      vertex 14.8362 8.2053 3.3
    endloop
  endfacet
  facet normal 0.671469 0.741033 -0
    outer loop
      vertex 14.2462 8.44969 3.3
      vertex 14.1662 8.52218 11.4
      vertex 14.2462 8.44969 11.4
    endloop
  endfacet
  facet normal 0.671469 0.741033 0
    outer loop
      vertex 14.1662 8.52218 11.4
      vertex 14.2462 8.44969 3.3
      vertex 14.1662 8.52218 3.3
    endloop
  endfacet
  facet normal -0.427903 0.903825 0
    outer loop
      vertex 15.4625 8.32989 3.3
      vertex 15.365 8.28373 11.4
      vertex 15.4625 8.32989 11.4
    endloop
  endfacet
  facet normal -0.427903 0.903825 0
    outer loop
      vertex 15.365 8.28373 11.4
      vertex 15.4625 8.32989 3.3
      vertex 15.365 8.28373 3.3
    endloop
  endfacet
  facet normal 0.998794 0.0490967 0
    outer loop
      vertex 13.8493 9.19218 11.4
      vertex 13.844 9.3 3.3
      vertex 13.844 9.3 11.4
    endloop
  endfacet
  facet normal 0.998794 0.0490967 0
    outer loop
      vertex 13.844 9.3 3.3
      vertex 13.8493 9.19218 11.4
      vertex 13.8493 9.19218 3.3
    endloop
  endfacet
  facet normal -0.242928 0.970044 0
    outer loop
      vertex 15.2633 8.24736 3.3
      vertex 15.1586 8.22114 11.4
      vertex 15.2633 8.24736 11.4
    endloop
  endfacet
  facet normal -0.242928 0.970044 0
    outer loop
      vertex 15.1586 8.22114 11.4
      vertex 15.2633 8.24736 3.3
      vertex 15.1586 8.22114 3.3
    endloop
  endfacet
  facet normal -0.857714 -0.514128 0
    outer loop
      vertex 15.9141 9.81854 3.3
      vertex 15.8586 9.91113 11.4
      vertex 15.8586 9.91113 3.3
    endloop
  endfacet
  facet normal -0.857714 -0.514128 0
    outer loop
      vertex 15.8586 9.91113 11.4
      vertex 15.9141 9.81854 3.3
      vertex 15.9141 9.81854 11.4
    endloop
  endfacet
  facet normal 0.0491058 -0.998794 0
    outer loop
      vertex 14.8362 10.3947 3.3
      vertex 14.944 10.4 11.4
      vertex 14.8362 10.3947 11.4
    endloop
  endfacet
  facet normal 0.0491058 -0.998794 0
    outer loop
      vertex 14.944 10.4 11.4
      vertex 14.8362 10.3947 3.3
      vertex 14.944 10.4 3.3
    endloop
  endfacet
  facet normal -0.803212 0.595693 0
    outer loop
      vertex 15.7943 8.60217 3.3
      vertex 15.8586 8.68887 11.4
      vertex 15.8586 8.68887 3.3
    endloop
  endfacet
  facet normal -0.803212 0.595693 0
    outer loop
      vertex 15.8586 8.68887 11.4
      vertex 15.7943 8.60217 3.3
      vertex 15.7943 8.60217 11.4
    endloop
  endfacet
  facet normal -0.671519 -0.740987 0
    outer loop
      vertex 15.6418 10.1503 3.3
      vertex 15.7218 10.0778 11.4
      vertex 15.6418 10.1503 11.4
    endloop
  endfacet
  facet normal -0.671519 -0.740987 -0
    outer loop
      vertex 15.7218 10.0778 11.4
      vertex 15.6418 10.1503 3.3
      vertex 15.7218 10.0778 3.3
    endloop
  endfacet
  facet normal -0.903834 -0.427883 0
    outer loop
      vertex 15.9603 9.72095 3.3
      vertex 15.9141 9.81854 11.4
      vertex 15.9141 9.81854 3.3
    endloop
  endfacet
  facet normal -0.903834 -0.427883 0
    outer loop
      vertex 15.9141 9.81854 11.4
      vertex 15.9603 9.72095 3.3
      vertex 15.9603 9.72095 11.4
    endloop
  endfacet
  facet normal -0.0491058 -0.998794 0
    outer loop
      vertex 14.944 10.4 3.3
      vertex 15.0518 10.3947 11.4
      vertex 14.944 10.4 11.4
    endloop
  endfacet
  facet normal -0.0491058 -0.998794 -0
    outer loop
      vertex 15.0518 10.3947 11.4
      vertex 14.944 10.4 3.3
      vertex 15.0518 10.3947 3.3
    endloop
  endfacet
  facet normal 0.989229 -0.146374 0
    outer loop
      vertex 13.8493 9.40782 11.4
      vertex 13.8651 9.5146 3.3
      vertex 13.8651 9.5146 11.4
    endloop
  endfacet
  facet normal 0.989229 -0.146374 0
    outer loop
      vertex 13.8651 9.5146 3.3
      vertex 13.8493 9.40782 11.4
      vertex 13.8493 9.40782 3.3
    endloop
  endfacet
  facet normal -0.941742 0.336336 0
    outer loop
      vertex 15.9603 8.87905 3.3
      vertex 15.9966 8.98069 11.4
      vertex 15.9966 8.98069 3.3
    endloop
  endfacet
  facet normal -0.941742 0.336336 0
    outer loop
      vertex 15.9966 8.98069 11.4
      vertex 15.9603 8.87905 3.3
      vertex 15.9603 8.87905 11.4
    endloop
  endfacet
  facet normal 0.33616 -0.941805 0
    outer loop
      vertex 14.523 10.3163 3.3
      vertex 14.6247 10.3526 11.4
      vertex 14.523 10.3163 11.4
    endloop
  endfacet
  facet normal 0.33616 -0.941805 0
    outer loop
      vertex 14.6247 10.3526 11.4
      vertex 14.523 10.3163 3.3
      vertex 14.6247 10.3526 3.3
    endloop
  endfacet
  facet normal 0.146347 -0.989233 0
    outer loop
      vertex 14.7294 10.3789 3.3
      vertex 14.8362 10.3947 11.4
      vertex 14.7294 10.3789 11.4
    endloop
  endfacet
  facet normal 0.146347 -0.989233 0
    outer loop
      vertex 14.8362 10.3947 11.4
      vertex 14.7294 10.3789 3.3
      vertex 14.8362 10.3947 3.3
    endloop
  endfacet
  facet normal 0.998794 -0.0490967 0
    outer loop
      vertex 13.844 9.3 11.4
      vertex 13.8493 9.40782 3.3
      vertex 13.8493 9.40782 11.4
    endloop
  endfacet
  facet normal 0.998794 -0.0490967 0
    outer loop
      vertex 13.8493 9.40782 3.3
      vertex 13.844 9.3 11.4
      vertex 13.844 9.3 3.3
    endloop
  endfacet
  facet normal 0.740862 -0.671658 0
    outer loop
      vertex 14.0937 9.99783 11.4
      vertex 14.1662 10.0778 3.3
      vertex 14.1662 10.0778 11.4
    endloop
  endfacet
  facet normal 0.740862 -0.671658 0
    outer loop
      vertex 14.1662 10.0778 3.3
      vertex 14.0937 9.99783 11.4
      vertex 14.0937 9.99783 3.3
    endloop
  endfacet
  facet normal -0.595752 0.803168 0
    outer loop
      vertex 15.6418 8.44969 3.3
      vertex 15.5551 8.38538 11.4
      vertex 15.6418 8.44969 11.4
    endloop
  endfacet
  facet normal -0.595752 0.803168 0
    outer loop
      vertex 15.5551 8.38538 11.4
      vertex 15.6418 8.44969 3.3
      vertex 15.5551 8.38538 3.3
    endloop
  endfacet
  facet normal -0.0491058 0.998794 0
    outer loop
      vertex 15.0518 8.2053 3.3
      vertex 14.944 8.2 11.4
      vertex 15.0518 8.2053 11.4
    endloop
  endfacet
  facet normal -0.0491058 0.998794 0
    outer loop
      vertex 14.944 8.2 11.4
      vertex 15.0518 8.2053 3.3
      vertex 14.944 8.2 3.3
    endloop
  endfacet
  facet normal 0.989229 0.146374 0
    outer loop
      vertex 13.8651 9.0854 11.4
      vertex 13.8493 9.19218 3.3
      vertex 13.8493 9.19218 11.4
    endloop
  endfacet
  facet normal 0.989229 0.146374 0
    outer loop
      vertex 13.8493 9.19218 3.3
      vertex 13.8651 9.0854 11.4
      vertex 13.8651 9.0854 3.3
    endloop
  endfacet
  facet normal 0.903834 0.427883 0
    outer loop
      vertex 13.9739 8.78146 11.4
      vertex 13.9277 8.87905 3.3
      vertex 13.9277 8.87905 11.4
    endloop
  endfacet
  facet normal 0.903834 0.427883 0
    outer loop
      vertex 13.9277 8.87905 3.3
      vertex 13.9739 8.78146 11.4
      vertex 13.9739 8.78146 3.3
    endloop
  endfacet
  facet normal 0.595752 0.803168 -0
    outer loop
      vertex 14.3329 8.38538 3.3
      vertex 14.2462 8.44969 11.4
      vertex 14.3329 8.38538 11.4
    endloop
  endfacet
  facet normal 0.595752 0.803168 0
    outer loop
      vertex 14.2462 8.44969 11.4
      vertex 14.3329 8.38538 3.3
      vertex 14.2462 8.44969 3.3
    endloop
  endfacet
  facet normal 0.969875 0.243603 0
    outer loop
      vertex 13.8914 8.98069 11.4
      vertex 13.8651 9.0854 3.3
      vertex 13.8651 9.0854 11.4
    endloop
  endfacet
  facet normal 0.969875 0.243603 0
    outer loop
      vertex 13.8651 9.0854 3.3
      vertex 13.8914 8.98069 11.4
      vertex 13.8914 8.98069 3.3
    endloop
  endfacet
  facet normal 0.336735 0.941599 -0
    outer loop
      vertex 14.6247 8.24736 3.3
      vertex 14.523 8.28373 11.4
      vertex 14.6247 8.24736 11.4
    endloop
  endfacet
  facet normal 0.336735 0.941599 0
    outer loop
      vertex 14.523 8.28373 11.4
      vertex 14.6247 8.24736 3.3
      vertex 14.523 8.28373 3.3
    endloop
  endfacet
  facet normal 0.14671 0.98918 -0
    outer loop
      vertex 14.8362 8.2053 3.3
      vertex 14.7294 8.22114 11.4
      vertex 14.8362 8.2053 11.4
    endloop
  endfacet
  facet normal 0.14671 0.98918 0
    outer loop
      vertex 14.7294 8.22114 11.4
      vertex 14.8362 8.2053 3.3
      vertex 14.7294 8.22114 3.3
    endloop
  endfacet
  facet normal 0.857714 0.514128 0
    outer loop
      vertex 14.0294 8.68887 11.4
      vertex 13.9739 8.78146 3.3
      vertex 13.9739 8.78146 11.4
    endloop
  endfacet
  facet normal 0.857714 0.514128 0
    outer loop
      vertex 13.9739 8.78146 3.3
      vertex 14.0294 8.68887 11.4
      vertex 14.0294 8.68887 3.3
    endloop
  endfacet
  facet normal 0.941742 0.336336 0
    outer loop
      vertex 13.9277 8.87905 11.4
      vertex 13.8914 8.98069 3.3
      vertex 13.8914 8.98069 11.4
    endloop
  endfacet
  facet normal 0.941742 0.336336 0
    outer loop
      vertex 13.8914 8.98069 3.3
      vertex 13.9277 8.87905 11.4
      vertex 13.9277 8.87905 3.3
    endloop
  endfacet
  facet normal 0.803212 -0.595693 0
    outer loop
      vertex 14.0294 9.91113 11.4
      vertex 14.0937 9.99783 3.3
      vertex 14.0937 9.99783 11.4
    endloop
  endfacet
  facet normal 0.803212 -0.595693 0
    outer loop
      vertex 14.0937 9.99783 3.3
      vertex 14.0294 9.91113 11.4
      vertex 14.0294 9.91113 3.3
    endloop
  endfacet
  facet normal 0.427903 0.903825 -0
    outer loop
      vertex 14.523 8.28373 3.3
      vertex 14.4255 8.32989 11.4
      vertex 14.523 8.28373 11.4
    endloop
  endfacet
  facet normal 0.427903 0.903825 0
    outer loop
      vertex 14.4255 8.32989 11.4
      vertex 14.523 8.28373 3.3
      vertex 14.4255 8.32989 3.3
    endloop
  endfacet
  facet normal 0.941742 -0.336336 0
    outer loop
      vertex 13.8914 9.61931 11.4
      vertex 13.9277 9.72095 3.3
      vertex 13.9277 9.72095 11.4
    endloop
  endfacet
  facet normal 0.941742 -0.336336 0
    outer loop
      vertex 13.9277 9.72095 3.3
      vertex 13.8914 9.61931 11.4
      vertex 13.8914 9.61931 3.3
    endloop
  endfacet
  facet normal 0.336735 0.941599 -0
    outer loop
      vertex 21.5687 8.24736 3.3
      vertex 21.467 8.28373 11.4
      vertex 21.5687 8.24736 11.4
    endloop
  endfacet
  facet normal 0.336735 0.941599 0
    outer loop
      vertex 21.467 8.28373 11.4
      vertex 21.5687 8.24736 3.3
      vertex 21.467 8.28373 3.3
    endloop
  endfacet
  facet normal -0.989229 -0.146374 0
    outer loop
      vertex 22.9827 9.40782 3.3
      vertex 22.9669 9.5146 11.4
      vertex 22.9669 9.5146 3.3
    endloop
  endfacet
  facet normal -0.989229 -0.146374 0
    outer loop
      vertex 22.9669 9.5146 11.4
      vertex 22.9827 9.40782 3.3
      vertex 22.9827 9.40782 11.4
    endloop
  endfacet
  facet normal -0.998794 -0.0490967 0
    outer loop
      vertex 22.988 9.3 3.3
      vertex 22.9827 9.40782 11.4
      vertex 22.9827 9.40782 3.3
    endloop
  endfacet
  facet normal -0.998794 -0.0490967 0
    outer loop
      vertex 22.9827 9.40782 11.4
      vertex 22.988 9.3 3.3
      vertex 22.988 9.3 11.4
    endloop
  endfacet
  facet normal -0.969875 -0.243603 0
    outer loop
      vertex 22.9669 9.5146 3.3
      vertex 22.9406 9.61931 11.4
      vertex 22.9406 9.61931 3.3
    endloop
  endfacet
  facet normal -0.969875 -0.243603 0
    outer loop
      vertex 22.9406 9.61931 11.4
      vertex 22.9669 9.5146 3.3
      vertex 22.9669 9.5146 11.4
    endloop
  endfacet
  facet normal 0.989229 -0.146374 0
    outer loop
      vertex 20.7933 9.40782 11.4
      vertex 20.8091 9.5146 3.3
      vertex 20.8091 9.5146 11.4
    endloop
  endfacet
  facet normal 0.989229 -0.146374 0
    outer loop
      vertex 20.8091 9.5146 3.3
      vertex 20.7933 9.40782 11.4
      vertex 20.7933 9.40782 3.3
    endloop
  endfacet
  facet normal 0.242928 0.970044 -0
    outer loop
      vertex 21.6734 8.22114 3.3
      vertex 21.5687 8.24736 11.4
      vertex 21.6734 8.22114 11.4
    endloop
  endfacet
  facet normal 0.242928 0.970044 0
    outer loop
      vertex 21.5687 8.24736 11.4
      vertex 21.6734 8.22114 3.3
      vertex 21.5687 8.24736 3.3
    endloop
  endfacet
  facet normal -0.33616 -0.941805 0
    outer loop
      vertex 22.2073 10.3526 3.3
      vertex 22.309 10.3163 11.4
      vertex 22.2073 10.3526 11.4
    endloop
  endfacet
  facet normal -0.33616 -0.941805 -0
    outer loop
      vertex 22.309 10.3163 11.4
      vertex 22.2073 10.3526 3.3
      vertex 22.309 10.3163 3.3
    endloop
  endfacet
  facet normal 0.514087 -0.857738 0
    outer loop
      vertex 21.2769 10.2146 3.3
      vertex 21.3695 10.2701 11.4
      vertex 21.2769 10.2146 11.4
    endloop
  endfacet
  facet normal 0.514087 -0.857738 0
    outer loop
      vertex 21.3695 10.2701 11.4
      vertex 21.2769 10.2146 3.3
      vertex 21.3695 10.2701 3.3
    endloop
  endfacet
  facet normal 0.903834 0.427883 0
    outer loop
      vertex 20.9179 8.78146 11.4
      vertex 20.8717 8.87905 3.3
      vertex 20.8717 8.87905 11.4
    endloop
  endfacet
  facet normal 0.903834 0.427883 0
    outer loop
      vertex 20.8717 8.87905 3.3
      vertex 20.9179 8.78146 11.4
      vertex 20.9179 8.78146 3.3
    endloop
  endfacet
  facet normal 0.243625 -0.969869 0
    outer loop
      vertex 21.5687 10.3526 3.3
      vertex 21.6734 10.3789 11.4
      vertex 21.5687 10.3526 11.4
    endloop
  endfacet
  facet normal 0.243625 -0.969869 0
    outer loop
      vertex 21.6734 10.3789 11.4
      vertex 21.5687 10.3526 3.3
      vertex 21.6734 10.3789 3.3
    endloop
  endfacet
  facet normal 0.857714 0.514128 0
    outer loop
      vertex 20.9734 8.68887 11.4
      vertex 20.9179 8.78146 3.3
      vertex 20.9179 8.78146 11.4
    endloop
  endfacet
  facet normal 0.857714 0.514128 0
    outer loop
      vertex 20.9179 8.78146 3.3
      vertex 20.9734 8.68887 11.4
      vertex 20.9734 8.68887 3.3
    endloop
  endfacet
  facet normal -0.242928 0.970044 0
    outer loop
      vertex 22.2073 8.24736 3.3
      vertex 22.1026 8.22114 11.4
      vertex 22.2073 8.24736 11.4
    endloop
  endfacet
  facet normal -0.242928 0.970044 0
    outer loop
      vertex 22.1026 8.22114 11.4
      vertex 22.2073 8.24736 3.3
      vertex 22.1026 8.22114 3.3
    endloop
  endfacet
  facet normal 0.595752 0.803168 -0
    outer loop
      vertex 21.2769 8.38538 3.3
      vertex 21.1902 8.44969 11.4
      vertex 21.2769 8.38538 11.4
    endloop
  endfacet
  facet normal 0.595752 0.803168 0
    outer loop
      vertex 21.1902 8.44969 11.4
      vertex 21.2769 8.38538 3.3
      vertex 21.1902 8.44969 3.3
    endloop
  endfacet
  facet normal -0.514019 0.857779 0
    outer loop
      vertex 22.4991 8.38538 3.3
      vertex 22.4065 8.32989 11.4
      vertex 22.4991 8.38538 11.4
    endloop
  endfacet
  facet normal -0.514019 0.857779 0
    outer loop
      vertex 22.4065 8.32989 11.4
      vertex 22.4991 8.38538 3.3
      vertex 22.4065 8.32989 3.3
    endloop
  endfacet
  facet normal -0.803212 0.595693 0
    outer loop
      vertex 22.7383 8.60217 3.3
      vertex 22.8026 8.68887 11.4
      vertex 22.8026 8.68887 3.3
    endloop
  endfacet
  facet normal -0.803212 0.595693 0
    outer loop
      vertex 22.8026 8.68887 11.4
      vertex 22.7383 8.60217 3.3
      vertex 22.7383 8.60217 11.4
    endloop
  endfacet
  facet normal -0.146347 -0.989233 0
    outer loop
      vertex 21.9958 10.3947 3.3
      vertex 22.1026 10.3789 11.4
      vertex 21.9958 10.3947 11.4
    endloop
  endfacet
  facet normal -0.146347 -0.989233 -0
    outer loop
      vertex 22.1026 10.3789 11.4
      vertex 21.9958 10.3947 3.3
      vertex 22.1026 10.3789 3.3
    endloop
  endfacet
  facet normal 0.595693 -0.803212 0
    outer loop
      vertex 21.1902 10.1503 3.3
      vertex 21.2769 10.2146 11.4
      vertex 21.1902 10.1503 11.4
    endloop
  endfacet
  facet normal 0.595693 -0.803212 0
    outer loop
      vertex 21.2769 10.2146 11.4
      vertex 21.1902 10.1503 3.3
      vertex 21.2769 10.2146 3.3
    endloop
  endfacet
  facet normal 0.803212 -0.595693 0
    outer loop
      vertex 20.9734 9.91113 11.4
      vertex 21.0377 9.99783 3.3
      vertex 21.0377 9.99783 11.4
    endloop
  endfacet
  facet normal 0.803212 -0.595693 0
    outer loop
      vertex 21.0377 9.99783 3.3
      vertex 20.9734 9.91113 11.4
      vertex 20.9734 9.91113 3.3
    endloop
  endfacet
  facet normal -0.989229 0.146374 0
    outer loop
      vertex 22.9669 9.0854 3.3
      vertex 22.9827 9.19218 11.4
      vertex 22.9827 9.19218 3.3
    endloop
  endfacet
  facet normal -0.989229 0.146374 0
    outer loop
      vertex 22.9827 9.19218 11.4
      vertex 22.9669 9.0854 3.3
      vertex 22.9669 9.0854 11.4
    endloop
  endfacet
  facet normal 0.941742 -0.336336 0
    outer loop
      vertex 20.8354 9.61931 11.4
      vertex 20.8717 9.72095 3.3
      vertex 20.8717 9.72095 11.4
    endloop
  endfacet
  facet normal 0.941742 -0.336336 0
    outer loop
      vertex 20.8717 9.72095 3.3
      vertex 20.8354 9.61931 11.4
      vertex 20.8354 9.61931 3.3
    endloop
  endfacet
  facet normal -0.428206 -0.903681 0
    outer loop
      vertex 22.309 10.3163 3.3
      vertex 22.4065 10.2701 11.4
      vertex 22.309 10.3163 11.4
    endloop
  endfacet
  facet normal -0.428206 -0.903681 -0
    outer loop
      vertex 22.4065 10.2701 11.4
      vertex 22.309 10.3163 3.3
      vertex 22.4065 10.2701 3.3
    endloop
  endfacet
  facet normal 0.941742 0.336336 0
    outer loop
      vertex 20.8717 8.87905 11.4
      vertex 20.8354 8.98069 3.3
      vertex 20.8354 8.98069 11.4
    endloop
  endfacet
  facet normal 0.941742 0.336336 0
    outer loop
      vertex 20.8354 8.98069 3.3
      vertex 20.8717 8.87905 11.4
      vertex 20.8717 8.87905 3.3
    endloop
  endfacet
  facet normal -0.969875 0.243603 0
    outer loop
      vertex 22.9406 8.98069 3.3
      vertex 22.9669 9.0854 11.4
      vertex 22.9669 9.0854 3.3
    endloop
  endfacet
  facet normal -0.969875 0.243603 0
    outer loop
      vertex 22.9669 9.0854 11.4
      vertex 22.9406 8.98069 3.3
      vertex 22.9406 8.98069 11.4
    endloop
  endfacet
  facet normal 0.0491058 -0.998794 0
    outer loop
      vertex 21.7802 10.3947 3.3
      vertex 21.888 10.4 11.4
      vertex 21.7802 10.3947 11.4
    endloop
  endfacet
  facet normal 0.0491058 -0.998794 0
    outer loop
      vertex 21.888 10.4 11.4
      vertex 21.7802 10.3947 3.3
      vertex 21.888 10.4 3.3
    endloop
  endfacet
  facet normal 0.428206 -0.903681 0
    outer loop
      vertex 21.3695 10.2701 3.3
      vertex 21.467 10.3163 11.4
      vertex 21.3695 10.2701 11.4
    endloop
  endfacet
  facet normal 0.428206 -0.903681 0
    outer loop
      vertex 21.467 10.3163 11.4
      vertex 21.3695 10.2701 3.3
      vertex 21.467 10.3163 3.3
    endloop
  endfacet
  facet normal 0.671519 -0.740987 0
    outer loop
      vertex 21.1102 10.0778 3.3
      vertex 21.1902 10.1503 11.4
      vertex 21.1102 10.0778 11.4
    endloop
  endfacet
  facet normal 0.671519 -0.740987 0
    outer loop
      vertex 21.1902 10.1503 11.4
      vertex 21.1102 10.0778 3.3
      vertex 21.1902 10.1503 3.3
    endloop
  endfacet
  facet normal -0.336735 0.941599 0
    outer loop
      vertex 22.309 8.28373 3.3
      vertex 22.2073 8.24736 11.4
      vertex 22.309 8.28373 11.4
    endloop
  endfacet
  facet normal -0.336735 0.941599 0
    outer loop
      vertex 22.2073 8.24736 11.4
      vertex 22.309 8.28373 3.3
      vertex 22.2073 8.24736 3.3
    endloop
  endfacet
  facet normal 0.33616 -0.941805 0
    outer loop
      vertex 21.467 10.3163 3.3
      vertex 21.5687 10.3526 11.4
      vertex 21.467 10.3163 11.4
    endloop
  endfacet
  facet normal 0.33616 -0.941805 0
    outer loop
      vertex 21.5687 10.3526 11.4
      vertex 21.467 10.3163 3.3
      vertex 21.5687 10.3526 3.3
    endloop
  endfacet
  facet normal -0.803212 -0.595693 0
    outer loop
      vertex 22.8026 9.91113 3.3
      vertex 22.7383 9.99783 11.4
      vertex 22.7383 9.99783 3.3
    endloop
  endfacet
  facet normal -0.803212 -0.595693 0
    outer loop
      vertex 22.7383 9.99783 11.4
      vertex 22.8026 9.91113 3.3
      vertex 22.8026 9.91113 11.4
    endloop
  endfacet
  facet normal 0.857714 -0.514128 0
    outer loop
      vertex 20.9179 9.81854 11.4
      vertex 20.9734 9.91113 3.3
      vertex 20.9734 9.91113 11.4
    endloop
  endfacet
  facet normal 0.857714 -0.514128 0
    outer loop
      vertex 20.9734 9.91113 3.3
      vertex 20.9179 9.81854 11.4
      vertex 20.9179 9.81854 3.3
    endloop
  endfacet
  facet normal -0.998794 0.0490967 0
    outer loop
      vertex 22.9827 9.19218 3.3
      vertex 22.988 9.3 11.4
      vertex 22.988 9.3 3.3
    endloop
  endfacet
  facet normal -0.998794 0.0490967 0
    outer loop
      vertex 22.988 9.3 11.4
      vertex 22.9827 9.19218 3.3
      vertex 22.9827 9.19218 11.4
    endloop
  endfacet
  facet normal -0.903834 0.427883 0
    outer loop
      vertex 22.8581 8.78146 3.3
      vertex 22.9043 8.87905 11.4
      vertex 22.9043 8.87905 3.3
    endloop
  endfacet
  facet normal -0.903834 0.427883 0
    outer loop
      vertex 22.9043 8.87905 11.4
      vertex 22.8581 8.78146 3.3
      vertex 22.8581 8.78146 11.4
    endloop
  endfacet
  facet normal -0.595693 -0.803212 0
    outer loop
      vertex 22.4991 10.2146 3.3
      vertex 22.5858 10.1503 11.4
      vertex 22.4991 10.2146 11.4
    endloop
  endfacet
  facet normal -0.595693 -0.803212 -0
    outer loop
      vertex 22.5858 10.1503 11.4
      vertex 22.4991 10.2146 3.3
      vertex 22.5858 10.1503 3.3
    endloop
  endfacet
  facet normal 0.514019 0.857779 -0
    outer loop
      vertex 21.3695 8.32989 3.3
      vertex 21.2769 8.38538 11.4
      vertex 21.3695 8.32989 11.4
    endloop
  endfacet
  facet normal 0.514019 0.857779 0
    outer loop
      vertex 21.2769 8.38538 11.4
      vertex 21.3695 8.32989 3.3
      vertex 21.2769 8.38538 3.3
    endloop
  endfacet
  facet normal -0.514087 -0.857738 0
    outer loop
      vertex 22.4065 10.2701 3.3
      vertex 22.4991 10.2146 11.4
      vertex 22.4065 10.2701 11.4
    endloop
  endfacet
  facet normal -0.514087 -0.857738 -0
    outer loop
      vertex 22.4991 10.2146 11.4
      vertex 22.4065 10.2701 3.3
      vertex 22.4991 10.2146 3.3
    endloop
  endfacet
  facet normal -0.14671 0.98918 0
    outer loop
      vertex 22.1026 8.22114 3.3
      vertex 21.9958 8.2053 11.4
      vertex 22.1026 8.22114 11.4
    endloop
  endfacet
  facet normal -0.14671 0.98918 0
    outer loop
      vertex 21.9958 8.2053 11.4
      vertex 22.1026 8.22114 3.3
      vertex 21.9958 8.2053 3.3
    endloop
  endfacet
  facet normal -0.941742 -0.336336 0
    outer loop
      vertex 22.9406 9.61931 3.3
      vertex 22.9043 9.72095 11.4
      vertex 22.9043 9.72095 3.3
    endloop
  endfacet
  facet normal -0.941742 -0.336336 0
    outer loop
      vertex 22.9043 9.72095 11.4
      vertex 22.9406 9.61931 3.3
      vertex 22.9406 9.61931 11.4
    endloop
  endfacet
  facet normal -0.857714 0.514128 0
    outer loop
      vertex 22.8026 8.68887 3.3
      vertex 22.8581 8.78146 11.4
      vertex 22.8581 8.78146 3.3
    endloop
  endfacet
  facet normal -0.857714 0.514128 0
    outer loop
      vertex 22.8581 8.78146 11.4
      vertex 22.8026 8.68887 3.3
      vertex 22.8026 8.68887 11.4
    endloop
  endfacet
  facet normal 0.998794 0.0490967 0
    outer loop
      vertex 20.7933 9.19218 11.4
      vertex 20.788 9.3 3.3
      vertex 20.788 9.3 11.4
    endloop
  endfacet
  facet normal 0.998794 0.0490967 0
    outer loop
      vertex 20.788 9.3 3.3
      vertex 20.7933 9.19218 11.4
      vertex 20.7933 9.19218 3.3
    endloop
  endfacet
  facet normal -0.941742 0.336336 0
    outer loop
      vertex 22.9043 8.87905 3.3
      vertex 22.9406 8.98069 11.4
      vertex 22.9406 8.98069 3.3
    endloop
  endfacet
  facet normal -0.941742 0.336336 0
    outer loop
      vertex 22.9406 8.98069 11.4
      vertex 22.9043 8.87905 3.3
      vertex 22.9043 8.87905 11.4
    endloop
  endfacet
  facet normal 0.146347 -0.989233 0
    outer loop
      vertex 21.6734 10.3789 3.3
      vertex 21.7802 10.3947 11.4
      vertex 21.6734 10.3789 11.4
    endloop
  endfacet
  facet normal 0.146347 -0.989233 0
    outer loop
      vertex 21.7802 10.3947 11.4
      vertex 21.6734 10.3789 3.3
      vertex 21.7802 10.3947 3.3
    endloop
  endfacet
  facet normal -0.740862 -0.671658 0
    outer loop
      vertex 22.7383 9.99783 3.3
      vertex 22.6658 10.0778 11.4
      vertex 22.6658 10.0778 3.3
    endloop
  endfacet
  facet normal -0.740862 -0.671658 0
    outer loop
      vertex 22.6658 10.0778 11.4
      vertex 22.7383 9.99783 3.3
      vertex 22.7383 9.99783 11.4
    endloop
  endfacet
  facet normal -0.0491058 -0.998794 0
    outer loop
      vertex 21.888 10.4 3.3
      vertex 21.9958 10.3947 11.4
      vertex 21.888 10.4 11.4
    endloop
  endfacet
  facet normal -0.0491058 -0.998794 -0
    outer loop
      vertex 21.9958 10.3947 11.4
      vertex 21.888 10.4 3.3
      vertex 21.9958 10.3947 3.3
    endloop
  endfacet
  facet normal -0.903834 -0.427883 0
    outer loop
      vertex 22.9043 9.72095 3.3
      vertex 22.8581 9.81854 11.4
      vertex 22.8581 9.81854 3.3
    endloop
  endfacet
  facet normal -0.903834 -0.427883 0
    outer loop
      vertex 22.8581 9.81854 11.4
      vertex 22.9043 9.72095 3.3
      vertex 22.9043 9.72095 11.4
    endloop
  endfacet
  facet normal 0.14671 0.98918 -0
    outer loop
      vertex 21.7802 8.2053 3.3
      vertex 21.6734 8.22114 11.4
      vertex 21.7802 8.2053 11.4
    endloop
  endfacet
  facet normal 0.14671 0.98918 0
    outer loop
      vertex 21.6734 8.22114 11.4
      vertex 21.7802 8.2053 3.3
      vertex 21.6734 8.22114 3.3
    endloop
  endfacet
  facet normal -0.671469 0.741033 0
    outer loop
      vertex 22.6658 8.52218 3.3
      vertex 22.5858 8.44969 11.4
      vertex 22.6658 8.52218 11.4
    endloop
  endfacet
  facet normal -0.671469 0.741033 0
    outer loop
      vertex 22.5858 8.44969 11.4
      vertex 22.6658 8.52218 3.3
      vertex 22.5858 8.44969 3.3
    endloop
  endfacet
  facet normal -0.857714 -0.514128 0
    outer loop
      vertex 22.8581 9.81854 3.3
      vertex 22.8026 9.91113 11.4
      vertex 22.8026 9.91113 3.3
    endloop
  endfacet
  facet normal -0.857714 -0.514128 0
    outer loop
      vertex 22.8026 9.91113 11.4
      vertex 22.8581 9.81854 3.3
      vertex 22.8581 9.81854 11.4
    endloop
  endfacet
  facet normal 0.0491058 0.998794 -0
    outer loop
      vertex 21.888 8.2 3.3
      vertex 21.7802 8.2053 11.4
      vertex 21.888 8.2 11.4
    endloop
  endfacet
  facet normal 0.0491058 0.998794 0
    outer loop
      vertex 21.7802 8.2053 11.4
      vertex 21.888 8.2 3.3
      vertex 21.7802 8.2053 3.3
    endloop
  endfacet
  facet normal 0.740862 -0.671658 0
    outer loop
      vertex 21.0377 9.99783 11.4
      vertex 21.1102 10.0778 3.3
      vertex 21.1102 10.0778 11.4
    endloop
  endfacet
  facet normal 0.740862 -0.671658 0
    outer loop
      vertex 21.1102 10.0778 3.3
      vertex 21.0377 9.99783 11.4
      vertex 21.0377 9.99783 3.3
    endloop
  endfacet
  facet normal -0.671519 -0.740987 0
    outer loop
      vertex 22.5858 10.1503 3.3
      vertex 22.6658 10.0778 11.4
      vertex 22.5858 10.1503 11.4
    endloop
  endfacet
  facet normal -0.671519 -0.740987 -0
    outer loop
      vertex 22.6658 10.0778 11.4
      vertex 22.5858 10.1503 3.3
      vertex 22.6658 10.0778 3.3
    endloop
  endfacet
  facet normal 0.903834 -0.427883 0
    outer loop
      vertex 20.8717 9.72095 11.4
      vertex 20.9179 9.81854 3.3
      vertex 20.9179 9.81854 11.4
    endloop
  endfacet
  facet normal 0.903834 -0.427883 0
    outer loop
      vertex 20.9179 9.81854 3.3
      vertex 20.8717 9.72095 11.4
      vertex 20.8717 9.72095 3.3
    endloop
  endfacet
  facet normal 0.671469 0.741033 -0
    outer loop
      vertex 21.1902 8.44969 3.3
      vertex 21.1102 8.52218 11.4
      vertex 21.1902 8.44969 11.4
    endloop
  endfacet
  facet normal 0.671469 0.741033 0
    outer loop
      vertex 21.1102 8.52218 11.4
      vertex 21.1902 8.44969 3.3
      vertex 21.1102 8.52218 3.3
    endloop
  endfacet
  facet normal 0.969875 -0.243603 0
    outer loop
      vertex 20.8091 9.5146 11.4
      vertex 20.8354 9.61931 3.3
      vertex 20.8354 9.61931 11.4
    endloop
  endfacet
  facet normal 0.969875 -0.243603 0
    outer loop
      vertex 20.8354 9.61931 3.3
      vertex 20.8091 9.5146 11.4
      vertex 20.8091 9.5146 3.3
    endloop
  endfacet
  facet normal -0.243625 -0.969869 0
    outer loop
      vertex 22.1026 10.3789 3.3
      vertex 22.2073 10.3526 11.4
      vertex 22.1026 10.3789 11.4
    endloop
  endfacet
  facet normal -0.243625 -0.969869 -0
    outer loop
      vertex 22.2073 10.3526 11.4
      vertex 22.1026 10.3789 3.3
      vertex 22.2073 10.3526 3.3
    endloop
  endfacet
  facet normal 0.969875 0.243603 0
    outer loop
      vertex 20.8354 8.98069 11.4
      vertex 20.8091 9.0854 3.3
      vertex 20.8091 9.0854 11.4
    endloop
  endfacet
  facet normal 0.969875 0.243603 0
    outer loop
      vertex 20.8091 9.0854 3.3
      vertex 20.8354 8.98069 11.4
      vertex 20.8354 8.98069 3.3
    endloop
  endfacet
  facet normal 0.427903 0.903825 -0
    outer loop
      vertex 21.467 8.28373 3.3
      vertex 21.3695 8.32989 11.4
      vertex 21.467 8.28373 11.4
    endloop
  endfacet
  facet normal 0.427903 0.903825 0
    outer loop
      vertex 21.3695 8.32989 11.4
      vertex 21.467 8.28373 3.3
      vertex 21.3695 8.32989 3.3
    endloop
  endfacet
  facet normal 0.740945 0.671566 0
    outer loop
      vertex 21.1102 8.52218 11.4
      vertex 21.0377 8.60217 3.3
      vertex 21.0377 8.60217 11.4
    endloop
  endfacet
  facet normal 0.740945 0.671566 0
    outer loop
      vertex 21.0377 8.60217 3.3
      vertex 21.1102 8.52218 11.4
      vertex 21.1102 8.52218 3.3
    endloop
  endfacet
  facet normal -0.427903 0.903825 0
    outer loop
      vertex 22.4065 8.32989 3.3
      vertex 22.309 8.28373 11.4
      vertex 22.4065 8.32989 11.4
    endloop
  endfacet
  facet normal -0.427903 0.903825 0
    outer loop
      vertex 22.309 8.28373 11.4
      vertex 22.4065 8.32989 3.3
      vertex 22.309 8.28373 3.3
    endloop
  endfacet
  facet normal -0.0491058 0.998794 0
    outer loop
      vertex 21.9958 8.2053 3.3
      vertex 21.888 8.2 11.4
      vertex 21.9958 8.2053 11.4
    endloop
  endfacet
  facet normal -0.0491058 0.998794 0
    outer loop
      vertex 21.888 8.2 11.4
      vertex 21.9958 8.2053 3.3
      vertex 21.888 8.2 3.3
    endloop
  endfacet
  facet normal 0.989229 0.146374 0
    outer loop
      vertex 20.8091 9.0854 11.4
      vertex 20.7933 9.19218 3.3
      vertex 20.7933 9.19218 11.4
    endloop
  endfacet
  facet normal 0.989229 0.146374 0
    outer loop
      vertex 20.7933 9.19218 3.3
      vertex 20.8091 9.0854 11.4
      vertex 20.8091 9.0854 3.3
    endloop
  endfacet
  facet normal -0.595752 0.803168 0
    outer loop
      vertex 22.5858 8.44969 3.3
      vertex 22.4991 8.38538 11.4
      vertex 22.5858 8.44969 11.4
    endloop
  endfacet
  facet normal -0.595752 0.803168 0
    outer loop
      vertex 22.4991 8.38538 11.4
      vertex 22.5858 8.44969 3.3
      vertex 22.4991 8.38538 3.3
    endloop
  endfacet
  facet normal 0.803212 0.595693 0
    outer loop
      vertex 21.0377 8.60217 11.4
      vertex 20.9734 8.68887 3.3
      vertex 20.9734 8.68887 11.4
    endloop
  endfacet
  facet normal 0.803212 0.595693 0
    outer loop
      vertex 20.9734 8.68887 3.3
      vertex 21.0377 8.60217 11.4
      vertex 21.0377 8.60217 3.3
    endloop
  endfacet
  facet normal 0.998794 -0.0490967 0
    outer loop
      vertex 20.788 9.3 11.4
      vertex 20.7933 9.40782 3.3
      vertex 20.7933 9.40782 11.4
    endloop
  endfacet
  facet normal 0.998794 -0.0490967 0
    outer loop
      vertex 20.7933 9.40782 3.3
      vertex 20.788 9.3 11.4
      vertex 20.788 9.3 3.3
    endloop
  endfacet
  facet normal -0.740945 0.671566 0
    outer loop
      vertex 22.6658 8.52218 3.3
      vertex 22.7383 8.60217 11.4
      vertex 22.7383 8.60217 3.3
    endloop
  endfacet
  facet normal -0.740945 0.671566 0
    outer loop
      vertex 22.7383 8.60217 11.4
      vertex 22.6658 8.52218 3.3
      vertex 22.6658 8.52218 11.4
    endloop
  endfacet
  facet normal -0.514019 0.857779 0
    outer loop
      vertex 29.4431 8.38538 3.3
      vertex 29.3505 8.32989 11.4
      vertex 29.4431 8.38538 11.4
    endloop
  endfacet
  facet normal -0.514019 0.857779 0
    outer loop
      vertex 29.3505 8.32989 11.4
      vertex 29.4431 8.38538 3.3
      vertex 29.3505 8.32989 3.3
    endloop
  endfacet
  facet normal -0.989229 -0.146374 0
    outer loop
      vertex 29.9267 9.40782 3.3
      vertex 29.9109 9.5146 11.4
      vertex 29.9109 9.5146 3.3
    endloop
  endfacet
  facet normal -0.989229 -0.146374 0
    outer loop
      vertex 29.9109 9.5146 11.4
      vertex 29.9267 9.40782 3.3
      vertex 29.9267 9.40782 11.4
    endloop
  endfacet
  facet normal -0.998794 -0.0490967 0
    outer loop
      vertex 29.932 9.3 3.3
      vertex 29.9267 9.40782 11.4
      vertex 29.9267 9.40782 3.3
    endloop
  endfacet
  facet normal -0.998794 -0.0490967 0
    outer loop
      vertex 29.9267 9.40782 11.4
      vertex 29.932 9.3 3.3
      vertex 29.932 9.3 11.4
    endloop
  endfacet
  facet normal -0.969875 -0.243603 0
    outer loop
      vertex 29.9109 9.5146 3.3
      vertex 29.8846 9.61931 11.4
      vertex 29.8846 9.61931 3.3
    endloop
  endfacet
  facet normal -0.969875 -0.243603 0
    outer loop
      vertex 29.8846 9.61931 11.4
      vertex 29.9109 9.5146 3.3
      vertex 29.9109 9.5146 11.4
    endloop
  endfacet
  facet normal -0.0491058 -0.998794 0
    outer loop
      vertex 28.832 10.4 3.3
      vertex 28.9398 10.3947 11.4
      vertex 28.832 10.4 11.4
    endloop
  endfacet
  facet normal -0.0491058 -0.998794 -0
    outer loop
      vertex 28.9398 10.3947 11.4
      vertex 28.832 10.4 3.3
      vertex 28.9398 10.3947 3.3
    endloop
  endfacet
  facet normal -0.857714 0.514128 0
    outer loop
      vertex 29.7466 8.68887 3.3
      vertex 29.8021 8.78146 11.4
      vertex 29.8021 8.78146 3.3
    endloop
  endfacet
  facet normal -0.857714 0.514128 0
    outer loop
      vertex 29.8021 8.78146 11.4
      vertex 29.7466 8.68887 3.3
      vertex 29.7466 8.68887 11.4
    endloop
  endfacet
  facet normal 0.998794 0.0490967 0
    outer loop
      vertex 27.7373 9.19218 11.4
      vertex 27.732 9.3 3.3
      vertex 27.732 9.3 11.4
    endloop
  endfacet
  facet normal 0.998794 0.0490967 0
    outer loop
      vertex 27.732 9.3 3.3
      vertex 27.7373 9.19218 11.4
      vertex 27.7373 9.19218 3.3
    endloop
  endfacet
  facet normal -0.427903 0.903825 0
    outer loop
      vertex 29.3505 8.32989 3.3
      vertex 29.253 8.28373 11.4
      vertex 29.3505 8.32989 11.4
    endloop
  endfacet
  facet normal -0.427903 0.903825 0
    outer loop
      vertex 29.253 8.28373 11.4
      vertex 29.3505 8.32989 3.3
      vertex 29.253 8.28373 3.3
    endloop
  endfacet
  facet normal -0.33616 -0.941805 0
    outer loop
      vertex 29.1513 10.3526 3.3
      vertex 29.253 10.3163 11.4
      vertex 29.1513 10.3526 11.4
    endloop
  endfacet
  facet normal -0.33616 -0.941805 -0
    outer loop
      vertex 29.253 10.3163 11.4
      vertex 29.1513 10.3526 3.3
      vertex 29.253 10.3163 3.3
    endloop
  endfacet
  facet normal 0.671469 0.741033 -0
    outer loop
      vertex 28.1342 8.44969 3.3
      vertex 28.0542 8.52218 11.4
      vertex 28.1342 8.44969 11.4
    endloop
  endfacet
  facet normal 0.671469 0.741033 0
    outer loop
      vertex 28.0542 8.52218 11.4
      vertex 28.1342 8.44969 3.3
      vertex 28.0542 8.52218 3.3
    endloop
  endfacet
  facet normal -0.998794 0.0490967 0
    outer loop
      vertex 29.9267 9.19218 3.3
      vertex 29.932 9.3 11.4
      vertex 29.932 9.3 3.3
    endloop
  endfacet
  facet normal -0.998794 0.0490967 0
    outer loop
      vertex 29.932 9.3 11.4
      vertex 29.9267 9.19218 3.3
      vertex 29.9267 9.19218 11.4
    endloop
  endfacet
  facet normal 0.595752 0.803168 -0
    outer loop
      vertex 28.2209 8.38538 3.3
      vertex 28.1342 8.44969 11.4
      vertex 28.2209 8.38538 11.4
    endloop
  endfacet
  facet normal 0.595752 0.803168 0
    outer loop
      vertex 28.1342 8.44969 11.4
      vertex 28.2209 8.38538 3.3
      vertex 28.1342 8.44969 3.3
    endloop
  endfacet
  facet normal 0.33616 -0.941805 0
    outer loop
      vertex 28.411 10.3163 3.3
      vertex 28.5127 10.3526 11.4
      vertex 28.411 10.3163 11.4
    endloop
  endfacet
  facet normal 0.33616 -0.941805 0
    outer loop
      vertex 28.5127 10.3526 11.4
      vertex 28.411 10.3163 3.3
      vertex 28.5127 10.3526 3.3
    endloop
  endfacet
  facet normal 0.969875 0.243603 0
    outer loop
      vertex 27.7794 8.98069 11.4
      vertex 27.7531 9.0854 3.3
      vertex 27.7531 9.0854 11.4
    endloop
  endfacet
  facet normal 0.969875 0.243603 0
    outer loop
      vertex 27.7531 9.0854 3.3
      vertex 27.7794 8.98069 11.4
      vertex 27.7794 8.98069 3.3
    endloop
  endfacet
  facet normal 0.740945 0.671566 0
    outer loop
      vertex 28.0542 8.52218 11.4
      vertex 27.9817 8.60217 3.3
      vertex 27.9817 8.60217 11.4
    endloop
  endfacet
  facet normal 0.740945 0.671566 0
    outer loop
      vertex 27.9817 8.60217 3.3
      vertex 28.0542 8.52218 11.4
      vertex 28.0542 8.52218 3.3
    endloop
  endfacet
  facet normal 0.941742 -0.336336 0
    outer loop
      vertex 27.7794 9.61931 11.4
      vertex 27.8157 9.72095 3.3
      vertex 27.8157 9.72095 11.4
    endloop
  endfacet
  facet normal 0.941742 -0.336336 0
    outer loop
      vertex 27.8157 9.72095 3.3
      vertex 27.7794 9.61931 11.4
      vertex 27.7794 9.61931 3.3
    endloop
  endfacet
  facet normal 0.242928 0.970044 -0
    outer loop
      vertex 28.6174 8.22114 3.3
      vertex 28.5127 8.24736 11.4
      vertex 28.6174 8.22114 11.4
    endloop
  endfacet
  facet normal 0.242928 0.970044 0
    outer loop
      vertex 28.5127 8.24736 11.4
      vertex 28.6174 8.22114 3.3
      vertex 28.5127 8.24736 3.3
    endloop
  endfacet
  facet normal 0.671519 -0.740987 0
    outer loop
      vertex 28.0542 10.0778 3.3
      vertex 28.1342 10.1503 11.4
      vertex 28.0542 10.0778 11.4
    endloop
  endfacet
  facet normal 0.671519 -0.740987 0
    outer loop
      vertex 28.1342 10.1503 11.4
      vertex 28.0542 10.0778 3.3
      vertex 28.1342 10.1503 3.3
    endloop
  endfacet
  facet normal 0.14671 0.98918 -0
    outer loop
      vertex 28.7242 8.2053 3.3
      vertex 28.6174 8.22114 11.4
      vertex 28.7242 8.2053 11.4
    endloop
  endfacet
  facet normal 0.14671 0.98918 0
    outer loop
      vertex 28.6174 8.22114 11.4
      vertex 28.7242 8.2053 3.3
      vertex 28.6174 8.22114 3.3
    endloop
  endfacet
  facet normal 0.803212 -0.595693 0
    outer loop
      vertex 27.9174 9.91113 11.4
      vertex 27.9817 9.99783 3.3
      vertex 27.9817 9.99783 11.4
    endloop
  endfacet
  facet normal 0.803212 -0.595693 0
    outer loop
      vertex 27.9817 9.99783 3.3
      vertex 27.9174 9.91113 11.4
      vertex 27.9174 9.91113 3.3
    endloop
  endfacet
  facet normal 0.336735 0.941599 -0
    outer loop
      vertex 28.5127 8.24736 3.3
      vertex 28.411 8.28373 11.4
      vertex 28.5127 8.24736 11.4
    endloop
  endfacet
  facet normal 0.336735 0.941599 0
    outer loop
      vertex 28.411 8.28373 11.4
      vertex 28.5127 8.24736 3.3
      vertex 28.411 8.28373 3.3
    endloop
  endfacet
  facet normal 0.941742 0.336336 0
    outer loop
      vertex 27.8157 8.87905 11.4
      vertex 27.7794 8.98069 3.3
      vertex 27.7794 8.98069 11.4
    endloop
  endfacet
  facet normal 0.941742 0.336336 0
    outer loop
      vertex 27.7794 8.98069 3.3
      vertex 27.8157 8.87905 11.4
      vertex 27.8157 8.87905 3.3
    endloop
  endfacet
  facet normal 0.146347 -0.989233 0
    outer loop
      vertex 28.6174 10.3789 3.3
      vertex 28.7242 10.3947 11.4
      vertex 28.6174 10.3789 11.4
    endloop
  endfacet
  facet normal 0.146347 -0.989233 0
    outer loop
      vertex 28.7242 10.3947 11.4
      vertex 28.6174 10.3789 3.3
      vertex 28.7242 10.3947 3.3
    endloop
  endfacet
  facet normal -0.242928 0.970044 0
    outer loop
      vertex 29.1513 8.24736 3.3
      vertex 29.0466 8.22114 11.4
      vertex 29.1513 8.24736 11.4
    endloop
  endfacet
  facet normal -0.242928 0.970044 0
    outer loop
      vertex 29.0466 8.22114 11.4
      vertex 29.1513 8.24736 3.3
      vertex 29.0466 8.22114 3.3
    endloop
  endfacet
  facet normal 0.0491058 0.998794 -0
    outer loop
      vertex 28.832 8.2 3.3
      vertex 28.7242 8.2053 11.4
      vertex 28.832 8.2 11.4
    endloop
  endfacet
  facet normal 0.0491058 0.998794 0
    outer loop
      vertex 28.7242 8.2053 11.4
      vertex 28.832 8.2 3.3
      vertex 28.7242 8.2053 3.3
    endloop
  endfacet
  facet normal -0.671519 -0.740987 0
    outer loop
      vertex 29.5298 10.1503 3.3
      vertex 29.6098 10.0778 11.4
      vertex 29.5298 10.1503 11.4
    endloop
  endfacet
  facet normal -0.671519 -0.740987 -0
    outer loop
      vertex 29.6098 10.0778 11.4
      vertex 29.5298 10.1503 3.3
      vertex 29.6098 10.0778 3.3
    endloop
  endfacet
  facet normal -0.146347 -0.989233 0
    outer loop
      vertex 28.9398 10.3947 3.3
      vertex 29.0466 10.3789 11.4
      vertex 28.9398 10.3947 11.4
    endloop
  endfacet
  facet normal -0.146347 -0.989233 -0
    outer loop
      vertex 29.0466 10.3789 11.4
      vertex 28.9398 10.3947 3.3
      vertex 29.0466 10.3789 3.3
    endloop
  endfacet
  facet normal -0.428206 -0.903681 0
    outer loop
      vertex 29.253 10.3163 3.3
      vertex 29.3505 10.2701 11.4
      vertex 29.253 10.3163 11.4
    endloop
  endfacet
  facet normal -0.428206 -0.903681 -0
    outer loop
      vertex 29.3505 10.2701 11.4
      vertex 29.253 10.3163 3.3
      vertex 29.3505 10.2701 3.3
    endloop
  endfacet
  facet normal 0.903834 0.427883 0
    outer loop
      vertex 27.8619 8.78146 11.4
      vertex 27.8157 8.87905 3.3
      vertex 27.8157 8.87905 11.4
    endloop
  endfacet
  facet normal 0.903834 0.427883 0
    outer loop
      vertex 27.8157 8.87905 3.3
      vertex 27.8619 8.78146 11.4
      vertex 27.8619 8.78146 3.3
    endloop
  endfacet
  facet normal 0.989229 -0.146374 0
    outer loop
      vertex 27.7373 9.40782 11.4
      vertex 27.7531 9.5146 3.3
      vertex 27.7531 9.5146 11.4
    endloop
  endfacet
  facet normal 0.989229 -0.146374 0
    outer loop
      vertex 27.7531 9.5146 3.3
      vertex 27.7373 9.40782 11.4
      vertex 27.7373 9.40782 3.3
    endloop
  endfacet
  facet normal -0.803212 0.595693 0
    outer loop
      vertex 29.6823 8.60217 3.3
      vertex 29.7466 8.68887 11.4
      vertex 29.7466 8.68887 3.3
    endloop
  endfacet
  facet normal -0.803212 0.595693 0
    outer loop
      vertex 29.7466 8.68887 11.4
      vertex 29.6823 8.60217 3.3
      vertex 29.6823 8.60217 11.4
    endloop
  endfacet
  facet normal -0.941742 0.336336 0
    outer loop
      vertex 29.8483 8.87905 3.3
      vertex 29.8846 8.98069 11.4
      vertex 29.8846 8.98069 3.3
    endloop
  endfacet
  facet normal -0.941742 0.336336 0
    outer loop
      vertex 29.8846 8.98069 11.4
      vertex 29.8483 8.87905 3.3
      vertex 29.8483 8.87905 11.4
    endloop
  endfacet
  facet normal 0.243625 -0.969869 0
    outer loop
      vertex 28.5127 10.3526 3.3
      vertex 28.6174 10.3789 11.4
      vertex 28.5127 10.3526 11.4
    endloop
  endfacet
  facet normal 0.243625 -0.969869 0
    outer loop
      vertex 28.6174 10.3789 11.4
      vertex 28.5127 10.3526 3.3
      vertex 28.6174 10.3789 3.3
    endloop
  endfacet
  facet normal -0.803212 -0.595693 0
    outer loop
      vertex 29.7466 9.91113 3.3
      vertex 29.6823 9.99783 11.4
      vertex 29.6823 9.99783 3.3
    endloop
  endfacet
  facet normal -0.803212 -0.595693 0
    outer loop
      vertex 29.6823 9.99783 11.4
      vertex 29.7466 9.91113 3.3
      vertex 29.7466 9.91113 11.4
    endloop
  endfacet
  facet normal 0.514087 -0.857738 0
    outer loop
      vertex 28.2209 10.2146 3.3
      vertex 28.3135 10.2701 11.4
      vertex 28.2209 10.2146 11.4
    endloop
  endfacet
  facet normal 0.514087 -0.857738 0
    outer loop
      vertex 28.3135 10.2701 11.4
      vertex 28.2209 10.2146 3.3
      vertex 28.3135 10.2701 3.3
    endloop
  endfacet
  facet normal -0.336735 0.941599 0
    outer loop
      vertex 29.253 8.28373 3.3
      vertex 29.1513 8.24736 11.4
      vertex 29.253 8.28373 11.4
    endloop
  endfacet
  facet normal -0.336735 0.941599 0
    outer loop
      vertex 29.1513 8.24736 11.4
      vertex 29.253 8.28373 3.3
      vertex 29.1513 8.24736 3.3
    endloop
  endfacet
  facet normal -0.740862 -0.671658 0
    outer loop
      vertex 29.6823 9.99783 3.3
      vertex 29.6098 10.0778 11.4
      vertex 29.6098 10.0778 3.3
    endloop
  endfacet
  facet normal -0.740862 -0.671658 0
    outer loop
      vertex 29.6098 10.0778 11.4
      vertex 29.6823 9.99783 3.3
      vertex 29.6823 9.99783 11.4
    endloop
  endfacet
  facet normal -0.989229 0.146374 0
    outer loop
      vertex 29.9109 9.0854 3.3
      vertex 29.9267 9.19218 11.4
      vertex 29.9267 9.19218 3.3
    endloop
  endfacet
  facet normal -0.989229 0.146374 0
    outer loop
      vertex 29.9267 9.19218 11.4
      vertex 29.9109 9.0854 3.3
      vertex 29.9109 9.0854 11.4
    endloop
  endfacet
  facet normal -0.14671 0.98918 0
    outer loop
      vertex 29.0466 8.22114 3.3
      vertex 28.9398 8.2053 11.4
      vertex 29.0466 8.22114 11.4
    endloop
  endfacet
  facet normal -0.14671 0.98918 0
    outer loop
      vertex 28.9398 8.2053 11.4
      vertex 29.0466 8.22114 3.3
      vertex 28.9398 8.2053 3.3
    endloop
  endfacet
  facet normal -0.903834 0.427883 0
    outer loop
      vertex 29.8021 8.78146 3.3
      vertex 29.8483 8.87905 11.4
      vertex 29.8483 8.87905 3.3
    endloop
  endfacet
  facet normal -0.903834 0.427883 0
    outer loop
      vertex 29.8483 8.87905 11.4
      vertex 29.8021 8.78146 3.3
      vertex 29.8021 8.78146 11.4
    endloop
  endfacet
  facet normal -0.514087 -0.857738 0
    outer loop
      vertex 29.3505 10.2701 3.3
      vertex 29.4431 10.2146 11.4
      vertex 29.3505 10.2701 11.4
    endloop
  endfacet
  facet normal -0.514087 -0.857738 -0
    outer loop
      vertex 29.4431 10.2146 11.4
      vertex 29.3505 10.2701 3.3
      vertex 29.4431 10.2146 3.3
    endloop
  endfacet
  facet normal 0.0491058 -0.998794 0
    outer loop
      vertex 28.7242 10.3947 3.3
      vertex 28.832 10.4 11.4
      vertex 28.7242 10.3947 11.4
    endloop
  endfacet
  facet normal 0.0491058 -0.998794 0
    outer loop
      vertex 28.832 10.4 11.4
      vertex 28.7242 10.3947 3.3
      vertex 28.832 10.4 3.3
    endloop
  endfacet
  facet normal -0.941742 -0.336336 0
    outer loop
      vertex 29.8846 9.61931 3.3
      vertex 29.8483 9.72095 11.4
      vertex 29.8483 9.72095 3.3
    endloop
  endfacet
  facet normal -0.941742 -0.336336 0
    outer loop
      vertex 29.8483 9.72095 11.4
      vertex 29.8846 9.61931 3.3
      vertex 29.8846 9.61931 11.4
    endloop
  endfacet
  facet normal -0.595693 -0.803212 0
    outer loop
      vertex 29.4431 10.2146 3.3
      vertex 29.5298 10.1503 11.4
      vertex 29.4431 10.2146 11.4
    endloop
  endfacet
  facet normal -0.595693 -0.803212 -0
    outer loop
      vertex 29.5298 10.1503 11.4
      vertex 29.4431 10.2146 3.3
      vertex 29.5298 10.1503 3.3
    endloop
  endfacet
  facet normal -0.903834 -0.427883 0
    outer loop
      vertex 29.8483 9.72095 3.3
      vertex 29.8021 9.81854 11.4
      vertex 29.8021 9.81854 3.3
    endloop
  endfacet
  facet normal -0.903834 -0.427883 0
    outer loop
      vertex 29.8021 9.81854 11.4
      vertex 29.8483 9.72095 3.3
      vertex 29.8483 9.72095 11.4
    endloop
  endfacet
  facet normal 0.857714 -0.514128 0
    outer loop
      vertex 27.8619 9.81854 11.4
      vertex 27.9174 9.91113 3.3
      vertex 27.9174 9.91113 11.4
    endloop
  endfacet
  facet normal 0.857714 -0.514128 0
    outer loop
      vertex 27.9174 9.91113 3.3
      vertex 27.8619 9.81854 11.4
      vertex 27.8619 9.81854 3.3
    endloop
  endfacet
  facet normal -0.969875 0.243603 0
    outer loop
      vertex 29.8846 8.98069 3.3
      vertex 29.9109 9.0854 11.4
      vertex 29.9109 9.0854 3.3
    endloop
  endfacet
  facet normal -0.969875 0.243603 0
    outer loop
      vertex 29.9109 9.0854 11.4
      vertex 29.8846 8.98069 3.3
      vertex 29.8846 8.98069 11.4
    endloop
  endfacet
  facet normal -0.857714 -0.514128 0
    outer loop
      vertex 29.8021 9.81854 3.3
      vertex 29.7466 9.91113 11.4
      vertex 29.7466 9.91113 3.3
    endloop
  endfacet
  facet normal -0.857714 -0.514128 0
    outer loop
      vertex 29.7466 9.91113 11.4
      vertex 29.8021 9.81854 3.3
      vertex 29.8021 9.81854 11.4
    endloop
  endfacet
  facet normal -0.671469 0.741033 0
    outer loop
      vertex 29.6098 8.52218 3.3
      vertex 29.5298 8.44969 11.4
      vertex 29.6098 8.52218 11.4
    endloop
  endfacet
  facet normal -0.671469 0.741033 0
    outer loop
      vertex 29.5298 8.44969 11.4
      vertex 29.6098 8.52218 3.3
      vertex 29.5298 8.44969 3.3
    endloop
  endfacet
  facet normal -0.740945 0.671566 0
    outer loop
      vertex 29.6098 8.52218 3.3
      vertex 29.6823 8.60217 11.4
      vertex 29.6823 8.60217 3.3
    endloop
  endfacet
  facet normal -0.740945 0.671566 0
    outer loop
      vertex 29.6823 8.60217 11.4
      vertex 29.6098 8.52218 3.3
      vertex 29.6098 8.52218 11.4
    endloop
  endfacet
  facet normal 0.428206 -0.903681 0
    outer loop
      vertex 28.3135 10.2701 3.3
      vertex 28.411 10.3163 11.4
      vertex 28.3135 10.2701 11.4
    endloop
  endfacet
  facet normal 0.428206 -0.903681 0
    outer loop
      vertex 28.411 10.3163 11.4
      vertex 28.3135 10.2701 3.3
      vertex 28.411 10.3163 3.3
    endloop
  endfacet
  facet normal 0.857714 0.514128 0
    outer loop
      vertex 27.9174 8.68887 11.4
      vertex 27.8619 8.78146 3.3
      vertex 27.8619 8.78146 11.4
    endloop
  endfacet
  facet normal 0.857714 0.514128 0
    outer loop
      vertex 27.8619 8.78146 3.3
      vertex 27.9174 8.68887 11.4
      vertex 27.9174 8.68887 3.3
    endloop
  endfacet
  facet normal 0.514019 0.857779 -0
    outer loop
      vertex 28.3135 8.32989 3.3
      vertex 28.2209 8.38538 11.4
      vertex 28.3135 8.32989 11.4
    endloop
  endfacet
  facet normal 0.514019 0.857779 0
    outer loop
      vertex 28.2209 8.38538 11.4
      vertex 28.3135 8.32989 3.3
      vertex 28.2209 8.38538 3.3
    endloop
  endfacet
  facet normal 0.989229 0.146374 0
    outer loop
      vertex 27.7531 9.0854 11.4
      vertex 27.7373 9.19218 3.3
      vertex 27.7373 9.19218 11.4
    endloop
  endfacet
  facet normal 0.989229 0.146374 0
    outer loop
      vertex 27.7373 9.19218 3.3
      vertex 27.7531 9.0854 11.4
      vertex 27.7531 9.0854 3.3
    endloop
  endfacet
  facet normal -0.0491058 0.998794 0
    outer loop
      vertex 28.9398 8.2053 3.3
      vertex 28.832 8.2 11.4
      vertex 28.9398 8.2053 11.4
    endloop
  endfacet
  facet normal -0.0491058 0.998794 0
    outer loop
      vertex 28.832 8.2 11.4
      vertex 28.9398 8.2053 3.3
      vertex 28.832 8.2 3.3
    endloop
  endfacet
  facet normal 0.803212 0.595693 0
    outer loop
      vertex 27.9817 8.60217 11.4
      vertex 27.9174 8.68887 3.3
      vertex 27.9174 8.68887 11.4
    endloop
  endfacet
  facet normal 0.803212 0.595693 0
    outer loop
      vertex 27.9174 8.68887 3.3
      vertex 27.9817 8.60217 11.4
      vertex 27.9817 8.60217 3.3
    endloop
  endfacet
  facet normal 0.969875 -0.243603 0
    outer loop
      vertex 27.7531 9.5146 11.4
      vertex 27.7794 9.61931 3.3
      vertex 27.7794 9.61931 11.4
    endloop
  endfacet
  facet normal 0.969875 -0.243603 0
    outer loop
      vertex 27.7794 9.61931 3.3
      vertex 27.7531 9.5146 11.4
      vertex 27.7531 9.5146 3.3
    endloop
  endfacet
  facet normal -0.595752 0.803168 0
    outer loop
      vertex 29.5298 8.44969 3.3
      vertex 29.4431 8.38538 11.4
      vertex 29.5298 8.44969 11.4
    endloop
  endfacet
  facet normal -0.595752 0.803168 0
    outer loop
      vertex 29.4431 8.38538 11.4
      vertex 29.5298 8.44969 3.3
      vertex 29.4431 8.38538 3.3
    endloop
  endfacet
  facet normal 0.595693 -0.803212 0
    outer loop
      vertex 28.1342 10.1503 3.3
      vertex 28.2209 10.2146 11.4
      vertex 28.1342 10.1503 11.4
    endloop
  endfacet
  facet normal 0.595693 -0.803212 0
    outer loop
      vertex 28.2209 10.2146 11.4
      vertex 28.1342 10.1503 3.3
      vertex 28.2209 10.2146 3.3
    endloop
  endfacet
  facet normal -0.243625 -0.969869 0
    outer loop
      vertex 29.0466 10.3789 3.3
      vertex 29.1513 10.3526 11.4
      vertex 29.0466 10.3789 11.4
    endloop
  endfacet
  facet normal -0.243625 -0.969869 -0
    outer loop
      vertex 29.1513 10.3526 11.4
      vertex 29.0466 10.3789 3.3
      vertex 29.1513 10.3526 3.3
    endloop
  endfacet
  facet normal 0.998794 -0.0490967 0
    outer loop
      vertex 27.732 9.3 11.4
      vertex 27.7373 9.40782 3.3
      vertex 27.7373 9.40782 11.4
    endloop
  endfacet
  facet normal 0.998794 -0.0490967 0
    outer loop
      vertex 27.7373 9.40782 3.3
      vertex 27.732 9.3 11.4
      vertex 27.732 9.3 3.3
    endloop
  endfacet
  facet normal 0.903834 -0.427883 0
    outer loop
      vertex 27.8157 9.72095 11.4
      vertex 27.8619 9.81854 3.3
      vertex 27.8619 9.81854 11.4
    endloop
  endfacet
  facet normal 0.903834 -0.427883 0
    outer loop
      vertex 27.8619 9.81854 3.3
      vertex 27.8157 9.72095 11.4
      vertex 27.8157 9.72095 3.3
    endloop
  endfacet
  facet normal 0.740862 -0.671658 0
    outer loop
      vertex 27.9817 9.99783 11.4
      vertex 28.0542 10.0778 3.3
      vertex 28.0542 10.0778 11.4
    endloop
  endfacet
  facet normal 0.740862 -0.671658 0
    outer loop
      vertex 28.0542 10.0778 3.3
      vertex 27.9817 9.99783 11.4
      vertex 27.9817 9.99783 3.3
    endloop
  endfacet
  facet normal 0.427903 0.903825 -0
    outer loop
      vertex 28.411 8.28373 3.3
      vertex 28.3135 8.32989 11.4
      vertex 28.411 8.28373 11.4
    endloop
  endfacet
  facet normal 0.427903 0.903825 0
    outer loop
      vertex 28.3135 8.32989 11.4
      vertex 28.411 8.28373 3.3
      vertex 28.3135 8.32989 3.3
    endloop
  endfacet
  facet normal -0.989229 -0.146374 0
    outer loop
      vertex 36.8707 9.40782 3.3
      vertex 36.8549 9.5146 11.4
      vertex 36.8549 9.5146 3.3
    endloop
  endfacet
  facet normal -0.989229 -0.146374 0
    outer loop
      vertex 36.8549 9.5146 11.4
      vertex 36.8707 9.40782 3.3
      vertex 36.8707 9.40782 11.4
    endloop
  endfacet
  facet normal -0.998794 -0.0490967 0
    outer loop
      vertex 36.876 9.3 3.3
      vertex 36.8707 9.40782 11.4
      vertex 36.8707 9.40782 3.3
    endloop
  endfacet
  facet normal -0.998794 -0.0490967 0
    outer loop
      vertex 36.8707 9.40782 11.4
      vertex 36.876 9.3 3.3
      vertex 36.876 9.3 11.4
    endloop
  endfacet
  facet normal -0.969875 -0.243603 0
    outer loop
      vertex 36.8549 9.5146 3.3
      vertex 36.8286 9.61931 11.4
      vertex 36.8286 9.61931 3.3
    endloop
  endfacet
  facet normal -0.969875 -0.243603 0
    outer loop
      vertex 36.8286 9.61931 11.4
      vertex 36.8549 9.5146 3.3
      vertex 36.8549 9.5146 11.4
    endloop
  endfacet
  facet normal 0.969875 -0.243603 0
    outer loop
      vertex 34.6971 9.5146 11.4
      vertex 34.7234 9.61931 3.3
      vertex 34.7234 9.61931 11.4
    endloop
  endfacet
  facet normal 0.969875 -0.243603 0
    outer loop
      vertex 34.7234 9.61931 3.3
      vertex 34.6971 9.5146 11.4
      vertex 34.6971 9.5146 3.3
    endloop
  endfacet
  facet normal 0.428206 -0.903681 0
    outer loop
      vertex 35.2575 10.2701 3.3
      vertex 35.355 10.3163 11.4
      vertex 35.2575 10.2701 11.4
    endloop
  endfacet
  facet normal 0.428206 -0.903681 0
    outer loop
      vertex 35.355 10.3163 11.4
      vertex 35.2575 10.2701 3.3
      vertex 35.355 10.3163 3.3
    endloop
  endfacet
  facet normal -0.33616 -0.941805 0
    outer loop
      vertex 36.0953 10.3526 3.3
      vertex 36.197 10.3163 11.4
      vertex 36.0953 10.3526 11.4
    endloop
  endfacet
  facet normal -0.33616 -0.941805 -0
    outer loop
      vertex 36.197 10.3163 11.4
      vertex 36.0953 10.3526 3.3
      vertex 36.197 10.3163 3.3
    endloop
  endfacet
  facet normal -0.146347 -0.989233 0
    outer loop
      vertex 35.8838 10.3947 3.3
      vertex 35.9906 10.3789 11.4
      vertex 35.8838 10.3947 11.4
    endloop
  endfacet
  facet normal -0.146347 -0.989233 -0
    outer loop
      vertex 35.9906 10.3789 11.4
      vertex 35.8838 10.3947 3.3
      vertex 35.9906 10.3789 3.3
    endloop
  endfacet
  facet normal 0.514087 -0.857738 0
    outer loop
      vertex 35.1649 10.2146 3.3
      vertex 35.2575 10.2701 11.4
      vertex 35.1649 10.2146 11.4
    endloop
  endfacet
  facet normal 0.514087 -0.857738 0
    outer loop
      vertex 35.2575 10.2701 11.4
      vertex 35.1649 10.2146 3.3
      vertex 35.2575 10.2701 3.3
    endloop
  endfacet
  facet normal -0.998794 0.0490967 0
    outer loop
      vertex 36.8707 9.19218 3.3
      vertex 36.876 9.3 11.4
      vertex 36.876 9.3 3.3
    endloop
  endfacet
  facet normal -0.998794 0.0490967 0
    outer loop
      vertex 36.876 9.3 11.4
      vertex 36.8707 9.19218 3.3
      vertex 36.8707 9.19218 11.4
    endloop
  endfacet
  facet normal -0.242928 0.970044 0
    outer loop
      vertex 36.0953 8.24736 3.3
      vertex 35.9906 8.22114 11.4
      vertex 36.0953 8.24736 11.4
    endloop
  endfacet
  facet normal -0.242928 0.970044 0
    outer loop
      vertex 35.9906 8.22114 11.4
      vertex 36.0953 8.24736 3.3
      vertex 35.9906 8.22114 3.3
    endloop
  endfacet
  facet normal 0.0491058 -0.998794 0
    outer loop
      vertex 35.6682 10.3947 3.3
      vertex 35.776 10.4 11.4
      vertex 35.6682 10.3947 11.4
    endloop
  endfacet
  facet normal 0.0491058 -0.998794 0
    outer loop
      vertex 35.776 10.4 11.4
      vertex 35.6682 10.3947 3.3
      vertex 35.776 10.4 3.3
    endloop
  endfacet
  facet normal 0.595693 -0.803212 0
    outer loop
      vertex 35.0782 10.1503 3.3
      vertex 35.1649 10.2146 11.4
      vertex 35.0782 10.1503 11.4
    endloop
  endfacet
  facet normal 0.595693 -0.803212 0
    outer loop
      vertex 35.1649 10.2146 11.4
      vertex 35.0782 10.1503 3.3
      vertex 35.1649 10.2146 3.3
    endloop
  endfacet
  facet normal 0.989229 0.146374 0
    outer loop
      vertex 34.6971 9.0854 11.4
      vertex 34.6813 9.19218 3.3
      vertex 34.6813 9.19218 11.4
    endloop
  endfacet
  facet normal 0.989229 0.146374 0
    outer loop
      vertex 34.6813 9.19218 3.3
      vertex 34.6971 9.0854 11.4
      vertex 34.6971 9.0854 3.3
    endloop
  endfacet
  facet normal 0.740862 -0.671658 0
    outer loop
      vertex 34.9257 9.99783 11.4
      vertex 34.9982 10.0778 3.3
      vertex 34.9982 10.0778 11.4
    endloop
  endfacet
  facet normal 0.740862 -0.671658 0
    outer loop
      vertex 34.9982 10.0778 3.3
      vertex 34.9257 9.99783 11.4
      vertex 34.9257 9.99783 3.3
    endloop
  endfacet
  facet normal 0.242928 0.970044 -0
    outer loop
      vertex 35.5614 8.22114 3.3
      vertex 35.4567 8.24736 11.4
      vertex 35.5614 8.22114 11.4
    endloop
  endfacet
  facet normal 0.242928 0.970044 0
    outer loop
      vertex 35.4567 8.24736 11.4
      vertex 35.5614 8.22114 3.3
      vertex 35.4567 8.24736 3.3
    endloop
  endfacet
  facet normal -0.427903 0.903825 0
    outer loop
      vertex 36.2945 8.32989 3.3
      vertex 36.197 8.28373 11.4
      vertex 36.2945 8.32989 11.4
    endloop
  endfacet
  facet normal -0.427903 0.903825 0
    outer loop
      vertex 36.197 8.28373 11.4
      vertex 36.2945 8.32989 3.3
      vertex 36.197 8.28373 3.3
    endloop
  endfacet
  facet normal 0.595752 0.803168 -0
    outer loop
      vertex 35.1649 8.38538 3.3
      vertex 35.0782 8.44969 11.4
      vertex 35.1649 8.38538 11.4
    endloop
  endfacet
  facet normal 0.595752 0.803168 0
    outer loop
      vertex 35.0782 8.44969 11.4
      vertex 35.1649 8.38538 3.3
      vertex 35.0782 8.44969 3.3
    endloop
  endfacet
  facet normal -0.14671 0.98918 0
    outer loop
      vertex 35.9906 8.22114 3.3
      vertex 35.8838 8.2053 11.4
      vertex 35.9906 8.22114 11.4
    endloop
  endfacet
  facet normal -0.14671 0.98918 0
    outer loop
      vertex 35.8838 8.2053 11.4
      vertex 35.9906 8.22114 3.3
      vertex 35.8838 8.2053 3.3
    endloop
  endfacet
  facet normal 0.146347 -0.989233 0
    outer loop
      vertex 35.5614 10.3789 3.3
      vertex 35.6682 10.3947 11.4
      vertex 35.5614 10.3789 11.4
    endloop
  endfacet
  facet normal 0.146347 -0.989233 0
    outer loop
      vertex 35.6682 10.3947 11.4
      vertex 35.5614 10.3789 3.3
      vertex 35.6682 10.3947 3.3
    endloop
  endfacet
  facet normal 0.989229 -0.146374 0
    outer loop
      vertex 34.6813 9.40782 11.4
      vertex 34.6971 9.5146 3.3
      vertex 34.6971 9.5146 11.4
    endloop
  endfacet
  facet normal 0.989229 -0.146374 0
    outer loop
      vertex 34.6971 9.5146 3.3
      vertex 34.6813 9.40782 11.4
      vertex 34.6813 9.40782 3.3
    endloop
  endfacet
  facet normal -0.903834 0.427883 0
    outer loop
      vertex 36.7461 8.78146 3.3
      vertex 36.7923 8.87905 11.4
      vertex 36.7923 8.87905 3.3
    endloop
  endfacet
  facet normal -0.903834 0.427883 0
    outer loop
      vertex 36.7923 8.87905 11.4
      vertex 36.7461 8.78146 3.3
      vertex 36.7461 8.78146 11.4
    endloop
  endfacet
  facet normal 0.671469 0.741033 -0
    outer loop
      vertex 35.0782 8.44969 3.3
      vertex 34.9982 8.52218 11.4
      vertex 35.0782 8.44969 11.4
    endloop
  endfacet
  facet normal 0.671469 0.741033 0
    outer loop
      vertex 34.9982 8.52218 11.4
      vertex 35.0782 8.44969 3.3
      vertex 34.9982 8.52218 3.3
    endloop
  endfacet
  facet normal -0.740862 -0.671658 0
    outer loop
      vertex 36.6263 9.99783 3.3
      vertex 36.5538 10.0778 11.4
      vertex 36.5538 10.0778 3.3
    endloop
  endfacet
  facet normal -0.740862 -0.671658 0
    outer loop
      vertex 36.5538 10.0778 11.4
      vertex 36.6263 9.99783 3.3
      vertex 36.6263 9.99783 11.4
    endloop
  endfacet
  facet normal 0.243625 -0.969869 0
    outer loop
      vertex 35.4567 10.3526 3.3
      vertex 35.5614 10.3789 11.4
      vertex 35.4567 10.3526 11.4
    endloop
  endfacet
  facet normal 0.243625 -0.969869 0
    outer loop
      vertex 35.5614 10.3789 11.4
      vertex 35.4567 10.3526 3.3
      vertex 35.5614 10.3789 3.3
    endloop
  endfacet
  facet normal -0.428206 -0.903681 0
    outer loop
      vertex 36.197 10.3163 3.3
      vertex 36.2945 10.2701 11.4
      vertex 36.197 10.3163 11.4
    endloop
  endfacet
  facet normal -0.428206 -0.903681 -0
    outer loop
      vertex 36.2945 10.2701 11.4
      vertex 36.197 10.3163 3.3
      vertex 36.2945 10.2701 3.3
    endloop
  endfacet
  facet normal -0.0491058 0.998794 0
    outer loop
      vertex 35.8838 8.2053 3.3
      vertex 35.776 8.2 11.4
      vertex 35.8838 8.2053 11.4
    endloop
  endfacet
  facet normal -0.0491058 0.998794 0
    outer loop
      vertex 35.776 8.2 11.4
      vertex 35.8838 8.2053 3.3
      vertex 35.776 8.2 3.3
    endloop
  endfacet
  facet normal 0.14671 0.98918 -0
    outer loop
      vertex 35.6682 8.2053 3.3
      vertex 35.5614 8.22114 11.4
      vertex 35.6682 8.2053 11.4
    endloop
  endfacet
  facet normal 0.14671 0.98918 0
    outer loop
      vertex 35.5614 8.22114 11.4
      vertex 35.6682 8.2053 3.3
      vertex 35.5614 8.22114 3.3
    endloop
  endfacet
  facet normal 0.903834 -0.427883 0
    outer loop
      vertex 34.7597 9.72095 11.4
      vertex 34.8059 9.81854 3.3
      vertex 34.8059 9.81854 11.4
    endloop
  endfacet
  facet normal 0.903834 -0.427883 0
    outer loop
      vertex 34.8059 9.81854 3.3
      vertex 34.7597 9.72095 11.4
      vertex 34.7597 9.72095 3.3
    endloop
  endfacet
  facet normal -0.803212 -0.595693 0
    outer loop
      vertex 36.6906 9.91113 3.3
      vertex 36.6263 9.99783 11.4
      vertex 36.6263 9.99783 3.3
    endloop
  endfacet
  facet normal -0.803212 -0.595693 0
    outer loop
      vertex 36.6263 9.99783 11.4
      vertex 36.6906 9.91113 3.3
      vertex 36.6906 9.91113 11.4
    endloop
  endfacet
  facet normal 0.803212 0.595693 0
    outer loop
      vertex 34.9257 8.60217 11.4
      vertex 34.8614 8.68887 3.3
      vertex 34.8614 8.68887 11.4
    endloop
  endfacet
  facet normal 0.803212 0.595693 0
    outer loop
      vertex 34.8614 8.68887 3.3
      vertex 34.9257 8.60217 11.4
      vertex 34.9257 8.60217 3.3
    endloop
  endfacet
  facet normal 0.740945 0.671566 0
    outer loop
      vertex 34.9982 8.52218 11.4
      vertex 34.9257 8.60217 3.3
      vertex 34.9257 8.60217 11.4
    endloop
  endfacet
  facet normal 0.740945 0.671566 0
    outer loop
      vertex 34.9257 8.60217 3.3
      vertex 34.9982 8.52218 11.4
      vertex 34.9982 8.52218 3.3
    endloop
  endfacet
  facet normal 0.336735 0.941599 -0
    outer loop
      vertex 35.4567 8.24736 3.3
      vertex 35.355 8.28373 11.4
      vertex 35.4567 8.24736 11.4
    endloop
  endfacet
  facet normal 0.336735 0.941599 0
    outer loop
      vertex 35.355 8.28373 11.4
      vertex 35.4567 8.24736 3.3
      vertex 35.355 8.28373 3.3
    endloop
  endfacet
  facet normal 0.998794 -0.0490967 0
    outer loop
      vertex 34.676 9.3 11.4
      vertex 34.6813 9.40782 3.3
      vertex 34.6813 9.40782 11.4
    endloop
  endfacet
  facet normal 0.998794 -0.0490967 0
    outer loop
      vertex 34.6813 9.40782 3.3
      vertex 34.676 9.3 11.4
      vertex 34.676 9.3 3.3
    endloop
  endfacet
  facet normal -0.336735 0.941599 0
    outer loop
      vertex 36.197 8.28373 3.3
      vertex 36.0953 8.24736 11.4
      vertex 36.197 8.28373 11.4
    endloop
  endfacet
  facet normal -0.336735 0.941599 0
    outer loop
      vertex 36.0953 8.24736 11.4
      vertex 36.197 8.28373 3.3
      vertex 36.0953 8.24736 3.3
    endloop
  endfacet
  facet normal -0.969875 0.243603 0
    outer loop
      vertex 36.8286 8.98069 3.3
      vertex 36.8549 9.0854 11.4
      vertex 36.8549 9.0854 3.3
    endloop
  endfacet
  facet normal -0.969875 0.243603 0
    outer loop
      vertex 36.8549 9.0854 11.4
      vertex 36.8286 8.98069 3.3
      vertex 36.8286 8.98069 11.4
    endloop
  endfacet
  facet normal -0.941742 0.336336 0
    outer loop
      vertex 36.7923 8.87905 3.3
      vertex 36.8286 8.98069 11.4
      vertex 36.8286 8.98069 3.3
    endloop
  endfacet
  facet normal -0.941742 0.336336 0
    outer loop
      vertex 36.8286 8.98069 11.4
      vertex 36.7923 8.87905 3.3
      vertex 36.7923 8.87905 11.4
    endloop
  endfacet
  facet normal -0.0491058 -0.998794 0
    outer loop
      vertex 35.776 10.4 3.3
      vertex 35.8838 10.3947 11.4
      vertex 35.776 10.4 11.4
    endloop
  endfacet
  facet normal -0.0491058 -0.998794 -0
    outer loop
      vertex 35.8838 10.3947 11.4
      vertex 35.776 10.4 3.3
      vertex 35.8838 10.3947 3.3
    endloop
  endfacet
  facet normal -0.514087 -0.857738 0
    outer loop
      vertex 36.2945 10.2701 3.3
      vertex 36.3871 10.2146 11.4
      vertex 36.2945 10.2701 11.4
    endloop
  endfacet
  facet normal -0.514087 -0.857738 -0
    outer loop
      vertex 36.3871 10.2146 11.4
      vertex 36.2945 10.2701 3.3
      vertex 36.3871 10.2146 3.3
    endloop
  endfacet
  facet normal -0.243625 -0.969869 0
    outer loop
      vertex 35.9906 10.3789 3.3
      vertex 36.0953 10.3526 11.4
      vertex 35.9906 10.3789 11.4
    endloop
  endfacet
  facet normal -0.243625 -0.969869 -0
    outer loop
      vertex 36.0953 10.3526 11.4
      vertex 35.9906 10.3789 3.3
      vertex 36.0953 10.3526 3.3
    endloop
  endfacet
  facet normal -0.941742 -0.336336 0
    outer loop
      vertex 36.8286 9.61931 3.3
      vertex 36.7923 9.72095 11.4
      vertex 36.7923 9.72095 3.3
    endloop
  endfacet
  facet normal -0.941742 -0.336336 0
    outer loop
      vertex 36.7923 9.72095 11.4
      vertex 36.8286 9.61931 3.3
      vertex 36.8286 9.61931 11.4
    endloop
  endfacet
  facet normal -0.595693 -0.803212 0
    outer loop
      vertex 36.3871 10.2146 3.3
      vertex 36.4738 10.1503 11.4
      vertex 36.3871 10.2146 11.4
    endloop
  endfacet
  facet normal -0.595693 -0.803212 -0
    outer loop
      vertex 36.4738 10.1503 11.4
      vertex 36.3871 10.2146 3.3
      vertex 36.4738 10.1503 3.3
    endloop
  endfacet
  facet normal -0.671469 0.741033 0
    outer loop
      vertex 36.5538 8.52218 3.3
      vertex 36.4738 8.44969 11.4
      vertex 36.5538 8.52218 11.4
    endloop
  endfacet
  facet normal -0.671469 0.741033 0
    outer loop
      vertex 36.4738 8.44969 11.4
      vertex 36.5538 8.52218 3.3
      vertex 36.4738 8.44969 3.3
    endloop
  endfacet
  facet normal 0.969875 0.243603 0
    outer loop
      vertex 34.7234 8.98069 11.4
      vertex 34.6971 9.0854 3.3
      vertex 34.6971 9.0854 11.4
    endloop
  endfacet
  facet normal 0.969875 0.243603 0
    outer loop
      vertex 34.6971 9.0854 3.3
      vertex 34.7234 8.98069 11.4
      vertex 34.7234 8.98069 3.3
    endloop
  endfacet
  facet normal -0.903834 -0.427883 0
    outer loop
      vertex 36.7923 9.72095 3.3
      vertex 36.7461 9.81854 11.4
      vertex 36.7461 9.81854 3.3
    endloop
  endfacet
  facet normal -0.903834 -0.427883 0
    outer loop
      vertex 36.7461 9.81854 11.4
      vertex 36.7923 9.72095 3.3
      vertex 36.7923 9.72095 11.4
    endloop
  endfacet
  facet normal -0.989229 0.146374 0
    outer loop
      vertex 36.8549 9.0854 3.3
      vertex 36.8707 9.19218 11.4
      vertex 36.8707 9.19218 3.3
    endloop
  endfacet
  facet normal -0.989229 0.146374 0
    outer loop
      vertex 36.8707 9.19218 11.4
      vertex 36.8549 9.0854 3.3
      vertex 36.8549 9.0854 11.4
    endloop
  endfacet
  facet normal -0.857714 -0.514128 0
    outer loop
      vertex 36.7461 9.81854 3.3
      vertex 36.6906 9.91113 11.4
      vertex 36.6906 9.91113 3.3
    endloop
  endfacet
  facet normal -0.857714 -0.514128 0
    outer loop
      vertex 36.6906 9.91113 11.4
      vertex 36.7461 9.81854 3.3
      vertex 36.7461 9.81854 11.4
    endloop
  endfacet
  facet normal 0.33616 -0.941805 0
    outer loop
      vertex 35.355 10.3163 3.3
      vertex 35.4567 10.3526 11.4
      vertex 35.355 10.3163 11.4
    endloop
  endfacet
  facet normal 0.33616 -0.941805 0
    outer loop
      vertex 35.4567 10.3526 11.4
      vertex 35.355 10.3163 3.3
      vertex 35.4567 10.3526 3.3
    endloop
  endfacet
  facet normal -0.857714 0.514128 0
    outer loop
      vertex 36.6906 8.68887 3.3
      vertex 36.7461 8.78146 11.4
      vertex 36.7461 8.78146 3.3
    endloop
  endfacet
  facet normal -0.857714 0.514128 0
    outer loop
      vertex 36.7461 8.78146 11.4
      vertex 36.6906 8.68887 3.3
      vertex 36.6906 8.68887 11.4
    endloop
  endfacet
  facet normal -0.671519 -0.740987 0
    outer loop
      vertex 36.4738 10.1503 3.3
      vertex 36.5538 10.0778 11.4
      vertex 36.4738 10.1503 11.4
    endloop
  endfacet
  facet normal -0.671519 -0.740987 -0
    outer loop
      vertex 36.5538 10.0778 11.4
      vertex 36.4738 10.1503 3.3
      vertex 36.5538 10.0778 3.3
    endloop
  endfacet
  facet normal 0.671519 -0.740987 0
    outer loop
      vertex 34.9982 10.0778 3.3
      vertex 35.0782 10.1503 11.4
      vertex 34.9982 10.0778 11.4
    endloop
  endfacet
  facet normal 0.671519 -0.740987 0
    outer loop
      vertex 35.0782 10.1503 11.4
      vertex 34.9982 10.0778 3.3
      vertex 35.0782 10.1503 3.3
    endloop
  endfacet
  facet normal 0.0491058 0.998794 -0
    outer loop
      vertex 35.776 8.2 3.3
      vertex 35.6682 8.2053 11.4
      vertex 35.776 8.2 11.4
    endloop
  endfacet
  facet normal 0.0491058 0.998794 0
    outer loop
      vertex 35.6682 8.2053 11.4
      vertex 35.776 8.2 3.3
      vertex 35.6682 8.2053 3.3
    endloop
  endfacet
  facet normal -0.595752 0.803168 0
    outer loop
      vertex 36.4738 8.44969 3.3
      vertex 36.3871 8.38538 11.4
      vertex 36.4738 8.44969 11.4
    endloop
  endfacet
  facet normal -0.595752 0.803168 0
    outer loop
      vertex 36.3871 8.38538 11.4
      vertex 36.4738 8.44969 3.3
      vertex 36.3871 8.38538 3.3
    endloop
  endfacet
  facet normal 0.857714 -0.514128 0
    outer loop
      vertex 34.8059 9.81854 11.4
      vertex 34.8614 9.91113 3.3
      vertex 34.8614 9.91113 11.4
    endloop
  endfacet
  facet normal 0.857714 -0.514128 0
    outer loop
      vertex 34.8614 9.91113 3.3
      vertex 34.8059 9.81854 11.4
      vertex 34.8059 9.81854 3.3
    endloop
  endfacet
  facet normal 0.903834 0.427883 0
    outer loop
      vertex 34.8059 8.78146 11.4
      vertex 34.7597 8.87905 3.3
      vertex 34.7597 8.87905 11.4
    endloop
  endfacet
  facet normal 0.903834 0.427883 0
    outer loop
      vertex 34.7597 8.87905 3.3
      vertex 34.8059 8.78146 11.4
      vertex 34.8059 8.78146 3.3
    endloop
  endfacet
  facet normal 0.998794 0.0490967 0
    outer loop
      vertex 34.6813 9.19218 11.4
      vertex 34.676 9.3 3.3
      vertex 34.676 9.3 11.4
    endloop
  endfacet
  facet normal 0.998794 0.0490967 0
    outer loop
      vertex 34.676 9.3 3.3
      vertex 34.6813 9.19218 11.4
      vertex 34.6813 9.19218 3.3
    endloop
  endfacet
  facet normal -0.514019 0.857779 0
    outer loop
      vertex 36.3871 8.38538 3.3
      vertex 36.2945 8.32989 11.4
      vertex 36.3871 8.38538 11.4
    endloop
  endfacet
  facet normal -0.514019 0.857779 0
    outer loop
      vertex 36.2945 8.32989 11.4
      vertex 36.3871 8.38538 3.3
      vertex 36.2945 8.32989 3.3
    endloop
  endfacet
  facet normal -0.803212 0.595693 0
    outer loop
      vertex 36.6263 8.60217 3.3
      vertex 36.6906 8.68887 11.4
      vertex 36.6906 8.68887 3.3
    endloop
  endfacet
  facet normal -0.803212 0.595693 0
    outer loop
      vertex 36.6906 8.68887 11.4
      vertex 36.6263 8.60217 3.3
      vertex 36.6263 8.60217 11.4
    endloop
  endfacet
  facet normal 0.857714 0.514128 0
    outer loop
      vertex 34.8614 8.68887 11.4
      vertex 34.8059 8.78146 3.3
      vertex 34.8059 8.78146 11.4
    endloop
  endfacet
  facet normal 0.857714 0.514128 0
    outer loop
      vertex 34.8059 8.78146 3.3
      vertex 34.8614 8.68887 11.4
      vertex 34.8614 8.68887 3.3
    endloop
  endfacet
  facet normal 0.941742 0.336336 0
    outer loop
      vertex 34.7597 8.87905 11.4
      vertex 34.7234 8.98069 3.3
      vertex 34.7234 8.98069 11.4
    endloop
  endfacet
  facet normal 0.941742 0.336336 0
    outer loop
      vertex 34.7234 8.98069 3.3
      vertex 34.7597 8.87905 11.4
      vertex 34.7597 8.87905 3.3
    endloop
  endfacet
  facet normal -0.740945 0.671566 0
    outer loop
      vertex 36.5538 8.52218 3.3
      vertex 36.6263 8.60217 11.4
      vertex 36.6263 8.60217 3.3
    endloop
  endfacet
  facet normal -0.740945 0.671566 0
    outer loop
      vertex 36.6263 8.60217 11.4
      vertex 36.5538 8.52218 3.3
      vertex 36.5538 8.52218 11.4
    endloop
  endfacet
  facet normal 0.514019 0.857779 -0
    outer loop
      vertex 35.2575 8.32989 3.3
      vertex 35.1649 8.38538 11.4
      vertex 35.2575 8.32989 11.4
    endloop
  endfacet
  facet normal 0.514019 0.857779 0
    outer loop
      vertex 35.1649 8.38538 11.4
      vertex 35.2575 8.32989 3.3
      vertex 35.1649 8.38538 3.3
    endloop
  endfacet
  facet normal 0.803212 -0.595693 0
    outer loop
      vertex 34.8614 9.91113 11.4
      vertex 34.9257 9.99783 3.3
      vertex 34.9257 9.99783 11.4
    endloop
  endfacet
  facet normal 0.803212 -0.595693 0
    outer loop
      vertex 34.9257 9.99783 3.3
      vertex 34.8614 9.91113 11.4
      vertex 34.8614 9.91113 3.3
    endloop
  endfacet
  facet normal 0.427903 0.903825 -0
    outer loop
      vertex 35.355 8.28373 3.3
      vertex 35.2575 8.32989 11.4
      vertex 35.355 8.28373 11.4
    endloop
  endfacet
  facet normal 0.427903 0.903825 0
    outer loop
      vertex 35.2575 8.32989 11.4
      vertex 35.355 8.28373 3.3
      vertex 35.2575 8.32989 3.3
    endloop
  endfacet
  facet normal 0.941742 -0.336336 0
    outer loop
      vertex 34.7234 9.61931 11.4
      vertex 34.7597 9.72095 3.3
      vertex 34.7597 9.72095 11.4
    endloop
  endfacet
  facet normal 0.941742 -0.336336 0
    outer loop
      vertex 34.7597 9.72095 3.3
      vertex 34.7234 9.61931 11.4
      vertex 34.7234 9.61931 3.3
    endloop
  endfacet
  facet normal -0.989229 -0.146374 0
    outer loop
      vertex 43.8147 9.40782 3.3
      vertex 43.7989 9.5146 11.4
      vertex 43.7989 9.5146 3.3
    endloop
  endfacet
  facet normal -0.989229 -0.146374 0
    outer loop
      vertex 43.7989 9.5146 11.4
      vertex 43.8147 9.40782 3.3
      vertex 43.8147 9.40782 11.4
    endloop
  endfacet
  facet normal -0.998794 -0.0490967 0
    outer loop
      vertex 43.82 9.3 3.3
      vertex 43.8147 9.40782 11.4
      vertex 43.8147 9.40782 3.3
    endloop
  endfacet
  facet normal -0.998794 -0.0490967 0
    outer loop
      vertex 43.8147 9.40782 11.4
      vertex 43.82 9.3 3.3
      vertex 43.82 9.3 11.4
    endloop
  endfacet
  facet normal -0.969875 -0.243603 0
    outer loop
      vertex 43.7989 9.5146 3.3
      vertex 43.7726 9.61931 11.4
      vertex 43.7726 9.61931 3.3
    endloop
  endfacet
  facet normal -0.969875 -0.243603 0
    outer loop
      vertex 43.7726 9.61931 11.4
      vertex 43.7989 9.5146 3.3
      vertex 43.7989 9.5146 11.4
    endloop
  endfacet
  facet normal -0.146347 -0.989233 0
    outer loop
      vertex 42.8278 10.3947 3.3
      vertex 42.9346 10.3789 11.4
      vertex 42.8278 10.3947 11.4
    endloop
  endfacet
  facet normal -0.146347 -0.989233 -0
    outer loop
      vertex 42.9346 10.3789 11.4
      vertex 42.8278 10.3947 3.3
      vertex 42.9346 10.3789 3.3
    endloop
  endfacet
  facet normal 0.903834 0.427883 0
    outer loop
      vertex 41.7499 8.78146 11.4
      vertex 41.7037 8.87905 3.3
      vertex 41.7037 8.87905 11.4
    endloop
  endfacet
  facet normal 0.903834 0.427883 0
    outer loop
      vertex 41.7037 8.87905 3.3
      vertex 41.7499 8.78146 11.4
      vertex 41.7499 8.78146 3.3
    endloop
  endfacet
  facet normal -0.857714 0.514128 0
    outer loop
      vertex 43.6346 8.68887 3.3
      vertex 43.6901 8.78146 11.4
      vertex 43.6901 8.78146 3.3
    endloop
  endfacet
  facet normal -0.857714 0.514128 0
    outer loop
      vertex 43.6901 8.78146 11.4
      vertex 43.6346 8.68887 3.3
      vertex 43.6346 8.68887 11.4
    endloop
  endfacet
  facet normal 0.857714 0.514128 0
    outer loop
      vertex 41.8054 8.68887 11.4
      vertex 41.7499 8.78146 3.3
      vertex 41.7499 8.78146 11.4
    endloop
  endfacet
  facet normal 0.857714 0.514128 0
    outer loop
      vertex 41.7499 8.78146 3.3
      vertex 41.8054 8.68887 11.4
      vertex 41.8054 8.68887 3.3
    endloop
  endfacet
  facet normal 0.514087 -0.857738 0
    outer loop
      vertex 42.1089 10.2146 3.3
      vertex 42.2015 10.2701 11.4
      vertex 42.1089 10.2146 11.4
    endloop
  endfacet
  facet normal 0.514087 -0.857738 0
    outer loop
      vertex 42.2015 10.2701 11.4
      vertex 42.1089 10.2146 3.3
      vertex 42.2015 10.2701 3.3
    endloop
  endfacet
  facet normal -0.336735 0.941599 0
    outer loop
      vertex 43.141 8.28373 3.3
      vertex 43.0393 8.24736 11.4
      vertex 43.141 8.28373 11.4
    endloop
  endfacet
  facet normal -0.336735 0.941599 0
    outer loop
      vertex 43.0393 8.24736 11.4
      vertex 43.141 8.28373 3.3
      vertex 43.0393 8.24736 3.3
    endloop
  endfacet
  facet normal 0.514019 0.857779 -0
    outer loop
      vertex 42.2015 8.32989 3.3
      vertex 42.1089 8.38538 11.4
      vertex 42.2015 8.32989 11.4
    endloop
  endfacet
  facet normal 0.514019 0.857779 0
    outer loop
      vertex 42.1089 8.38538 11.4
      vertex 42.2015 8.32989 3.3
      vertex 42.1089 8.38538 3.3
    endloop
  endfacet
  facet normal 0.857714 -0.514128 0
    outer loop
      vertex 41.7499 9.81854 11.4
      vertex 41.8054 9.91113 3.3
      vertex 41.8054 9.91113 11.4
    endloop
  endfacet
  facet normal 0.857714 -0.514128 0
    outer loop
      vertex 41.8054 9.91113 3.3
      vertex 41.7499 9.81854 11.4
      vertex 41.7499 9.81854 3.3
    endloop
  endfacet
  facet normal 0.671519 -0.740987 0
    outer loop
      vertex 41.9422 10.0778 3.3
      vertex 42.0222 10.1503 11.4
      vertex 41.9422 10.0778 11.4
    endloop
  endfacet
  facet normal 0.671519 -0.740987 0
    outer loop
      vertex 42.0222 10.1503 11.4
      vertex 41.9422 10.0778 3.3
      vertex 42.0222 10.1503 3.3
    endloop
  endfacet
  facet normal 0.941742 -0.336336 0
    outer loop
      vertex 41.6674 9.61931 11.4
      vertex 41.7037 9.72095 3.3
      vertex 41.7037 9.72095 11.4
    endloop
  endfacet
  facet normal 0.941742 -0.336336 0
    outer loop
      vertex 41.7037 9.72095 3.3
      vertex 41.6674 9.61931 11.4
      vertex 41.6674 9.61931 3.3
    endloop
  endfacet
  facet normal -0.740862 -0.671658 0
    outer loop
      vertex 43.5703 9.99783 3.3
      vertex 43.4978 10.0778 11.4
      vertex 43.4978 10.0778 3.3
    endloop
  endfacet
  facet normal -0.740862 -0.671658 0
    outer loop
      vertex 43.4978 10.0778 11.4
      vertex 43.5703 9.99783 3.3
      vertex 43.5703 9.99783 11.4
    endloop
  endfacet
  facet normal 0.803212 -0.595693 0
    outer loop
      vertex 41.8054 9.91113 11.4
      vertex 41.8697 9.99783 3.3
      vertex 41.8697 9.99783 11.4
    endloop
  endfacet
  facet normal 0.803212 -0.595693 0
    outer loop
      vertex 41.8697 9.99783 3.3
      vertex 41.8054 9.91113 11.4
      vertex 41.8054 9.91113 3.3
    endloop
  endfacet
  facet normal -0.514087 -0.857738 0
    outer loop
      vertex 43.2385 10.2701 3.3
      vertex 43.3311 10.2146 11.4
      vertex 43.2385 10.2701 11.4
    endloop
  endfacet
  facet normal -0.514087 -0.857738 -0
    outer loop
      vertex 43.3311 10.2146 11.4
      vertex 43.2385 10.2701 3.3
      vertex 43.3311 10.2146 3.3
    endloop
  endfacet
  facet normal -0.903834 0.427883 0
    outer loop
      vertex 43.6901 8.78146 3.3
      vertex 43.7363 8.87905 11.4
      vertex 43.7363 8.87905 3.3
    endloop
  endfacet
  facet normal -0.903834 0.427883 0
    outer loop
      vertex 43.7363 8.87905 11.4
      vertex 43.6901 8.78146 3.3
      vertex 43.6901 8.78146 11.4
    endloop
  endfacet
  facet normal 0.242928 0.970044 -0
    outer loop
      vertex 42.5054 8.22114 3.3
      vertex 42.4007 8.24736 11.4
      vertex 42.5054 8.22114 11.4
    endloop
  endfacet
  facet normal 0.242928 0.970044 0
    outer loop
      vertex 42.4007 8.24736 11.4
      vertex 42.5054 8.22114 3.3
      vertex 42.4007 8.24736 3.3
    endloop
  endfacet
  facet normal -0.242928 0.970044 0
    outer loop
      vertex 43.0393 8.24736 3.3
      vertex 42.9346 8.22114 11.4
      vertex 43.0393 8.24736 11.4
    endloop
  endfacet
  facet normal -0.242928 0.970044 0
    outer loop
      vertex 42.9346 8.22114 11.4
      vertex 43.0393 8.24736 3.3
      vertex 42.9346 8.22114 3.3
    endloop
  endfacet
  facet normal -0.989229 0.146374 0
    outer loop
      vertex 43.7989 9.0854 3.3
      vertex 43.8147 9.19218 11.4
      vertex 43.8147 9.19218 3.3
    endloop
  endfacet
  facet normal -0.989229 0.146374 0
    outer loop
      vertex 43.8147 9.19218 11.4
      vertex 43.7989 9.0854 3.3
      vertex 43.7989 9.0854 11.4
    endloop
  endfacet
  facet normal -0.671519 -0.740987 0
    outer loop
      vertex 43.4178 10.1503 3.3
      vertex 43.4978 10.0778 11.4
      vertex 43.4178 10.1503 11.4
    endloop
  endfacet
  facet normal -0.671519 -0.740987 -0
    outer loop
      vertex 43.4978 10.0778 11.4
      vertex 43.4178 10.1503 3.3
      vertex 43.4978 10.0778 3.3
    endloop
  endfacet
  facet normal 0.989229 -0.146374 0
    outer loop
      vertex 41.6253 9.40782 11.4
      vertex 41.6411 9.5146 3.3
      vertex 41.6411 9.5146 11.4
    endloop
  endfacet
  facet normal 0.989229 -0.146374 0
    outer loop
      vertex 41.6411 9.5146 3.3
      vertex 41.6253 9.40782 11.4
      vertex 41.6253 9.40782 3.3
    endloop
  endfacet
  facet normal -0.803212 -0.595693 0
    outer loop
      vertex 43.6346 9.91113 3.3
      vertex 43.5703 9.99783 11.4
      vertex 43.5703 9.99783 3.3
    endloop
  endfacet
  facet normal -0.803212 -0.595693 0
    outer loop
      vertex 43.5703 9.99783 11.4
      vertex 43.6346 9.91113 3.3
      vertex 43.6346 9.91113 11.4
    endloop
  endfacet
  facet normal 0.671469 0.741033 -0
    outer loop
      vertex 42.0222 8.44969 3.3
      vertex 41.9422 8.52218 11.4
      vertex 42.0222 8.44969 11.4
    endloop
  endfacet
  facet normal 0.671469 0.741033 0
    outer loop
      vertex 41.9422 8.52218 11.4
      vertex 42.0222 8.44969 3.3
      vertex 41.9422 8.52218 3.3
    endloop
  endfacet
  facet normal 0.740945 0.671566 0
    outer loop
      vertex 41.9422 8.52218 11.4
      vertex 41.8697 8.60217 3.3
      vertex 41.8697 8.60217 11.4
    endloop
  endfacet
  facet normal 0.740945 0.671566 0
    outer loop
      vertex 41.8697 8.60217 3.3
      vertex 41.9422 8.52218 11.4
      vertex 41.9422 8.52218 3.3
    endloop
  endfacet
  facet normal 0.428206 -0.903681 0
    outer loop
      vertex 42.2015 10.2701 3.3
      vertex 42.299 10.3163 11.4
      vertex 42.2015 10.2701 11.4
    endloop
  endfacet
  facet normal 0.428206 -0.903681 0
    outer loop
      vertex 42.299 10.3163 11.4
      vertex 42.2015 10.2701 3.3
      vertex 42.299 10.3163 3.3
    endloop
  endfacet
  facet normal -0.969875 0.243603 0
    outer loop
      vertex 43.7726 8.98069 3.3
      vertex 43.7989 9.0854 11.4
      vertex 43.7989 9.0854 3.3
    endloop
  endfacet
  facet normal -0.969875 0.243603 0
    outer loop
      vertex 43.7989 9.0854 11.4
      vertex 43.7726 8.98069 3.3
      vertex 43.7726 8.98069 11.4
    endloop
  endfacet
  facet normal -0.33616 -0.941805 0
    outer loop
      vertex 43.0393 10.3526 3.3
      vertex 43.141 10.3163 11.4
      vertex 43.0393 10.3526 11.4
    endloop
  endfacet
  facet normal -0.33616 -0.941805 -0
    outer loop
      vertex 43.141 10.3163 11.4
      vertex 43.0393 10.3526 3.3
      vertex 43.141 10.3163 3.3
    endloop
  endfacet
  facet normal 0.243625 -0.969869 0
    outer loop
      vertex 42.4007 10.3526 3.3
      vertex 42.5054 10.3789 11.4
      vertex 42.4007 10.3526 11.4
    endloop
  endfacet
  facet normal 0.243625 -0.969869 0
    outer loop
      vertex 42.5054 10.3789 11.4
      vertex 42.4007 10.3526 3.3
      vertex 42.5054 10.3789 3.3
    endloop
  endfacet
  facet normal 0.941742 0.336336 0
    outer loop
      vertex 41.7037 8.87905 11.4
      vertex 41.6674 8.98069 3.3
      vertex 41.6674 8.98069 11.4
    endloop
  endfacet
  facet normal 0.941742 0.336336 0
    outer loop
      vertex 41.6674 8.98069 3.3
      vertex 41.7037 8.87905 11.4
      vertex 41.7037 8.87905 3.3
    endloop
  endfacet
  facet normal 0.33616 -0.941805 0
    outer loop
      vertex 42.299 10.3163 3.3
      vertex 42.4007 10.3526 11.4
      vertex 42.299 10.3163 11.4
    endloop
  endfacet
  facet normal 0.33616 -0.941805 0
    outer loop
      vertex 42.4007 10.3526 11.4
      vertex 42.299 10.3163 3.3
      vertex 42.4007 10.3526 3.3
    endloop
  endfacet
  facet normal 0.595752 0.803168 -0
    outer loop
      vertex 42.1089 8.38538 3.3
      vertex 42.0222 8.44969 11.4
      vertex 42.1089 8.38538 11.4
    endloop
  endfacet
  facet normal 0.595752 0.803168 0
    outer loop
      vertex 42.0222 8.44969 11.4
      vertex 42.1089 8.38538 3.3
      vertex 42.0222 8.44969 3.3
    endloop
  endfacet
  facet normal -0.998794 0.0490967 0
    outer loop
      vertex 43.8147 9.19218 3.3
      vertex 43.82 9.3 11.4
      vertex 43.82 9.3 3.3
    endloop
  endfacet
  facet normal -0.998794 0.0490967 0
    outer loop
      vertex 43.82 9.3 11.4
      vertex 43.8147 9.19218 3.3
      vertex 43.8147 9.19218 11.4
    endloop
  endfacet
  facet normal -0.428206 -0.903681 0
    outer loop
      vertex 43.141 10.3163 3.3
      vertex 43.2385 10.2701 11.4
      vertex 43.141 10.3163 11.4
    endloop
  endfacet
  facet normal -0.428206 -0.903681 -0
    outer loop
      vertex 43.2385 10.2701 11.4
      vertex 43.141 10.3163 3.3
      vertex 43.2385 10.2701 3.3
    endloop
  endfacet
  facet normal -0.14671 0.98918 0
    outer loop
      vertex 42.9346 8.22114 3.3
      vertex 42.8278 8.2053 11.4
      vertex 42.9346 8.22114 11.4
    endloop
  endfacet
  facet normal -0.14671 0.98918 0
    outer loop
      vertex 42.8278 8.2053 11.4
      vertex 42.9346 8.22114 3.3
      vertex 42.8278 8.2053 3.3
    endloop
  endfacet
  facet normal -0.595752 0.803168 0
    outer loop
      vertex 43.4178 8.44969 3.3
      vertex 43.3311 8.38538 11.4
      vertex 43.4178 8.44969 11.4
    endloop
  endfacet
  facet normal -0.595752 0.803168 0
    outer loop
      vertex 43.3311 8.38538 11.4
      vertex 43.4178 8.44969 3.3
      vertex 43.3311 8.38538 3.3
    endloop
  endfacet
  facet normal -0.941742 -0.336336 0
    outer loop
      vertex 43.7726 9.61931 3.3
      vertex 43.7363 9.72095 11.4
      vertex 43.7363 9.72095 3.3
    endloop
  endfacet
  facet normal -0.941742 -0.336336 0
    outer loop
      vertex 43.7363 9.72095 11.4
      vertex 43.7726 9.61931 3.3
      vertex 43.7726 9.61931 11.4
    endloop
  endfacet
  facet normal -0.803212 0.595693 0
    outer loop
      vertex 43.5703 8.60217 3.3
      vertex 43.6346 8.68887 11.4
      vertex 43.6346 8.68887 3.3
    endloop
  endfacet
  facet normal -0.803212 0.595693 0
    outer loop
      vertex 43.6346 8.68887 11.4
      vertex 43.5703 8.60217 3.3
      vertex 43.5703 8.60217 11.4
    endloop
  endfacet
  facet normal -0.903834 -0.427883 0
    outer loop
      vertex 43.7363 9.72095 3.3
      vertex 43.6901 9.81854 11.4
      vertex 43.6901 9.81854 3.3
    endloop
  endfacet
  facet normal -0.903834 -0.427883 0
    outer loop
      vertex 43.6901 9.81854 11.4
      vertex 43.7363 9.72095 3.3
      vertex 43.7363 9.72095 11.4
    endloop
  endfacet
  facet normal -0.595693 -0.803212 0
    outer loop
      vertex 43.3311 10.2146 3.3
      vertex 43.4178 10.1503 11.4
      vertex 43.3311 10.2146 11.4
    endloop
  endfacet
  facet normal -0.595693 -0.803212 -0
    outer loop
      vertex 43.4178 10.1503 11.4
      vertex 43.3311 10.2146 3.3
      vertex 43.4178 10.1503 3.3
    endloop
  endfacet
  facet normal -0.427903 0.903825 0
    outer loop
      vertex 43.2385 8.32989 3.3
      vertex 43.141 8.28373 11.4
      vertex 43.2385 8.32989 11.4
    endloop
  endfacet
  facet normal -0.427903 0.903825 0
    outer loop
      vertex 43.141 8.28373 11.4
      vertex 43.2385 8.32989 3.3
      vertex 43.141 8.28373 3.3
    endloop
  endfacet
  facet normal 0.0491058 -0.998794 0
    outer loop
      vertex 42.6122 10.3947 3.3
      vertex 42.72 10.4 11.4
      vertex 42.6122 10.3947 11.4
    endloop
  endfacet
  facet normal 0.0491058 -0.998794 0
    outer loop
      vertex 42.72 10.4 11.4
      vertex 42.6122 10.3947 3.3
      vertex 42.72 10.4 3.3
    endloop
  endfacet
  facet normal 0.595693 -0.803212 0
    outer loop
      vertex 42.0222 10.1503 3.3
      vertex 42.1089 10.2146 11.4
      vertex 42.0222 10.1503 11.4
    endloop
  endfacet
  facet normal 0.595693 -0.803212 0
    outer loop
      vertex 42.1089 10.2146 11.4
      vertex 42.0222 10.1503 3.3
      vertex 42.1089 10.2146 3.3
    endloop
  endfacet
  facet normal 0.903834 -0.427883 0
    outer loop
      vertex 41.7037 9.72095 11.4
      vertex 41.7499 9.81854 3.3
      vertex 41.7499 9.81854 11.4
    endloop
  endfacet
  facet normal 0.903834 -0.427883 0
    outer loop
      vertex 41.7499 9.81854 3.3
      vertex 41.7037 9.72095 11.4
      vertex 41.7037 9.72095 3.3
    endloop
  endfacet
  facet normal -0.0491058 0.998794 0
    outer loop
      vertex 42.8278 8.2053 3.3
      vertex 42.72 8.2 11.4
      vertex 42.8278 8.2053 11.4
    endloop
  endfacet
  facet normal -0.0491058 0.998794 0
    outer loop
      vertex 42.72 8.2 11.4
      vertex 42.8278 8.2053 3.3
      vertex 42.72 8.2 3.3
    endloop
  endfacet
  facet normal 0.989229 0.146374 0
    outer loop
      vertex 41.6411 9.0854 11.4
      vertex 41.6253 9.19218 3.3
      vertex 41.6253 9.19218 11.4
    endloop
  endfacet
  facet normal 0.989229 0.146374 0
    outer loop
      vertex 41.6253 9.19218 3.3
      vertex 41.6411 9.0854 11.4
      vertex 41.6411 9.0854 3.3
    endloop
  endfacet
  facet normal -0.857714 -0.514128 0
    outer loop
      vertex 43.6901 9.81854 3.3
      vertex 43.6346 9.91113 11.4
      vertex 43.6346 9.91113 3.3
    endloop
  endfacet
  facet normal -0.857714 -0.514128 0
    outer loop
      vertex 43.6346 9.91113 11.4
      vertex 43.6901 9.81854 3.3
      vertex 43.6901 9.81854 11.4
    endloop
  endfacet
  facet normal -0.941742 0.336336 0
    outer loop
      vertex 43.7363 8.87905 3.3
      vertex 43.7726 8.98069 11.4
      vertex 43.7726 8.98069 3.3
    endloop
  endfacet
  facet normal -0.941742 0.336336 0
    outer loop
      vertex 43.7726 8.98069 11.4
      vertex 43.7363 8.87905 3.3
      vertex 43.7363 8.87905 11.4
    endloop
  endfacet
  facet normal 0.803212 0.595693 0
    outer loop
      vertex 41.8697 8.60217 11.4
      vertex 41.8054 8.68887 3.3
      vertex 41.8054 8.68887 11.4
    endloop
  endfacet
  facet normal 0.803212 0.595693 0
    outer loop
      vertex 41.8054 8.68887 3.3
      vertex 41.8697 8.60217 11.4
      vertex 41.8697 8.60217 3.3
    endloop
  endfacet
  facet normal -0.671469 0.741033 0
    outer loop
      vertex 43.4978 8.52218 3.3
      vertex 43.4178 8.44969 11.4
      vertex 43.4978 8.52218 11.4
    endloop
  endfacet
  facet normal -0.671469 0.741033 0
    outer loop
      vertex 43.4178 8.44969 11.4
      vertex 43.4978 8.52218 3.3
      vertex 43.4178 8.44969 3.3
    endloop
  endfacet
  facet normal 0.14671 0.98918 -0
    outer loop
      vertex 42.6122 8.2053 3.3
      vertex 42.5054 8.22114 11.4
      vertex 42.6122 8.2053 11.4
    endloop
  endfacet
  facet normal 0.14671 0.98918 0
    outer loop
      vertex 42.5054 8.22114 11.4
      vertex 42.6122 8.2053 3.3
      vertex 42.5054 8.22114 3.3
    endloop
  endfacet
  facet normal 0.0491058 0.998794 -0
    outer loop
      vertex 42.72 8.2 3.3
      vertex 42.6122 8.2053 11.4
      vertex 42.72 8.2 11.4
    endloop
  endfacet
  facet normal 0.0491058 0.998794 0
    outer loop
      vertex 42.6122 8.2053 11.4
      vertex 42.72 8.2 3.3
      vertex 42.6122 8.2053 3.3
    endloop
  endfacet
  facet normal 0.146347 -0.989233 0
    outer loop
      vertex 42.5054 10.3789 3.3
      vertex 42.6122 10.3947 11.4
      vertex 42.5054 10.3789 11.4
    endloop
  endfacet
  facet normal 0.146347 -0.989233 0
    outer loop
      vertex 42.6122 10.3947 11.4
      vertex 42.5054 10.3789 3.3
      vertex 42.6122 10.3947 3.3
    endloop
  endfacet
  facet normal 0.969875 -0.243603 0
    outer loop
      vertex 41.6411 9.5146 11.4
      vertex 41.6674 9.61931 3.3
      vertex 41.6674 9.61931 11.4
    endloop
  endfacet
  facet normal 0.969875 -0.243603 0
    outer loop
      vertex 41.6674 9.61931 3.3
      vertex 41.6411 9.5146 11.4
      vertex 41.6411 9.5146 3.3
    endloop
  endfacet
  facet normal -0.243625 -0.969869 0
    outer loop
      vertex 42.9346 10.3789 3.3
      vertex 43.0393 10.3526 11.4
      vertex 42.9346 10.3789 11.4
    endloop
  endfacet
  facet normal -0.243625 -0.969869 -0
    outer loop
      vertex 43.0393 10.3526 11.4
      vertex 42.9346 10.3789 3.3
      vertex 43.0393 10.3526 3.3
    endloop
  endfacet
  facet normal 0.969875 0.243603 0
    outer loop
      vertex 41.6674 8.98069 11.4
      vertex 41.6411 9.0854 3.3
      vertex 41.6411 9.0854 11.4
    endloop
  endfacet
  facet normal 0.969875 0.243603 0
    outer loop
      vertex 41.6411 9.0854 3.3
      vertex 41.6674 8.98069 11.4
      vertex 41.6674 8.98069 3.3
    endloop
  endfacet
  facet normal -0.514019 0.857779 0
    outer loop
      vertex 43.3311 8.38538 3.3
      vertex 43.2385 8.32989 11.4
      vertex 43.3311 8.38538 11.4
    endloop
  endfacet
  facet normal -0.514019 0.857779 0
    outer loop
      vertex 43.2385 8.32989 11.4
      vertex 43.3311 8.38538 3.3
      vertex 43.2385 8.32989 3.3
    endloop
  endfacet
  facet normal -0.0491058 -0.998794 0
    outer loop
      vertex 42.72 10.4 3.3
      vertex 42.8278 10.3947 11.4
      vertex 42.72 10.4 11.4
    endloop
  endfacet
  facet normal -0.0491058 -0.998794 -0
    outer loop
      vertex 42.8278 10.3947 11.4
      vertex 42.72 10.4 3.3
      vertex 42.8278 10.3947 3.3
    endloop
  endfacet
  facet normal 0.998794 0.0490967 0
    outer loop
      vertex 41.6253 9.19218 11.4
      vertex 41.62 9.3 3.3
      vertex 41.62 9.3 11.4
    endloop
  endfacet
  facet normal 0.998794 0.0490967 0
    outer loop
      vertex 41.62 9.3 3.3
      vertex 41.6253 9.19218 11.4
      vertex 41.6253 9.19218 3.3
    endloop
  endfacet
  facet normal -0.740945 0.671566 0
    outer loop
      vertex 43.4978 8.52218 3.3
      vertex 43.5703 8.60217 11.4
      vertex 43.5703 8.60217 3.3
    endloop
  endfacet
  facet normal -0.740945 0.671566 0
    outer loop
      vertex 43.5703 8.60217 11.4
      vertex 43.4978 8.52218 3.3
      vertex 43.4978 8.52218 11.4
    endloop
  endfacet
  facet normal 0.336735 0.941599 -0
    outer loop
      vertex 42.4007 8.24736 3.3
      vertex 42.299 8.28373 11.4
      vertex 42.4007 8.24736 11.4
    endloop
  endfacet
  facet normal 0.336735 0.941599 0
    outer loop
      vertex 42.299 8.28373 11.4
      vertex 42.4007 8.24736 3.3
      vertex 42.299 8.28373 3.3
    endloop
  endfacet
  facet normal 0.740862 -0.671658 0
    outer loop
      vertex 41.8697 9.99783 11.4
      vertex 41.9422 10.0778 3.3
      vertex 41.9422 10.0778 11.4
    endloop
  endfacet
  facet normal 0.740862 -0.671658 0
    outer loop
      vertex 41.9422 10.0778 3.3
      vertex 41.8697 9.99783 11.4
      vertex 41.8697 9.99783 3.3
    endloop
  endfacet
  facet normal 0.998794 -0.0490967 0
    outer loop
      vertex 41.62 9.3 11.4
      vertex 41.6253 9.40782 3.3
      vertex 41.6253 9.40782 11.4
    endloop
  endfacet
  facet normal 0.998794 -0.0490967 0
    outer loop
      vertex 41.6253 9.40782 3.3
      vertex 41.62 9.3 11.4
      vertex 41.62 9.3 3.3
    endloop
  endfacet
  facet normal 0.427903 0.903825 -0
    outer loop
      vertex 42.299 8.28373 3.3
      vertex 42.2015 8.32989 11.4
      vertex 42.299 8.28373 11.4
    endloop
  endfacet
  facet normal 0.427903 0.903825 0
    outer loop
      vertex 42.2015 8.32989 11.4
      vertex 42.299 8.28373 3.3
      vertex 42.2015 8.32989 3.3
    endloop
  endfacet
  facet normal 0.336735 0.941599 -0
    outer loop
      vertex 49.3447 8.24736 3.3
      vertex 49.243 8.28373 11.4
      vertex 49.3447 8.24736 11.4
    endloop
  endfacet
  facet normal 0.336735 0.941599 0
    outer loop
      vertex 49.243 8.28373 11.4
      vertex 49.3447 8.24736 3.3
      vertex 49.243 8.28373 3.3
    endloop
  endfacet
  facet normal -0.989229 -0.146374 0
    outer loop
      vertex 50.7587 9.40782 3.3
      vertex 50.7429 9.5146 11.4
      vertex 50.7429 9.5146 3.3
    endloop
  endfacet
  facet normal -0.989229 -0.146374 0
    outer loop
      vertex 50.7429 9.5146 11.4
      vertex 50.7587 9.40782 3.3
      vertex 50.7587 9.40782 11.4
    endloop
  endfacet
  facet normal -0.998794 -0.0490967 0
    outer loop
      vertex 50.764 9.3 3.3
      vertex 50.7587 9.40782 11.4
      vertex 50.7587 9.40782 3.3
    endloop
  endfacet
  facet normal -0.998794 -0.0490967 0
    outer loop
      vertex 50.7587 9.40782 11.4
      vertex 50.764 9.3 3.3
      vertex 50.764 9.3 11.4
    endloop
  endfacet
  facet normal -0.969875 -0.243603 0
    outer loop
      vertex 50.7429 9.5146 3.3
      vertex 50.7166 9.61931 11.4
      vertex 50.7166 9.61931 3.3
    endloop
  endfacet
  facet normal -0.969875 -0.243603 0
    outer loop
      vertex 50.7166 9.61931 11.4
      vertex 50.7429 9.5146 3.3
      vertex 50.7429 9.5146 11.4
    endloop
  endfacet
  facet normal 0.989229 -0.146374 0
    outer loop
      vertex 48.5693 9.40782 11.4
      vertex 48.5851 9.5146 3.3
      vertex 48.5851 9.5146 11.4
    endloop
  endfacet
  facet normal 0.989229 -0.146374 0
    outer loop
      vertex 48.5851 9.5146 3.3
      vertex 48.5693 9.40782 11.4
      vertex 48.5693 9.40782 3.3
    endloop
  endfacet
  facet normal 0.242928 0.970044 -0
    outer loop
      vertex 49.4494 8.22114 3.3
      vertex 49.3447 8.24736 11.4
      vertex 49.4494 8.22114 11.4
    endloop
  endfacet
  facet normal 0.242928 0.970044 0
    outer loop
      vertex 49.3447 8.24736 11.4
      vertex 49.4494 8.22114 3.3
      vertex 49.3447 8.24736 3.3
    endloop
  endfacet
  facet normal -0.33616 -0.941805 0
    outer loop
      vertex 49.9833 10.3526 3.3
      vertex 50.085 10.3163 11.4
      vertex 49.9833 10.3526 11.4
    endloop
  endfacet
  facet normal -0.33616 -0.941805 -0
    outer loop
      vertex 50.085 10.3163 11.4
      vertex 49.9833 10.3526 3.3
      vertex 50.085 10.3163 3.3
    endloop
  endfacet
  facet normal 0.514087 -0.857738 0
    outer loop
      vertex 49.0529 10.2146 3.3
      vertex 49.1455 10.2701 11.4
      vertex 49.0529 10.2146 11.4
    endloop
  endfacet
  facet normal 0.514087 -0.857738 0
    outer loop
      vertex 49.1455 10.2701 11.4
      vertex 49.0529 10.2146 3.3
      vertex 49.1455 10.2701 3.3
    endloop
  endfacet
  facet normal 0.903834 0.427883 0
    outer loop
      vertex 48.6939 8.78146 11.4
      vertex 48.6477 8.87905 3.3
      vertex 48.6477 8.87905 11.4
    endloop
  endfacet
  facet normal 0.903834 0.427883 0
    outer loop
      vertex 48.6477 8.87905 3.3
      vertex 48.6939 8.78146 11.4
      vertex 48.6939 8.78146 3.3
    endloop
  endfacet
  facet normal 0.243625 -0.969869 0
    outer loop
      vertex 49.3447 10.3526 3.3
      vertex 49.4494 10.3789 11.4
      vertex 49.3447 10.3526 11.4
    endloop
  endfacet
  facet normal 0.243625 -0.969869 0
    outer loop
      vertex 49.4494 10.3789 11.4
      vertex 49.3447 10.3526 3.3
      vertex 49.4494 10.3789 3.3
    endloop
  endfacet
  facet normal 0.857714 0.514128 0
    outer loop
      vertex 48.7494 8.68887 11.4
      vertex 48.6939 8.78146 3.3
      vertex 48.6939 8.78146 11.4
    endloop
  endfacet
  facet normal 0.857714 0.514128 0
    outer loop
      vertex 48.6939 8.78146 3.3
      vertex 48.7494 8.68887 11.4
      vertex 48.7494 8.68887 3.3
    endloop
  endfacet
  facet normal -0.242928 0.970044 0
    outer loop
      vertex 49.9833 8.24736 3.3
      vertex 49.8786 8.22114 11.4
      vertex 49.9833 8.24736 11.4
    endloop
  endfacet
  facet normal -0.242928 0.970044 0
    outer loop
      vertex 49.8786 8.22114 11.4
      vertex 49.9833 8.24736 3.3
      vertex 49.8786 8.22114 3.3
    endloop
  endfacet
  facet normal 0.595752 0.803168 -0
    outer loop
      vertex 49.0529 8.38538 3.3
      vertex 48.9662 8.44969 11.4
      vertex 49.0529 8.38538 11.4
    endloop
  endfacet
  facet normal 0.595752 0.803168 0
    outer loop
      vertex 48.9662 8.44969 11.4
      vertex 49.0529 8.38538 3.3
      vertex 48.9662 8.44969 3.3
    endloop
  endfacet
  facet normal -0.514019 0.857779 0
    outer loop
      vertex 50.2751 8.38538 3.3
      vertex 50.1825 8.32989 11.4
      vertex 50.2751 8.38538 11.4
    endloop
  endfacet
  facet normal -0.514019 0.857779 0
    outer loop
      vertex 50.1825 8.32989 11.4
      vertex 50.2751 8.38538 3.3
      vertex 50.1825 8.32989 3.3
    endloop
  endfacet
  facet normal -0.803212 0.595693 0
    outer loop
      vertex 50.5143 8.60217 3.3
      vertex 50.5786 8.68887 11.4
      vertex 50.5786 8.68887 3.3
    endloop
  endfacet
  facet normal -0.803212 0.595693 0
    outer loop
      vertex 50.5786 8.68887 11.4
      vertex 50.5143 8.60217 3.3
      vertex 50.5143 8.60217 11.4
    endloop
  endfacet
  facet normal -0.146347 -0.989233 0
    outer loop
      vertex 49.7718 10.3947 3.3
      vertex 49.8786 10.3789 11.4
      vertex 49.7718 10.3947 11.4
    endloop
  endfacet
  facet normal -0.146347 -0.989233 -0
    outer loop
      vertex 49.8786 10.3789 11.4
      vertex 49.7718 10.3947 3.3
      vertex 49.8786 10.3789 3.3
    endloop
  endfacet
  facet normal 0.595693 -0.803212 0
    outer loop
      vertex 48.9662 10.1503 3.3
      vertex 49.0529 10.2146 11.4
      vertex 48.9662 10.1503 11.4
    endloop
  endfacet
  facet normal 0.595693 -0.803212 0
    outer loop
      vertex 49.0529 10.2146 11.4
      vertex 48.9662 10.1503 3.3
      vertex 49.0529 10.2146 3.3
    endloop
  endfacet
  facet normal -0.427903 0.903825 0
    outer loop
      vertex 50.1825 8.32989 3.3
      vertex 50.085 8.28373 11.4
      vertex 50.1825 8.32989 11.4
    endloop
  endfacet
  facet normal -0.427903 0.903825 0
    outer loop
      vertex 50.085 8.28373 11.4
      vertex 50.1825 8.32989 3.3
      vertex 50.085 8.28373 3.3
    endloop
  endfacet
  facet normal 0.803212 -0.595693 0
    outer loop
      vertex 48.7494 9.91113 11.4
      vertex 48.8137 9.99783 3.3
      vertex 48.8137 9.99783 11.4
    endloop
  endfacet
  facet normal 0.803212 -0.595693 0
    outer loop
      vertex 48.8137 9.99783 3.3
      vertex 48.7494 9.91113 11.4
      vertex 48.7494 9.91113 3.3
    endloop
  endfacet
  facet normal -0.989229 0.146374 0
    outer loop
      vertex 50.7429 9.0854 3.3
      vertex 50.7587 9.19218 11.4
      vertex 50.7587 9.19218 3.3
    endloop
  endfacet
  facet normal -0.989229 0.146374 0
    outer loop
      vertex 50.7587 9.19218 11.4
      vertex 50.7429 9.0854 3.3
      vertex 50.7429 9.0854 11.4
    endloop
  endfacet
  facet normal 0.941742 -0.336336 0
    outer loop
      vertex 48.6114 9.61931 11.4
      vertex 48.6477 9.72095 3.3
      vertex 48.6477 9.72095 11.4
    endloop
  endfacet
  facet normal 0.941742 -0.336336 0
    outer loop
      vertex 48.6477 9.72095 3.3
      vertex 48.6114 9.61931 11.4
      vertex 48.6114 9.61931 3.3
    endloop
  endfacet
  facet normal -0.428206 -0.903681 0
    outer loop
      vertex 50.085 10.3163 3.3
      vertex 50.1825 10.2701 11.4
      vertex 50.085 10.3163 11.4
    endloop
  endfacet
  facet normal -0.428206 -0.903681 -0
    outer loop
      vertex 50.1825 10.2701 11.4
      vertex 50.085 10.3163 3.3
      vertex 50.1825 10.2701 3.3
    endloop
  endfacet
  facet normal 0.941742 0.336336 0
    outer loop
      vertex 48.6477 8.87905 11.4
      vertex 48.6114 8.98069 3.3
      vertex 48.6114 8.98069 11.4
    endloop
  endfacet
  facet normal 0.941742 0.336336 0
    outer loop
      vertex 48.6114 8.98069 3.3
      vertex 48.6477 8.87905 11.4
      vertex 48.6477 8.87905 3.3
    endloop
  endfacet
  facet normal -0.969875 0.243603 0
    outer loop
      vertex 50.7166 8.98069 3.3
      vertex 50.7429 9.0854 11.4
      vertex 50.7429 9.0854 3.3
    endloop
  endfacet
  facet normal -0.969875 0.243603 0
    outer loop
      vertex 50.7429 9.0854 11.4
      vertex 50.7166 8.98069 3.3
      vertex 50.7166 8.98069 11.4
    endloop
  endfacet
  facet normal 0.0491058 -0.998794 0
    outer loop
      vertex 49.5562 10.3947 3.3
      vertex 49.664 10.4 11.4
      vertex 49.5562 10.3947 11.4
    endloop
  endfacet
  facet normal 0.0491058 -0.998794 0
    outer loop
      vertex 49.664 10.4 11.4
      vertex 49.5562 10.3947 3.3
      vertex 49.664 10.4 3.3
    endloop
  endfacet
  facet normal 0.428206 -0.903681 0
    outer loop
      vertex 49.1455 10.2701 3.3
      vertex 49.243 10.3163 11.4
      vertex 49.1455 10.2701 11.4
    endloop
  endfacet
  facet normal 0.428206 -0.903681 0
    outer loop
      vertex 49.243 10.3163 11.4
      vertex 49.1455 10.2701 3.3
      vertex 49.243 10.3163 3.3
    endloop
  endfacet
  facet normal 0.671519 -0.740987 0
    outer loop
      vertex 48.8862 10.0778 3.3
      vertex 48.9662 10.1503 11.4
      vertex 48.8862 10.0778 11.4
    endloop
  endfacet
  facet normal 0.671519 -0.740987 0
    outer loop
      vertex 48.9662 10.1503 11.4
      vertex 48.8862 10.0778 3.3
      vertex 48.9662 10.1503 3.3
    endloop
  endfacet
  facet normal -0.336735 0.941599 0
    outer loop
      vertex 50.085 8.28373 3.3
      vertex 49.9833 8.24736 11.4
      vertex 50.085 8.28373 11.4
    endloop
  endfacet
  facet normal -0.336735 0.941599 0
    outer loop
      vertex 49.9833 8.24736 11.4
      vertex 50.085 8.28373 3.3
      vertex 49.9833 8.24736 3.3
    endloop
  endfacet
  facet normal 0.33616 -0.941805 0
    outer loop
      vertex 49.243 10.3163 3.3
      vertex 49.3447 10.3526 11.4
      vertex 49.243 10.3163 11.4
    endloop
  endfacet
  facet normal 0.33616 -0.941805 0
    outer loop
      vertex 49.3447 10.3526 11.4
      vertex 49.243 10.3163 3.3
      vertex 49.3447 10.3526 3.3
    endloop
  endfacet
  facet normal -0.803212 -0.595693 0
    outer loop
      vertex 50.5786 9.91113 3.3
      vertex 50.5143 9.99783 11.4
      vertex 50.5143 9.99783 3.3
    endloop
  endfacet
  facet normal -0.803212 -0.595693 0
    outer loop
      vertex 50.5143 9.99783 11.4
      vertex 50.5786 9.91113 3.3
      vertex 50.5786 9.91113 11.4
    endloop
  endfacet
  facet normal 0.857714 -0.514128 0
    outer loop
      vertex 48.6939 9.81854 11.4
      vertex 48.7494 9.91113 3.3
      vertex 48.7494 9.91113 11.4
    endloop
  endfacet
  facet normal 0.857714 -0.514128 0
    outer loop
      vertex 48.7494 9.91113 3.3
      vertex 48.6939 9.81854 11.4
      vertex 48.6939 9.81854 3.3
    endloop
  endfacet
  facet normal -0.998794 0.0490967 0
    outer loop
      vertex 50.7587 9.19218 3.3
      vertex 50.764 9.3 11.4
      vertex 50.764 9.3 3.3
    endloop
  endfacet
  facet normal -0.998794 0.0490967 0
    outer loop
      vertex 50.764 9.3 11.4
      vertex 50.7587 9.19218 3.3
      vertex 50.7587 9.19218 11.4
    endloop
  endfacet
  facet normal -0.903834 0.427883 0
    outer loop
      vertex 50.6341 8.78146 3.3
      vertex 50.6803 8.87905 11.4
      vertex 50.6803 8.87905 3.3
    endloop
  endfacet
  facet normal -0.903834 0.427883 0
    outer loop
      vertex 50.6803 8.87905 11.4
      vertex 50.6341 8.78146 3.3
      vertex 50.6341 8.78146 11.4
    endloop
  endfacet
  facet normal -0.857714 -0.514128 0
    outer loop
      vertex 50.6341 9.81854 3.3
      vertex 50.5786 9.91113 11.4
      vertex 50.5786 9.91113 3.3
    endloop
  endfacet
  facet normal -0.857714 -0.514128 0
    outer loop
      vertex 50.5786 9.91113 11.4
      vertex 50.6341 9.81854 3.3
      vertex 50.6341 9.81854 11.4
    endloop
  endfacet
  facet normal -0.595693 -0.803212 0
    outer loop
      vertex 50.2751 10.2146 3.3
      vertex 50.3618 10.1503 11.4
      vertex 50.2751 10.2146 11.4
    endloop
  endfacet
  facet normal -0.595693 -0.803212 -0
    outer loop
      vertex 50.3618 10.1503 11.4
      vertex 50.2751 10.2146 3.3
      vertex 50.3618 10.1503 3.3
    endloop
  endfacet
  facet normal 0.514019 0.857779 -0
    outer loop
      vertex 49.1455 8.32989 3.3
      vertex 49.0529 8.38538 11.4
      vertex 49.1455 8.32989 11.4
    endloop
  endfacet
  facet normal 0.514019 0.857779 0
    outer loop
      vertex 49.0529 8.38538 11.4
      vertex 49.1455 8.32989 3.3
      vertex 49.0529 8.38538 3.3
    endloop
  endfacet
  facet normal -0.514087 -0.857738 0
    outer loop
      vertex 50.1825 10.2701 3.3
      vertex 50.2751 10.2146 11.4
      vertex 50.1825 10.2701 11.4
    endloop
  endfacet
  facet normal -0.514087 -0.857738 -0
    outer loop
      vertex 50.2751 10.2146 11.4
      vertex 50.1825 10.2701 3.3
      vertex 50.2751 10.2146 3.3
    endloop
  endfacet
  facet normal -0.14671 0.98918 0
    outer loop
      vertex 49.8786 8.22114 3.3
      vertex 49.7718 8.2053 11.4
      vertex 49.8786 8.22114 11.4
    endloop
  endfacet
  facet normal -0.14671 0.98918 0
    outer loop
      vertex 49.7718 8.2053 11.4
      vertex 49.8786 8.22114 3.3
      vertex 49.7718 8.2053 3.3
    endloop
  endfacet
  facet normal -0.941742 -0.336336 0
    outer loop
      vertex 50.7166 9.61931 3.3
      vertex 50.6803 9.72095 11.4
      vertex 50.6803 9.72095 3.3
    endloop
  endfacet
  facet normal -0.941742 -0.336336 0
    outer loop
      vertex 50.6803 9.72095 11.4
      vertex 50.7166 9.61931 3.3
      vertex 50.7166 9.61931 11.4
    endloop
  endfacet
  facet normal -0.857714 0.514128 0
    outer loop
      vertex 50.5786 8.68887 3.3
      vertex 50.6341 8.78146 11.4
      vertex 50.6341 8.78146 3.3
    endloop
  endfacet
  facet normal -0.857714 0.514128 0
    outer loop
      vertex 50.6341 8.78146 11.4
      vertex 50.5786 8.68887 3.3
      vertex 50.5786 8.68887 11.4
    endloop
  endfacet
  facet normal 0.998794 0.0490967 0
    outer loop
      vertex 48.5693 9.19218 11.4
      vertex 48.564 9.3 3.3
      vertex 48.564 9.3 11.4
    endloop
  endfacet
  facet normal 0.998794 0.0490967 0
    outer loop
      vertex 48.564 9.3 3.3
      vertex 48.5693 9.19218 11.4
      vertex 48.5693 9.19218 3.3
    endloop
  endfacet
  facet normal -0.941742 0.336336 0
    outer loop
      vertex 50.6803 8.87905 3.3
      vertex 50.7166 8.98069 11.4
      vertex 50.7166 8.98069 3.3
    endloop
  endfacet
  facet normal -0.941742 0.336336 0
    outer loop
      vertex 50.7166 8.98069 11.4
      vertex 50.6803 8.87905 3.3
      vertex 50.6803 8.87905 11.4
    endloop
  endfacet
  facet normal 0.146347 -0.989233 0
    outer loop
      vertex 49.4494 10.3789 3.3
      vertex 49.5562 10.3947 11.4
      vertex 49.4494 10.3789 11.4
    endloop
  endfacet
  facet normal 0.146347 -0.989233 0
    outer loop
      vertex 49.5562 10.3947 11.4
      vertex 49.4494 10.3789 3.3
      vertex 49.5562 10.3947 3.3
    endloop
  endfacet
  facet normal -0.740862 -0.671658 0
    outer loop
      vertex 50.5143 9.99783 3.3
      vertex 50.4418 10.0778 11.4
      vertex 50.4418 10.0778 3.3
    endloop
  endfacet
  facet normal -0.740862 -0.671658 0
    outer loop
      vertex 50.4418 10.0778 11.4
      vertex 50.5143 9.99783 3.3
      vertex 50.5143 9.99783 11.4
    endloop
  endfacet
  facet normal -0.0491058 -0.998794 0
    outer loop
      vertex 49.664 10.4 3.3
      vertex 49.7718 10.3947 11.4
      vertex 49.664 10.4 11.4
    endloop
  endfacet
  facet normal -0.0491058 -0.998794 -0
    outer loop
      vertex 49.7718 10.3947 11.4
      vertex 49.664 10.4 3.3
      vertex 49.7718 10.3947 3.3
    endloop
  endfacet
  facet normal -0.903834 -0.427883 0
    outer loop
      vertex 50.6803 9.72095 3.3
      vertex 50.6341 9.81854 11.4
      vertex 50.6341 9.81854 3.3
    endloop
  endfacet
  facet normal -0.903834 -0.427883 0
    outer loop
      vertex 50.6341 9.81854 11.4
      vertex 50.6803 9.72095 3.3
      vertex 50.6803 9.72095 11.4
    endloop
  endfacet
  facet normal 0.14671 0.98918 -0
    outer loop
      vertex 49.5562 8.2053 3.3
      vertex 49.4494 8.22114 11.4
      vertex 49.5562 8.2053 11.4
    endloop
  endfacet
  facet normal 0.14671 0.98918 0
    outer loop
      vertex 49.4494 8.22114 11.4
      vertex 49.5562 8.2053 3.3
      vertex 49.4494 8.22114 3.3
    endloop
  endfacet
  facet normal -0.671469 0.741033 0
    outer loop
      vertex 50.4418 8.52218 3.3
      vertex 50.3618 8.44969 11.4
      vertex 50.4418 8.52218 11.4
    endloop
  endfacet
  facet normal -0.671469 0.741033 0
    outer loop
      vertex 50.3618 8.44969 11.4
      vertex 50.4418 8.52218 3.3
      vertex 50.3618 8.44969 3.3
    endloop
  endfacet
  facet normal 0.0491058 0.998794 -0
    outer loop
      vertex 49.664 8.2 3.3
      vertex 49.5562 8.2053 11.4
      vertex 49.664 8.2 11.4
    endloop
  endfacet
  facet normal 0.0491058 0.998794 0
    outer loop
      vertex 49.5562 8.2053 11.4
      vertex 49.664 8.2 3.3
      vertex 49.5562 8.2053 3.3
    endloop
  endfacet
  facet normal 0.740862 -0.671658 0
    outer loop
      vertex 48.8137 9.99783 11.4
      vertex 48.8862 10.0778 3.3
      vertex 48.8862 10.0778 11.4
    endloop
  endfacet
  facet normal 0.740862 -0.671658 0
    outer loop
      vertex 48.8862 10.0778 3.3
      vertex 48.8137 9.99783 11.4
      vertex 48.8137 9.99783 3.3
    endloop
  endfacet
  facet normal -0.671519 -0.740987 0
    outer loop
      vertex 50.3618 10.1503 3.3
      vertex 50.4418 10.0778 11.4
      vertex 50.3618 10.1503 11.4
    endloop
  endfacet
  facet normal -0.671519 -0.740987 -0
    outer loop
      vertex 50.4418 10.0778 11.4
      vertex 50.3618 10.1503 3.3
      vertex 50.4418 10.0778 3.3
    endloop
  endfacet
  facet normal 0.903834 -0.427883 0
    outer loop
      vertex 48.6477 9.72095 11.4
      vertex 48.6939 9.81854 3.3
      vertex 48.6939 9.81854 11.4
    endloop
  endfacet
  facet normal 0.903834 -0.427883 0
    outer loop
      vertex 48.6939 9.81854 3.3
      vertex 48.6477 9.72095 11.4
      vertex 48.6477 9.72095 3.3
    endloop
  endfacet
  facet normal 0.671469 0.741033 -0
    outer loop
      vertex 48.9662 8.44969 3.3
      vertex 48.8862 8.52218 11.4
      vertex 48.9662 8.44969 11.4
    endloop
  endfacet
  facet normal 0.671469 0.741033 0
    outer loop
      vertex 48.8862 8.52218 11.4
      vertex 48.9662 8.44969 3.3
      vertex 48.8862 8.52218 3.3
    endloop
  endfacet
  facet normal 0.969875 -0.243603 0
    outer loop
      vertex 48.5851 9.5146 11.4
      vertex 48.6114 9.61931 3.3
      vertex 48.6114 9.61931 11.4
    endloop
  endfacet
  facet normal 0.969875 -0.243603 0
    outer loop
      vertex 48.6114 9.61931 3.3
      vertex 48.5851 9.5146 11.4
      vertex 48.5851 9.5146 3.3
    endloop
  endfacet
  facet normal -0.243625 -0.969869 0
    outer loop
      vertex 49.8786 10.3789 3.3
      vertex 49.9833 10.3526 11.4
      vertex 49.8786 10.3789 11.4
    endloop
  endfacet
  facet normal -0.243625 -0.969869 -0
    outer loop
      vertex 49.9833 10.3526 11.4
      vertex 49.8786 10.3789 3.3
      vertex 49.9833 10.3526 3.3
    endloop
  endfacet
  facet normal 0.969875 0.243603 0
    outer loop
      vertex 48.6114 8.98069 11.4
      vertex 48.5851 9.0854 3.3
      vertex 48.5851 9.0854 11.4
    endloop
  endfacet
  facet normal 0.969875 0.243603 0
    outer loop
      vertex 48.5851 9.0854 3.3
      vertex 48.6114 8.98069 11.4
      vertex 48.6114 8.98069 3.3
    endloop
  endfacet
  facet normal 0.427903 0.903825 -0
    outer loop
      vertex 49.243 8.28373 3.3
      vertex 49.1455 8.32989 11.4
      vertex 49.243 8.28373 11.4
    endloop
  endfacet
  facet normal 0.427903 0.903825 0
    outer loop
      vertex 49.1455 8.32989 11.4
      vertex 49.243 8.28373 3.3
      vertex 49.1455 8.32989 3.3
    endloop
  endfacet
  facet normal 0.740945 0.671566 0
    outer loop
      vertex 48.8862 8.52218 11.4
      vertex 48.8137 8.60217 3.3
      vertex 48.8137 8.60217 11.4
    endloop
  endfacet
  facet normal 0.740945 0.671566 0
    outer loop
      vertex 48.8137 8.60217 3.3
      vertex 48.8862 8.52218 11.4
      vertex 48.8862 8.52218 3.3
    endloop
  endfacet
  facet normal -0.0491058 0.998794 0
    outer loop
      vertex 49.7718 8.2053 3.3
      vertex 49.664 8.2 11.4
      vertex 49.7718 8.2053 11.4
    endloop
  endfacet
  facet normal -0.0491058 0.998794 0
    outer loop
      vertex 49.664 8.2 11.4
      vertex 49.7718 8.2053 3.3
      vertex 49.664 8.2 3.3
    endloop
  endfacet
  facet normal 0.989229 0.146374 0
    outer loop
      vertex 48.5851 9.0854 11.4
      vertex 48.5693 9.19218 3.3
      vertex 48.5693 9.19218 11.4
    endloop
  endfacet
  facet normal 0.989229 0.146374 0
    outer loop
      vertex 48.5693 9.19218 3.3
      vertex 48.5851 9.0854 11.4
      vertex 48.5851 9.0854 3.3
    endloop
  endfacet
  facet normal -0.595752 0.803168 0
    outer loop
      vertex 50.3618 8.44969 3.3
      vertex 50.2751 8.38538 11.4
      vertex 50.3618 8.44969 11.4
    endloop
  endfacet
  facet normal -0.595752 0.803168 0
    outer loop
      vertex 50.2751 8.38538 11.4
      vertex 50.3618 8.44969 3.3
      vertex 50.2751 8.38538 3.3
    endloop
  endfacet
  facet normal 0.803212 0.595693 0
    outer loop
      vertex 48.8137 8.60217 11.4
      vertex 48.7494 8.68887 3.3
      vertex 48.7494 8.68887 11.4
    endloop
  endfacet
  facet normal 0.803212 0.595693 0
    outer loop
      vertex 48.7494 8.68887 3.3
      vertex 48.8137 8.60217 11.4
      vertex 48.8137 8.60217 3.3
    endloop
  endfacet
  facet normal 0.998794 -0.0490967 0
    outer loop
      vertex 48.564 9.3 11.4
      vertex 48.5693 9.40782 3.3
      vertex 48.5693 9.40782 11.4
    endloop
  endfacet
  facet normal 0.998794 -0.0490967 0
    outer loop
      vertex 48.5693 9.40782 3.3
      vertex 48.564 9.3 11.4
      vertex 48.564 9.3 3.3
    endloop
  endfacet
  facet normal -0.740945 0.671566 0
    outer loop
      vertex 50.4418 8.52218 3.3
      vertex 50.5143 8.60217 11.4
      vertex 50.5143 8.60217 3.3
    endloop
  endfacet
  facet normal -0.740945 0.671566 0
    outer loop
      vertex 50.5143 8.60217 11.4
      vertex 50.4418 8.52218 3.3
      vertex 50.4418 8.52218 11.4
    endloop
  endfacet
  facet normal -0.989229 -0.146374 0
    outer loop
      vertex 57.7027 9.40782 3.3
      vertex 57.6869 9.5146 11.4
      vertex 57.6869 9.5146 3.3
    endloop
  endfacet
  facet normal -0.989229 -0.146374 0
    outer loop
      vertex 57.6869 9.5146 11.4
      vertex 57.7027 9.40782 3.3
      vertex 57.7027 9.40782 11.4
    endloop
  endfacet
  facet normal -0.998794 -0.0490967 0
    outer loop
      vertex 57.708 9.3 3.3
      vertex 57.7027 9.40782 11.4
      vertex 57.7027 9.40782 3.3
    endloop
  endfacet
  facet normal -0.998794 -0.0490967 0
    outer loop
      vertex 57.7027 9.40782 11.4
      vertex 57.708 9.3 3.3
      vertex 57.708 9.3 11.4
    endloop
  endfacet
  facet normal -0.969875 -0.243603 0
    outer loop
      vertex 57.6869 9.5146 3.3
      vertex 57.6606 9.61931 11.4
      vertex 57.6606 9.61931 3.3
    endloop
  endfacet
  facet normal -0.969875 -0.243603 0
    outer loop
      vertex 57.6606 9.61931 11.4
      vertex 57.6869 9.5146 3.3
      vertex 57.6869 9.5146 11.4
    endloop
  endfacet
  facet normal 0.243625 -0.969869 0
    outer loop
      vertex 56.2887 10.3526 3.3
      vertex 56.3934 10.3789 11.4
      vertex 56.2887 10.3526 11.4
    endloop
  endfacet
  facet normal 0.243625 -0.969869 0
    outer loop
      vertex 56.3934 10.3789 11.4
      vertex 56.2887 10.3526 3.3
      vertex 56.3934 10.3789 3.3
    endloop
  endfacet
  facet normal 0.146347 -0.989233 0
    outer loop
      vertex 56.3934 10.3789 3.3
      vertex 56.5002 10.3947 11.4
      vertex 56.3934 10.3789 11.4
    endloop
  endfacet
  facet normal 0.146347 -0.989233 0
    outer loop
      vertex 56.5002 10.3947 11.4
      vertex 56.3934 10.3789 3.3
      vertex 56.5002 10.3947 3.3
    endloop
  endfacet
  facet normal 0.989229 0.146374 0
    outer loop
      vertex 55.5291 9.0854 11.4
      vertex 55.5133 9.19218 3.3
      vertex 55.5133 9.19218 11.4
    endloop
  endfacet
  facet normal 0.989229 0.146374 0
    outer loop
      vertex 55.5133 9.19218 3.3
      vertex 55.5291 9.0854 11.4
      vertex 55.5291 9.0854 3.3
    endloop
  endfacet
  facet normal 0.969875 -0.243603 0
    outer loop
      vertex 55.5291 9.5146 11.4
      vertex 55.5554 9.61931 3.3
      vertex 55.5554 9.61931 11.4
    endloop
  endfacet
  facet normal 0.969875 -0.243603 0
    outer loop
      vertex 55.5554 9.61931 3.3
      vertex 55.5291 9.5146 11.4
      vertex 55.5291 9.5146 3.3
    endloop
  endfacet
  facet normal -0.33616 -0.941805 0
    outer loop
      vertex 56.9273 10.3526 3.3
      vertex 57.029 10.3163 11.4
      vertex 56.9273 10.3526 11.4
    endloop
  endfacet
  facet normal -0.33616 -0.941805 -0
    outer loop
      vertex 57.029 10.3163 11.4
      vertex 56.9273 10.3526 3.3
      vertex 57.029 10.3163 3.3
    endloop
  endfacet
  facet normal -0.998794 0.0490967 0
    outer loop
      vertex 57.7027 9.19218 3.3
      vertex 57.708 9.3 11.4
      vertex 57.708 9.3 3.3
    endloop
  endfacet
  facet normal -0.998794 0.0490967 0
    outer loop
      vertex 57.708 9.3 11.4
      vertex 57.7027 9.19218 3.3
      vertex 57.7027 9.19218 11.4
    endloop
  endfacet
  facet normal -0.242928 0.970044 0
    outer loop
      vertex 56.9273 8.24736 3.3
      vertex 56.8226 8.22114 11.4
      vertex 56.9273 8.24736 11.4
    endloop
  endfacet
  facet normal -0.242928 0.970044 0
    outer loop
      vertex 56.8226 8.22114 11.4
      vertex 56.9273 8.24736 3.3
      vertex 56.8226 8.22114 3.3
    endloop
  endfacet
  facet normal 0.969875 0.243603 0
    outer loop
      vertex 55.5554 8.98069 11.4
      vertex 55.5291 9.0854 3.3
      vertex 55.5291 9.0854 11.4
    endloop
  endfacet
  facet normal 0.969875 0.243603 0
    outer loop
      vertex 55.5291 9.0854 3.3
      vertex 55.5554 8.98069 11.4
      vertex 55.5554 8.98069 3.3
    endloop
  endfacet
  facet normal 0.0491058 -0.998794 0
    outer loop
      vertex 56.5002 10.3947 3.3
      vertex 56.608 10.4 11.4
      vertex 56.5002 10.3947 11.4
    endloop
  endfacet
  facet normal 0.0491058 -0.998794 0
    outer loop
      vertex 56.608 10.4 11.4
      vertex 56.5002 10.3947 3.3
      vertex 56.608 10.4 3.3
    endloop
  endfacet
  facet normal 0.595752 0.803168 -0
    outer loop
      vertex 55.9969 8.38538 3.3
      vertex 55.9102 8.44969 11.4
      vertex 55.9969 8.38538 11.4
    endloop
  endfacet
  facet normal 0.595752 0.803168 0
    outer loop
      vertex 55.9102 8.44969 11.4
      vertex 55.9969 8.38538 3.3
      vertex 55.9102 8.44969 3.3
    endloop
  endfacet
  facet normal -0.740862 -0.671658 0
    outer loop
      vertex 57.4583 9.99783 3.3
      vertex 57.3858 10.0778 11.4
      vertex 57.3858 10.0778 3.3
    endloop
  endfacet
  facet normal -0.740862 -0.671658 0
    outer loop
      vertex 57.3858 10.0778 11.4
      vertex 57.4583 9.99783 3.3
      vertex 57.4583 9.99783 11.4
    endloop
  endfacet
  facet normal 0.0491058 0.998794 -0
    outer loop
      vertex 56.608 8.2 3.3
      vertex 56.5002 8.2053 11.4
      vertex 56.608 8.2 11.4
    endloop
  endfacet
  facet normal 0.0491058 0.998794 0
    outer loop
      vertex 56.5002 8.2053 11.4
      vertex 56.608 8.2 3.3
      vertex 56.5002 8.2053 3.3
    endloop
  endfacet
  facet normal -0.427903 0.903825 0
    outer loop
      vertex 57.1265 8.32989 3.3
      vertex 57.029 8.28373 11.4
      vertex 57.1265 8.32989 11.4
    endloop
  endfacet
  facet normal -0.427903 0.903825 0
    outer loop
      vertex 57.029 8.28373 11.4
      vertex 57.1265 8.32989 3.3
      vertex 57.029 8.28373 3.3
    endloop
  endfacet
  facet normal -0.14671 0.98918 0
    outer loop
      vertex 56.8226 8.22114 3.3
      vertex 56.7158 8.2053 11.4
      vertex 56.8226 8.22114 11.4
    endloop
  endfacet
  facet normal -0.14671 0.98918 0
    outer loop
      vertex 56.7158 8.2053 11.4
      vertex 56.8226 8.22114 3.3
      vertex 56.7158 8.2053 3.3
    endloop
  endfacet
  facet normal -0.0491058 -0.998794 0
    outer loop
      vertex 56.608 10.4 3.3
      vertex 56.7158 10.3947 11.4
      vertex 56.608 10.4 11.4
    endloop
  endfacet
  facet normal -0.0491058 -0.998794 -0
    outer loop
      vertex 56.7158 10.3947 11.4
      vertex 56.608 10.4 3.3
      vertex 56.7158 10.3947 3.3
    endloop
  endfacet
  facet normal -0.903834 0.427883 0
    outer loop
      vertex 57.5781 8.78146 3.3
      vertex 57.6243 8.87905 11.4
      vertex 57.6243 8.87905 3.3
    endloop
  endfacet
  facet normal -0.903834 0.427883 0
    outer loop
      vertex 57.6243 8.87905 11.4
      vertex 57.5781 8.78146 3.3
      vertex 57.5781 8.78146 11.4
    endloop
  endfacet
  facet normal -0.671469 0.741033 0
    outer loop
      vertex 57.3858 8.52218 3.3
      vertex 57.3058 8.44969 11.4
      vertex 57.3858 8.52218 11.4
    endloop
  endfacet
  facet normal -0.671469 0.741033 0
    outer loop
      vertex 57.3058 8.44969 11.4
      vertex 57.3858 8.52218 3.3
      vertex 57.3058 8.44969 3.3
    endloop
  endfacet
  facet normal 0.33616 -0.941805 0
    outer loop
      vertex 56.187 10.3163 3.3
      vertex 56.2887 10.3526 11.4
      vertex 56.187 10.3163 11.4
    endloop
  endfacet
  facet normal 0.33616 -0.941805 0
    outer loop
      vertex 56.2887 10.3526 11.4
      vertex 56.187 10.3163 3.3
      vertex 56.2887 10.3526 3.3
    endloop
  endfacet
  facet normal -0.428206 -0.903681 0
    outer loop
      vertex 57.029 10.3163 3.3
      vertex 57.1265 10.2701 11.4
      vertex 57.029 10.3163 11.4
    endloop
  endfacet
  facet normal -0.428206 -0.903681 -0
    outer loop
      vertex 57.1265 10.2701 11.4
      vertex 57.029 10.3163 3.3
      vertex 57.1265 10.2701 3.3
    endloop
  endfacet
  facet normal -0.803212 -0.595693 0
    outer loop
      vertex 57.5226 9.91113 3.3
      vertex 57.4583 9.99783 11.4
      vertex 57.4583 9.99783 3.3
    endloop
  endfacet
  facet normal -0.803212 -0.595693 0
    outer loop
      vertex 57.4583 9.99783 11.4
      vertex 57.5226 9.91113 3.3
      vertex 57.5226 9.91113 11.4
    endloop
  endfacet
  facet normal 0.514087 -0.857738 0
    outer loop
      vertex 55.9969 10.2146 3.3
      vertex 56.0895 10.2701 11.4
      vertex 55.9969 10.2146 11.4
    endloop
  endfacet
  facet normal 0.514087 -0.857738 0
    outer loop
      vertex 56.0895 10.2701 11.4
      vertex 55.9969 10.2146 3.3
      vertex 56.0895 10.2701 3.3
    endloop
  endfacet
  facet normal 0.941742 -0.336336 0
    outer loop
      vertex 55.5554 9.61931 11.4
      vertex 55.5917 9.72095 3.3
      vertex 55.5917 9.72095 11.4
    endloop
  endfacet
  facet normal 0.941742 -0.336336 0
    outer loop
      vertex 55.5917 9.72095 3.3
      vertex 55.5554 9.61931 11.4
      vertex 55.5554 9.61931 3.3
    endloop
  endfacet
  facet normal 0.740945 0.671566 0
    outer loop
      vertex 55.8302 8.52218 11.4
      vertex 55.7577 8.60217 3.3
      vertex 55.7577 8.60217 11.4
    endloop
  endfacet
  facet normal 0.740945 0.671566 0
    outer loop
      vertex 55.7577 8.60217 3.3
      vertex 55.8302 8.52218 11.4
      vertex 55.8302 8.52218 3.3
    endloop
  endfacet
  facet normal 0.803212 -0.595693 0
    outer loop
      vertex 55.6934 9.91113 11.4
      vertex 55.7577 9.99783 3.3
      vertex 55.7577 9.99783 11.4
    endloop
  endfacet
  facet normal 0.803212 -0.595693 0
    outer loop
      vertex 55.7577 9.99783 3.3
      vertex 55.6934 9.91113 11.4
      vertex 55.6934 9.91113 3.3
    endloop
  endfacet
  facet normal 0.595693 -0.803212 0
    outer loop
      vertex 55.9102 10.1503 3.3
      vertex 55.9969 10.2146 11.4
      vertex 55.9102 10.1503 11.4
    endloop
  endfacet
  facet normal 0.595693 -0.803212 0
    outer loop
      vertex 55.9969 10.2146 11.4
      vertex 55.9102 10.1503 3.3
      vertex 55.9969 10.2146 3.3
    endloop
  endfacet
  facet normal -0.336735 0.941599 0
    outer loop
      vertex 57.029 8.28373 3.3
      vertex 56.9273 8.24736 11.4
      vertex 57.029 8.28373 11.4
    endloop
  endfacet
  facet normal -0.336735 0.941599 0
    outer loop
      vertex 56.9273 8.24736 11.4
      vertex 57.029 8.28373 3.3
      vertex 56.9273 8.24736 3.3
    endloop
  endfacet
  facet normal 0.903834 -0.427883 0
    outer loop
      vertex 55.5917 9.72095 11.4
      vertex 55.6379 9.81854 3.3
      vertex 55.6379 9.81854 11.4
    endloop
  endfacet
  facet normal 0.903834 -0.427883 0
    outer loop
      vertex 55.6379 9.81854 3.3
      vertex 55.5917 9.72095 11.4
      vertex 55.5917 9.72095 3.3
    endloop
  endfacet
  facet normal -0.803212 0.595693 0
    outer loop
      vertex 57.4583 8.60217 3.3
      vertex 57.5226 8.68887 11.4
      vertex 57.5226 8.68887 3.3
    endloop
  endfacet
  facet normal -0.803212 0.595693 0
    outer loop
      vertex 57.5226 8.68887 11.4
      vertex 57.4583 8.60217 3.3
      vertex 57.4583 8.60217 11.4
    endloop
  endfacet
  facet normal -0.969875 0.243603 0
    outer loop
      vertex 57.6606 8.98069 3.3
      vertex 57.6869 9.0854 11.4
      vertex 57.6869 9.0854 3.3
    endloop
  endfacet
  facet normal -0.969875 0.243603 0
    outer loop
      vertex 57.6869 9.0854 11.4
      vertex 57.6606 8.98069 3.3
      vertex 57.6606 8.98069 11.4
    endloop
  endfacet
  facet normal -0.941742 0.336336 0
    outer loop
      vertex 57.6243 8.87905 3.3
      vertex 57.6606 8.98069 11.4
      vertex 57.6606 8.98069 3.3
    endloop
  endfacet
  facet normal -0.941742 0.336336 0
    outer loop
      vertex 57.6606 8.98069 11.4
      vertex 57.6243 8.87905 3.3
      vertex 57.6243 8.87905 11.4
    endloop
  endfacet
  facet normal -0.514087 -0.857738 0
    outer loop
      vertex 57.1265 10.2701 3.3
      vertex 57.2191 10.2146 11.4
      vertex 57.1265 10.2701 11.4
    endloop
  endfacet
  facet normal -0.514087 -0.857738 -0
    outer loop
      vertex 57.2191 10.2146 11.4
      vertex 57.1265 10.2701 3.3
      vertex 57.2191 10.2146 3.3
    endloop
  endfacet
  facet normal -0.243625 -0.969869 0
    outer loop
      vertex 56.8226 10.3789 3.3
      vertex 56.9273 10.3526 11.4
      vertex 56.8226 10.3789 11.4
    endloop
  endfacet
  facet normal -0.243625 -0.969869 -0
    outer loop
      vertex 56.9273 10.3526 11.4
      vertex 56.8226 10.3789 3.3
      vertex 56.9273 10.3526 3.3
    endloop
  endfacet
  facet normal -0.941742 -0.336336 0
    outer loop
      vertex 57.6606 9.61931 3.3
      vertex 57.6243 9.72095 11.4
      vertex 57.6243 9.72095 3.3
    endloop
  endfacet
  facet normal -0.941742 -0.336336 0
    outer loop
      vertex 57.6243 9.72095 11.4
      vertex 57.6606 9.61931 3.3
      vertex 57.6606 9.61931 11.4
    endloop
  endfacet
  facet normal 0.428206 -0.903681 0
    outer loop
      vertex 56.0895 10.2701 3.3
      vertex 56.187 10.3163 11.4
      vertex 56.0895 10.2701 11.4
    endloop
  endfacet
  facet normal 0.428206 -0.903681 0
    outer loop
      vertex 56.187 10.3163 11.4
      vertex 56.0895 10.2701 3.3
      vertex 56.187 10.3163 3.3
    endloop
  endfacet
  facet normal -0.595693 -0.803212 0
    outer loop
      vertex 57.2191 10.2146 3.3
      vertex 57.3058 10.1503 11.4
      vertex 57.2191 10.2146 11.4
    endloop
  endfacet
  facet normal -0.595693 -0.803212 -0
    outer loop
      vertex 57.3058 10.1503 11.4
      vertex 57.2191 10.2146 3.3
      vertex 57.3058 10.1503 3.3
    endloop
  endfacet
  facet normal 0.857714 0.514128 0
    outer loop
      vertex 55.6934 8.68887 11.4
      vertex 55.6379 8.78146 3.3
      vertex 55.6379 8.78146 11.4
    endloop
  endfacet
  facet normal 0.857714 0.514128 0
    outer loop
      vertex 55.6379 8.78146 3.3
      vertex 55.6934 8.68887 11.4
      vertex 55.6934 8.68887 3.3
    endloop
  endfacet
  facet normal -0.903834 -0.427883 0
    outer loop
      vertex 57.6243 9.72095 3.3
      vertex 57.5781 9.81854 11.4
      vertex 57.5781 9.81854 3.3
    endloop
  endfacet
  facet normal -0.903834 -0.427883 0
    outer loop
      vertex 57.5781 9.81854 11.4
      vertex 57.6243 9.72095 3.3
      vertex 57.6243 9.72095 11.4
    endloop
  endfacet
  facet normal -0.989229 0.146374 0
    outer loop
      vertex 57.6869 9.0854 3.3
      vertex 57.7027 9.19218 11.4
      vertex 57.7027 9.19218 3.3
    endloop
  endfacet
  facet normal -0.989229 0.146374 0
    outer loop
      vertex 57.7027 9.19218 11.4
      vertex 57.6869 9.0854 3.3
      vertex 57.6869 9.0854 11.4
    endloop
  endfacet
  facet normal 0.803212 0.595693 0
    outer loop
      vertex 55.7577 8.60217 11.4
      vertex 55.6934 8.68887 3.3
      vertex 55.6934 8.68887 11.4
    endloop
  endfacet
  facet normal 0.803212 0.595693 0
    outer loop
      vertex 55.6934 8.68887 3.3
      vertex 55.7577 8.60217 11.4
      vertex 55.7577 8.60217 3.3
    endloop
  endfacet
  facet normal -0.857714 -0.514128 0
    outer loop
      vertex 57.5781 9.81854 3.3
      vertex 57.5226 9.91113 11.4
      vertex 57.5226 9.91113 3.3
    endloop
  endfacet
  facet normal -0.857714 -0.514128 0
    outer loop
      vertex 57.5226 9.91113 11.4
      vertex 57.5781 9.81854 3.3
      vertex 57.5781 9.81854 11.4
    endloop
  endfacet
  facet normal 0.671519 -0.740987 0
    outer loop
      vertex 55.8302 10.0778 3.3
      vertex 55.9102 10.1503 11.4
      vertex 55.8302 10.0778 11.4
    endloop
  endfacet
  facet normal 0.671519 -0.740987 0
    outer loop
      vertex 55.9102 10.1503 11.4
      vertex 55.8302 10.0778 3.3
      vertex 55.9102 10.1503 3.3
    endloop
  endfacet
  facet normal -0.671519 -0.740987 0
    outer loop
      vertex 57.3058 10.1503 3.3
      vertex 57.3858 10.0778 11.4
      vertex 57.3058 10.1503 11.4
    endloop
  endfacet
  facet normal -0.671519 -0.740987 -0
    outer loop
      vertex 57.3858 10.0778 11.4
      vertex 57.3058 10.1503 3.3
      vertex 57.3858 10.0778 3.3
    endloop
  endfacet
  facet normal -0.146347 -0.989233 0
    outer loop
      vertex 56.7158 10.3947 3.3
      vertex 56.8226 10.3789 11.4
      vertex 56.7158 10.3947 11.4
    endloop
  endfacet
  facet normal -0.146347 -0.989233 -0
    outer loop
      vertex 56.8226 10.3789 11.4
      vertex 56.7158 10.3947 3.3
      vertex 56.8226 10.3789 3.3
    endloop
  endfacet
  facet normal -0.857714 0.514128 0
    outer loop
      vertex 57.5226 8.68887 3.3
      vertex 57.5781 8.78146 11.4
      vertex 57.5781 8.78146 3.3
    endloop
  endfacet
  facet normal -0.857714 0.514128 0
    outer loop
      vertex 57.5781 8.78146 11.4
      vertex 57.5226 8.68887 3.3
      vertex 57.5226 8.68887 11.4
    endloop
  endfacet
  facet normal 0.998794 -0.0490967 0
    outer loop
      vertex 55.508 9.3 11.4
      vertex 55.5133 9.40782 3.3
      vertex 55.5133 9.40782 11.4
    endloop
  endfacet
  facet normal 0.998794 -0.0490967 0
    outer loop
      vertex 55.5133 9.40782 3.3
      vertex 55.508 9.3 11.4
      vertex 55.508 9.3 3.3
    endloop
  endfacet
  facet normal 0.242928 0.970044 -0
    outer loop
      vertex 56.3934 8.22114 3.3
      vertex 56.2887 8.24736 11.4
      vertex 56.3934 8.22114 11.4
    endloop
  endfacet
  facet normal 0.242928 0.970044 0
    outer loop
      vertex 56.2887 8.24736 11.4
      vertex 56.3934 8.22114 3.3
      vertex 56.2887 8.24736 3.3
    endloop
  endfacet
  facet normal 0.740862 -0.671658 0
    outer loop
      vertex 55.7577 9.99783 11.4
      vertex 55.8302 10.0778 3.3
      vertex 55.8302 10.0778 11.4
    endloop
  endfacet
  facet normal 0.740862 -0.671658 0
    outer loop
      vertex 55.8302 10.0778 3.3
      vertex 55.7577 9.99783 11.4
      vertex 55.7577 9.99783 3.3
    endloop
  endfacet
  facet normal 0.857714 -0.514128 0
    outer loop
      vertex 55.6379 9.81854 11.4
      vertex 55.6934 9.91113 3.3
      vertex 55.6934 9.91113 11.4
    endloop
  endfacet
  facet normal 0.857714 -0.514128 0
    outer loop
      vertex 55.6934 9.91113 3.3
      vertex 55.6379 9.81854 11.4
      vertex 55.6379 9.81854 3.3
    endloop
  endfacet
  facet normal 0.941742 0.336336 0
    outer loop
      vertex 55.5917 8.87905 11.4
      vertex 55.5554 8.98069 3.3
      vertex 55.5554 8.98069 11.4
    endloop
  endfacet
  facet normal 0.941742 0.336336 0
    outer loop
      vertex 55.5554 8.98069 3.3
      vertex 55.5917 8.87905 11.4
      vertex 55.5917 8.87905 3.3
    endloop
  endfacet
  facet normal 0.998794 0.0490967 0
    outer loop
      vertex 55.5133 9.19218 11.4
      vertex 55.508 9.3 3.3
      vertex 55.508 9.3 11.4
    endloop
  endfacet
  facet normal 0.998794 0.0490967 0
    outer loop
      vertex 55.508 9.3 3.3
      vertex 55.5133 9.19218 11.4
      vertex 55.5133 9.19218 3.3
    endloop
  endfacet
  facet normal 0.514019 0.857779 -0
    outer loop
      vertex 56.0895 8.32989 3.3
      vertex 55.9969 8.38538 11.4
      vertex 56.0895 8.32989 11.4
    endloop
  endfacet
  facet normal 0.514019 0.857779 0
    outer loop
      vertex 55.9969 8.38538 11.4
      vertex 56.0895 8.32989 3.3
      vertex 55.9969 8.38538 3.3
    endloop
  endfacet
  facet normal -0.0491058 0.998794 0
    outer loop
      vertex 56.7158 8.2053 3.3
      vertex 56.608 8.2 11.4
      vertex 56.7158 8.2053 11.4
    endloop
  endfacet
  facet normal -0.0491058 0.998794 0
    outer loop
      vertex 56.608 8.2 11.4
      vertex 56.7158 8.2053 3.3
      vertex 56.608 8.2 3.3
    endloop
  endfacet
  facet normal 0.671469 0.741033 -0
    outer loop
      vertex 55.9102 8.44969 3.3
      vertex 55.8302 8.52218 11.4
      vertex 55.9102 8.44969 11.4
    endloop
  endfacet
  facet normal 0.671469 0.741033 0
    outer loop
      vertex 55.8302 8.52218 11.4
      vertex 55.9102 8.44969 3.3
      vertex 55.8302 8.52218 3.3
    endloop
  endfacet
  facet normal -0.595752 0.803168 0
    outer loop
      vertex 57.3058 8.44969 3.3
      vertex 57.2191 8.38538 11.4
      vertex 57.3058 8.44969 11.4
    endloop
  endfacet
  facet normal -0.595752 0.803168 0
    outer loop
      vertex 57.2191 8.38538 11.4
      vertex 57.3058 8.44969 3.3
      vertex 57.2191 8.38538 3.3
    endloop
  endfacet
  facet normal -0.514019 0.857779 0
    outer loop
      vertex 57.2191 8.38538 3.3
      vertex 57.1265 8.32989 11.4
      vertex 57.2191 8.38538 11.4
    endloop
  endfacet
  facet normal -0.514019 0.857779 0
    outer loop
      vertex 57.1265 8.32989 11.4
      vertex 57.2191 8.38538 3.3
      vertex 57.1265 8.32989 3.3
    endloop
  endfacet
  facet normal 0.903834 0.427883 0
    outer loop
      vertex 55.6379 8.78146 11.4
      vertex 55.5917 8.87905 3.3
      vertex 55.5917 8.87905 11.4
    endloop
  endfacet
  facet normal 0.903834 0.427883 0
    outer loop
      vertex 55.5917 8.87905 3.3
      vertex 55.6379 8.78146 11.4
      vertex 55.6379 8.78146 3.3
    endloop
  endfacet
  facet normal 0.989229 -0.146374 0
    outer loop
      vertex 55.5133 9.40782 11.4
      vertex 55.5291 9.5146 3.3
      vertex 55.5291 9.5146 11.4
    endloop
  endfacet
  facet normal 0.989229 -0.146374 0
    outer loop
      vertex 55.5291 9.5146 3.3
      vertex 55.5133 9.40782 11.4
      vertex 55.5133 9.40782 3.3
    endloop
  endfacet
  facet normal -0.740945 0.671566 0
    outer loop
      vertex 57.3858 8.52218 3.3
      vertex 57.4583 8.60217 11.4
      vertex 57.4583 8.60217 3.3
    endloop
  endfacet
  facet normal -0.740945 0.671566 0
    outer loop
      vertex 57.4583 8.60217 11.4
      vertex 57.3858 8.52218 3.3
      vertex 57.3858 8.52218 11.4
    endloop
  endfacet
  facet normal 0.14671 0.98918 -0
    outer loop
      vertex 56.5002 8.2053 3.3
      vertex 56.3934 8.22114 11.4
      vertex 56.5002 8.2053 11.4
    endloop
  endfacet
  facet normal 0.14671 0.98918 0
    outer loop
      vertex 56.3934 8.22114 11.4
      vertex 56.5002 8.2053 3.3
      vertex 56.3934 8.22114 3.3
    endloop
  endfacet
  facet normal 0.336735 0.941599 -0
    outer loop
      vertex 56.2887 8.24736 3.3
      vertex 56.187 8.28373 11.4
      vertex 56.2887 8.24736 11.4
    endloop
  endfacet
  facet normal 0.336735 0.941599 0
    outer loop
      vertex 56.187 8.28373 11.4
      vertex 56.2887 8.24736 3.3
      vertex 56.187 8.28373 3.3
    endloop
  endfacet
  facet normal 0.427903 0.903825 -0
    outer loop
      vertex 56.187 8.28373 3.3
      vertex 56.0895 8.32989 11.4
      vertex 56.187 8.28373 11.4
    endloop
  endfacet
  facet normal 0.427903 0.903825 0
    outer loop
      vertex 56.0895 8.32989 11.4
      vertex 56.187 8.28373 3.3
      vertex 56.0895 8.32989 3.3
    endloop
  endfacet
  facet normal -0.725492 -0.0356623 0.687306
    outer loop
      vertex 9.1 9.3 11.4
      vertex 9.95235 9.30567 12.3
      vertex 9.0947 9.40782 11.4
    endloop
  endfacet
  facet normal -0.725487 -0.0358265 0.687302
    outer loop
      vertex 9.95235 9.30567 12.3
      vertex 9.1 9.3 11.4
      vertex 9.95263 9.3 12.3
    endloop
  endfacet
  facet normal -0.106645 -0.718507 0.687295
    outer loop
      vertex 8.37532 11.2159 12.3
      vertex 8.19139 11.2432 12.3
      vertex 8.10782 10.3947 11.4
    endloop
  endfacet
  facet normal -0.487867 -0.538138 0.687309
    outer loop
      vertex 9.37651 10.6845 12.3
      vertex 9.23874 10.8094 12.3
      vertex 8.69783 10.1503 11.4
    endloop
  endfacet
  facet normal 0.704601 0.176492 0.687305
    outer loop
      vertex 6.13145 8.73318 12.3
      vertex 6.94736 8.98069 11.4
      vertex 6.08627 8.91355 12.3
    endloop
  endfacet
  facet normal -0.68391 -0.244689 0.68731
    outer loop
      vertex 9.86855 9.86682 12.3
      vertex 9.80591 10.0419 12.3
      vertex 9.05263 9.61931 11.4
    endloop
  endfacet
  facet normal -0.244226 0.684089 0.687296
    outer loop
      vertex 8.42095 8.28373 11.4
      vertex 8.74189 7.49409 12.3
      vertex 8.74724 7.496 12.3
    endloop
  endfacet
  facet normal -0.244721 0.683901 0.687307
    outer loop
      vertex 8.74189 7.49409 12.3
      vertex 8.42095 8.28373 11.4
      vertex 8.31931 8.24736 11.4
    endloop
  endfacet
  facet normal -0.656629 -0.310541 0.687315
    outer loop
      vertex 9.80157 10.0524 12.3
      vertex 9.72207 10.2205 12.3
      vertex 8.97011 9.81854 11.4
    endloop
  endfacet
  facet normal 0.718505 -0.106567 0.68731
    outer loop
      vertex 6.9053 9.40782 11.4
      vertex 6.08405 9.67532 12.3
      vertex 6.05677 9.49139 12.3
    endloop
  endfacet
  facet normal -0.244568 -0.68397 0.687293
    outer loop
      vertex 8.74724 11.104 12.3
      vertex 8.57217 11.1666 12.3
      vertex 8.42095 10.3163 11.4
    endloop
  endfacet
  facet normal -0.254432 -0.680605 0.687053
    outer loop
      vertex 8.31931 10.3526 11.4
      vertex 8.57217 11.1666 12.3
      vertex 8.56682 11.1686 12.3
    endloop
  endfacet
  facet normal -0.244301 -0.684042 0.687316
    outer loop
      vertex 8.57217 11.1666 12.3
      vertex 8.31931 10.3526 11.4
      vertex 8.42095 10.3163 11.4
    endloop
  endfacet
  facet normal -0.310574 0.65662 0.687309
    outer loop
      vertex 8.75238 7.49843 12.3
      vertex 8.92046 7.57793 12.3
      vertex 8.51854 8.32989 11.4
    endloop
  endfacet
  facet normal 0.432779 -0.583353 0.687314
    outer loop
      vertex 7.30217 10.1503 11.4
      vertex 6.91061 10.9202 12.3
      vertex 6.76126 10.8094 12.3
    endloop
  endfacet
  facet normal -0.704595 0.176502 0.687308
    outer loop
      vertex 9.05263 8.98069 11.4
      vertex 9.91511 8.91906 12.3
      vertex 9.07886 9.0854 11.4
    endloop
  endfacet
  facet normal -0.704601 0.17647 0.687311
    outer loop
      vertex 9.91511 8.91906 12.3
      vertex 9.05263 8.98069 11.4
      vertex 9.91373 8.91355 12.3
    endloop
  endfacet
  facet normal 0.487806 -0.538202 0.687302
    outer loop
      vertex 6.62349 10.6845 12.3
      vertex 7.22218 10.0778 11.4
      vertex 7.30217 10.1503 11.4
    endloop
  endfacet
  facet normal 0.486716 -0.53923 0.687269
    outer loop
      vertex 7.22218 10.0778 11.4
      vertex 6.62349 10.6845 12.3
      vertex 6.61928 10.6807 12.3
    endloop
  endfacet
  facet normal -0.0356261 0.725491 0.687309
    outer loop
      vertex 8.19139 7.35677 12.3
      vertex 8.10782 8.2053 11.4
      vertex 8.00567 7.34765 12.3
    endloop
  endfacet
  facet normal 0.623035 -0.373391 0.687318
    outer loop
      vertex 7.02989 9.81854 11.4
      vertex 6.37352 10.38 12.3
      vertex 6.27793 10.2205 12.3
    endloop
  endfacet
  facet normal 0.244568 -0.68397 0.687293
    outer loop
      vertex 7.57905 10.3163 11.4
      vertex 7.42783 11.1666 12.3
      vertex 7.25276 11.104 12.3
    endloop
  endfacet
  facet normal -0.487405 0.538576 0.687293
    outer loop
      vertex 8.77782 8.52218 11.4
      vertex 9.37651 7.91547 12.3
      vertex 9.38072 7.91928 12.3
    endloop
  endfacet
  facet normal -0.487768 0.538234 0.687304
    outer loop
      vertex 9.37651 7.91547 12.3
      vertex 8.77782 8.52218 11.4
      vertex 8.69783 8.44969 11.4
    endloop
  endfacet
  facet normal -0.537984 -0.488029 0.687314
    outer loop
      vertex 8.77782 10.0778 11.4
      vertex 9.38453 10.6765 12.3
      vertex 9.38072 10.6807 12.3
    endloop
  endfacet
  facet normal -0.53817 -0.487832 0.687309
    outer loop
      vertex 9.38453 10.6765 12.3
      vertex 8.77782 10.0778 11.4
      vertex 8.85031 9.99783 11.4
    endloop
  endfacet
  facet normal -0.623016 0.373442 0.687308
    outer loop
      vertex 9.62647 8.22005 12.3
      vertex 9.72207 8.37954 12.3
      vertex 8.97011 8.78146 11.4
    endloop
  endfacet
  facet normal 0.373461 0.623008 0.687305
    outer loop
      vertex 7.07466 7.58085 12.3
      vertex 7.38887 8.38538 11.4
      vertex 6.91518 7.67645 12.3
    endloop
  endfacet
  facet normal 0.0356261 0.725491 0.687309
    outer loop
      vertex 7.99433 7.34765 12.3
      vertex 7.89218 8.2053 11.4
      vertex 7.80861 7.35677 12.3
    endloop
  endfacet
  facet normal -0.432779 -0.583353 0.687314
    outer loop
      vertex 9.23874 10.8094 12.3
      vertex 9.08939 10.9202 12.3
      vertex 8.69783 10.1503 11.4
    endloop
  endfacet
  facet normal -0.65662 0.310574 0.687309
    outer loop
      vertex 9.72207 8.37954 12.3
      vertex 9.80157 8.54762 12.3
      vertex 8.97011 8.78146 11.4
    endloop
  endfacet
  facet normal 0.718505 0.106567 0.68731
    outer loop
      vertex 6.08405 8.92468 12.3
      vertex 6.9053 9.19218 11.4
      vertex 6.05677 9.10861 12.3
    endloop
  endfacet
  facet normal -0.31058 0.656618 0.687308
    outer loop
      vertex 8.42095 8.28373 11.4
      vertex 8.75238 7.49843 12.3
      vertex 8.51854 8.32989 11.4
    endloop
  endfacet
  facet normal -0.310452 0.656676 0.687311
    outer loop
      vertex 8.75238 7.49843 12.3
      vertex 8.42095 8.28373 11.4
      vertex 8.74724 7.496 12.3
    endloop
  endfacet
  facet normal -0.718505 -0.106567 0.68731
    outer loop
      vertex 9.94323 9.49139 12.3
      vertex 9.91595 9.67532 12.3
      vertex 9.0947 9.40782 11.4
    endloop
  endfacet
  facet normal -0.107372 0.718367 0.687328
    outer loop
      vertex 8.2146 8.22114 11.4
      vertex 8.37532 7.38405 12.3
      vertex 8.38094 7.38489 12.3
    endloop
  endfacet
  facet normal -0.106584 0.718501 0.687311
    outer loop
      vertex 8.37532 7.38405 12.3
      vertex 8.2146 8.22114 11.4
      vertex 8.10782 8.2053 11.4
    endloop
  endfacet
  facet normal 0.725476 -0.035826 0.687314
    outer loop
      vertex 6.05649 9.48572 12.3
      vertex 6.9053 9.40782 11.4
      vertex 6.05677 9.49139 12.3
    endloop
  endfacet
  facet normal 0.725488 -0.0356621 0.68731
    outer loop
      vertex 6.9053 9.40782 11.4
      vertex 6.05649 9.48572 12.3
      vertex 6.9 9.3 11.4
    endloop
  endfacet
  facet normal -0.106567 0.718505 0.68731
    outer loop
      vertex 8.19139 7.35677 12.3
      vertex 8.37532 7.38405 12.3
      vertex 8.10782 8.2053 11.4
    endloop
  endfacet
  facet normal 0.537984 -0.488029 0.687314
    outer loop
      vertex 6.61547 10.6765 12.3
      vertex 7.22218 10.0778 11.4
      vertex 6.61928 10.6807 12.3
    endloop
  endfacet
  facet normal 0.53817 -0.487832 0.687309
    outer loop
      vertex 7.22218 10.0778 11.4
      vertex 6.61547 10.6765 12.3
      vertex 7.14969 9.99783 11.4
    endloop
  endfacet
  facet normal -0.583414 0.432707 0.687309
    outer loop
      vertex 9.5094 8.06126 12.3
      vertex 9.62017 8.21061 12.3
      vertex 8.85031 8.60217 11.4
    endloop
  endfacet
  facet normal -0.487803 0.538197 0.687308
    outer loop
      vertex 9.23874 7.7906 12.3
      vertex 9.37651 7.91547 12.3
      vertex 8.69783 8.44969 11.4
    endloop
  endfacet
  facet normal -0.656676 0.310452 0.687311
    outer loop
      vertex 9.01627 8.87905 11.4
      vertex 9.80157 8.54762 12.3
      vertex 9.804 8.55276 12.3
    endloop
  endfacet
  facet normal -0.656618 0.31058 0.687308
    outer loop
      vertex 9.80157 8.54762 12.3
      vertex 9.01627 8.87905 11.4
      vertex 8.97011 8.78146 11.4
    endloop
  endfacet
  facet normal 0.656629 -0.310541 0.687315
    outer loop
      vertex 7.02989 9.81854 11.4
      vertex 6.27793 10.2205 12.3
      vertex 6.19843 10.0524 12.3
    endloop
  endfacet
  facet normal 0.106584 0.718501 0.687311
    outer loop
      vertex 7.7854 8.22114 11.4
      vertex 7.62468 7.38405 12.3
      vertex 7.89218 8.2053 11.4
    endloop
  endfacet
  facet normal 0.107372 0.718367 0.687328
    outer loop
      vertex 7.62468 7.38405 12.3
      vertex 7.7854 8.22114 11.4
      vertex 7.61906 7.38489 12.3
    endloop
  endfacet
  facet normal -0.58335 -0.432804 0.687301
    outer loop
      vertex 9.62017 10.3894 12.3
      vertex 9.5094 10.5387 12.3
      vertex 8.85031 9.99783 11.4
    endloop
  endfacet
  facet normal -0.176492 0.704601 0.687305
    outer loop
      vertex 8.38645 7.38627 12.3
      vertex 8.56682 7.43145 12.3
      vertex 8.31931 8.24736 11.4
    endloop
  endfacet
  facet normal 0.432684 0.583436 0.687304
    outer loop
      vertex 6.91518 7.67645 12.3
      vertex 7.38887 8.38538 11.4
      vertex 6.76583 7.78721 12.3
    endloop
  endfacet
  facet normal -0.244703 0.683909 0.687305
    outer loop
      vertex 8.56682 7.43145 12.3
      vertex 8.74189 7.49409 12.3
      vertex 8.31931 8.24736 11.4
    endloop
  endfacet
  facet normal -0.704597 0.176491 0.687309
    outer loop
      vertex 9.86855 8.73318 12.3
      vertex 9.91373 8.91355 12.3
      vertex 9.05263 8.98069 11.4
    endloop
  endfacet
  facet normal 0.0383757 -0.725301 0.687361
    outer loop
      vertex 7.89218 10.3947 11.4
      vertex 7.81428 11.2435 12.3
      vertex 7.80861 11.2432 12.3
    endloop
  endfacet
  facet normal 0.0356623 -0.725492 0.687306
    outer loop
      vertex 7.81428 11.2435 12.3
      vertex 7.89218 10.3947 11.4
      vertex 8 10.4 11.4
    endloop
  endfacet
  facet normal 0.254432 -0.680605 0.687053
    outer loop
      vertex 7.42783 11.1666 12.3
      vertex 7.68069 10.3526 11.4
      vertex 7.43318 11.1686 12.3
    endloop
  endfacet
  facet normal 0.244301 -0.684042 0.687316
    outer loop
      vertex 7.68069 10.3526 11.4
      vertex 7.42783 11.1666 12.3
      vertex 7.57905 10.3163 11.4
    endloop
  endfacet
  facet normal 0.487803 0.538197 0.687308
    outer loop
      vertex 6.76126 7.7906 12.3
      vertex 7.30217 8.44969 11.4
      vertex 6.62349 7.91547 12.3
    endloop
  endfacet
  facet normal -0.725491 -0.0356261 0.687309
    outer loop
      vertex 9.95235 9.30567 12.3
      vertex 9.94323 9.49139 12.3
      vertex 9.0947 9.40782 11.4
    endloop
  endfacet
  facet normal -0.725489 0.0357635 0.687304
    outer loop
      vertex 9.1 9.3 11.4
      vertex 9.95235 9.29432 12.3
      vertex 9.95263 9.3 12.3
    endloop
  endfacet
  facet normal -0.725492 0.0356623 0.687306
    outer loop
      vertex 9.95235 9.29432 12.3
      vertex 9.1 9.3 11.4
      vertex 9.0947 9.19218 11.4
    endloop
  endfacet
  facet normal -0.718505 0.106567 0.68731
    outer loop
      vertex 9.91595 8.92468 12.3
      vertex 9.94323 9.10861 12.3
      vertex 9.0947 9.19218 11.4
    endloop
  endfacet
  facet normal 0.683316 -0.246252 0.687342
    outer loop
      vertex 6.19409 10.0419 12.3
      vertex 6.98373 9.72095 11.4
      vertex 6.196 10.0472 12.3
    endloop
  endfacet
  facet normal 0.6839 -0.244721 0.687309
    outer loop
      vertex 6.98373 9.72095 11.4
      vertex 6.19409 10.0419 12.3
      vertex 6.94736 9.61931 11.4
    endloop
  endfacet
  facet normal 0.583367 -0.432778 0.687304
    outer loop
      vertex 7.14969 9.99783 11.4
      vertex 6.49059 10.5387 12.3
      vertex 6.37983 10.3894 12.3
    endloop
  endfacet
  facet normal 0.725492 0.0356262 0.687307
    outer loop
      vertex 6.05649 9.11428 12.3
      vertex 6.9 9.3 11.4
      vertex 6.04737 9.3 12.3
    endloop
  endfacet
  facet normal 0.725492 -0.0356262 0.687307
    outer loop
      vertex 6.9 9.3 11.4
      vertex 6.05649 9.48572 12.3
      vertex 6.04737 9.3 12.3
    endloop
  endfacet
  facet normal -0.373435 -0.623004 0.687322
    outer loop
      vertex 9.07995 10.9265 12.3
      vertex 8.92046 11.0221 12.3
      vertex 8.51854 10.2701 11.4
    endloop
  endfacet
  facet normal 0.704601 -0.176492 0.687305
    outer loop
      vertex 6.94736 9.61931 11.4
      vertex 6.13145 9.86682 12.3
      vertex 6.08627 9.68645 12.3
    endloop
  endfacet
  facet normal 0.683913 -0.24469 0.687306
    outer loop
      vertex 6.94736 9.61931 11.4
      vertex 6.19409 10.0419 12.3
      vertex 6.13145 9.86682 12.3
    endloop
  endfacet
  facet normal 0.244703 0.683909 0.687305
    outer loop
      vertex 7.43318 7.43145 12.3
      vertex 7.68069 8.24736 11.4
      vertex 7.25811 7.49409 12.3
    endloop
  endfacet
  facet normal 0.432734 0.583393 0.687309
    outer loop
      vertex 7.30217 8.44969 11.4
      vertex 6.76583 7.78721 12.3
      vertex 7.38887 8.38538 11.4
    endloop
  endfacet
  facet normal 0.432749 0.583381 0.68731
    outer loop
      vertex 6.76583 7.78721 12.3
      vertex 7.30217 8.44969 11.4
      vertex 6.76126 7.7906 12.3
    endloop
  endfacet
  facet normal 0.656615 -0.310578 0.687312
    outer loop
      vertex 6.19843 10.0524 12.3
      vertex 6.98373 9.72095 11.4
      vertex 7.02989 9.81854 11.4
    endloop
  endfacet
  facet normal 0.657997 -0.307487 0.68738
    outer loop
      vertex 6.98373 9.72095 11.4
      vertex 6.19843 10.0524 12.3
      vertex 6.196 10.0472 12.3
    endloop
  endfacet
  facet normal 0.538234 0.487768 0.687304
    outer loop
      vertex 6.61547 7.92349 12.3
      vertex 7.22218 8.52218 11.4
      vertex 7.14969 8.60217 11.4
    endloop
  endfacet
  facet normal 0.538576 0.487405 0.687293
    outer loop
      vertex 7.22218 8.52218 11.4
      vertex 6.61547 7.92349 12.3
      vertex 6.61928 7.91928 12.3
    endloop
  endfacet
  facet normal -0.683923 0.244662 0.687306
    outer loop
      vertex 9.01627 8.87905 11.4
      vertex 9.80591 8.55811 12.3
      vertex 9.05263 8.98069 11.4
    endloop
  endfacet
  facet normal -0.684089 0.244226 0.687296
    outer loop
      vertex 9.80591 8.55811 12.3
      vertex 9.01627 8.87905 11.4
      vertex 9.804 8.55276 12.3
    endloop
  endfacet
  facet normal 0.538235 -0.487771 0.687301
    outer loop
      vertex 7.14969 9.99783 11.4
      vertex 6.61547 10.6765 12.3
      vertex 6.49059 10.5387 12.3
    endloop
  endfacet
  facet normal -0.538256 -0.487751 0.687299
    outer loop
      vertex 9.5094 10.5387 12.3
      vertex 9.38453 10.6765 12.3
      vertex 8.85031 9.99783 11.4
    endloop
  endfacet
  facet normal 0.244721 0.683901 0.687307
    outer loop
      vertex 7.57905 8.28373 11.4
      vertex 7.25811 7.49409 12.3
      vertex 7.68069 8.24736 11.4
    endloop
  endfacet
  facet normal 0.244226 0.684089 0.687296
    outer loop
      vertex 7.25811 7.49409 12.3
      vertex 7.57905 8.28373 11.4
      vertex 7.25276 7.496 12.3
    endloop
  endfacet
  facet normal -0.486716 -0.53923 0.687269
    outer loop
      vertex 9.37651 10.6845 12.3
      vertex 8.77782 10.0778 11.4
      vertex 9.38072 10.6807 12.3
    endloop
  endfacet
  facet normal -0.487806 -0.538202 0.687302
    outer loop
      vertex 8.77782 10.0778 11.4
      vertex 9.37651 10.6845 12.3
      vertex 8.69783 10.1503 11.4
    endloop
  endfacet
  facet normal 0.718501 0.106584 0.687311
    outer loop
      vertex 6.08405 8.92468 12.3
      vertex 6.92114 9.0854 11.4
      vertex 6.9053 9.19218 11.4
    endloop
  endfacet
  facet normal 0.718367 0.107372 0.687328
    outer loop
      vertex 6.92114 9.0854 11.4
      vertex 6.08405 8.92468 12.3
      vertex 6.08489 8.91906 12.3
    endloop
  endfacet
  facet normal -0.373394 0.623041 0.687311
    outer loop
      vertex 8.51854 8.32989 11.4
      vertex 8.92534 7.58085 12.3
      vertex 8.61113 8.38538 11.4
    endloop
  endfacet
  facet normal -0.372954 0.623293 0.687321
    outer loop
      vertex 8.92534 7.58085 12.3
      vertex 8.51854 8.32989 11.4
      vertex 8.92046 7.57793 12.3
    endloop
  endfacet
  facet normal 0.623045 0.373396 0.687307
    outer loop
      vertex 6.37352 8.22005 12.3
      vertex 7.08538 8.68887 11.4
      vertex 7.02989 8.78146 11.4
    endloop
  endfacet
  facet normal 0.622382 0.374452 0.687333
    outer loop
      vertex 7.08538 8.68887 11.4
      vertex 6.37352 8.22005 12.3
      vertex 6.37645 8.21518 12.3
    endloop
  endfacet
  facet normal 0.619887 -0.378389 0.687431
    outer loop
      vertex 6.37352 10.38 12.3
      vertex 7.08538 9.91113 11.4
      vertex 6.37645 10.3848 12.3
    endloop
  endfacet
  facet normal 0.623036 -0.373391 0.687318
    outer loop
      vertex 7.08538 9.91113 11.4
      vertex 6.37352 10.38 12.3
      vertex 7.02989 9.81854 11.4
    endloop
  endfacet
  facet normal -0.58529 -0.430061 0.687374
    outer loop
      vertex 9.62017 10.3894 12.3
      vertex 8.91462 9.91113 11.4
      vertex 9.62355 10.3848 12.3
    endloop
  endfacet
  facet normal -0.583394 -0.432734 0.687308
    outer loop
      vertex 8.91462 9.91113 11.4
      vertex 9.62017 10.3894 12.3
      vertex 8.85031 9.99783 11.4
    endloop
  endfacet
  facet normal 0.683901 0.244721 0.687307
    outer loop
      vertex 6.19409 8.55811 12.3
      vertex 6.98373 8.87905 11.4
      vertex 6.94736 8.98069 11.4
    endloop
  endfacet
  facet normal 0.684089 0.244226 0.687296
    outer loop
      vertex 6.98373 8.87905 11.4
      vertex 6.19409 8.55811 12.3
      vertex 6.196 8.55276 12.3
    endloop
  endfacet
  facet normal -0.725491 0.035628 0.687309
    outer loop
      vertex 9.94323 9.10861 12.3
      vertex 9.95235 9.29432 12.3
      vertex 9.0947 9.19218 11.4
    endloop
  endfacet
  facet normal -0.718501 0.106584 0.687311
    outer loop
      vertex 9.07886 9.0854 11.4
      vertex 9.91595 8.92468 12.3
      vertex 9.0947 9.19218 11.4
    endloop
  endfacet
  facet normal -0.718367 0.107372 0.687328
    outer loop
      vertex 9.91595 8.92468 12.3
      vertex 9.07886 9.0854 11.4
      vertex 9.91511 8.91906 12.3
    endloop
  endfacet
  facet normal -0.683906 0.244701 0.687309
    outer loop
      vertex 9.80591 8.55811 12.3
      vertex 9.86855 8.73318 12.3
      vertex 9.05263 8.98069 11.4
    endloop
  endfacet
  facet normal -0.623048 0.373398 0.687303
    outer loop
      vertex 8.91462 8.68887 11.4
      vertex 9.62647 8.22005 12.3
      vertex 8.97011 8.78146 11.4
    endloop
  endfacet
  facet normal -0.622968 0.373525 0.687306
    outer loop
      vertex 9.62647 8.22005 12.3
      vertex 8.91462 8.68887 11.4
      vertex 9.62355 8.21518 12.3
    endloop
  endfacet
  facet normal 0.433576 -0.582778 0.6873
    outer loop
      vertex 6.91061 10.9202 12.3
      vertex 7.38887 10.2146 11.4
      vertex 6.91518 10.9236 12.3
    endloop
  endfacet
  facet normal 0.432682 -0.583414 0.687324
    outer loop
      vertex 7.38887 10.2146 11.4
      vertex 6.91061 10.9202 12.3
      vertex 7.30217 10.1503 11.4
    endloop
  endfacet
  facet normal -0.0356623 0.725492 0.687306
    outer loop
      vertex 8 8.2 11.4
      vertex 8.00567 7.34765 12.3
      vertex 8.10782 8.2053 11.4
    endloop
  endfacet
  facet normal -0.0358265 0.725487 0.687302
    outer loop
      vertex 8.00567 7.34765 12.3
      vertex 8 8.2 11.4
      vertex 8 7.34737 12.3
    endloop
  endfacet
  facet normal 0.583394 -0.432734 0.687308
    outer loop
      vertex 6.37983 10.3894 12.3
      vertex 7.08538 9.91113 11.4
      vertex 7.14969 9.99783 11.4
    endloop
  endfacet
  facet normal 0.58529 -0.430061 0.687374
    outer loop
      vertex 7.08538 9.91113 11.4
      vertex 6.37983 10.3894 12.3
      vertex 6.37645 10.3848 12.3
    endloop
  endfacet
  facet normal 0.725488 0.0356621 0.68731
    outer loop
      vertex 6.05649 9.11428 12.3
      vertex 6.9053 9.19218 11.4
      vertex 6.9 9.3 11.4
    endloop
  endfacet
  facet normal 0.725476 0.035826 0.687314
    outer loop
      vertex 6.9053 9.19218 11.4
      vertex 6.05649 9.11428 12.3
      vertex 6.05677 9.10861 12.3
    endloop
  endfacet
  facet normal -0.0355487 -0.725507 0.687297
    outer loop
      vertex 8.18572 11.2435 12.3
      vertex 8 11.2526 12.3
      vertex 8 10.4 11.4
    endloop
  endfacet
  facet normal 0.106645 -0.718507 0.687295
    outer loop
      vertex 7.89218 10.3947 11.4
      vertex 7.80861 11.2432 12.3
      vertex 7.62468 11.2159 12.3
    endloop
  endfacet
  facet normal 0.487867 -0.538138 0.687309
    outer loop
      vertex 7.30217 10.1503 11.4
      vertex 6.76126 10.8094 12.3
      vertex 6.62349 10.6845 12.3
    endloop
  endfacet
  facet normal -0.623019 -0.373421 0.687317
    outer loop
      vertex 9.72207 10.2205 12.3
      vertex 9.62647 10.38 12.3
      vertex 8.97011 9.81854 11.4
    endloop
  endfacet
  facet normal -0.62048 -0.377458 0.687408
    outer loop
      vertex 8.91462 9.91113 11.4
      vertex 9.62647 10.38 12.3
      vertex 9.62355 10.3848 12.3
    endloop
  endfacet
  facet normal -0.623039 -0.373393 0.687314
    outer loop
      vertex 9.62647 10.38 12.3
      vertex 8.91462 9.91113 11.4
      vertex 8.97011 9.81854 11.4
    endloop
  endfacet
  facet normal 0.166849 -0.707182 0.687063
    outer loop
      vertex 7.68069 10.3526 11.4
      vertex 7.43869 11.1699 12.3
      vertex 7.43318 11.1686 12.3
    endloop
  endfacet
  facet normal 0.176943 -0.704474 0.687319
    outer loop
      vertex 7.43869 11.1699 12.3
      vertex 7.68069 10.3526 11.4
      vertex 7.7854 10.3789 11.4
    endloop
  endfacet
  facet normal -0.538197 0.487803 0.687308
    outer loop
      vertex 9.38453 7.92349 12.3
      vertex 9.5094 8.06126 12.3
      vertex 8.85031 8.60217 11.4
    endloop
  endfacet
  facet normal -0.307281 -0.658093 0.687381
    outer loop
      vertex 8.42095 10.3163 11.4
      vertex 8.75238 11.1016 12.3
      vertex 8.74724 11.104 12.3
    endloop
  endfacet
  facet normal -0.310802 -0.656518 0.687303
    outer loop
      vertex 8.75238 11.1016 12.3
      vertex 8.42095 10.3163 11.4
      vertex 8.51854 10.2701 11.4
    endloop
  endfacet
  facet normal 0.310574 0.65662 0.687309
    outer loop
      vertex 7.24762 7.49843 12.3
      vertex 7.48146 8.32989 11.4
      vertex 7.07954 7.57793 12.3
    endloop
  endfacet
  facet normal 0.310568 -0.656607 0.687324
    outer loop
      vertex 7.48146 10.2701 11.4
      vertex 7.24762 11.1016 12.3
      vertex 7.07954 11.0221 12.3
    endloop
  endfacet
  facet normal 0.718367 -0.107372 0.687328
    outer loop
      vertex 6.08405 9.67532 12.3
      vertex 6.92114 9.5146 11.4
      vertex 6.08489 9.68094 12.3
    endloop
  endfacet
  facet normal 0.718501 -0.106584 0.687311
    outer loop
      vertex 6.92114 9.5146 11.4
      vertex 6.08405 9.67532 12.3
      vertex 6.9053 9.40782 11.4
    endloop
  endfacet
  facet normal 0.704604 -0.176471 0.687307
    outer loop
      vertex 6.08489 9.68094 12.3
      vertex 6.94736 9.61931 11.4
      vertex 6.08627 9.68645 12.3
    endloop
  endfacet
  facet normal 0.70461 -0.176438 0.68731
    outer loop
      vertex 6.94736 9.61931 11.4
      vertex 6.08489 9.68094 12.3
      vertex 6.92114 9.5146 11.4
    endloop
  endfacet
  facet normal -0.310568 -0.656607 0.687324
    outer loop
      vertex 8.92046 11.0221 12.3
      vertex 8.75238 11.1016 12.3
      vertex 8.51854 10.2701 11.4
    endloop
  endfacet
  facet normal 0.0358265 0.725487 0.687302
    outer loop
      vertex 8 8.2 11.4
      vertex 7.99433 7.34765 12.3
      vertex 8 7.34737 12.3
    endloop
  endfacet
  facet normal 0.0356623 0.725492 0.687306
    outer loop
      vertex 7.99433 7.34765 12.3
      vertex 8 8.2 11.4
      vertex 7.89218 8.2053 11.4
    endloop
  endfacet
  facet normal 0.538175 0.487823 0.687311
    outer loop
      vertex 6.61547 7.92349 12.3
      vertex 7.14969 8.60217 11.4
      vertex 6.49059 8.06126 12.3
    endloop
  endfacet
  facet normal -0.683316 -0.246252 0.687342
    outer loop
      vertex 9.01627 9.72095 11.4
      vertex 9.80591 10.0419 12.3
      vertex 9.804 10.0472 12.3
    endloop
  endfacet
  facet normal -0.683922 -0.244662 0.687307
    outer loop
      vertex 9.80591 10.0419 12.3
      vertex 9.01627 9.72095 11.4
      vertex 9.05263 9.61931 11.4
    endloop
  endfacet
  facet normal -0.0356623 -0.725492 0.687306
    outer loop
      vertex 8.10782 10.3947 11.4
      vertex 8.18572 11.2435 12.3
      vertex 8 10.4 11.4
    endloop
  endfacet
  facet normal -0.0383757 -0.725301 0.687361
    outer loop
      vertex 8.18572 11.2435 12.3
      vertex 8.10782 10.3947 11.4
      vertex 8.19139 11.2432 12.3
    endloop
  endfacet
  facet normal 0.0355487 -0.725507 0.687297
    outer loop
      vertex 8 10.4 11.4
      vertex 8 11.2526 12.3
      vertex 7.81428 11.2435 12.3
    endloop
  endfacet
  facet normal 0.373435 -0.623004 0.687322
    outer loop
      vertex 7.48146 10.2701 11.4
      vertex 7.07954 11.0221 12.3
      vertex 6.92005 10.9265 12.3
    endloop
  endfacet
  facet normal -0.432684 0.583436 0.687304
    outer loop
      vertex 9.08482 7.67645 12.3
      vertex 9.23417 7.78721 12.3
      vertex 8.61113 8.38538 11.4
    endloop
  endfacet
  facet normal 0.623032 0.373413 0.687309
    outer loop
      vertex 6.37352 8.22005 12.3
      vertex 7.02989 8.78146 11.4
      vertex 6.27793 8.37954 12.3
    endloop
  endfacet
  facet normal -0.373461 0.623008 0.687305
    outer loop
      vertex 8.92534 7.58085 12.3
      vertex 9.08482 7.67645 12.3
      vertex 8.61113 8.38538 11.4
    endloop
  endfacet
  facet normal -0.432749 0.583381 0.68731
    outer loop
      vertex 8.69783 8.44969 11.4
      vertex 9.23417 7.78721 12.3
      vertex 9.23874 7.7906 12.3
    endloop
  endfacet
  facet normal -0.432734 0.583393 0.687309
    outer loop
      vertex 9.23417 7.78721 12.3
      vertex 8.69783 8.44969 11.4
      vertex 8.61113 8.38538 11.4
    endloop
  endfacet
  facet normal 0.487768 0.538234 0.687304
    outer loop
      vertex 7.22218 8.52218 11.4
      vertex 6.62349 7.91547 12.3
      vertex 7.30217 8.44969 11.4
    endloop
  endfacet
  facet normal 0.487405 0.538576 0.687293
    outer loop
      vertex 6.62349 7.91547 12.3
      vertex 7.22218 8.52218 11.4
      vertex 6.61928 7.91928 12.3
    endloop
  endfacet
  facet normal 0.106567 0.718505 0.68731
    outer loop
      vertex 7.80861 7.35677 12.3
      vertex 7.89218 8.2053 11.4
      vertex 7.62468 7.38405 12.3
    endloop
  endfacet
  facet normal 0.583431 0.43268 0.687311
    outer loop
      vertex 6.49059 8.06126 12.3
      vertex 7.14969 8.60217 11.4
      vertex 6.37983 8.21061 12.3
    endloop
  endfacet
  facet normal 0.583396 0.432736 0.687306
    outer loop
      vertex 7.08538 8.68887 11.4
      vertex 6.37983 8.21061 12.3
      vertex 7.14969 8.60217 11.4
    endloop
  endfacet
  facet normal 0.583979 0.431915 0.687327
    outer loop
      vertex 6.37983 8.21061 12.3
      vertex 7.08538 8.68887 11.4
      vertex 6.37645 8.21518 12.3
    endloop
  endfacet
  facet normal -0.583979 0.431915 0.687327
    outer loop
      vertex 8.91462 8.68887 11.4
      vertex 9.62017 8.21061 12.3
      vertex 9.62355 8.21518 12.3
    endloop
  endfacet
  facet normal -0.583396 0.432736 0.687306
    outer loop
      vertex 9.62017 8.21061 12.3
      vertex 8.91462 8.68887 11.4
      vertex 8.85031 8.60217 11.4
    endloop
  endfacet
  facet normal 0.176492 0.704601 0.687305
    outer loop
      vertex 7.61355 7.38627 12.3
      vertex 7.68069 8.24736 11.4
      vertex 7.43318 7.43145 12.3
    endloop
  endfacet
  facet normal 0.373394 0.623041 0.687311
    outer loop
      vertex 7.07466 7.58085 12.3
      vertex 7.48146 8.32989 11.4
      vertex 7.38887 8.38538 11.4
    endloop
  endfacet
  facet normal 0.372954 0.623293 0.687321
    outer loop
      vertex 7.48146 8.32989 11.4
      vertex 7.07466 7.58085 12.3
      vertex 7.07954 7.57793 12.3
    endloop
  endfacet
  facet normal -0.657997 -0.307487 0.68738
    outer loop
      vertex 9.80157 10.0524 12.3
      vertex 9.01627 9.72095 11.4
      vertex 9.804 10.0472 12.3
    endloop
  endfacet
  facet normal -0.656615 -0.310578 0.687312
    outer loop
      vertex 9.01627 9.72095 11.4
      vertex 9.80157 10.0524 12.3
      vertex 8.97011 9.81854 11.4
    endloop
  endfacet
  facet normal -0.538234 0.487768 0.687304
    outer loop
      vertex 8.77782 8.52218 11.4
      vertex 9.38453 7.92349 12.3
      vertex 8.85031 8.60217 11.4
    endloop
  endfacet
  facet normal -0.538576 0.487405 0.687293
    outer loop
      vertex 9.38453 7.92349 12.3
      vertex 8.77782 8.52218 11.4
      vertex 9.38072 7.91928 12.3
    endloop
  endfacet
  facet normal -0.704597 -0.176491 0.687309
    outer loop
      vertex 9.91373 9.68645 12.3
      vertex 9.86855 9.86682 12.3
      vertex 9.05263 9.61931 11.4
    endloop
  endfacet
  facet normal 0.65662 0.310574 0.687309
    outer loop
      vertex 6.27793 8.37954 12.3
      vertex 7.02989 8.78146 11.4
      vertex 6.19843 8.54762 12.3
    endloop
  endfacet
  facet normal -0.176471 0.704604 0.687307
    outer loop
      vertex 8.31931 8.24736 11.4
      vertex 8.38094 7.38489 12.3
      vertex 8.38645 7.38627 12.3
    endloop
  endfacet
  facet normal -0.176438 0.70461 0.68731
    outer loop
      vertex 8.38094 7.38489 12.3
      vertex 8.31931 8.24736 11.4
      vertex 8.2146 8.22114 11.4
    endloop
  endfacet
  facet normal -0.176943 -0.704474 0.687319
    outer loop
      vertex 8.31931 10.3526 11.4
      vertex 8.56131 11.1699 12.3
      vertex 8.2146 10.3789 11.4
    endloop
  endfacet
  facet normal -0.166849 -0.707182 0.687063
    outer loop
      vertex 8.56131 11.1699 12.3
      vertex 8.31931 10.3526 11.4
      vertex 8.56682 11.1686 12.3
    endloop
  endfacet
  facet normal 0.31058 0.656618 0.687308
    outer loop
      vertex 7.24762 7.49843 12.3
      vertex 7.57905 8.28373 11.4
      vertex 7.48146 8.32989 11.4
    endloop
  endfacet
  facet normal 0.310452 0.656676 0.687311
    outer loop
      vertex 7.57905 8.28373 11.4
      vertex 7.24762 7.49843 12.3
      vertex 7.25276 7.496 12.3
    endloop
  endfacet
  facet normal 0.176438 0.70461 0.68731
    outer loop
      vertex 7.68069 8.24736 11.4
      vertex 7.61906 7.38489 12.3
      vertex 7.7854 8.22114 11.4
    endloop
  endfacet
  facet normal 0.176471 0.704604 0.687307
    outer loop
      vertex 7.61906 7.38489 12.3
      vertex 7.68069 8.24736 11.4
      vertex 7.61355 7.38627 12.3
    endloop
  endfacet
  facet normal -0.371652 -0.62412 0.687277
    outer loop
      vertex 9.07995 10.9265 12.3
      vertex 8.61113 10.2146 11.4
      vertex 9.08482 10.9236 12.3
    endloop
  endfacet
  facet normal -0.373438 -0.623002 0.687323
    outer loop
      vertex 8.61113 10.2146 11.4
      vertex 9.07995 10.9265 12.3
      vertex 8.51854 10.2701 11.4
    endloop
  endfacet
  facet normal -0.433576 -0.582778 0.6873
    outer loop
      vertex 8.61113 10.2146 11.4
      vertex 9.08939 10.9202 12.3
      vertex 9.08482 10.9236 12.3
    endloop
  endfacet
  facet normal -0.432682 -0.583414 0.687324
    outer loop
      vertex 9.08939 10.9202 12.3
      vertex 8.61113 10.2146 11.4
      vertex 8.69783 10.1503 11.4
    endloop
  endfacet
  facet normal 0.17657 -0.7046 0.687286
    outer loop
      vertex 7.7854 10.3789 11.4
      vertex 7.61906 11.2151 12.3
      vertex 7.43869 11.1699 12.3
    endloop
  endfacet
  facet normal 0.307281 -0.658093 0.687381
    outer loop
      vertex 7.24762 11.1016 12.3
      vertex 7.57905 10.3163 11.4
      vertex 7.25276 11.104 12.3
    endloop
  endfacet
  facet normal 0.310802 -0.656518 0.687303
    outer loop
      vertex 7.57905 10.3163 11.4
      vertex 7.24762 11.1016 12.3
      vertex 7.48146 10.2701 11.4
    endloop
  endfacet
  facet normal 0.102383 -0.71924 0.687177
    outer loop
      vertex 7.7854 10.3789 11.4
      vertex 7.62468 11.2159 12.3
      vertex 7.61906 11.2151 12.3
    endloop
  endfacet
  facet normal 0.106327 -0.718581 0.687268
    outer loop
      vertex 7.62468 11.2159 12.3
      vertex 7.7854 10.3789 11.4
      vertex 7.89218 10.3947 11.4
    endloop
  endfacet
  facet normal -0.17657 -0.7046 0.687286
    outer loop
      vertex 8.56131 11.1699 12.3
      vertex 8.38094 11.2151 12.3
      vertex 8.2146 10.3789 11.4
    endloop
  endfacet
  facet normal -0.106327 -0.718581 0.687268
    outer loop
      vertex 8.2146 10.3789 11.4
      vertex 8.37532 11.2159 12.3
      vertex 8.10782 10.3947 11.4
    endloop
  endfacet
  facet normal -0.102383 -0.71924 0.687177
    outer loop
      vertex 8.37532 11.2159 12.3
      vertex 8.2146 10.3789 11.4
      vertex 8.38094 11.2151 12.3
    endloop
  endfacet
  facet normal 0.683909 0.244703 0.687305
    outer loop
      vertex 6.19409 8.55811 12.3
      vertex 6.94736 8.98069 11.4
      vertex 6.13145 8.73318 12.3
    endloop
  endfacet
  facet normal 0.70461 0.176438 0.68731
    outer loop
      vertex 6.08489 8.91906 12.3
      vertex 6.94736 8.98069 11.4
      vertex 6.92114 9.0854 11.4
    endloop
  endfacet
  facet normal 0.704604 0.176471 0.687307
    outer loop
      vertex 6.94736 8.98069 11.4
      vertex 6.08489 8.91906 12.3
      vertex 6.08627 8.91355 12.3
    endloop
  endfacet
  facet normal -0.704601 -0.17647 0.687311
    outer loop
      vertex 9.05263 9.61931 11.4
      vertex 9.91511 9.68094 12.3
      vertex 9.91373 9.68645 12.3
    endloop
  endfacet
  facet normal -0.704595 -0.176502 0.687308
    outer loop
      vertex 9.91511 9.68094 12.3
      vertex 9.05263 9.61931 11.4
      vertex 9.07886 9.5146 11.4
    endloop
  endfacet
  facet normal -0.718367 -0.107372 0.687328
    outer loop
      vertex 9.07886 9.5146 11.4
      vertex 9.91595 9.67532 12.3
      vertex 9.91511 9.68094 12.3
    endloop
  endfacet
  facet normal -0.718501 -0.106584 0.687311
    outer loop
      vertex 9.91595 9.67532 12.3
      vertex 9.07886 9.5146 11.4
      vertex 9.0947 9.40782 11.4
    endloop
  endfacet
  facet normal 0.656618 0.31058 0.687308
    outer loop
      vertex 6.98373 8.87905 11.4
      vertex 6.19843 8.54762 12.3
      vertex 7.02989 8.78146 11.4
    endloop
  endfacet
  facet normal 0.656676 0.310452 0.687311
    outer loop
      vertex 6.19843 8.54762 12.3
      vertex 6.98373 8.87905 11.4
      vertex 6.196 8.55276 12.3
    endloop
  endfacet
  facet normal 0.373438 -0.623002 0.687323
    outer loop
      vertex 6.92005 10.9265 12.3
      vertex 7.38887 10.2146 11.4
      vertex 7.48146 10.2701 11.4
    endloop
  endfacet
  facet normal 0.371652 -0.62412 0.687277
    outer loop
      vertex 7.38887 10.2146 11.4
      vertex 6.92005 10.9265 12.3
      vertex 6.91518 10.9236 12.3
    endloop
  endfacet
  facet normal 0.310538 0.656623 0.687323
    outer loop
      vertex 14.1916 7.49843 12.3
      vertex 14.4255 8.32989 11.4
      vertex 14.0235 7.57793 12.3
    endloop
  endfacet
  facet normal 0.718507 -0.106645 0.687295
    outer loop
      vertex 13.8493 9.40782 11.4
      vertex 13.0281 9.67532 12.3
      vertex 13.0008 9.49139 12.3
    endloop
  endfacet
  facet normal -0.725507 -0.0355487 0.687297
    outer loop
      vertex 16.8966 9.3 12.3
      vertex 16.8875 9.48572 12.3
      vertex 16.044 9.3 11.4
    endloop
  endfacet
  facet normal -0.725301 -0.0383757 0.687361
    outer loop
      vertex 16.0387 9.40782 11.4
      vertex 16.8875 9.48572 12.3
      vertex 16.8872 9.49139 12.3
    endloop
  endfacet
  facet normal -0.725492 -0.0356623 0.687306
    outer loop
      vertex 16.8875 9.48572 12.3
      vertex 16.0387 9.40782 11.4
      vertex 16.044 9.3 11.4
    endloop
  endfacet
  facet normal -0.0356689 0.725491 0.687306
    outer loop
      vertex 14.944 8.2 11.4
      vertex 14.9497 7.34765 12.3
      vertex 15.0518 8.2053 11.4
    endloop
  endfacet
  facet normal -0.0356382 0.725492 0.687307
    outer loop
      vertex 14.9497 7.34765 12.3
      vertex 14.944 8.2 11.4
      vertex 14.944 7.34737 12.3
    endloop
  endfacet
  facet normal -0.683956 -0.244619 0.687288
    outer loop
      vertex 16.8106 9.87217 12.3
      vertex 16.748 10.0472 12.3
      vertex 15.9603 9.72095 11.4
    endloop
  endfacet
  facet normal 0.683812 -0.244888 0.687336
    outer loop
      vertex 13.8914 9.61931 11.4
      vertex 13.1381 10.0419 12.3
      vertex 13.0754 9.86682 12.3
    endloop
  endfacet
  facet normal 0.431717 -0.584088 0.687359
    outer loop
      vertex 13.8546 10.9202 12.3
      vertex 14.3329 10.2146 11.4
      vertex 13.8592 10.9236 12.3
    endloop
  endfacet
  facet normal 0.432676 -0.583406 0.687334
    outer loop
      vertex 14.3329 10.2146 11.4
      vertex 13.8546 10.9202 12.3
      vertex 14.2462 10.1503 11.4
    endloop
  endfacet
  facet normal -0.488029 0.537984 0.687314
    outer loop
      vertex 15.7218 8.52218 11.4
      vertex 16.3205 7.91547 12.3
      vertex 16.3247 7.91928 12.3
    endloop
  endfacet
  facet normal -0.487733 0.538263 0.687306
    outer loop
      vertex 16.3205 7.91547 12.3
      vertex 15.7218 8.52218 11.4
      vertex 15.6418 8.44969 11.4
    endloop
  endfacet
  facet normal 0.704188 -0.178923 0.687099
    outer loop
      vertex 13.0289 9.68094 12.3
      vertex 13.8914 9.61931 11.4
      vertex 13.0303 9.68645 12.3
    endloop
  endfacet
  facet normal 0.704514 -0.176953 0.687276
    outer loop
      vertex 13.8914 9.61931 11.4
      vertex 13.0289 9.68094 12.3
      vertex 13.8651 9.5146 11.4
    endloop
  endfacet
  facet normal 0.106662 -0.718503 0.687296
    outer loop
      vertex 14.8362 10.3947 11.4
      vertex 14.7526 11.2432 12.3
      vertex 14.5687 11.2159 12.3
    endloop
  endfacet
  facet normal 0.623191 -0.373133 0.687316
    outer loop
      vertex 14.0294 9.91113 11.4
      vertex 13.3204 10.3848 12.3
      vertex 13.2249 10.2253 12.3
    endloop
  endfacet
  facet normal -0.0355526 -0.725506 0.687296
    outer loop
      vertex 15.1297 11.2435 12.3
      vertex 14.944 11.2526 12.3
      vertex 14.944 10.4 11.4
    endloop
  endfacet
  facet normal -0.707182 -0.166849 0.687063
    outer loop
      vertex 15.9966 9.61931 11.4
      vertex 16.8139 9.86131 12.3
      vertex 16.8126 9.86682 12.3
    endloop
  endfacet
  facet normal -0.704474 -0.176943 0.687319
    outer loop
      vertex 16.8139 9.86131 12.3
      vertex 15.9966 9.61931 11.4
      vertex 16.0229 9.5146 11.4
    endloop
  endfacet
  facet normal -0.656616 -0.310535 0.687331
    outer loop
      vertex 16.7456 10.0524 12.3
      vertex 16.6661 10.2205 12.3
      vertex 15.9141 9.81854 11.4
    endloop
  endfacet
  facet normal 0.176556 0.704584 0.687306
    outer loop
      vertex 14.5575 7.38627 12.3
      vertex 14.6247 8.24736 11.4
      vertex 14.3772 7.43145 12.3
    endloop
  endfacet
  facet normal 0.244666 0.683923 0.687305
    outer loop
      vertex 14.3772 7.43145 12.3
      vertex 14.6247 8.24736 11.4
      vertex 14.2021 7.49409 12.3
    endloop
  endfacet
  facet normal -0.7046 0.17657 0.687286
    outer loop
      vertex 16.8139 8.73869 12.3
      vertex 16.8591 8.91906 12.3
      vertex 16.0229 9.0854 11.4
    endloop
  endfacet
  facet normal 0.373364 0.623059 0.687312
    outer loop
      vertex 14.0187 7.58085 12.3
      vertex 14.4255 8.32989 11.4
      vertex 14.3329 8.38538 11.4
    endloop
  endfacet
  facet normal 0.37756 0.620647 0.687201
    outer loop
      vertex 14.4255 8.32989 11.4
      vertex 14.0187 7.58085 12.3
      vertex 14.0235 7.57793 12.3
    endloop
  endfacet
  facet normal 0.0356382 0.725492 0.687307
    outer loop
      vertex 14.944 8.2 11.4
      vertex 14.9383 7.34765 12.3
      vertex 14.944 7.34737 12.3
    endloop
  endfacet
  facet normal 0.0356689 0.725491 0.687306
    outer loop
      vertex 14.9383 7.34765 12.3
      vertex 14.944 8.2 11.4
      vertex 14.8362 8.2053 11.4
    endloop
  endfacet
  facet normal -0.244666 0.683923 0.687305
    outer loop
      vertex 15.5108 7.43145 12.3
      vertex 15.6859 7.49409 12.3
      vertex 15.2633 8.24736 11.4
    endloop
  endfacet
  facet normal -0.718581 0.106327 0.687268
    outer loop
      vertex 16.0229 9.0854 11.4
      vertex 16.8599 8.92468 12.3
      vertex 16.0387 9.19218 11.4
    endloop
  endfacet
  facet normal -0.71924 0.102383 0.687177
    outer loop
      vertex 16.8599 8.92468 12.3
      vertex 16.0229 9.0854 11.4
      vertex 16.8591 8.91906 12.3
    endloop
  endfacet
  facet normal 0.0355526 -0.725506 0.687296
    outer loop
      vertex 14.944 10.4 11.4
      vertex 14.944 11.2526 12.3
      vertex 14.7583 11.2435 12.3
    endloop
  endfacet
  facet normal 0.176543 -0.70461 0.687282
    outer loop
      vertex 14.7294 10.3789 11.4
      vertex 14.5631 11.2151 12.3
      vertex 14.3827 11.1699 12.3
    endloop
  endfacet
  facet normal -0.583345 0.432773 0.687325
    outer loop
      vertex 16.4568 8.06583 12.3
      vertex 16.5676 8.21518 12.3
      vertex 15.8586 8.68887 11.4
    endloop
  endfacet
  facet normal 0.167134 -0.707106 0.687071
    outer loop
      vertex 14.6247 10.3526 11.4
      vertex 14.3827 11.1699 12.3
      vertex 14.3772 11.1686 12.3
    endloop
  endfacet
  facet normal 0.176959 -0.70447 0.687319
    outer loop
      vertex 14.3827 11.1699 12.3
      vertex 14.6247 10.3526 11.4
      vertex 14.7294 10.3789 11.4
    endloop
  endfacet
  facet normal 0.583345 0.432773 0.687325
    outer loop
      vertex 13.4312 8.06583 12.3
      vertex 14.0294 8.68887 11.4
      vertex 13.3204 8.21518 12.3
    endloop
  endfacet
  facet normal 0.373409 -0.623 0.68734
    outer loop
      vertex 14.4255 10.2701 11.4
      vertex 14.0235 11.0221 12.3
      vertex 13.864 10.9265 12.3
    endloop
  endfacet
  facet normal -0.246254 0.683322 0.687335
    outer loop
      vertex 15.365 8.28373 11.4
      vertex 15.6859 7.49409 12.3
      vertex 15.6912 7.496 12.3
    endloop
  endfacet
  facet normal -0.244596 0.683954 0.687298
    outer loop
      vertex 15.6859 7.49409 12.3
      vertex 15.365 8.28373 11.4
      vertex 15.2633 8.24736 11.4
    endloop
  endfacet
  facet normal -0.658093 0.307281 0.687381
    outer loop
      vertex 15.9603 8.87905 11.4
      vertex 16.7456 8.54762 12.3
      vertex 16.748 8.55276 12.3
    endloop
  endfacet
  facet normal -0.656518 0.310802 0.687303
    outer loop
      vertex 16.7456 8.54762 12.3
      vertex 15.9603 8.87905 11.4
      vertex 15.9141 8.78146 11.4
    endloop
  endfacet
  facet normal 0.106565 0.718505 0.687309
    outer loop
      vertex 14.7294 8.22114 11.4
      vertex 14.5687 7.38405 12.3
      vertex 14.8362 8.2053 11.4
    endloop
  endfacet
  facet normal 0.107746 0.718305 0.687334
    outer loop
      vertex 14.5687 7.38405 12.3
      vertex 14.7294 8.22114 11.4
      vertex 14.5631 7.38489 12.3
    endloop
  endfacet
  facet normal -0.538138 0.487867 0.687309
    outer loop
      vertex 16.3247 7.91928 12.3
      vertex 16.4496 8.05705 12.3
      vertex 15.7218 8.52218 11.4
    endloop
  endfacet
  facet normal -0.68397 0.244568 0.687293
    outer loop
      vertex 16.748 8.55276 12.3
      vertex 16.8106 8.72783 12.3
      vertex 15.9603 8.87905 11.4
    endloop
  endfacet
  facet normal -0.725492 0.0356623 0.687306
    outer loop
      vertex 16.0387 9.19218 11.4
      vertex 16.8875 9.11428 12.3
      vertex 16.044 9.3 11.4
    endloop
  endfacet
  facet normal -0.725301 0.0383757 0.687361
    outer loop
      vertex 16.8875 9.11428 12.3
      vertex 16.0387 9.19218 11.4
      vertex 16.8872 9.10861 12.3
    endloop
  endfacet
  facet normal -0.725507 0.0355487 0.687297
    outer loop
      vertex 16.8875 9.11428 12.3
      vertex 16.8966 9.3 12.3
      vertex 16.044 9.3 11.4
    endloop
  endfacet
  facet normal -0.106583 0.718501 0.687311
    outer loop
      vertex 15.1354 7.35677 12.3
      vertex 15.3193 7.38405 12.3
      vertex 15.0518 8.2053 11.4
    endloop
  endfacet
  facet normal 0.656518 0.310802 0.687303
    outer loop
      vertex 13.9277 8.87905 11.4
      vertex 13.1424 8.54762 12.3
      vertex 13.9739 8.78146 11.4
    endloop
  endfacet
  facet normal 0.658093 0.307281 0.687381
    outer loop
      vertex 13.1424 8.54762 12.3
      vertex 13.9277 8.87905 11.4
      vertex 13.14 8.55276 12.3
    endloop
  endfacet
  facet normal -0.173745 0.705052 0.687543
    outer loop
      vertex 15.2633 8.24736 11.4
      vertex 15.3249 7.38489 12.3
      vertex 15.3305 7.38627 12.3
    endloop
  endfacet
  facet normal -0.176455 0.70461 0.687305
    outer loop
      vertex 15.3249 7.38489 12.3
      vertex 15.2633 8.24736 11.4
      vertex 15.1586 8.22114 11.4
    endloop
  endfacet
  facet normal -0.385155 -0.616248 0.686945
    outer loop
      vertex 15.4625 10.2701 11.4
      vertex 15.8693 11.0191 12.3
      vertex 15.8645 11.0221 12.3
    endloop
  endfacet
  facet normal -0.373421 -0.623042 0.687296
    outer loop
      vertex 15.8693 11.0191 12.3
      vertex 15.4625 10.2701 11.4
      vertex 15.5551 10.2146 11.4
    endloop
  endfacet
  facet normal 0.72548 -0.0359381 0.687304
    outer loop
      vertex 13.8493 9.40782 11.4
      vertex 13.0008 9.49139 12.3
      vertex 12.9916 9.30567 12.3
    endloop
  endfacet
  facet normal -0.310819 0.656517 0.687297
    outer loop
      vertex 15.365 8.28373 11.4
      vertex 15.6964 7.49843 12.3
      vertex 15.4625 8.32989 11.4
    endloop
  endfacet
  facet normal -0.307491 0.658005 0.687371
    outer loop
      vertex 15.6964 7.49843 12.3
      vertex 15.365 8.28373 11.4
      vertex 15.6912 7.496 12.3
    endloop
  endfacet
  facet normal 0.538638 -0.487339 0.687291
    outer loop
      vertex 13.5595 10.6765 12.3
      vertex 14.1662 10.0778 11.4
      vertex 13.5633 10.6807 12.3
    endloop
  endfacet
  facet normal 0.538138 -0.48787 0.687307
    outer loop
      vertex 14.1662 10.0778 11.4
      vertex 13.5595 10.6765 12.3
      vertex 14.0937 9.99783 11.4
    endloop
  endfacet
  facet normal 0.683808 0.244901 0.687336
    outer loop
      vertex 13.1381 8.55811 12.3
      vertex 13.8914 8.98069 11.4
      vertex 13.0754 8.73318 12.3
    endloop
  endfacet
  facet normal 0.656616 -0.310535 0.687331
    outer loop
      vertex 13.9739 9.81854 11.4
      vertex 13.2219 10.2205 12.3
      vertex 13.1424 10.0524 12.3
    endloop
  endfacet
  facet normal -0.57944 -0.437799 0.687446
    outer loop
      vertex 15.7943 9.99783 11.4
      vertex 16.4568 10.5342 12.3
      vertex 16.4534 10.5387 12.3
    endloop
  endfacet
  facet normal -0.583415 -0.432683 0.687323
    outer loop
      vertex 16.4568 10.5342 12.3
      vertex 15.7943 9.99783 11.4
      vertex 15.8586 9.91113 11.4
    endloop
  endfacet
  facet normal 0.725727 -0.0255989 0.687506
    outer loop
      vertex 13.844 9.3 11.4
      vertex 12.9916 9.30567 12.3
      vertex 12.9914 9.3 12.3
    endloop
  endfacet
  facet normal 0.725472 -0.0356613 0.687327
    outer loop
      vertex 12.9916 9.30567 12.3
      vertex 13.844 9.3 11.4
      vertex 13.8493 9.40782 11.4
    endloop
  endfacet
  facet normal 0.58329 -0.432877 0.687307
    outer loop
      vertex 14.0937 9.99783 11.4
      vertex 13.4346 10.5387 12.3
      vertex 13.3238 10.3894 12.3
    endloop
  endfacet
  facet normal 0.72548 0.03594 0.687304
    outer loop
      vertex 13.0008 9.10861 12.3
      vertex 13.8493 9.19218 11.4
      vertex 12.9916 9.29432 12.3
    endloop
  endfacet
  facet normal 0.304341 -0.659404 0.687432
    outer loop
      vertex 14.1916 11.1016 12.3
      vertex 14.523 10.3163 11.4
      vertex 14.1968 11.104 12.3
    endloop
  endfacet
  facet normal 0.311041 -0.656417 0.687292
    outer loop
      vertex 14.523 10.3163 11.4
      vertex 14.1916 11.1016 12.3
      vertex 14.4255 10.2701 11.4
    endloop
  endfacet
  facet normal -0.704474 0.176943 0.687319
    outer loop
      vertex 15.9966 8.98069 11.4
      vertex 16.8139 8.73869 12.3
      vertex 16.0229 9.0854 11.4
    endloop
  endfacet
  facet normal -0.707182 0.166849 0.687063
    outer loop
      vertex 16.8139 8.73869 12.3
      vertex 15.9966 8.98069 11.4
      vertex 16.8126 8.73318 12.3
    endloop
  endfacet
  facet normal -0.680605 0.254432 0.687053
    outer loop
      vertex 15.9966 8.98069 11.4
      vertex 16.8106 8.72783 12.3
      vertex 16.8126 8.73318 12.3
    endloop
  endfacet
  facet normal -0.684042 0.244301 0.687316
    outer loop
      vertex 16.8106 8.72783 12.3
      vertex 15.9966 8.98069 11.4
      vertex 15.9603 8.87905 11.4
    endloop
  endfacet
  facet normal -0.431717 -0.584088 0.687359
    outer loop
      vertex 15.5551 10.2146 11.4
      vertex 16.0334 10.9202 12.3
      vertex 16.0288 10.9236 12.3
    endloop
  endfacet
  facet normal -0.432676 -0.583406 0.687334
    outer loop
      vertex 16.0334 10.9202 12.3
      vertex 15.5551 10.2146 11.4
      vertex 15.6418 10.1503 11.4
    endloop
  endfacet
  facet normal -0.176543 -0.70461 0.687282
    outer loop
      vertex 15.5053 11.1699 12.3
      vertex 15.3249 11.2151 12.3
      vertex 15.1586 10.3789 11.4
    endloop
  endfacet
  facet normal -0.718507 0.106645 0.687295
    outer loop
      vertex 16.8599 8.92468 12.3
      vertex 16.8872 9.10861 12.3
      vertex 16.0387 9.19218 11.4
    endloop
  endfacet
  facet normal -0.176556 0.704584 0.687306
    outer loop
      vertex 15.3305 7.38627 12.3
      vertex 15.5108 7.43145 12.3
      vertex 15.2633 8.24736 11.4
    endloop
  endfacet
  facet normal 0.704647 0.176191 0.687335
    outer loop
      vertex 13.0754 8.73318 12.3
      vertex 13.8914 8.98069 11.4
      vertex 13.0303 8.91355 12.3
    endloop
  endfacet
  facet normal -0.310538 0.656623 0.687323
    outer loop
      vertex 15.6964 7.49843 12.3
      vertex 15.8645 7.57793 12.3
      vertex 15.4625 8.32989 11.4
    endloop
  endfacet
  facet normal -0.432588 0.583501 0.687309
    outer loop
      vertex 16.0288 7.67645 12.3
      vertex 16.1782 7.78721 12.3
      vertex 15.5551 8.38538 11.4
    endloop
  endfacet
  facet normal -0.373364 0.623059 0.687312
    outer loop
      vertex 15.4625 8.32989 11.4
      vertex 15.8693 7.58085 12.3
      vertex 15.5551 8.38538 11.4
    endloop
  endfacet
  facet normal -0.37756 0.620647 0.687201
    outer loop
      vertex 15.8693 7.58085 12.3
      vertex 15.4625 8.32989 11.4
      vertex 15.8645 7.57793 12.3
    endloop
  endfacet
  facet normal 0.683763 -0.245123 0.687301
    outer loop
      vertex 13.1381 10.0419 12.3
      vertex 13.9277 9.72095 11.4
      vertex 13.14 10.0472 12.3
    endloop
  endfacet
  facet normal 0.684072 -0.244311 0.687283
    outer loop
      vertex 13.9277 9.72095 11.4
      vertex 13.1381 10.0419 12.3
      vertex 13.8914 9.61931 11.4
    endloop
  endfacet
  facet normal 0.704647 -0.176191 0.687335
    outer loop
      vertex 13.8914 9.61931 11.4
      vertex 13.0754 9.86682 12.3
      vertex 13.0303 9.68645 12.3
    endloop
  endfacet
  facet normal 0.656607 0.310568 0.687324
    outer loop
      vertex 13.2219 8.37954 12.3
      vertex 13.9739 8.78146 11.4
      vertex 13.1424 8.54762 12.3
    endloop
  endfacet
  facet normal -0.623007 -0.373414 0.687332
    outer loop
      vertex 16.6661 10.2205 12.3
      vertex 16.5705 10.38 12.3
      vertex 15.9141 9.81854 11.4
    endloop
  endfacet
  facet normal 0.718581 0.106327 0.687268
    outer loop
      vertex 13.0281 8.92468 12.3
      vertex 13.8651 9.0854 11.4
      vertex 13.8493 9.19218 11.4
    endloop
  endfacet
  facet normal 0.71924 0.102383 0.687177
    outer loop
      vertex 13.8651 9.0854 11.4
      vertex 13.0281 8.92468 12.3
      vertex 13.0289 8.91906 12.3
    endloop
  endfacet
  facet normal -0.583416 -0.432681 0.687323
    outer loop
      vertex 16.5676 10.3848 12.3
      vertex 16.4568 10.5342 12.3
      vertex 15.8586 9.91113 11.4
    endloop
  endfacet
  facet normal -0.538197 -0.487814 0.6873
    outer loop
      vertex 16.4534 10.5387 12.3
      vertex 16.3285 10.6765 12.3
      vertex 15.7943 9.99783 11.4
    endloop
  endfacet
  facet normal -0.583421 0.432687 0.687315
    outer loop
      vertex 15.7943 8.60217 11.4
      vertex 16.4568 8.06583 12.3
      vertex 15.8586 8.68887 11.4
    endloop
  endfacet
  facet normal -0.582749 0.433555 0.687338
    outer loop
      vertex 16.4568 8.06583 12.3
      vertex 15.7943 8.60217 11.4
      vertex 16.4534 8.06126 12.3
    endloop
  endfacet
  facet normal -0.487809 -0.538191 0.687308
    outer loop
      vertex 16.3205 10.6845 12.3
      vertex 16.1827 10.8094 12.3
      vertex 15.6418 10.1503 11.4
    endloop
  endfacet
  facet normal 0.487809 -0.538191 0.687308
    outer loop
      vertex 14.2462 10.1503 11.4
      vertex 13.7053 10.8094 12.3
      vertex 13.5675 10.6845 12.3
    endloop
  endfacet
  facet normal 0.487733 0.538263 0.687306
    outer loop
      vertex 14.1662 8.52218 11.4
      vertex 13.5675 7.91547 12.3
      vertex 14.2462 8.44969 11.4
    endloop
  endfacet
  facet normal 0.488029 0.537984 0.687314
    outer loop
      vertex 13.5675 7.91547 12.3
      vertex 14.1662 8.52218 11.4
      vertex 13.5633 7.91928 12.3
    endloop
  endfacet
  facet normal 0.487745 0.53825 0.687307
    outer loop
      vertex 13.7053 7.7906 12.3
      vertex 14.2462 8.44969 11.4
      vertex 13.5675 7.91547 12.3
    endloop
  endfacet
  facet normal 0.244658 -0.683949 0.687282
    outer loop
      vertex 14.523 10.3163 11.4
      vertex 14.3718 11.1666 12.3
      vertex 14.1968 11.104 12.3
    endloop
  endfacet
  facet normal -0.252339 -0.681316 0.68712
    outer loop
      vertex 15.2633 10.3526 11.4
      vertex 15.5162 11.1666 12.3
      vertex 15.5108 11.1686 12.3
    endloop
  endfacet
  facet normal -0.24417 -0.68408 0.687325
    outer loop
      vertex 15.5162 11.1666 12.3
      vertex 15.2633 10.3526 11.4
      vertex 15.365 10.3163 11.4
    endloop
  endfacet
  facet normal -0.0356299 0.72549 0.68731
    outer loop
      vertex 15.1354 7.35677 12.3
      vertex 15.0518 8.2053 11.4
      vertex 14.9497 7.34765 12.3
    endloop
  endfacet
  facet normal -0.176959 -0.70447 0.687319
    outer loop
      vertex 15.2633 10.3526 11.4
      vertex 15.5053 11.1699 12.3
      vertex 15.1586 10.3789 11.4
    endloop
  endfacet
  facet normal -0.167134 -0.707106 0.687071
    outer loop
      vertex 15.5053 11.1699 12.3
      vertex 15.2633 10.3526 11.4
      vertex 15.5108 11.1686 12.3
    endloop
  endfacet
  facet normal -0.432872 -0.583284 0.687315
    outer loop
      vertex 16.1827 10.8094 12.3
      vertex 16.0334 10.9202 12.3
      vertex 15.6418 10.1503 11.4
    endloop
  endfacet
  facet normal 0.176455 0.70461 0.687305
    outer loop
      vertex 14.6247 8.24736 11.4
      vertex 14.5631 7.38489 12.3
      vertex 14.7294 8.22114 11.4
    endloop
  endfacet
  facet normal 0.173745 0.705052 0.687543
    outer loop
      vertex 14.5631 7.38489 12.3
      vertex 14.6247 8.24736 11.4
      vertex 14.5575 7.38627 12.3
    endloop
  endfacet
  facet normal 0.373426 0.623028 0.687306
    outer loop
      vertex 14.0187 7.58085 12.3
      vertex 14.3329 8.38538 11.4
      vertex 13.8592 7.67645 12.3
    endloop
  endfacet
  facet normal -0.538638 -0.487339 0.687291
    outer loop
      vertex 15.7218 10.0778 11.4
      vertex 16.3285 10.6765 12.3
      vertex 16.3247 10.6807 12.3
    endloop
  endfacet
  facet normal -0.538138 -0.48787 0.687307
    outer loop
      vertex 16.3285 10.6765 12.3
      vertex 15.7218 10.0778 11.4
      vertex 15.7943 9.99783 11.4
    endloop
  endfacet
  facet normal 0.0381745 -0.725316 0.687357
    outer loop
      vertex 14.8362 10.3947 11.4
      vertex 14.7583 11.2435 12.3
      vertex 14.7526 11.2432 12.3
    endloop
  endfacet
  facet normal 0.0356689 -0.725491 0.687306
    outer loop
      vertex 14.7583 11.2435 12.3
      vertex 14.8362 10.3947 11.4
      vertex 14.944 10.4 11.4
    endloop
  endfacet
  facet normal 0.583412 -0.432681 0.687326
    outer loop
      vertex 13.3238 10.3894 12.3
      vertex 14.0294 9.91113 11.4
      vertex 14.0937 9.99783 11.4
    endloop
  endfacet
  facet normal 0.584094 -0.431721 0.687351
    outer loop
      vertex 14.0294 9.91113 11.4
      vertex 13.3238 10.3894 12.3
      vertex 13.3204 10.3848 12.3
    endloop
  endfacet
  facet normal -0.621646 -0.375578 0.687385
    outer loop
      vertex 15.8586 9.91113 11.4
      vertex 16.5705 10.38 12.3
      vertex 16.5676 10.3848 12.3
    endloop
  endfacet
  facet normal -0.622993 -0.373433 0.687334
    outer loop
      vertex 16.5705 10.38 12.3
      vertex 15.8586 9.91113 11.4
      vertex 15.9141 9.81854 11.4
    endloop
  endfacet
  facet normal -0.0356689 -0.725491 0.687306
    outer loop
      vertex 15.0518 10.3947 11.4
      vertex 15.1297 11.2435 12.3
      vertex 14.944 10.4 11.4
    endloop
  endfacet
  facet normal -0.0381745 -0.725316 0.687357
    outer loop
      vertex 15.1297 11.2435 12.3
      vertex 15.0518 10.3947 11.4
      vertex 15.1354 11.2432 12.3
    endloop
  endfacet
  facet normal -0.623002 0.373438 0.687323
    outer loop
      vertex 15.8586 8.68887 11.4
      vertex 16.5705 8.22005 12.3
      vertex 15.9141 8.78146 11.4
    endloop
  endfacet
  facet normal -0.62412 0.371652 0.687277
    outer loop
      vertex 16.5705 8.22005 12.3
      vertex 15.8586 8.68887 11.4
      vertex 16.5676 8.21518 12.3
    endloop
  endfacet
  facet normal 0.718507 0.106645 0.687295
    outer loop
      vertex 13.0281 8.92468 12.3
      vertex 13.8493 9.19218 11.4
      vertex 13.0008 9.10861 12.3
    endloop
  endfacet
  facet normal -0.487339 -0.538638 0.687291
    outer loop
      vertex 16.3205 10.6845 12.3
      vertex 15.7218 10.0778 11.4
      vertex 16.3247 10.6807 12.3
    endloop
  endfacet
  facet normal -0.487772 -0.538231 0.687304
    outer loop
      vertex 15.7218 10.0778 11.4
      vertex 16.3205 10.6845 12.3
      vertex 15.6418 10.1503 11.4
    endloop
  endfacet
  facet normal 0.10274 -0.719182 0.687184
    outer loop
      vertex 14.7294 10.3789 11.4
      vertex 14.5687 11.2159 12.3
      vertex 14.5631 11.2151 12.3
    endloop
  endfacet
  facet normal 0.106308 -0.718585 0.687266
    outer loop
      vertex 14.5687 11.2159 12.3
      vertex 14.7294 10.3789 11.4
      vertex 14.8362 10.3947 11.4
    endloop
  endfacet
  facet normal -0.487745 0.53825 0.687307
    outer loop
      vertex 16.1827 7.7906 12.3
      vertex 16.3205 7.91547 12.3
      vertex 15.6418 8.44969 11.4
    endloop
  endfacet
  facet normal -0.623004 0.373435 0.687322
    outer loop
      vertex 16.5705 8.22005 12.3
      vertex 16.6661 8.37954 12.3
      vertex 15.9141 8.78146 11.4
    endloop
  endfacet
  facet normal -0.656607 0.310568 0.687324
    outer loop
      vertex 16.6661 8.37954 12.3
      vertex 16.7456 8.54762 12.3
      vertex 15.9141 8.78146 11.4
    endloop
  endfacet
  facet normal -0.718507 -0.106645 0.687295
    outer loop
      vertex 16.8872 9.49139 12.3
      vertex 16.8599 9.67532 12.3
      vertex 16.0387 9.40782 11.4
    endloop
  endfacet
  facet normal 0.725728 0.0255538 0.687507
    outer loop
      vertex 12.9916 9.29432 12.3
      vertex 13.844 9.3 11.4
      vertex 12.9914 9.3 12.3
    endloop
  endfacet
  facet normal 0.725472 0.0356613 0.687327
    outer loop
      vertex 13.844 9.3 11.4
      vertex 12.9916 9.29432 12.3
      vertex 13.8493 9.19218 11.4
    endloop
  endfacet
  facet normal 0.704514 0.176953 0.687276
    outer loop
      vertex 13.0289 8.91906 12.3
      vertex 13.8914 8.98069 11.4
      vertex 13.8651 9.0854 11.4
    endloop
  endfacet
  facet normal 0.704188 0.178923 0.687099
    outer loop
      vertex 13.8914 8.98069 11.4
      vertex 13.0289 8.91906 12.3
      vertex 13.0303 8.91355 12.3
    endloop
  endfacet
  facet normal 0.252339 -0.681316 0.68712
    outer loop
      vertex 14.3718 11.1666 12.3
      vertex 14.6247 10.3526 11.4
      vertex 14.3772 11.1686 12.3
    endloop
  endfacet
  facet normal 0.24417 -0.68408 0.687325
    outer loop
      vertex 14.6247 10.3526 11.4
      vertex 14.3718 11.1666 12.3
      vertex 14.523 10.3163 11.4
    endloop
  endfacet
  facet normal 0.244596 0.683954 0.687298
    outer loop
      vertex 14.523 8.28373 11.4
      vertex 14.2021 7.49409 12.3
      vertex 14.6247 8.24736 11.4
    endloop
  endfacet
  facet normal 0.246254 0.683322 0.687335
    outer loop
      vertex 14.2021 7.49409 12.3
      vertex 14.523 8.28373 11.4
      vertex 14.1968 7.496 12.3
    endloop
  endfacet
  facet normal 0.0356299 0.72549 0.68731
    outer loop
      vertex 14.9383 7.34765 12.3
      vertex 14.8362 8.2053 11.4
      vertex 14.7526 7.35677 12.3
    endloop
  endfacet
  facet normal 0.3734 -0.623006 0.687339
    outer loop
      vertex 13.864 10.9265 12.3
      vertex 14.3329 10.2146 11.4
      vertex 14.4255 10.2701 11.4
    endloop
  endfacet
  facet normal 0.375574 -0.62164 0.687392
    outer loop
      vertex 14.3329 10.2146 11.4
      vertex 13.864 10.9265 12.3
      vertex 13.8592 10.9236 12.3
    endloop
  endfacet
  facet normal 0.310819 0.656517 0.687297
    outer loop
      vertex 14.1916 7.49843 12.3
      vertex 14.523 8.28373 11.4
      vertex 14.4255 8.32989 11.4
    endloop
  endfacet
  facet normal 0.307491 0.658005 0.687371
    outer loop
      vertex 14.523 8.28373 11.4
      vertex 14.1916 7.49843 12.3
      vertex 14.1968 7.496 12.3
    endloop
  endfacet
  facet normal 0.538197 -0.487814 0.6873
    outer loop
      vertex 14.0937 9.99783 11.4
      vertex 13.5595 10.6765 12.3
      vertex 13.4346 10.5387 12.3
    endloop
  endfacet
  facet normal 0.432872 -0.583284 0.687315
    outer loop
      vertex 14.2462 10.1503 11.4
      vertex 13.8546 10.9202 12.3
      vertex 13.7053 10.8094 12.3
    endloop
  endfacet
  facet normal -0.106308 -0.718585 0.687266
    outer loop
      vertex 15.1586 10.3789 11.4
      vertex 15.3193 11.2159 12.3
      vertex 15.0518 10.3947 11.4
    endloop
  endfacet
  facet normal -0.10274 -0.719182 0.687184
    outer loop
      vertex 15.3193 11.2159 12.3
      vertex 15.1586 10.3789 11.4
      vertex 15.3249 11.2151 12.3
    endloop
  endfacet
  facet normal 0.623166 0.373165 0.687322
    outer loop
      vertex 13.3204 8.21518 12.3
      vertex 14.0294 8.68887 11.4
      vertex 13.2249 8.37466 12.3
    endloop
  endfacet
  facet normal -0.37313 -0.623186 0.687323
    outer loop
      vertex 16.0288 10.9236 12.3
      vertex 15.8693 11.0191 12.3
      vertex 15.5551 10.2146 11.4
    endloop
  endfacet
  facet normal -0.106662 -0.718503 0.687296
    outer loop
      vertex 15.3193 11.2159 12.3
      vertex 15.1354 11.2432 12.3
      vertex 15.0518 10.3947 11.4
    endloop
  endfacet
  facet normal 0.487772 -0.538231 0.687304
    outer loop
      vertex 13.5675 10.6845 12.3
      vertex 14.1662 10.0778 11.4
      vertex 14.2462 10.1503 11.4
    endloop
  endfacet
  facet normal 0.487339 -0.538638 0.687291
    outer loop
      vertex 14.1662 10.0778 11.4
      vertex 13.5675 10.6845 12.3
      vertex 13.5633 10.6807 12.3
    endloop
  endfacet
  facet normal 0.623032 -0.373456 0.687286
    outer loop
      vertex 13.2249 10.2253 12.3
      vertex 13.9739 9.81854 11.4
      vertex 14.0294 9.91113 11.4
    endloop
  endfacet
  facet normal 0.616255 -0.38516 0.686936
    outer loop
      vertex 13.9739 9.81854 11.4
      vertex 13.2249 10.2253 12.3
      vertex 13.2219 10.2205 12.3
    endloop
  endfacet
  facet normal -0.107746 0.718305 0.687334
    outer loop
      vertex 15.1586 8.22114 11.4
      vertex 15.3193 7.38405 12.3
      vertex 15.3249 7.38489 12.3
    endloop
  endfacet
  facet normal -0.106565 0.718505 0.687309
    outer loop
      vertex 15.3193 7.38405 12.3
      vertex 15.1586 8.22114 11.4
      vertex 15.0518 8.2053 11.4
    endloop
  endfacet
  facet normal 0.106583 0.718501 0.687311
    outer loop
      vertex 14.7526 7.35677 12.3
      vertex 14.8362 8.2053 11.4
      vertex 14.5687 7.38405 12.3
    endloop
  endfacet
  facet normal -0.539175 0.486666 0.687347
    outer loop
      vertex 15.7943 8.60217 11.4
      vertex 16.4496 8.05705 12.3
      vertex 16.4534 8.06126 12.3
    endloop
  endfacet
  facet normal -0.538192 0.487797 0.687316
    outer loop
      vertex 16.4496 8.05705 12.3
      vertex 15.7943 8.60217 11.4
      vertex 15.7218 8.52218 11.4
    endloop
  endfacet
  facet normal -0.373426 0.623028 0.687306
    outer loop
      vertex 15.8693 7.58085 12.3
      vertex 16.0288 7.67645 12.3
      vertex 15.5551 8.38538 11.4
    endloop
  endfacet
  facet normal 0.538138 0.487867 0.687309
    outer loop
      vertex 13.5595 7.92349 12.3
      vertex 14.0937 8.60217 11.4
      vertex 13.4346 8.06126 12.3
    endloop
  endfacet
  facet normal -0.659397 -0.304337 0.687441
    outer loop
      vertex 16.7456 10.0524 12.3
      vertex 15.9603 9.72095 11.4
      vertex 16.748 10.0472 12.3
    endloop
  endfacet
  facet normal -0.656515 -0.3108 0.687307
    outer loop
      vertex 15.9603 9.72095 11.4
      vertex 16.7456 10.0524 12.3
      vertex 15.9141 9.81854 11.4
    endloop
  endfacet
  facet normal 0.583421 0.432687 0.687315
    outer loop
      vertex 13.4312 8.06583 12.3
      vertex 14.0937 8.60217 11.4
      vertex 14.0294 8.68887 11.4
    endloop
  endfacet
  facet normal 0.582749 0.433555 0.687338
    outer loop
      vertex 14.0937 8.60217 11.4
      vertex 13.4312 8.06583 12.3
      vertex 13.4346 8.06126 12.3
    endloop
  endfacet
  facet normal -0.244658 -0.683949 0.687282
    outer loop
      vertex 15.6912 11.104 12.3
      vertex 15.5162 11.1666 12.3
      vertex 15.365 10.3163 11.4
    endloop
  endfacet
  facet normal -0.680605 -0.254432 0.687053
    outer loop
      vertex 16.8106 9.87217 12.3
      vertex 15.9966 9.61931 11.4
      vertex 16.8126 9.86682 12.3
    endloop
  endfacet
  facet normal -0.684042 -0.244301 0.687316
    outer loop
      vertex 15.9966 9.61931 11.4
      vertex 16.8106 9.87217 12.3
      vertex 15.9603 9.72095 11.4
    endloop
  endfacet
  facet normal -0.436987 0.580072 0.687429
    outer loop
      vertex 15.6418 8.44969 11.4
      vertex 16.1782 7.78721 12.3
      vertex 16.1827 7.7906 12.3
    endloop
  endfacet
  facet normal -0.432725 0.583381 0.687325
    outer loop
      vertex 16.1782 7.78721 12.3
      vertex 15.6418 8.44969 11.4
      vertex 15.5551 8.38538 11.4
    endloop
  endfacet
  facet normal -0.7046 -0.17657 0.687286
    outer loop
      vertex 16.8591 9.68094 12.3
      vertex 16.8139 9.86131 12.3
      vertex 16.0229 9.5146 11.4
    endloop
  endfacet
  facet normal -0.71924 -0.102383 0.687177
    outer loop
      vertex 16.0229 9.5146 11.4
      vertex 16.8599 9.67532 12.3
      vertex 16.8591 9.68094 12.3
    endloop
  endfacet
  facet normal -0.718581 -0.106327 0.687268
    outer loop
      vertex 16.8599 9.67532 12.3
      vertex 16.0229 9.5146 11.4
      vertex 16.0387 9.40782 11.4
    endloop
  endfacet
  facet normal 0.538202 0.487806 0.687302
    outer loop
      vertex 13.5595 7.92349 12.3
      vertex 14.1662 8.52218 11.4
      vertex 14.0937 8.60217 11.4
    endloop
  endfacet
  facet normal 0.53923 0.486716 0.687269
    outer loop
      vertex 14.1662 8.52218 11.4
      vertex 13.5595 7.92349 12.3
      vertex 13.5633 7.91928 12.3
    endloop
  endfacet
  facet normal 0.310532 -0.65661 0.687338
    outer loop
      vertex 14.4255 10.2701 11.4
      vertex 14.1916 11.1016 12.3
      vertex 14.0235 11.0221 12.3
    endloop
  endfacet
  facet normal 0.71924 -0.102383 0.687177
    outer loop
      vertex 13.0281 9.67532 12.3
      vertex 13.8651 9.5146 11.4
      vertex 13.0289 9.68094 12.3
    endloop
  endfacet
  facet normal 0.718581 -0.106327 0.687268
    outer loop
      vertex 13.8651 9.5146 11.4
      vertex 13.0281 9.67532 12.3
      vertex 13.8493 9.40782 11.4
    endloop
  endfacet
  facet normal 0.656515 -0.3108 0.687307
    outer loop
      vertex 13.1424 10.0524 12.3
      vertex 13.9277 9.72095 11.4
      vertex 13.9739 9.81854 11.4
    endloop
  endfacet
  facet normal 0.659397 -0.304337 0.687441
    outer loop
      vertex 13.9277 9.72095 11.4
      vertex 13.1424 10.0524 12.3
      vertex 13.14 10.0472 12.3
    endloop
  endfacet
  facet normal 0.432588 0.583501 0.687309
    outer loop
      vertex 13.8592 7.67645 12.3
      vertex 14.3329 8.38538 11.4
      vertex 13.7098 7.78721 12.3
    endloop
  endfacet
  facet normal 0.432725 0.583381 0.687325
    outer loop
      vertex 14.2462 8.44969 11.4
      vertex 13.7098 7.78721 12.3
      vertex 14.3329 8.38538 11.4
    endloop
  endfacet
  facet normal 0.436987 0.580072 0.687429
    outer loop
      vertex 13.7098 7.78721 12.3
      vertex 14.2462 8.44969 11.4
      vertex 13.7053 7.7906 12.3
    endloop
  endfacet
  facet normal 0.684073 0.244312 0.687282
    outer loop
      vertex 13.1381 8.55811 12.3
      vertex 13.9277 8.87905 11.4
      vertex 13.8914 8.98069 11.4
    endloop
  endfacet
  facet normal 0.684531 0.243105 0.687253
    outer loop
      vertex 13.9277 8.87905 11.4
      vertex 13.1381 8.55811 12.3
      vertex 13.14 8.55276 12.3
    endloop
  endfacet
  facet normal 0.623025 0.373451 0.687295
    outer loop
      vertex 13.9739 8.78146 11.4
      vertex 13.2249 8.37466 12.3
      vertex 14.0294 8.68887 11.4
    endloop
  endfacet
  facet normal 0.618958 0.380507 0.6871
    outer loop
      vertex 13.2249 8.37466 12.3
      vertex 13.9739 8.78146 11.4
      vertex 13.2219 8.37954 12.3
    endloop
  endfacet
  facet normal -0.304341 -0.659404 0.687432
    outer loop
      vertex 15.365 10.3163 11.4
      vertex 15.6964 11.1016 12.3
      vertex 15.6912 11.104 12.3
    endloop
  endfacet
  facet normal -0.311041 -0.656417 0.687292
    outer loop
      vertex 15.6964 11.1016 12.3
      vertex 15.365 10.3163 11.4
      vertex 15.4625 10.2701 11.4
    endloop
  endfacet
  facet normal -0.310532 -0.65661 0.687338
    outer loop
      vertex 15.8645 11.0221 12.3
      vertex 15.6964 11.1016 12.3
      vertex 15.4625 10.2701 11.4
    endloop
  endfacet
  facet normal 0.106662 -0.718503 0.687296
    outer loop
      vertex 21.7802 10.3947 11.4
      vertex 21.6966 11.2432 12.3
      vertex 21.5127 11.2159 12.3
    endloop
  endfacet
  facet normal -0.658093 0.307281 0.687381
    outer loop
      vertex 22.9043 8.87905 11.4
      vertex 23.6896 8.54762 12.3
      vertex 23.692 8.55276 12.3
    endloop
  endfacet
  facet normal -0.656518 0.310802 0.687303
    outer loop
      vertex 23.6896 8.54762 12.3
      vertex 22.9043 8.87905 11.4
      vertex 22.8581 8.78146 11.4
    endloop
  endfacet
  facet normal -0.68397 0.244568 0.687293
    outer loop
      vertex 23.692 8.55276 12.3
      vertex 23.7546 8.72783 12.3
      vertex 22.9043 8.87905 11.4
    endloop
  endfacet
  facet normal 0.432872 -0.583284 0.687315
    outer loop
      vertex 21.1902 10.1503 11.4
      vertex 20.7986 10.9202 12.3
      vertex 20.6493 10.8094 12.3
    endloop
  endfacet
  facet normal -0.725507 -0.0355487 0.687297
    outer loop
      vertex 23.8406 9.3 12.3
      vertex 23.8315 9.48572 12.3
      vertex 22.988 9.3 11.4
    endloop
  endfacet
  facet normal -0.725301 -0.0383757 0.687361
    outer loop
      vertex 22.9827 9.40782 11.4
      vertex 23.8315 9.48572 12.3
      vertex 23.8312 9.49139 12.3
    endloop
  endfacet
  facet normal -0.725492 -0.0356623 0.687306
    outer loop
      vertex 23.8315 9.48572 12.3
      vertex 22.9827 9.40782 11.4
      vertex 22.988 9.3 11.4
    endloop
  endfacet
  facet normal -0.0356299 0.72549 0.68731
    outer loop
      vertex 22.0794 7.35677 12.3
      vertex 21.9958 8.2053 11.4
      vertex 21.8937 7.34765 12.3
    endloop
  endfacet
  facet normal 0.176543 -0.70461 0.687282
    outer loop
      vertex 21.6734 10.3789 11.4
      vertex 21.5071 11.2151 12.3
      vertex 21.3267 11.1699 12.3
    endloop
  endfacet
  facet normal -0.0356689 0.725491 0.687306
    outer loop
      vertex 21.888 8.2 11.4
      vertex 21.8937 7.34765 12.3
      vertex 21.9958 8.2053 11.4
    endloop
  endfacet
  facet normal -0.0356382 0.725492 0.687307
    outer loop
      vertex 21.8937 7.34765 12.3
      vertex 21.888 8.2 11.4
      vertex 21.888 7.34737 12.3
    endloop
  endfacet
  facet normal -0.107746 0.718305 0.687334
    outer loop
      vertex 22.1026 8.22114 11.4
      vertex 22.2633 7.38405 12.3
      vertex 22.2689 7.38489 12.3
    endloop
  endfacet
  facet normal -0.106565 0.718505 0.687309
    outer loop
      vertex 22.2633 7.38405 12.3
      vertex 22.1026 8.22114 11.4
      vertex 21.9958 8.2053 11.4
    endloop
  endfacet
  facet normal 0.487745 0.53825 0.687307
    outer loop
      vertex 20.6493 7.7906 12.3
      vertex 21.1902 8.44969 11.4
      vertex 20.5115 7.91547 12.3
    endloop
  endfacet
  facet normal 0.538197 -0.487814 0.6873
    outer loop
      vertex 21.0377 9.99783 11.4
      vertex 20.5035 10.6765 12.3
      vertex 20.3786 10.5387 12.3
    endloop
  endfacet
  facet normal 0.487809 -0.538191 0.687308
    outer loop
      vertex 21.1902 10.1503 11.4
      vertex 20.6493 10.8094 12.3
      vertex 20.5115 10.6845 12.3
    endloop
  endfacet
  facet normal -0.725492 0.0356623 0.687306
    outer loop
      vertex 22.9827 9.19218 11.4
      vertex 23.8315 9.11428 12.3
      vertex 22.988 9.3 11.4
    endloop
  endfacet
  facet normal -0.725301 0.0383757 0.687361
    outer loop
      vertex 23.8315 9.11428 12.3
      vertex 22.9827 9.19218 11.4
      vertex 23.8312 9.10861 12.3
    endloop
  endfacet
  facet normal 0.310538 0.656623 0.687323
    outer loop
      vertex 21.1356 7.49843 12.3
      vertex 21.3695 8.32989 11.4
      vertex 20.9675 7.57793 12.3
    endloop
  endfacet
  facet normal 0.0356382 0.725492 0.687307
    outer loop
      vertex 21.888 8.2 11.4
      vertex 21.8823 7.34765 12.3
      vertex 21.888 7.34737 12.3
    endloop
  endfacet
  facet normal 0.0356689 0.725491 0.687306
    outer loop
      vertex 21.8823 7.34765 12.3
      vertex 21.888 8.2 11.4
      vertex 21.7802 8.2053 11.4
    endloop
  endfacet
  facet normal 0.621646 -0.375578 0.687385
    outer loop
      vertex 20.2615 10.38 12.3
      vertex 20.9734 9.91113 11.4
      vertex 20.2644 10.3848 12.3
    endloop
  endfacet
  facet normal 0.622993 -0.373433 0.687334
    outer loop
      vertex 20.9734 9.91113 11.4
      vertex 20.2615 10.38 12.3
      vertex 20.9179 9.81854 11.4
    endloop
  endfacet
  facet normal 0.718507 -0.106645 0.687295
    outer loop
      vertex 20.7933 9.40782 11.4
      vertex 19.9721 9.67532 12.3
      vertex 19.9448 9.49139 12.3
    endloop
  endfacet
  facet normal 0.718507 0.106645 0.687295
    outer loop
      vertex 19.9721 8.92468 12.3
      vertex 20.7933 9.19218 11.4
      vertex 19.9448 9.10861 12.3
    endloop
  endfacet
  facet normal -0.173745 0.705052 0.687543
    outer loop
      vertex 22.2073 8.24736 11.4
      vertex 22.2689 7.38489 12.3
      vertex 22.2745 7.38627 12.3
    endloop
  endfacet
  facet normal -0.176455 0.70461 0.687305
    outer loop
      vertex 22.2689 7.38489 12.3
      vertex 22.2073 8.24736 11.4
      vertex 22.1026 8.22114 11.4
    endloop
  endfacet
  facet normal 0.704514 0.176953 0.687276
    outer loop
      vertex 19.9729 8.91906 12.3
      vertex 20.8354 8.98069 11.4
      vertex 20.8091 9.0854 11.4
    endloop
  endfacet
  facet normal 0.704188 0.178923 0.687099
    outer loop
      vertex 20.8354 8.98069 11.4
      vertex 19.9729 8.91906 12.3
      vertex 19.9743 8.91355 12.3
    endloop
  endfacet
  facet normal -0.310538 0.656623 0.687323
    outer loop
      vertex 22.6404 7.49843 12.3
      vertex 22.8085 7.57793 12.3
      vertex 22.4065 8.32989 11.4
    endloop
  endfacet
  facet normal 0.487772 -0.538231 0.687304
    outer loop
      vertex 20.5115 10.6845 12.3
      vertex 21.1102 10.0778 11.4
      vertex 21.1902 10.1503 11.4
    endloop
  endfacet
  facet normal 0.487339 -0.538638 0.687291
    outer loop
      vertex 21.1102 10.0778 11.4
      vertex 20.5115 10.6845 12.3
      vertex 20.5073 10.6807 12.3
    endloop
  endfacet
  facet normal 0.0356299 0.72549 0.68731
    outer loop
      vertex 21.8823 7.34765 12.3
      vertex 21.7802 8.2053 11.4
      vertex 21.6966 7.35677 12.3
    endloop
  endfacet
  facet normal -0.487745 0.53825 0.687307
    outer loop
      vertex 23.1267 7.7906 12.3
      vertex 23.2645 7.91547 12.3
      vertex 22.5858 8.44969 11.4
    endloop
  endfacet
  facet normal -0.656607 0.310568 0.687324
    outer loop
      vertex 23.6101 8.37954 12.3
      vertex 23.6896 8.54762 12.3
      vertex 22.8581 8.78146 11.4
    endloop
  endfacet
  facet normal 0.684042 -0.244301 0.687316
    outer loop
      vertex 20.0214 9.87217 12.3
      vertex 20.8354 9.61931 11.4
      vertex 20.8717 9.72095 11.4
    endloop
  endfacet
  facet normal 0.680605 -0.254432 0.687053
    outer loop
      vertex 20.8354 9.61931 11.4
      vertex 20.0214 9.87217 12.3
      vertex 20.0194 9.86682 12.3
    endloop
  endfacet
  facet normal -0.373409 -0.623 0.68734
    outer loop
      vertex 22.968 10.9265 12.3
      vertex 22.8085 11.0221 12.3
      vertex 22.4065 10.2701 11.4
    endloop
  endfacet
  facet normal -0.432872 -0.583284 0.687315
    outer loop
      vertex 23.1267 10.8094 12.3
      vertex 22.9774 10.9202 12.3
      vertex 22.5858 10.1503 11.4
    endloop
  endfacet
  facet normal 0.244596 0.683954 0.687298
    outer loop
      vertex 21.467 8.28373 11.4
      vertex 21.1461 7.49409 12.3
      vertex 21.5687 8.24736 11.4
    endloop
  endfacet
  facet normal 0.246254 0.683322 0.687335
    outer loop
      vertex 21.1461 7.49409 12.3
      vertex 21.467 8.28373 11.4
      vertex 21.1408 7.496 12.3
    endloop
  endfacet
  facet normal 0.683956 -0.244619 0.687288
    outer loop
      vertex 20.8717 9.72095 11.4
      vertex 20.084 10.0472 12.3
      vertex 20.0214 9.87217 12.3
    endloop
  endfacet
  facet normal 0.431717 -0.584088 0.687359
    outer loop
      vertex 20.7986 10.9202 12.3
      vertex 21.2769 10.2146 11.4
      vertex 20.8032 10.9236 12.3
    endloop
  endfacet
  facet normal 0.432676 -0.583406 0.687334
    outer loop
      vertex 21.2769 10.2146 11.4
      vertex 20.7986 10.9202 12.3
      vertex 21.1902 10.1503 11.4
    endloop
  endfacet
  facet normal -0.244666 0.683923 0.687305
    outer loop
      vertex 22.4548 7.43145 12.3
      vertex 22.6299 7.49409 12.3
      vertex 22.2073 8.24736 11.4
    endloop
  endfacet
  facet normal -0.106583 0.718501 0.687311
    outer loop
      vertex 22.0794 7.35677 12.3
      vertex 22.2633 7.38405 12.3
      vertex 21.9958 8.2053 11.4
    endloop
  endfacet
  facet normal 0.725492 0.0356623 0.687306
    outer loop
      vertex 19.9445 9.11428 12.3
      vertex 20.7933 9.19218 11.4
      vertex 20.788 9.3 11.4
    endloop
  endfacet
  facet normal 0.725301 0.0383757 0.687361
    outer loop
      vertex 20.7933 9.19218 11.4
      vertex 19.9445 9.11428 12.3
      vertex 19.9448 9.10861 12.3
    endloop
  endfacet
  facet normal 0.71924 -0.102383 0.687177
    outer loop
      vertex 19.9721 9.67532 12.3
      vertex 20.8091 9.5146 11.4
      vertex 19.9729 9.68094 12.3
    endloop
  endfacet
  facet normal 0.718581 -0.106327 0.687268
    outer loop
      vertex 20.8091 9.5146 11.4
      vertex 19.9721 9.67532 12.3
      vertex 20.7933 9.40782 11.4
    endloop
  endfacet
  facet normal -0.718513 0.106646 0.687289
    outer loop
      vertex 23.8031 8.91906 12.3
      vertex 23.8304 9.10299 12.3
      vertex 22.9669 9.0854 11.4
    endloop
  endfacet
  facet normal -0.725507 0.0355487 0.687297
    outer loop
      vertex 23.8315 9.11428 12.3
      vertex 23.8406 9.3 12.3
      vertex 22.988 9.3 11.4
    endloop
  endfacet
  facet normal -0.488029 0.537984 0.687314
    outer loop
      vertex 22.6658 8.52218 11.4
      vertex 23.2645 7.91547 12.3
      vertex 23.2687 7.91928 12.3
    endloop
  endfacet
  facet normal -0.487733 0.538263 0.687306
    outer loop
      vertex 23.2645 7.91547 12.3
      vertex 22.6658 8.52218 11.4
      vertex 22.5858 8.44969 11.4
    endloop
  endfacet
  facet normal 0.704647 0.176191 0.687335
    outer loop
      vertex 20.0194 8.73318 12.3
      vertex 20.8354 8.98069 11.4
      vertex 19.9743 8.91355 12.3
    endloop
  endfacet
  facet normal 0.106583 0.718501 0.687311
    outer loop
      vertex 21.6966 7.35677 12.3
      vertex 21.7802 8.2053 11.4
      vertex 21.5127 7.38405 12.3
    endloop
  endfacet
  facet normal -0.176556 0.704584 0.687306
    outer loop
      vertex 22.2745 7.38627 12.3
      vertex 22.4548 7.43145 12.3
      vertex 22.2073 8.24736 11.4
    endloop
  endfacet
  facet normal 0.4328 0.583344 0.687309
    outer loop
      vertex 20.7986 7.67983 12.3
      vertex 21.1902 8.44969 11.4
      vertex 20.6493 7.7906 12.3
    endloop
  endfacet
  facet normal 0.623002 0.373438 0.687323
    outer loop
      vertex 20.2615 8.22005 12.3
      vertex 20.9734 8.68887 11.4
      vertex 20.9179 8.78146 11.4
    endloop
  endfacet
  facet normal 0.62412 0.371652 0.687277
    outer loop
      vertex 20.9734 8.68887 11.4
      vertex 20.2615 8.22005 12.3
      vertex 20.2644 8.21518 12.3
    endloop
  endfacet
  facet normal 0.707182 -0.166849 0.687063
    outer loop
      vertex 20.0181 9.86131 12.3
      vertex 20.8354 9.61931 11.4
      vertex 20.0194 9.86682 12.3
    endloop
  endfacet
  facet normal 0.704474 -0.176943 0.687319
    outer loop
      vertex 20.8354 9.61931 11.4
      vertex 20.0181 9.86131 12.3
      vertex 20.8091 9.5146 11.4
    endloop
  endfacet
  facet normal -0.431717 -0.584088 0.687359
    outer loop
      vertex 22.4991 10.2146 11.4
      vertex 22.9774 10.9202 12.3
      vertex 22.9728 10.9236 12.3
    endloop
  endfacet
  facet normal -0.432676 -0.583406 0.687334
    outer loop
      vertex 22.9774 10.9202 12.3
      vertex 22.4991 10.2146 11.4
      vertex 22.5858 10.1503 11.4
    endloop
  endfacet
  facet normal 0.310819 0.656517 0.687297
    outer loop
      vertex 21.1356 7.49843 12.3
      vertex 21.467 8.28373 11.4
      vertex 21.3695 8.32989 11.4
    endloop
  endfacet
  facet normal 0.307491 0.658005 0.687371
    outer loop
      vertex 21.467 8.28373 11.4
      vertex 21.1356 7.49843 12.3
      vertex 21.1408 7.496 12.3
    endloop
  endfacet
  facet normal 0.538192 0.487797 0.687316
    outer loop
      vertex 21.0377 8.60217 11.4
      vertex 20.3824 8.05705 12.3
      vertex 21.1102 8.52218 11.4
    endloop
  endfacet
  facet normal 0.539175 0.486666 0.687347
    outer loop
      vertex 20.3824 8.05705 12.3
      vertex 21.0377 8.60217 11.4
      vertex 20.3786 8.06126 12.3
    endloop
  endfacet
  facet normal -0.718547 0.106322 0.687303
    outer loop
      vertex 22.9669 9.0854 11.4
      vertex 23.8312 9.10861 12.3
      vertex 22.9827 9.19218 11.4
    endloop
  endfacet
  facet normal -0.718799 0.10232 0.687648
    outer loop
      vertex 23.8312 9.10861 12.3
      vertex 22.9669 9.0854 11.4
      vertex 23.8304 9.10299 12.3
    endloop
  endfacet
  facet normal 0.725507 -0.0355487 0.687297
    outer loop
      vertex 20.788 9.3 11.4
      vertex 19.9445 9.48572 12.3
      vertex 19.9354 9.3 12.3
    endloop
  endfacet
  facet normal 0.656607 0.310568 0.687324
    outer loop
      vertex 20.1659 8.37954 12.3
      vertex 20.9179 8.78146 11.4
      vertex 20.0864 8.54762 12.3
    endloop
  endfacet
  facet normal 0.656616 -0.310535 0.687331
    outer loop
      vertex 20.9179 9.81854 11.4
      vertex 20.1659 10.2205 12.3
      vertex 20.0864 10.0524 12.3
    endloop
  endfacet
  facet normal -0.538138 0.487867 0.687309
    outer loop
      vertex 23.2687 7.91928 12.3
      vertex 23.3936 8.05705 12.3
      vertex 22.6658 8.52218 11.4
    endloop
  endfacet
  facet normal -0.623007 -0.373414 0.687332
    outer loop
      vertex 23.6101 10.2205 12.3
      vertex 23.5145 10.38 12.3
      vertex 22.8581 9.81854 11.4
    endloop
  endfacet
  facet normal 0.656518 0.310802 0.687303
    outer loop
      vertex 20.8717 8.87905 11.4
      vertex 20.0864 8.54762 12.3
      vertex 20.9179 8.78146 11.4
    endloop
  endfacet
  facet normal 0.658093 0.307281 0.687381
    outer loop
      vertex 20.0864 8.54762 12.3
      vertex 20.8717 8.87905 11.4
      vertex 20.084 8.55276 12.3
    endloop
  endfacet
  facet normal -0.43273 0.583388 0.687316
    outer loop
      vertex 22.4991 8.38538 11.4
      vertex 22.9774 7.67983 12.3
      vertex 22.5858 8.44969 11.4
    endloop
  endfacet
  facet normal -0.430057 0.585284 0.687382
    outer loop
      vertex 22.9774 7.67983 12.3
      vertex 22.4991 8.38538 11.4
      vertex 22.9728 7.67645 12.3
    endloop
  endfacet
  facet normal -0.252339 -0.681316 0.68712
    outer loop
      vertex 22.2073 10.3526 11.4
      vertex 22.4602 11.1666 12.3
      vertex 22.4548 11.1686 12.3
    endloop
  endfacet
  facet normal -0.24417 -0.68408 0.687325
    outer loop
      vertex 22.4602 11.1666 12.3
      vertex 22.2073 10.3526 11.4
      vertex 22.309 10.3163 11.4
    endloop
  endfacet
  facet normal -0.0356689 -0.725491 0.687306
    outer loop
      vertex 21.9958 10.3947 11.4
      vertex 22.0737 11.2435 12.3
      vertex 21.888 10.4 11.4
    endloop
  endfacet
  facet normal -0.0381745 -0.725316 0.687357
    outer loop
      vertex 22.0737 11.2435 12.3
      vertex 21.9958 10.3947 11.4
      vertex 22.0794 11.2432 12.3
    endloop
  endfacet
  facet normal 0.68397 0.244568 0.687293
    outer loop
      vertex 20.084 8.55276 12.3
      vertex 20.8717 8.87905 11.4
      vertex 20.0214 8.72783 12.3
    endloop
  endfacet
  facet normal -0.583345 0.432773 0.687325
    outer loop
      vertex 23.4008 8.06583 12.3
      vertex 23.5116 8.21518 12.3
      vertex 22.8026 8.68887 11.4
    endloop
  endfacet
  facet normal -0.623002 0.373438 0.687323
    outer loop
      vertex 22.8026 8.68887 11.4
      vertex 23.5145 8.22005 12.3
      vertex 22.8581 8.78146 11.4
    endloop
  endfacet
  facet normal -0.62412 0.371652 0.687277
    outer loop
      vertex 23.5145 8.22005 12.3
      vertex 22.8026 8.68887 11.4
      vertex 23.5116 8.21518 12.3
    endloop
  endfacet
  facet normal -0.704514 0.176953 0.687276
    outer loop
      vertex 22.9406 8.98069 11.4
      vertex 23.8031 8.91906 12.3
      vertex 22.9669 9.0854 11.4
    endloop
  endfacet
  facet normal -0.704188 0.178923 0.687099
    outer loop
      vertex 23.8031 8.91906 12.3
      vertex 22.9406 8.98069 11.4
      vertex 23.8017 8.91355 12.3
    endloop
  endfacet
  facet normal -0.680605 0.254432 0.687053
    outer loop
      vertex 22.9406 8.98069 11.4
      vertex 23.7546 8.72783 12.3
      vertex 23.7566 8.73318 12.3
    endloop
  endfacet
  facet normal -0.684042 0.244301 0.687316
    outer loop
      vertex 23.7546 8.72783 12.3
      vertex 22.9406 8.98069 11.4
      vertex 22.9043 8.87905 11.4
    endloop
  endfacet
  facet normal 0.0355526 -0.725506 0.687296
    outer loop
      vertex 21.888 10.4 11.4
      vertex 21.888 11.2526 12.3
      vertex 21.7023 11.2435 12.3
    endloop
  endfacet
  facet normal -0.584094 -0.431721 0.687351
    outer loop
      vertex 23.5082 10.3894 12.3
      vertex 22.8026 9.91113 11.4
      vertex 23.5116 10.3848 12.3
    endloop
  endfacet
  facet normal -0.583412 -0.432681 0.687326
    outer loop
      vertex 22.8026 9.91113 11.4
      vertex 23.5082 10.3894 12.3
      vertex 22.7383 9.99783 11.4
    endloop
  endfacet
  facet normal 0.373426 0.623028 0.687306
    outer loop
      vertex 20.9627 7.58085 12.3
      vertex 21.2769 8.38538 11.4
      vertex 20.8032 7.67645 12.3
    endloop
  endfacet
  facet normal -0.704647 0.176191 0.687335
    outer loop
      vertex 23.7566 8.73318 12.3
      vertex 23.8017 8.91355 12.3
      vertex 22.9406 8.98069 11.4
    endloop
  endfacet
  facet normal 0.58329 -0.432877 0.687307
    outer loop
      vertex 21.0377 9.99783 11.4
      vertex 20.3786 10.5387 12.3
      vertex 20.2678 10.3894 12.3
    endloop
  endfacet
  facet normal 0.252339 -0.681316 0.68712
    outer loop
      vertex 21.3158 11.1666 12.3
      vertex 21.5687 10.3526 11.4
      vertex 21.3212 11.1686 12.3
    endloop
  endfacet
  facet normal 0.24417 -0.68408 0.687325
    outer loop
      vertex 21.5687 10.3526 11.4
      vertex 21.3158 11.1666 12.3
      vertex 21.467 10.3163 11.4
    endloop
  endfacet
  facet normal 0.684042 0.244301 0.687316
    outer loop
      vertex 20.8354 8.98069 11.4
      vertex 20.0214 8.72783 12.3
      vertex 20.8717 8.87905 11.4
    endloop
  endfacet
  facet normal 0.680605 0.254432 0.687053
    outer loop
      vertex 20.0214 8.72783 12.3
      vertex 20.8354 8.98069 11.4
      vertex 20.0194 8.73318 12.3
    endloop
  endfacet
  facet normal -0.487809 -0.538191 0.687308
    outer loop
      vertex 23.2645 10.6845 12.3
      vertex 23.1267 10.8094 12.3
      vertex 22.5858 10.1503 11.4
    endloop
  endfacet
  facet normal -0.310819 0.656517 0.687297
    outer loop
      vertex 22.309 8.28373 11.4
      vertex 22.6404 7.49843 12.3
      vertex 22.4065 8.32989 11.4
    endloop
  endfacet
  facet normal -0.307491 0.658005 0.687371
    outer loop
      vertex 22.6404 7.49843 12.3
      vertex 22.309 8.28373 11.4
      vertex 22.6352 7.496 12.3
    endloop
  endfacet
  facet normal -0.246254 0.683322 0.687335
    outer loop
      vertex 22.309 8.28373 11.4
      vertex 22.6299 7.49409 12.3
      vertex 22.6352 7.496 12.3
    endloop
  endfacet
  facet normal -0.244596 0.683954 0.687298
    outer loop
      vertex 22.6299 7.49409 12.3
      vertex 22.309 8.28373 11.4
      vertex 22.2073 8.24736 11.4
    endloop
  endfacet
  facet normal 0.7046 -0.17657 0.687286
    outer loop
      vertex 20.8091 9.5146 11.4
      vertex 20.0181 9.86131 12.3
      vertex 19.9729 9.68094 12.3
    endloop
  endfacet
  facet normal -0.4328 0.583344 0.687309
    outer loop
      vertex 22.9774 7.67983 12.3
      vertex 23.1267 7.7906 12.3
      vertex 22.5858 8.44969 11.4
    endloop
  endfacet
  facet normal -0.0355526 -0.725506 0.687296
    outer loop
      vertex 22.0737 11.2435 12.3
      vertex 21.888 11.2526 12.3
      vertex 21.888 10.4 11.4
    endloop
  endfacet
  facet normal 0.0381745 -0.725316 0.687357
    outer loop
      vertex 21.7802 10.3947 11.4
      vertex 21.7023 11.2435 12.3
      vertex 21.6966 11.2432 12.3
    endloop
  endfacet
  facet normal 0.0356689 -0.725491 0.687306
    outer loop
      vertex 21.7023 11.2435 12.3
      vertex 21.7802 10.3947 11.4
      vertex 21.888 10.4 11.4
    endloop
  endfacet
  facet normal 0.176455 0.70461 0.687305
    outer loop
      vertex 21.5687 8.24736 11.4
      vertex 21.5071 7.38489 12.3
      vertex 21.6734 8.22114 11.4
    endloop
  endfacet
  facet normal 0.173745 0.705052 0.687543
    outer loop
      vertex 21.5071 7.38489 12.3
      vertex 21.5687 8.24736 11.4
      vertex 21.5015 7.38627 12.3
    endloop
  endfacet
  facet normal 0.304341 -0.659404 0.687432
    outer loop
      vertex 21.1356 11.1016 12.3
      vertex 21.467 10.3163 11.4
      vertex 21.1408 11.104 12.3
    endloop
  endfacet
  facet normal 0.311041 -0.656417 0.687292
    outer loop
      vertex 21.467 10.3163 11.4
      vertex 21.1356 11.1016 12.3
      vertex 21.3695 10.2701 11.4
    endloop
  endfacet
  facet normal 0.583412 -0.432681 0.687326
    outer loop
      vertex 20.2678 10.3894 12.3
      vertex 20.9734 9.91113 11.4
      vertex 21.0377 9.99783 11.4
    endloop
  endfacet
  facet normal 0.584094 -0.431721 0.687351
    outer loop
      vertex 20.9734 9.91113 11.4
      vertex 20.2678 10.3894 12.3
      vertex 20.2644 10.3848 12.3
    endloop
  endfacet
  facet normal -0.683956 -0.244619 0.687288
    outer loop
      vertex 23.7546 9.87217 12.3
      vertex 23.692 10.0472 12.3
      vertex 22.9043 9.72095 11.4
    endloop
  endfacet
  facet normal 0.310532 -0.65661 0.687338
    outer loop
      vertex 21.3695 10.2701 11.4
      vertex 21.1356 11.1016 12.3
      vertex 20.9675 11.0221 12.3
    endloop
  endfacet
  facet normal 0.725507 0.0355487 0.687297
    outer loop
      vertex 19.9445 9.11428 12.3
      vertex 20.788 9.3 11.4
      vertex 19.9354 9.3 12.3
    endloop
  endfacet
  facet normal 0.583345 0.432773 0.687325
    outer loop
      vertex 20.3752 8.06583 12.3
      vertex 20.9734 8.68887 11.4
      vertex 20.2644 8.21518 12.3
    endloop
  endfacet
  facet normal 0.373409 -0.623 0.68734
    outer loop
      vertex 21.3695 10.2701 11.4
      vertex 20.9675 11.0221 12.3
      vertex 20.808 10.9265 12.3
    endloop
  endfacet
  facet normal -0.539175 0.486666 0.687347
    outer loop
      vertex 22.7383 8.60217 11.4
      vertex 23.3936 8.05705 12.3
      vertex 23.3974 8.06126 12.3
    endloop
  endfacet
  facet normal -0.538192 0.487797 0.687316
    outer loop
      vertex 23.3936 8.05705 12.3
      vertex 22.7383 8.60217 11.4
      vertex 22.6658 8.52218 11.4
    endloop
  endfacet
  facet normal -0.623004 0.373435 0.687322
    outer loop
      vertex 23.5145 8.22005 12.3
      vertex 23.6101 8.37954 12.3
      vertex 22.8581 8.78146 11.4
    endloop
  endfacet
  facet normal -0.244658 -0.683949 0.687282
    outer loop
      vertex 22.6352 11.104 12.3
      vertex 22.4602 11.1666 12.3
      vertex 22.309 10.3163 11.4
    endloop
  endfacet
  facet normal 0.538638 -0.487339 0.687291
    outer loop
      vertex 20.5035 10.6765 12.3
      vertex 21.1102 10.0778 11.4
      vertex 20.5073 10.6807 12.3
    endloop
  endfacet
  facet normal 0.538138 -0.48787 0.687307
    outer loop
      vertex 21.1102 10.0778 11.4
      vertex 20.5035 10.6765 12.3
      vertex 21.0377 9.99783 11.4
    endloop
  endfacet
  facet normal -0.310532 -0.65661 0.687338
    outer loop
      vertex 22.8085 11.0221 12.3
      vertex 22.6404 11.1016 12.3
      vertex 22.4065 10.2701 11.4
    endloop
  endfacet
  facet normal 0.10274 -0.719182 0.687184
    outer loop
      vertex 21.6734 10.3789 11.4
      vertex 21.5127 11.2159 12.3
      vertex 21.5071 11.2151 12.3
    endloop
  endfacet
  facet normal 0.106308 -0.718585 0.687266
    outer loop
      vertex 21.5127 11.2159 12.3
      vertex 21.6734 10.3789 11.4
      vertex 21.7802 10.3947 11.4
    endloop
  endfacet
  facet normal 0.244658 -0.683949 0.687282
    outer loop
      vertex 21.467 10.3163 11.4
      vertex 21.3158 11.1666 12.3
      vertex 21.1408 11.104 12.3
    endloop
  endfacet
  facet normal 0.43273 0.583388 0.687316
    outer loop
      vertex 20.7986 7.67983 12.3
      vertex 21.2769 8.38538 11.4
      vertex 21.1902 8.44969 11.4
    endloop
  endfacet
  facet normal 0.430057 0.585284 0.687382
    outer loop
      vertex 21.2769 8.38538 11.4
      vertex 20.7986 7.67983 12.3
      vertex 20.8032 7.67645 12.3
    endloop
  endfacet
  facet normal -0.656616 -0.310535 0.687331
    outer loop
      vertex 23.6896 10.0524 12.3
      vertex 23.6101 10.2205 12.3
      vertex 22.8581 9.81854 11.4
    endloop
  endfacet
  facet normal 0.106565 0.718505 0.687309
    outer loop
      vertex 21.6734 8.22114 11.4
      vertex 21.5127 7.38405 12.3
      vertex 21.7802 8.2053 11.4
    endloop
  endfacet
  facet normal 0.107746 0.718305 0.687334
    outer loop
      vertex 21.5127 7.38405 12.3
      vertex 21.6734 8.22114 11.4
      vertex 21.5071 7.38489 12.3
    endloop
  endfacet
  facet normal 0.623007 -0.373414 0.687332
    outer loop
      vertex 20.9179 9.81854 11.4
      vertex 20.2615 10.38 12.3
      vertex 20.1659 10.2205 12.3
    endloop
  endfacet
  facet normal 0.373364 0.623059 0.687312
    outer loop
      vertex 20.9627 7.58085 12.3
      vertex 21.3695 8.32989 11.4
      vertex 21.2769 8.38538 11.4
    endloop
  endfacet
  facet normal 0.37756 0.620647 0.687201
    outer loop
      vertex 21.3695 8.32989 11.4
      vertex 20.9627 7.58085 12.3
      vertex 20.9675 7.57793 12.3
    endloop
  endfacet
  facet normal -0.373364 0.623059 0.687312
    outer loop
      vertex 22.4065 8.32989 11.4
      vertex 22.8133 7.58085 12.3
      vertex 22.4991 8.38538 11.4
    endloop
  endfacet
  facet normal -0.37756 0.620647 0.687201
    outer loop
      vertex 22.8133 7.58085 12.3
      vertex 22.4065 8.32989 11.4
      vertex 22.8085 7.57793 12.3
    endloop
  endfacet
  facet normal -0.373426 0.623028 0.687306
    outer loop
      vertex 22.8133 7.58085 12.3
      vertex 22.9728 7.67645 12.3
      vertex 22.4991 8.38538 11.4
    endloop
  endfacet
  facet normal 0.718581 0.106327 0.687268
    outer loop
      vertex 19.9721 8.92468 12.3
      vertex 20.8091 9.0854 11.4
      vertex 20.7933 9.19218 11.4
    endloop
  endfacet
  facet normal 0.71924 0.102383 0.687177
    outer loop
      vertex 20.8091 9.0854 11.4
      vertex 19.9721 8.92468 12.3
      vertex 19.9729 8.91906 12.3
    endloop
  endfacet
  facet normal -0.583421 0.432687 0.687315
    outer loop
      vertex 22.7383 8.60217 11.4
      vertex 23.4008 8.06583 12.3
      vertex 22.8026 8.68887 11.4
    endloop
  endfacet
  facet normal -0.582749 0.433555 0.687338
    outer loop
      vertex 23.4008 8.06583 12.3
      vertex 22.7383 8.60217 11.4
      vertex 23.3974 8.06126 12.3
    endloop
  endfacet
  facet normal -0.538638 -0.487339 0.687291
    outer loop
      vertex 22.6658 10.0778 11.4
      vertex 23.2725 10.6765 12.3
      vertex 23.2687 10.6807 12.3
    endloop
  endfacet
  facet normal -0.538138 -0.48787 0.687307
    outer loop
      vertex 23.2725 10.6765 12.3
      vertex 22.6658 10.0778 11.4
      vertex 22.7383 9.99783 11.4
    endloop
  endfacet
  facet normal 0.623004 0.373435 0.687322
    outer loop
      vertex 20.2615 8.22005 12.3
      vertex 20.9179 8.78146 11.4
      vertex 20.1659 8.37954 12.3
    endloop
  endfacet
  facet normal 0.176556 0.704584 0.687306
    outer loop
      vertex 21.5015 7.38627 12.3
      vertex 21.5687 8.24736 11.4
      vertex 21.3212 7.43145 12.3
    endloop
  endfacet
  facet normal -0.176543 -0.70461 0.687282
    outer loop
      vertex 22.4493 11.1699 12.3
      vertex 22.2689 11.2151 12.3
      vertex 22.1026 10.3789 11.4
    endloop
  endfacet
  facet normal 0.725301 -0.0383757 0.687361
    outer loop
      vertex 19.9445 9.48572 12.3
      vertex 20.7933 9.40782 11.4
      vertex 19.9448 9.49139 12.3
    endloop
  endfacet
  facet normal 0.725492 -0.0356623 0.687306
    outer loop
      vertex 20.7933 9.40782 11.4
      vertex 19.9445 9.48572 12.3
      vertex 20.788 9.3 11.4
    endloop
  endfacet
  facet normal 0.3734 -0.623006 0.687339
    outer loop
      vertex 20.808 10.9265 12.3
      vertex 21.2769 10.2146 11.4
      vertex 21.3695 10.2701 11.4
    endloop
  endfacet
  facet normal 0.375574 -0.62164 0.687392
    outer loop
      vertex 21.2769 10.2146 11.4
      vertex 20.808 10.9265 12.3
      vertex 20.8032 10.9236 12.3
    endloop
  endfacet
  facet normal -0.106662 -0.718503 0.687296
    outer loop
      vertex 22.2633 11.2159 12.3
      vertex 22.0794 11.2432 12.3
      vertex 21.9958 10.3947 11.4
    endloop
  endfacet
  facet normal 0.656515 -0.3108 0.687307
    outer loop
      vertex 20.0864 10.0524 12.3
      vertex 20.8717 9.72095 11.4
      vertex 20.9179 9.81854 11.4
    endloop
  endfacet
  facet normal 0.659397 -0.304337 0.687441
    outer loop
      vertex 20.8717 9.72095 11.4
      vertex 20.0864 10.0524 12.3
      vertex 20.084 10.0472 12.3
    endloop
  endfacet
  facet normal -0.176959 -0.70447 0.687319
    outer loop
      vertex 22.2073 10.3526 11.4
      vertex 22.4493 11.1699 12.3
      vertex 22.1026 10.3789 11.4
    endloop
  endfacet
  facet normal -0.167134 -0.707106 0.687071
    outer loop
      vertex 22.4493 11.1699 12.3
      vertex 22.2073 10.3526 11.4
      vertex 22.4548 11.1686 12.3
    endloop
  endfacet
  facet normal 0.487733 0.538263 0.687306
    outer loop
      vertex 21.1102 8.52218 11.4
      vertex 20.5115 7.91547 12.3
      vertex 21.1902 8.44969 11.4
    endloop
  endfacet
  facet normal 0.488029 0.537984 0.687314
    outer loop
      vertex 20.5115 7.91547 12.3
      vertex 21.1102 8.52218 11.4
      vertex 20.5073 7.91928 12.3
    endloop
  endfacet
  facet normal 0.538138 0.487867 0.687309
    outer loop
      vertex 20.5073 7.91928 12.3
      vertex 21.1102 8.52218 11.4
      vertex 20.3824 8.05705 12.3
    endloop
  endfacet
  facet normal 0.244666 0.683923 0.687305
    outer loop
      vertex 21.3212 7.43145 12.3
      vertex 21.5687 8.24736 11.4
      vertex 21.1461 7.49409 12.3
    endloop
  endfacet
  facet normal 0.583421 0.432687 0.687315
    outer loop
      vertex 20.3752 8.06583 12.3
      vertex 21.0377 8.60217 11.4
      vertex 20.9734 8.68887 11.4
    endloop
  endfacet
  facet normal 0.582749 0.433555 0.687338
    outer loop
      vertex 21.0377 8.60217 11.4
      vertex 20.3752 8.06583 12.3
      vertex 20.3786 8.06126 12.3
    endloop
  endfacet
  facet normal 0.167134 -0.707106 0.687071
    outer loop
      vertex 21.5687 10.3526 11.4
      vertex 21.3267 11.1699 12.3
      vertex 21.3212 11.1686 12.3
    endloop
  endfacet
  facet normal 0.176959 -0.70447 0.687319
    outer loop
      vertex 21.3267 11.1699 12.3
      vertex 21.5687 10.3526 11.4
      vertex 21.6734 10.3789 11.4
    endloop
  endfacet
  facet normal -0.58329 -0.432877 0.687307
    outer loop
      vertex 23.5082 10.3894 12.3
      vertex 23.3974 10.5387 12.3
      vertex 22.7383 9.99783 11.4
    endloop
  endfacet
  facet normal -0.621646 -0.375578 0.687385
    outer loop
      vertex 22.8026 9.91113 11.4
      vertex 23.5145 10.38 12.3
      vertex 23.5116 10.3848 12.3
    endloop
  endfacet
  facet normal -0.622993 -0.373433 0.687334
    outer loop
      vertex 23.5145 10.38 12.3
      vertex 22.8026 9.91113 11.4
      vertex 22.8581 9.81854 11.4
    endloop
  endfacet
  facet normal -0.106308 -0.718585 0.687266
    outer loop
      vertex 22.1026 10.3789 11.4
      vertex 22.2633 11.2159 12.3
      vertex 21.9958 10.3947 11.4
    endloop
  endfacet
  facet normal -0.10274 -0.719182 0.687184
    outer loop
      vertex 22.2633 11.2159 12.3
      vertex 22.1026 10.3789 11.4
      vertex 22.2689 11.2151 12.3
    endloop
  endfacet
  facet normal -0.659397 -0.304337 0.687441
    outer loop
      vertex 23.6896 10.0524 12.3
      vertex 22.9043 9.72095 11.4
      vertex 23.692 10.0472 12.3
    endloop
  endfacet
  facet normal -0.656515 -0.3108 0.687307
    outer loop
      vertex 22.9043 9.72095 11.4
      vertex 23.6896 10.0524 12.3
      vertex 22.8581 9.81854 11.4
    endloop
  endfacet
  facet normal -0.304341 -0.659404 0.687432
    outer loop
      vertex 22.309 10.3163 11.4
      vertex 22.6404 11.1016 12.3
      vertex 22.6352 11.104 12.3
    endloop
  endfacet
  facet normal -0.311041 -0.656417 0.687292
    outer loop
      vertex 22.6404 11.1016 12.3
      vertex 22.309 10.3163 11.4
      vertex 22.4065 10.2701 11.4
    endloop
  endfacet
  facet normal -0.375574 -0.62164 0.687392
    outer loop
      vertex 22.968 10.9265 12.3
      vertex 22.4991 10.2146 11.4
      vertex 22.9728 10.9236 12.3
    endloop
  endfacet
  facet normal -0.3734 -0.623006 0.687339
    outer loop
      vertex 22.4991 10.2146 11.4
      vertex 22.968 10.9265 12.3
      vertex 22.4065 10.2701 11.4
    endloop
  endfacet
  facet normal -0.538197 -0.487814 0.6873
    outer loop
      vertex 23.3974 10.5387 12.3
      vertex 23.2725 10.6765 12.3
      vertex 22.7383 9.99783 11.4
    endloop
  endfacet
  facet normal -0.487339 -0.538638 0.687291
    outer loop
      vertex 23.2645 10.6845 12.3
      vertex 22.6658 10.0778 11.4
      vertex 23.2687 10.6807 12.3
    endloop
  endfacet
  facet normal -0.487772 -0.538231 0.687304
    outer loop
      vertex 22.6658 10.0778 11.4
      vertex 23.2645 10.6845 12.3
      vertex 22.5858 10.1503 11.4
    endloop
  endfacet
  facet normal -0.7046 -0.17657 0.687286
    outer loop
      vertex 23.8031 9.68094 12.3
      vertex 23.7579 9.86131 12.3
      vertex 22.9669 9.5146 11.4
    endloop
  endfacet
  facet normal -0.707182 -0.166849 0.687063
    outer loop
      vertex 22.9406 9.61931 11.4
      vertex 23.7579 9.86131 12.3
      vertex 23.7566 9.86682 12.3
    endloop
  endfacet
  facet normal -0.704474 -0.176943 0.687319
    outer loop
      vertex 23.7579 9.86131 12.3
      vertex 22.9406 9.61931 11.4
      vertex 22.9669 9.5146 11.4
    endloop
  endfacet
  facet normal -0.680605 -0.254432 0.687053
    outer loop
      vertex 23.7546 9.87217 12.3
      vertex 22.9406 9.61931 11.4
      vertex 23.7566 9.86682 12.3
    endloop
  endfacet
  facet normal -0.684042 -0.244301 0.687316
    outer loop
      vertex 22.9406 9.61931 11.4
      vertex 23.7546 9.87217 12.3
      vertex 22.9043 9.72095 11.4
    endloop
  endfacet
  facet normal -0.718513 -0.106646 0.687289
    outer loop
      vertex 23.8304 9.49701 12.3
      vertex 23.8031 9.68094 12.3
      vertex 22.9669 9.5146 11.4
    endloop
  endfacet
  facet normal -0.718799 -0.10232 0.687648
    outer loop
      vertex 22.9669 9.5146 11.4
      vertex 23.8312 9.49139 12.3
      vertex 23.8304 9.49701 12.3
    endloop
  endfacet
  facet normal -0.718547 -0.106322 0.687303
    outer loop
      vertex 23.8312 9.49139 12.3
      vertex 22.9669 9.5146 11.4
      vertex 22.9827 9.40782 11.4
    endloop
  endfacet
  facet normal -0.725472 -0.0356613 0.687327
    outer loop
      vertex 29.932 9.3 11.4
      vertex 30.7844 9.30567 12.3
      vertex 29.9267 9.40782 11.4
    endloop
  endfacet
  facet normal -0.725727 -0.0255989 0.687506
    outer loop
      vertex 30.7844 9.30567 12.3
      vertex 29.932 9.3 11.4
      vertex 30.7846 9.3 12.3
    endloop
  endfacet
  facet normal 0.106662 -0.718503 0.687296
    outer loop
      vertex 28.7242 10.3947 11.4
      vertex 28.6406 11.2432 12.3
      vertex 28.4567 11.2159 12.3
    endloop
  endfacet
  facet normal 0.684042 -0.244301 0.687316
    outer loop
      vertex 26.9654 9.87217 12.3
      vertex 27.7794 9.61931 11.4
      vertex 27.8157 9.72095 11.4
    endloop
  endfacet
  facet normal 0.680605 -0.254432 0.687053
    outer loop
      vertex 27.7794 9.61931 11.4
      vertex 26.9654 9.87217 12.3
      vertex 26.9634 9.86682 12.3
    endloop
  endfacet
  facet normal -0.584094 -0.431721 0.687351
    outer loop
      vertex 30.4522 10.3894 12.3
      vertex 29.7466 9.91113 11.4
      vertex 30.4556 10.3848 12.3
    endloop
  endfacet
  facet normal -0.583412 -0.432681 0.687326
    outer loop
      vertex 29.7466 9.91113 11.4
      vertex 30.4522 10.3894 12.3
      vertex 29.6823 9.99783 11.4
    endloop
  endfacet
  facet normal 0.725507 -0.0355487 0.687297
    outer loop
      vertex 27.732 9.3 11.4
      vertex 26.8885 9.48572 12.3
      vertex 26.8794 9.3 12.3
    endloop
  endfacet
  facet normal -0.583345 0.432773 0.687325
    outer loop
      vertex 30.3448 8.06583 12.3
      vertex 30.4556 8.21518 12.3
      vertex 29.7466 8.68887 11.4
    endloop
  endfacet
  facet normal -0.683812 -0.244888 0.687336
    outer loop
      vertex 30.7006 9.86682 12.3
      vertex 30.6379 10.0419 12.3
      vertex 29.8846 9.61931 11.4
    endloop
  endfacet
  facet normal -0.683808 0.244901 0.687336
    outer loop
      vertex 30.6379 8.55811 12.3
      vertex 30.7006 8.73318 12.3
      vertex 29.8846 8.98069 11.4
    endloop
  endfacet
  facet normal 0.432725 0.583381 0.687325
    outer loop
      vertex 28.1342 8.44969 11.4
      vertex 27.5978 7.78721 12.3
      vertex 28.2209 8.38538 11.4
    endloop
  endfacet
  facet normal 0.436987 0.580072 0.687429
    outer loop
      vertex 27.5978 7.78721 12.3
      vertex 28.1342 8.44969 11.4
      vertex 27.5933 7.7906 12.3
    endloop
  endfacet
  facet normal -0.656616 -0.310535 0.687331
    outer loop
      vertex 30.6336 10.0524 12.3
      vertex 30.5541 10.2205 12.3
      vertex 29.8021 9.81854 11.4
    endloop
  endfacet
  facet normal 0.432588 0.583501 0.687309
    outer loop
      vertex 27.7472 7.67645 12.3
      vertex 28.2209 8.38538 11.4
      vertex 27.5978 7.78721 12.3
    endloop
  endfacet
  facet normal 0.623007 -0.373414 0.687332
    outer loop
      vertex 27.8619 9.81854 11.4
      vertex 27.2055 10.38 12.3
      vertex 27.1099 10.2205 12.3
    endloop
  endfacet
  facet normal -0.0356299 0.72549 0.68731
    outer loop
      vertex 29.0234 7.35677 12.3
      vertex 28.9398 8.2053 11.4
      vertex 28.8377 7.34765 12.3
    endloop
  endfacet
  facet normal 0.57944 -0.437799 0.687446
    outer loop
      vertex 27.3192 10.5342 12.3
      vertex 27.9817 9.99783 11.4
      vertex 27.3226 10.5387 12.3
    endloop
  endfacet
  facet normal 0.583415 -0.432683 0.687323
    outer loop
      vertex 27.9817 9.99783 11.4
      vertex 27.3192 10.5342 12.3
      vertex 27.9174 9.91113 11.4
    endloop
  endfacet
  facet normal 0.68397 0.244568 0.687293
    outer loop
      vertex 27.028 8.55276 12.3
      vertex 27.8157 8.87905 11.4
      vertex 26.9654 8.72783 12.3
    endloop
  endfacet
  facet normal -0.704514 0.176953 0.687276
    outer loop
      vertex 29.8846 8.98069 11.4
      vertex 30.7471 8.91906 12.3
      vertex 29.9109 9.0854 11.4
    endloop
  endfacet
  facet normal -0.704188 0.178923 0.687099
    outer loop
      vertex 30.7471 8.91906 12.3
      vertex 29.8846 8.98069 11.4
      vertex 30.7457 8.91355 12.3
    endloop
  endfacet
  facet normal 0.0381745 -0.725316 0.687357
    outer loop
      vertex 28.7242 10.3947 11.4
      vertex 28.6463 11.2435 12.3
      vertex 28.6406 11.2432 12.3
    endloop
  endfacet
  facet normal 0.0356689 -0.725491 0.687306
    outer loop
      vertex 28.6463 11.2435 12.3
      vertex 28.7242 10.3947 11.4
      vertex 28.832 10.4 11.4
    endloop
  endfacet
  facet normal -0.487809 -0.538191 0.687308
    outer loop
      vertex 30.2085 10.6845 12.3
      vertex 30.0707 10.8094 12.3
      vertex 29.5298 10.1503 11.4
    endloop
  endfacet
  facet normal -0.244666 0.683923 0.687305
    outer loop
      vertex 29.3988 7.43145 12.3
      vertex 29.5739 7.49409 12.3
      vertex 29.1513 8.24736 11.4
    endloop
  endfacet
  facet normal -0.616255 -0.38516 0.686936
    outer loop
      vertex 30.5511 10.2253 12.3
      vertex 29.8021 9.81854 11.4
      vertex 30.5541 10.2205 12.3
    endloop
  endfacet
  facet normal -0.623032 -0.373456 0.687286
    outer loop
      vertex 29.8021 9.81854 11.4
      vertex 30.5511 10.2253 12.3
      vertex 29.7466 9.91113 11.4
    endloop
  endfacet
  facet normal -0.623191 -0.373133 0.687316
    outer loop
      vertex 30.5511 10.2253 12.3
      vertex 30.4556 10.3848 12.3
      vertex 29.7466 9.91113 11.4
    endloop
  endfacet
  facet normal -0.72548 0.03594 0.687304
    outer loop
      vertex 30.7752 9.10861 12.3
      vertex 30.7844 9.29432 12.3
      vertex 29.9267 9.19218 11.4
    endloop
  endfacet
  facet normal -0.304341 -0.659404 0.687432
    outer loop
      vertex 29.253 10.3163 11.4
      vertex 29.5844 11.1016 12.3
      vertex 29.5792 11.104 12.3
    endloop
  endfacet
  facet normal -0.311041 -0.656417 0.687292
    outer loop
      vertex 29.5844 11.1016 12.3
      vertex 29.253 10.3163 11.4
      vertex 29.3505 10.2701 11.4
    endloop
  endfacet
  facet normal -0.246254 0.683322 0.687335
    outer loop
      vertex 29.253 8.28373 11.4
      vertex 29.5739 7.49409 12.3
      vertex 29.5792 7.496 12.3
    endloop
  endfacet
  facet normal -0.244596 0.683954 0.687298
    outer loop
      vertex 29.5739 7.49409 12.3
      vertex 29.253 8.28373 11.4
      vertex 29.1513 8.24736 11.4
    endloop
  endfacet
  facet normal -0.623166 0.373165 0.687322
    outer loop
      vertex 30.4556 8.21518 12.3
      vertex 30.5511 8.37466 12.3
      vertex 29.7466 8.68887 11.4
    endloop
  endfacet
  facet normal 0.583421 0.432687 0.687315
    outer loop
      vertex 27.3192 8.06583 12.3
      vertex 27.9817 8.60217 11.4
      vertex 27.9174 8.68887 11.4
    endloop
  endfacet
  facet normal 0.582749 0.433555 0.687338
    outer loop
      vertex 27.9817 8.60217 11.4
      vertex 27.3192 8.06583 12.3
      vertex 27.3226 8.06126 12.3
    endloop
  endfacet
  facet normal -0.538197 -0.487814 0.6873
    outer loop
      vertex 30.3414 10.5387 12.3
      vertex 30.2165 10.6765 12.3
      vertex 29.6823 9.99783 11.4
    endloop
  endfacet
  facet normal -0.0355526 -0.725506 0.687296
    outer loop
      vertex 29.0177 11.2435 12.3
      vertex 28.832 11.2526 12.3
      vertex 28.832 10.4 11.4
    endloop
  endfacet
  facet normal -0.718507 -0.106645 0.687295
    outer loop
      vertex 30.7752 9.49139 12.3
      vertex 30.7479 9.67532 12.3
      vertex 29.9267 9.40782 11.4
    endloop
  endfacet
  facet normal 0.623002 0.373438 0.687323
    outer loop
      vertex 27.2055 8.22005 12.3
      vertex 27.9174 8.68887 11.4
      vertex 27.8619 8.78146 11.4
    endloop
  endfacet
  facet normal 0.62412 0.371652 0.687277
    outer loop
      vertex 27.9174 8.68887 11.4
      vertex 27.2055 8.22005 12.3
      vertex 27.2084 8.21518 12.3
    endloop
  endfacet
  facet normal 0.0355526 -0.725506 0.687296
    outer loop
      vertex 28.832 10.4 11.4
      vertex 28.832 11.2526 12.3
      vertex 28.6463 11.2435 12.3
    endloop
  endfacet
  facet normal 0.432872 -0.583284 0.687315
    outer loop
      vertex 28.1342 10.1503 11.4
      vertex 27.7426 10.9202 12.3
      vertex 27.5933 10.8094 12.3
    endloop
  endfacet
  facet normal 0.725507 0.0355487 0.687297
    outer loop
      vertex 26.8885 9.11428 12.3
      vertex 27.732 9.3 11.4
      vertex 26.8794 9.3 12.3
    endloop
  endfacet
  facet normal 0.7046 -0.17657 0.687286
    outer loop
      vertex 27.7531 9.5146 11.4
      vertex 26.9621 9.86131 12.3
      vertex 26.9169 9.68094 12.3
    endloop
  endfacet
  facet normal -0.488029 0.537984 0.687314
    outer loop
      vertex 29.6098 8.52218 11.4
      vertex 30.2085 7.91547 12.3
      vertex 30.2127 7.91928 12.3
    endloop
  endfacet
  facet normal -0.487733 0.538263 0.687306
    outer loop
      vertex 30.2085 7.91547 12.3
      vertex 29.6098 8.52218 11.4
      vertex 29.5298 8.44969 11.4
    endloop
  endfacet
  facet normal 0.656607 0.310568 0.687324
    outer loop
      vertex 27.1099 8.37954 12.3
      vertex 27.8619 8.78146 11.4
      vertex 27.0304 8.54762 12.3
    endloop
  endfacet
  facet normal -0.0356689 0.725491 0.687306
    outer loop
      vertex 28.832 8.2 11.4
      vertex 28.8377 7.34765 12.3
      vertex 28.9398 8.2053 11.4
    endloop
  endfacet
  facet normal -0.0356382 0.725492 0.687307
    outer loop
      vertex 28.8377 7.34765 12.3
      vertex 28.832 8.2 11.4
      vertex 28.832 7.34737 12.3
    endloop
  endfacet
  facet normal 0.725492 0.0356623 0.687306
    outer loop
      vertex 26.8885 9.11428 12.3
      vertex 27.7373 9.19218 11.4
      vertex 27.732 9.3 11.4
    endloop
  endfacet
  facet normal 0.725301 0.0383757 0.687361
    outer loop
      vertex 27.7373 9.19218 11.4
      vertex 26.8885 9.11428 12.3
      vertex 26.8888 9.10861 12.3
    endloop
  endfacet
  facet normal 0.684042 0.244301 0.687316
    outer loop
      vertex 27.7794 8.98069 11.4
      vertex 26.9654 8.72783 12.3
      vertex 27.8157 8.87905 11.4
    endloop
  endfacet
  facet normal 0.680605 0.254432 0.687053
    outer loop
      vertex 26.9654 8.72783 12.3
      vertex 27.7794 8.98069 11.4
      vertex 26.9634 8.73318 12.3
    endloop
  endfacet
  facet normal -0.244658 -0.683949 0.687282
    outer loop
      vertex 29.5792 11.104 12.3
      vertex 29.4042 11.1666 12.3
      vertex 29.253 10.3163 11.4
    endloop
  endfacet
  facet normal 0.487809 -0.538191 0.687308
    outer loop
      vertex 28.1342 10.1503 11.4
      vertex 27.5933 10.8094 12.3
      vertex 27.4555 10.6845 12.3
    endloop
  endfacet
  facet normal 0.538138 0.487867 0.687309
    outer loop
      vertex 27.4513 7.91928 12.3
      vertex 28.0542 8.52218 11.4
      vertex 27.3264 8.05705 12.3
    endloop
  endfacet
  facet normal 0.373426 0.623028 0.687306
    outer loop
      vertex 27.9067 7.58085 12.3
      vertex 28.2209 8.38538 11.4
      vertex 27.7472 7.67645 12.3
    endloop
  endfacet
  facet normal -0.373409 -0.623 0.68734
    outer loop
      vertex 29.912 10.9265 12.3
      vertex 29.7525 11.0221 12.3
      vertex 29.3505 10.2701 11.4
    endloop
  endfacet
  facet normal -0.658093 0.307281 0.687381
    outer loop
      vertex 29.8483 8.87905 11.4
      vertex 30.6336 8.54762 12.3
      vertex 30.636 8.55276 12.3
    endloop
  endfacet
  facet normal -0.656518 0.310802 0.687303
    outer loop
      vertex 30.6336 8.54762 12.3
      vertex 29.8483 8.87905 11.4
      vertex 29.8021 8.78146 11.4
    endloop
  endfacet
  facet normal 0.718507 -0.106645 0.687295
    outer loop
      vertex 27.7373 9.40782 11.4
      vertex 26.9161 9.67532 12.3
      vertex 26.8888 9.49139 12.3
    endloop
  endfacet
  facet normal 0.304341 -0.659404 0.687432
    outer loop
      vertex 28.0796 11.1016 12.3
      vertex 28.411 10.3163 11.4
      vertex 28.0848 11.104 12.3
    endloop
  endfacet
  facet normal 0.311041 -0.656417 0.687292
    outer loop
      vertex 28.411 10.3163 11.4
      vertex 28.0796 11.1016 12.3
      vertex 28.3135 10.2701 11.4
    endloop
  endfacet
  facet normal -0.718581 0.106327 0.687268
    outer loop
      vertex 29.9109 9.0854 11.4
      vertex 30.7479 8.92468 12.3
      vertex 29.9267 9.19218 11.4
    endloop
  endfacet
  facet normal -0.71924 0.102383 0.687177
    outer loop
      vertex 30.7479 8.92468 12.3
      vertex 29.9109 9.0854 11.4
      vertex 30.7471 8.91906 12.3
    endloop
  endfacet
  facet normal -0.0356689 -0.725491 0.687306
    outer loop
      vertex 28.9398 10.3947 11.4
      vertex 29.0177 11.2435 12.3
      vertex 28.832 10.4 11.4
    endloop
  endfacet
  facet normal -0.0381745 -0.725316 0.687357
    outer loop
      vertex 29.0177 11.2435 12.3
      vertex 28.9398 10.3947 11.4
      vertex 29.0234 11.2432 12.3
    endloop
  endfacet
  facet normal -0.72548 -0.0359381 0.687304
    outer loop
      vertex 30.7844 9.30567 12.3
      vertex 30.7752 9.49139 12.3
      vertex 29.9267 9.40782 11.4
    endloop
  endfacet
  facet normal -0.725728 0.0255538 0.687507
    outer loop
      vertex 29.932 9.3 11.4
      vertex 30.7844 9.29432 12.3
      vertex 30.7846 9.3 12.3
    endloop
  endfacet
  facet normal -0.725472 0.0356613 0.687327
    outer loop
      vertex 30.7844 9.29432 12.3
      vertex 29.932 9.3 11.4
      vertex 29.9267 9.19218 11.4
    endloop
  endfacet
  facet normal -0.718507 0.106645 0.687295
    outer loop
      vertex 30.7479 8.92468 12.3
      vertex 30.7752 9.10861 12.3
      vertex 29.9267 9.19218 11.4
    endloop
  endfacet
  facet normal 0.244658 -0.683949 0.687282
    outer loop
      vertex 28.411 10.3163 11.4
      vertex 28.2598 11.1666 12.3
      vertex 28.0848 11.104 12.3
    endloop
  endfacet
  facet normal -0.310819 0.656517 0.687297
    outer loop
      vertex 29.253 8.28373 11.4
      vertex 29.5844 7.49843 12.3
      vertex 29.3505 8.32989 11.4
    endloop
  endfacet
  facet normal -0.307491 0.658005 0.687371
    outer loop
      vertex 29.5844 7.49843 12.3
      vertex 29.253 8.28373 11.4
      vertex 29.5792 7.496 12.3
    endloop
  endfacet
  facet normal -0.432588 0.583501 0.687309
    outer loop
      vertex 29.9168 7.67645 12.3
      vertex 30.0662 7.78721 12.3
      vertex 29.4431 8.38538 11.4
    endloop
  endfacet
  facet normal 0.310532 -0.65661 0.687338
    outer loop
      vertex 28.3135 10.2701 11.4
      vertex 28.0796 11.1016 12.3
      vertex 27.9115 11.0221 12.3
    endloop
  endfacet
  facet normal 0.683956 -0.244619 0.687288
    outer loop
      vertex 27.8157 9.72095 11.4
      vertex 27.028 10.0472 12.3
      vertex 26.9654 9.87217 12.3
    endloop
  endfacet
  facet normal 0.704474 0.176943 0.687319
    outer loop
      vertex 26.9621 8.73869 12.3
      vertex 27.7794 8.98069 11.4
      vertex 27.7531 9.0854 11.4
    endloop
  endfacet
  facet normal 0.707182 0.166849 0.687063
    outer loop
      vertex 27.7794 8.98069 11.4
      vertex 26.9621 8.73869 12.3
      vertex 26.9634 8.73318 12.3
    endloop
  endfacet
  facet normal -0.538138 0.487867 0.687309
    outer loop
      vertex 30.2165 7.92349 12.3
      vertex 30.3414 8.06126 12.3
      vertex 29.6823 8.60217 11.4
    endloop
  endfacet
  facet normal -0.432872 -0.583284 0.687315
    outer loop
      vertex 30.0707 10.8094 12.3
      vertex 29.9214 10.9202 12.3
      vertex 29.5298 10.1503 11.4
    endloop
  endfacet
  facet normal -0.583421 0.432687 0.687315
    outer loop
      vertex 29.6823 8.60217 11.4
      vertex 30.3448 8.06583 12.3
      vertex 29.7466 8.68887 11.4
    endloop
  endfacet
  facet normal -0.582749 0.433555 0.687338
    outer loop
      vertex 30.3448 8.06583 12.3
      vertex 29.6823 8.60217 11.4
      vertex 30.3414 8.06126 12.3
    endloop
  endfacet
  facet normal -0.487339 -0.538638 0.687291
    outer loop
      vertex 30.2085 10.6845 12.3
      vertex 29.6098 10.0778 11.4
      vertex 30.2127 10.6807 12.3
    endloop
  endfacet
  facet normal -0.487772 -0.538231 0.687304
    outer loop
      vertex 29.6098 10.0778 11.4
      vertex 30.2085 10.6845 12.3
      vertex 29.5298 10.1503 11.4
    endloop
  endfacet
  facet normal -0.375574 -0.62164 0.687392
    outer loop
      vertex 29.912 10.9265 12.3
      vertex 29.4431 10.2146 11.4
      vertex 29.9168 10.9236 12.3
    endloop
  endfacet
  facet normal -0.3734 -0.623006 0.687339
    outer loop
      vertex 29.4431 10.2146 11.4
      vertex 29.912 10.9265 12.3
      vertex 29.3505 10.2701 11.4
    endloop
  endfacet
  facet normal 0.718581 0.106327 0.687268
    outer loop
      vertex 26.9161 8.92468 12.3
      vertex 27.7531 9.0854 11.4
      vertex 27.7373 9.19218 11.4
    endloop
  endfacet
  facet normal 0.71924 0.102383 0.687177
    outer loop
      vertex 27.7531 9.0854 11.4
      vertex 26.9161 8.92468 12.3
      vertex 26.9169 8.91906 12.3
    endloop
  endfacet
  facet normal 0.244666 0.683923 0.687305
    outer loop
      vertex 28.2652 7.43145 12.3
      vertex 28.5127 8.24736 11.4
      vertex 28.0901 7.49409 12.3
    endloop
  endfacet
  facet normal -0.310538 0.656623 0.687323
    outer loop
      vertex 29.5844 7.49843 12.3
      vertex 29.7525 7.57793 12.3
      vertex 29.3505 8.32989 11.4
    endloop
  endfacet
  facet normal 0.176455 0.70461 0.687305
    outer loop
      vertex 28.5127 8.24736 11.4
      vertex 28.4511 7.38489 12.3
      vertex 28.6174 8.22114 11.4
    endloop
  endfacet
  facet normal 0.173745 0.705052 0.687543
    outer loop
      vertex 28.4511 7.38489 12.3
      vertex 28.5127 8.24736 11.4
      vertex 28.4455 7.38627 12.3
    endloop
  endfacet
  facet normal -0.107746 0.718305 0.687334
    outer loop
      vertex 29.0466 8.22114 11.4
      vertex 29.2073 7.38405 12.3
      vertex 29.2129 7.38489 12.3
    endloop
  endfacet
  facet normal -0.106565 0.718505 0.687309
    outer loop
      vertex 29.2073 7.38405 12.3
      vertex 29.0466 8.22114 11.4
      vertex 28.9398 8.2053 11.4
    endloop
  endfacet
  facet normal -0.106583 0.718501 0.687311
    outer loop
      vertex 29.0234 7.35677 12.3
      vertex 29.2073 7.38405 12.3
      vertex 28.9398 8.2053 11.4
    endloop
  endfacet
  facet normal 0.7046 0.17657 0.687286
    outer loop
      vertex 26.9621 8.73869 12.3
      vertex 27.7531 9.0854 11.4
      vertex 26.9169 8.91906 12.3
    endloop
  endfacet
  facet normal 0.538192 0.487797 0.687316
    outer loop
      vertex 27.9817 8.60217 11.4
      vertex 27.3264 8.05705 12.3
      vertex 28.0542 8.52218 11.4
    endloop
  endfacet
  facet normal 0.539175 0.486666 0.687347
    outer loop
      vertex 27.3264 8.05705 12.3
      vertex 27.9817 8.60217 11.4
      vertex 27.3226 8.06126 12.3
    endloop
  endfacet
  facet normal 0.0356382 0.725492 0.687307
    outer loop
      vertex 28.832 8.2 11.4
      vertex 28.8263 7.34765 12.3
      vertex 28.832 7.34737 12.3
    endloop
  endfacet
  facet normal 0.0356689 0.725491 0.687306
    outer loop
      vertex 28.8263 7.34765 12.3
      vertex 28.832 8.2 11.4
      vertex 28.7242 8.2053 11.4
    endloop
  endfacet
  facet normal 0.718507 0.106645 0.687295
    outer loop
      vertex 26.9161 8.92468 12.3
      vertex 27.7373 9.19218 11.4
      vertex 26.8888 9.10861 12.3
    endloop
  endfacet
  facet normal -0.684073 0.244312 0.687282
    outer loop
      vertex 29.8483 8.87905 11.4
      vertex 30.6379 8.55811 12.3
      vertex 29.8846 8.98069 11.4
    endloop
  endfacet
  facet normal -0.684531 0.243105 0.687253
    outer loop
      vertex 30.6379 8.55811 12.3
      vertex 29.8483 8.87905 11.4
      vertex 30.636 8.55276 12.3
    endloop
  endfacet
  facet normal 0.385155 -0.616248 0.686945
    outer loop
      vertex 27.9067 11.0191 12.3
      vertex 28.3135 10.2701 11.4
      vertex 27.9115 11.0221 12.3
    endloop
  endfacet
  facet normal 0.373421 -0.623042 0.687296
    outer loop
      vertex 28.3135 10.2701 11.4
      vertex 27.9067 11.0191 12.3
      vertex 28.2209 10.2146 11.4
    endloop
  endfacet
  facet normal -0.704647 0.176191 0.687335
    outer loop
      vertex 30.7006 8.73318 12.3
      vertex 30.7457 8.91355 12.3
      vertex 29.8846 8.98069 11.4
    endloop
  endfacet
  facet normal 0.244596 0.683954 0.687298
    outer loop
      vertex 28.411 8.28373 11.4
      vertex 28.0901 7.49409 12.3
      vertex 28.5127 8.24736 11.4
    endloop
  endfacet
  facet normal 0.246254 0.683322 0.687335
    outer loop
      vertex 28.0901 7.49409 12.3
      vertex 28.411 8.28373 11.4
      vertex 28.0848 7.496 12.3
    endloop
  endfacet
  facet normal -0.704647 -0.176191 0.687335
    outer loop
      vertex 30.7457 9.68645 12.3
      vertex 30.7006 9.86682 12.3
      vertex 29.8846 9.61931 11.4
    endloop
  endfacet
  facet normal 0.623004 0.373435 0.687322
    outer loop
      vertex 27.2055 8.22005 12.3
      vertex 27.8619 8.78146 11.4
      vertex 27.1099 8.37954 12.3
    endloop
  endfacet
  facet normal 0.37313 -0.623186 0.687323
    outer loop
      vertex 28.2209 10.2146 11.4
      vertex 27.9067 11.0191 12.3
      vertex 27.7472 10.9236 12.3
    endloop
  endfacet
  facet normal -0.173745 0.705052 0.687543
    outer loop
      vertex 29.1513 8.24736 11.4
      vertex 29.2129 7.38489 12.3
      vertex 29.2185 7.38627 12.3
    endloop
  endfacet
  facet normal -0.176455 0.70461 0.687305
    outer loop
      vertex 29.2129 7.38489 12.3
      vertex 29.1513 8.24736 11.4
      vertex 29.0466 8.22114 11.4
    endloop
  endfacet
  facet normal -0.176556 0.704584 0.687306
    outer loop
      vertex 29.2185 7.38627 12.3
      vertex 29.3988 7.43145 12.3
      vertex 29.1513 8.24736 11.4
    endloop
  endfacet
  facet normal 0.10274 -0.719182 0.687184
    outer loop
      vertex 28.6174 10.3789 11.4
      vertex 28.4567 11.2159 12.3
      vertex 28.4511 11.2151 12.3
    endloop
  endfacet
  facet normal 0.106308 -0.718585 0.687266
    outer loop
      vertex 28.4567 11.2159 12.3
      vertex 28.6174 10.3789 11.4
      vertex 28.7242 10.3947 11.4
    endloop
  endfacet
  facet normal 0.176556 0.704584 0.687306
    outer loop
      vertex 28.4455 7.38627 12.3
      vertex 28.5127 8.24736 11.4
      vertex 28.2652 7.43145 12.3
    endloop
  endfacet
  facet normal 0.252339 -0.681316 0.68712
    outer loop
      vertex 28.2598 11.1666 12.3
      vertex 28.5127 10.3526 11.4
      vertex 28.2652 11.1686 12.3
    endloop
  endfacet
  facet normal 0.24417 -0.68408 0.687325
    outer loop
      vertex 28.5127 10.3526 11.4
      vertex 28.2598 11.1666 12.3
      vertex 28.411 10.3163 11.4
    endloop
  endfacet
  facet normal 0.487733 0.538263 0.687306
    outer loop
      vertex 28.0542 8.52218 11.4
      vertex 27.4555 7.91547 12.3
      vertex 28.1342 8.44969 11.4
    endloop
  endfacet
  facet normal 0.488029 0.537984 0.687314
    outer loop
      vertex 27.4555 7.91547 12.3
      vertex 28.0542 8.52218 11.4
      vertex 27.4513 7.91928 12.3
    endloop
  endfacet
  facet normal 0.583345 0.432773 0.687325
    outer loop
      vertex 27.3192 8.06583 12.3
      vertex 27.9174 8.68887 11.4
      vertex 27.2084 8.21518 12.3
    endloop
  endfacet
  facet normal -0.106662 -0.718503 0.687296
    outer loop
      vertex 29.2073 11.2159 12.3
      vertex 29.0234 11.2432 12.3
      vertex 28.9398 10.3947 11.4
    endloop
  endfacet
  facet normal 0.71924 -0.102383 0.687177
    outer loop
      vertex 26.9161 9.67532 12.3
      vertex 27.7531 9.5146 11.4
      vertex 26.9169 9.68094 12.3
    endloop
  endfacet
  facet normal 0.718581 -0.106327 0.687268
    outer loop
      vertex 27.7531 9.5146 11.4
      vertex 26.9161 9.67532 12.3
      vertex 27.7373 9.40782 11.4
    endloop
  endfacet
  facet normal 0.538197 -0.487814 0.6873
    outer loop
      vertex 27.9817 9.99783 11.4
      vertex 27.4475 10.6765 12.3
      vertex 27.3226 10.5387 12.3
    endloop
  endfacet
  facet normal 0.487772 -0.538231 0.687304
    outer loop
      vertex 27.4555 10.6845 12.3
      vertex 28.0542 10.0778 11.4
      vertex 28.1342 10.1503 11.4
    endloop
  endfacet
  facet normal 0.487339 -0.538638 0.687291
    outer loop
      vertex 28.0542 10.0778 11.4
      vertex 27.4555 10.6845 12.3
      vertex 27.4513 10.6807 12.3
    endloop
  endfacet
  facet normal 0.583416 -0.432681 0.687323
    outer loop
      vertex 27.9174 9.91113 11.4
      vertex 27.3192 10.5342 12.3
      vertex 27.2084 10.3848 12.3
    endloop
  endfacet
  facet normal 0.621646 -0.375578 0.687385
    outer loop
      vertex 27.2055 10.38 12.3
      vertex 27.9174 9.91113 11.4
      vertex 27.2084 10.3848 12.3
    endloop
  endfacet
  facet normal 0.622993 -0.373433 0.687334
    outer loop
      vertex 27.9174 9.91113 11.4
      vertex 27.2055 10.38 12.3
      vertex 27.8619 9.81854 11.4
    endloop
  endfacet
  facet normal -0.310532 -0.65661 0.687338
    outer loop
      vertex 29.7525 11.0221 12.3
      vertex 29.5844 11.1016 12.3
      vertex 29.3505 10.2701 11.4
    endloop
  endfacet
  facet normal -0.106308 -0.718585 0.687266
    outer loop
      vertex 29.0466 10.3789 11.4
      vertex 29.2073 11.2159 12.3
      vertex 28.9398 10.3947 11.4
    endloop
  endfacet
  facet normal -0.10274 -0.719182 0.687184
    outer loop
      vertex 29.2073 11.2159 12.3
      vertex 29.0466 10.3789 11.4
      vertex 29.2129 11.2151 12.3
    endloop
  endfacet
  facet normal 0.538638 -0.487339 0.687291
    outer loop
      vertex 27.4475 10.6765 12.3
      vertex 28.0542 10.0778 11.4
      vertex 27.4513 10.6807 12.3
    endloop
  endfacet
  facet normal 0.538138 -0.48787 0.687307
    outer loop
      vertex 28.0542 10.0778 11.4
      vertex 27.4475 10.6765 12.3
      vertex 27.9817 9.99783 11.4
    endloop
  endfacet
  facet normal -0.373364 0.623059 0.687312
    outer loop
      vertex 29.3505 8.32989 11.4
      vertex 29.7573 7.58085 12.3
      vertex 29.4431 8.38538 11.4
    endloop
  endfacet
  facet normal -0.37756 0.620647 0.687201
    outer loop
      vertex 29.7573 7.58085 12.3
      vertex 29.3505 8.32989 11.4
      vertex 29.7525 7.57793 12.3
    endloop
  endfacet
  facet normal -0.252339 -0.681316 0.68712
    outer loop
      vertex 29.1513 10.3526 11.4
      vertex 29.4042 11.1666 12.3
      vertex 29.3988 11.1686 12.3
    endloop
  endfacet
  facet normal -0.24417 -0.68408 0.687325
    outer loop
      vertex 29.4042 11.1666 12.3
      vertex 29.1513 10.3526 11.4
      vertex 29.253 10.3163 11.4
    endloop
  endfacet
  facet normal 0.487745 0.53825 0.687307
    outer loop
      vertex 27.5933 7.7906 12.3
      vertex 28.1342 8.44969 11.4
      vertex 27.4555 7.91547 12.3
    endloop
  endfacet
  facet normal 0.106583 0.718501 0.687311
    outer loop
      vertex 28.6406 7.35677 12.3
      vertex 28.7242 8.2053 11.4
      vertex 28.4567 7.38405 12.3
    endloop
  endfacet
  facet normal -0.659397 -0.304337 0.687441
    outer loop
      vertex 30.6336 10.0524 12.3
      vertex 29.8483 9.72095 11.4
      vertex 30.636 10.0472 12.3
    endloop
  endfacet
  facet normal -0.656515 -0.3108 0.687307
    outer loop
      vertex 29.8483 9.72095 11.4
      vertex 30.6336 10.0524 12.3
      vertex 29.8021 9.81854 11.4
    endloop
  endfacet
  facet normal -0.431717 -0.584088 0.687359
    outer loop
      vertex 29.4431 10.2146 11.4
      vertex 29.9214 10.9202 12.3
      vertex 29.9168 10.9236 12.3
    endloop
  endfacet
  facet normal -0.432676 -0.583406 0.687334
    outer loop
      vertex 29.9214 10.9202 12.3
      vertex 29.4431 10.2146 11.4
      vertex 29.5298 10.1503 11.4
    endloop
  endfacet
  facet normal -0.487745 0.53825 0.687307
    outer loop
      vertex 30.0707 7.7906 12.3
      vertex 30.2085 7.91547 12.3
      vertex 29.5298 8.44969 11.4
    endloop
  endfacet
  facet normal 0.106565 0.718505 0.687309
    outer loop
      vertex 28.6174 8.22114 11.4
      vertex 28.4567 7.38405 12.3
      vertex 28.7242 8.2053 11.4
    endloop
  endfacet
  facet normal 0.107746 0.718305 0.687334
    outer loop
      vertex 28.4567 7.38405 12.3
      vertex 28.6174 8.22114 11.4
      vertex 28.4511 7.38489 12.3
    endloop
  endfacet
  facet normal -0.656607 0.310568 0.687324
    outer loop
      vertex 30.5541 8.37954 12.3
      vertex 30.6336 8.54762 12.3
      vertex 29.8021 8.78146 11.4
    endloop
  endfacet
  facet normal -0.538202 0.487806 0.687302
    outer loop
      vertex 29.6098 8.52218 11.4
      vertex 30.2165 7.92349 12.3
      vertex 29.6823 8.60217 11.4
    endloop
  endfacet
  facet normal -0.53923 0.486716 0.687269
    outer loop
      vertex 30.2165 7.92349 12.3
      vertex 29.6098 8.52218 11.4
      vertex 30.2127 7.91928 12.3
    endloop
  endfacet
  facet normal 0.0356299 0.72549 0.68731
    outer loop
      vertex 28.8263 7.34765 12.3
      vertex 28.7242 8.2053 11.4
      vertex 28.6406 7.35677 12.3
    endloop
  endfacet
  facet normal -0.683763 -0.245123 0.687301
    outer loop
      vertex 29.8483 9.72095 11.4
      vertex 30.6379 10.0419 12.3
      vertex 30.636 10.0472 12.3
    endloop
  endfacet
  facet normal -0.684072 -0.244311 0.687283
    outer loop
      vertex 30.6379 10.0419 12.3
      vertex 29.8483 9.72095 11.4
      vertex 29.8846 9.61931 11.4
    endloop
  endfacet
  facet normal -0.704188 -0.178923 0.687099
    outer loop
      vertex 29.8846 9.61931 11.4
      vertex 30.7471 9.68094 12.3
      vertex 30.7457 9.68645 12.3
    endloop
  endfacet
  facet normal -0.704514 -0.176953 0.687276
    outer loop
      vertex 30.7471 9.68094 12.3
      vertex 29.8846 9.61931 11.4
      vertex 29.9109 9.5146 11.4
    endloop
  endfacet
  facet normal -0.71924 -0.102383 0.687177
    outer loop
      vertex 29.9109 9.5146 11.4
      vertex 30.7479 9.67532 12.3
      vertex 30.7471 9.68094 12.3
    endloop
  endfacet
  facet normal -0.718581 -0.106327 0.687268
    outer loop
      vertex 30.7479 9.67532 12.3
      vertex 29.9109 9.5146 11.4
      vertex 29.9267 9.40782 11.4
    endloop
  endfacet
  facet normal 0.656515 -0.3108 0.687307
    outer loop
      vertex 27.0304 10.0524 12.3
      vertex 27.8157 9.72095 11.4
      vertex 27.8619 9.81854 11.4
    endloop
  endfacet
  facet normal 0.659397 -0.304337 0.687441
    outer loop
      vertex 27.8157 9.72095 11.4
      vertex 27.0304 10.0524 12.3
      vertex 27.028 10.0472 12.3
    endloop
  endfacet
  facet normal 0.656616 -0.310535 0.687331
    outer loop
      vertex 27.8619 9.81854 11.4
      vertex 27.1099 10.2205 12.3
      vertex 27.0304 10.0524 12.3
    endloop
  endfacet
  facet normal -0.58329 -0.432877 0.687307
    outer loop
      vertex 30.4522 10.3894 12.3
      vertex 30.3414 10.5387 12.3
      vertex 29.6823 9.99783 11.4
    endloop
  endfacet
  facet normal -0.538638 -0.487339 0.687291
    outer loop
      vertex 29.6098 10.0778 11.4
      vertex 30.2165 10.6765 12.3
      vertex 30.2127 10.6807 12.3
    endloop
  endfacet
  facet normal -0.538138 -0.48787 0.687307
    outer loop
      vertex 30.2165 10.6765 12.3
      vertex 29.6098 10.0778 11.4
      vertex 29.6823 9.99783 11.4
    endloop
  endfacet
  facet normal 0.707182 -0.166849 0.687063
    outer loop
      vertex 26.9621 9.86131 12.3
      vertex 27.7794 9.61931 11.4
      vertex 26.9634 9.86682 12.3
    endloop
  endfacet
  facet normal 0.704474 -0.176943 0.687319
    outer loop
      vertex 27.7794 9.61931 11.4
      vertex 26.9621 9.86131 12.3
      vertex 27.7531 9.5146 11.4
    endloop
  endfacet
  facet normal 0.725301 -0.0383757 0.687361
    outer loop
      vertex 26.8885 9.48572 12.3
      vertex 27.7373 9.40782 11.4
      vertex 26.8888 9.49139 12.3
    endloop
  endfacet
  facet normal 0.725492 -0.0356623 0.687306
    outer loop
      vertex 27.7373 9.40782 11.4
      vertex 26.8885 9.48572 12.3
      vertex 27.732 9.3 11.4
    endloop
  endfacet
  facet normal 0.431717 -0.584088 0.687359
    outer loop
      vertex 27.7426 10.9202 12.3
      vertex 28.2209 10.2146 11.4
      vertex 27.7472 10.9236 12.3
    endloop
  endfacet
  facet normal 0.432676 -0.583406 0.687334
    outer loop
      vertex 28.2209 10.2146 11.4
      vertex 27.7426 10.9202 12.3
      vertex 28.1342 10.1503 11.4
    endloop
  endfacet
  facet normal -0.618958 0.380507 0.6871
    outer loop
      vertex 29.8021 8.78146 11.4
      vertex 30.5511 8.37466 12.3
      vertex 30.5541 8.37954 12.3
    endloop
  endfacet
  facet normal -0.623025 0.373451 0.687295
    outer loop
      vertex 30.5511 8.37466 12.3
      vertex 29.8021 8.78146 11.4
      vertex 29.7466 8.68887 11.4
    endloop
  endfacet
  facet normal 0.310538 0.656623 0.687323
    outer loop
      vertex 28.0796 7.49843 12.3
      vertex 28.3135 8.32989 11.4
      vertex 27.9115 7.57793 12.3
    endloop
  endfacet
  facet normal 0.167134 -0.707106 0.687071
    outer loop
      vertex 28.5127 10.3526 11.4
      vertex 28.2707 11.1699 12.3
      vertex 28.2652 11.1686 12.3
    endloop
  endfacet
  facet normal 0.176959 -0.70447 0.687319
    outer loop
      vertex 28.2707 11.1699 12.3
      vertex 28.5127 10.3526 11.4
      vertex 28.6174 10.3789 11.4
    endloop
  endfacet
  facet normal 0.176543 -0.70461 0.687282
    outer loop
      vertex 28.6174 10.3789 11.4
      vertex 28.4511 11.2151 12.3
      vertex 28.2707 11.1699 12.3
    endloop
  endfacet
  facet normal -0.176959 -0.70447 0.687319
    outer loop
      vertex 29.1513 10.3526 11.4
      vertex 29.3933 11.1699 12.3
      vertex 29.0466 10.3789 11.4
    endloop
  endfacet
  facet normal -0.167134 -0.707106 0.687071
    outer loop
      vertex 29.3933 11.1699 12.3
      vertex 29.1513 10.3526 11.4
      vertex 29.3988 11.1686 12.3
    endloop
  endfacet
  facet normal -0.176543 -0.70461 0.687282
    outer loop
      vertex 29.3933 11.1699 12.3
      vertex 29.2129 11.2151 12.3
      vertex 29.0466 10.3789 11.4
    endloop
  endfacet
  facet normal 0.656518 0.310802 0.687303
    outer loop
      vertex 27.8157 8.87905 11.4
      vertex 27.0304 8.54762 12.3
      vertex 27.8619 8.78146 11.4
    endloop
  endfacet
  facet normal 0.658093 0.307281 0.687381
    outer loop
      vertex 27.0304 8.54762 12.3
      vertex 27.8157 8.87905 11.4
      vertex 27.028 8.55276 12.3
    endloop
  endfacet
  facet normal -0.373426 0.623028 0.687306
    outer loop
      vertex 29.7573 7.58085 12.3
      vertex 29.9168 7.67645 12.3
      vertex 29.4431 8.38538 11.4
    endloop
  endfacet
  facet normal -0.436987 0.580072 0.687429
    outer loop
      vertex 29.5298 8.44969 11.4
      vertex 30.0662 7.78721 12.3
      vertex 30.0707 7.7906 12.3
    endloop
  endfacet
  facet normal -0.432725 0.583381 0.687325
    outer loop
      vertex 30.0662 7.78721 12.3
      vertex 29.5298 8.44969 11.4
      vertex 29.4431 8.38538 11.4
    endloop
  endfacet
  facet normal 0.373364 0.623059 0.687312
    outer loop
      vertex 27.9067 7.58085 12.3
      vertex 28.3135 8.32989 11.4
      vertex 28.2209 8.38538 11.4
    endloop
  endfacet
  facet normal 0.37756 0.620647 0.687201
    outer loop
      vertex 28.3135 8.32989 11.4
      vertex 27.9067 7.58085 12.3
      vertex 27.9115 7.57793 12.3
    endloop
  endfacet
  facet normal 0.310819 0.656517 0.687297
    outer loop
      vertex 28.0796 7.49843 12.3
      vertex 28.411 8.28373 11.4
      vertex 28.3135 8.32989 11.4
    endloop
  endfacet
  facet normal 0.307491 0.658005 0.687371
    outer loop
      vertex 28.411 8.28373 11.4
      vertex 28.0796 7.49843 12.3
      vertex 28.0848 7.496 12.3
    endloop
  endfacet
  facet normal -0.684073 0.244312 0.687282
    outer loop
      vertex 36.7923 8.87905 11.4
      vertex 37.5819 8.55811 12.3
      vertex 36.8286 8.98069 11.4
    endloop
  endfacet
  facet normal -0.684531 0.243105 0.687253
    outer loop
      vertex 37.5819 8.55811 12.3
      vertex 36.7923 8.87905 11.4
      vertex 37.58 8.55276 12.3
    endloop
  endfacet
  facet normal -0.246254 0.683322 0.687335
    outer loop
      vertex 36.197 8.28373 11.4
      vertex 36.5179 7.49409 12.3
      vertex 36.5232 7.496 12.3
    endloop
  endfacet
  facet normal -0.244596 0.683954 0.687298
    outer loop
      vertex 36.5179 7.49409 12.3
      vertex 36.197 8.28373 11.4
      vertex 36.0953 8.24736 11.4
    endloop
  endfacet
  facet normal -0.725507 -0.0355487 0.687297
    outer loop
      vertex 37.7286 9.3 12.3
      vertex 37.7195 9.48572 12.3
      vertex 36.876 9.3 11.4
    endloop
  endfacet
  facet normal -0.725301 -0.0383757 0.687361
    outer loop
      vertex 36.8707 9.40782 11.4
      vertex 37.7195 9.48572 12.3
      vertex 37.7192 9.49139 12.3
    endloop
  endfacet
  facet normal -0.725492 -0.0356623 0.687306
    outer loop
      vertex 37.7195 9.48572 12.3
      vertex 36.8707 9.40782 11.4
      vertex 36.876 9.3 11.4
    endloop
  endfacet
  facet normal 0.71924 -0.102383 0.687177
    outer loop
      vertex 33.8601 9.67532 12.3
      vertex 34.6971 9.5146 11.4
      vertex 33.8609 9.68094 12.3
    endloop
  endfacet
  facet normal 0.718581 -0.106327 0.687268
    outer loop
      vertex 34.6971 9.5146 11.4
      vertex 33.8601 9.67532 12.3
      vertex 34.6813 9.40782 11.4
    endloop
  endfacet
  facet normal 0.704188 -0.178923 0.687099
    outer loop
      vertex 33.8609 9.68094 12.3
      vertex 34.7234 9.61931 11.4
      vertex 33.8623 9.68645 12.3
    endloop
  endfacet
  facet normal 0.704514 -0.176953 0.687276
    outer loop
      vertex 34.7234 9.61931 11.4
      vertex 33.8609 9.68094 12.3
      vertex 34.6971 9.5146 11.4
    endloop
  endfacet
  facet normal 0.310819 0.656517 0.687297
    outer loop
      vertex 35.0236 7.49843 12.3
      vertex 35.355 8.28373 11.4
      vertex 35.2575 8.32989 11.4
    endloop
  endfacet
  facet normal 0.307491 0.658005 0.687371
    outer loop
      vertex 35.355 8.28373 11.4
      vertex 35.0236 7.49843 12.3
      vertex 35.0288 7.496 12.3
    endloop
  endfacet
  facet normal -0.658093 0.307281 0.687381
    outer loop
      vertex 36.7923 8.87905 11.4
      vertex 37.5776 8.54762 12.3
      vertex 37.58 8.55276 12.3
    endloop
  endfacet
  facet normal -0.656518 0.310802 0.687303
    outer loop
      vertex 37.5776 8.54762 12.3
      vertex 36.7923 8.87905 11.4
      vertex 36.7461 8.78146 11.4
    endloop
  endfacet
  facet normal -0.58329 -0.432877 0.687307
    outer loop
      vertex 37.3962 10.3894 12.3
      vertex 37.2854 10.5387 12.3
      vertex 36.6263 9.99783 11.4
    endloop
  endfacet
  facet normal 0.3734 -0.623006 0.687339
    outer loop
      vertex 34.696 10.9265 12.3
      vertex 35.1649 10.2146 11.4
      vertex 35.2575 10.2701 11.4
    endloop
  endfacet
  facet normal 0.375574 -0.62164 0.687392
    outer loop
      vertex 35.1649 10.2146 11.4
      vertex 34.696 10.9265 12.3
      vertex 34.6912 10.9236 12.3
    endloop
  endfacet
  facet normal 0.487733 0.538263 0.687306
    outer loop
      vertex 34.9982 8.52218 11.4
      vertex 34.3995 7.91547 12.3
      vertex 35.0782 8.44969 11.4
    endloop
  endfacet
  facet normal 0.488029 0.537984 0.687314
    outer loop
      vertex 34.3995 7.91547 12.3
      vertex 34.9982 8.52218 11.4
      vertex 34.3953 7.91928 12.3
    endloop
  endfacet
  facet normal 0.244596 0.683954 0.687298
    outer loop
      vertex 35.355 8.28373 11.4
      vertex 35.0341 7.49409 12.3
      vertex 35.4567 8.24736 11.4
    endloop
  endfacet
  facet normal 0.246254 0.683322 0.687335
    outer loop
      vertex 35.0341 7.49409 12.3
      vertex 35.355 8.28373 11.4
      vertex 35.0288 7.496 12.3
    endloop
  endfacet
  facet normal 0.583421 0.432687 0.687315
    outer loop
      vertex 34.2632 8.06583 12.3
      vertex 34.9257 8.60217 11.4
      vertex 34.8614 8.68887 11.4
    endloop
  endfacet
  facet normal 0.582749 0.433555 0.687338
    outer loop
      vertex 34.9257 8.60217 11.4
      vertex 34.2632 8.06583 12.3
      vertex 34.2666 8.06126 12.3
    endloop
  endfacet
  facet normal -0.656616 -0.310535 0.687331
    outer loop
      vertex 37.5776 10.0524 12.3
      vertex 37.4981 10.2205 12.3
      vertex 36.7461 9.81854 11.4
    endloop
  endfacet
  facet normal 0.683812 -0.244888 0.687336
    outer loop
      vertex 34.7234 9.61931 11.4
      vertex 33.9701 10.0419 12.3
      vertex 33.9074 9.86682 12.3
    endloop
  endfacet
  facet normal -0.106662 -0.718503 0.687296
    outer loop
      vertex 36.1513 11.2159 12.3
      vertex 35.9674 11.2432 12.3
      vertex 35.8838 10.3947 11.4
    endloop
  endfacet
  facet normal -0.176543 -0.70461 0.687282
    outer loop
      vertex 36.3373 11.1699 12.3
      vertex 36.1569 11.2151 12.3
      vertex 35.9906 10.3789 11.4
    endloop
  endfacet
  facet normal -0.683808 0.244901 0.687336
    outer loop
      vertex 37.5819 8.55811 12.3
      vertex 37.6446 8.73318 12.3
      vertex 36.8286 8.98069 11.4
    endloop
  endfacet
  facet normal -0.623007 -0.373414 0.687332
    outer loop
      vertex 37.4981 10.2205 12.3
      vertex 37.4025 10.38 12.3
      vertex 36.7461 9.81854 11.4
    endloop
  endfacet
  facet normal -0.704514 0.176953 0.687276
    outer loop
      vertex 36.8286 8.98069 11.4
      vertex 37.6911 8.91906 12.3
      vertex 36.8549 9.0854 11.4
    endloop
  endfacet
  facet normal -0.704188 0.178923 0.687099
    outer loop
      vertex 37.6911 8.91906 12.3
      vertex 36.8286 8.98069 11.4
      vertex 37.6897 8.91355 12.3
    endloop
  endfacet
  facet normal 0.683808 0.244901 0.687336
    outer loop
      vertex 33.9701 8.55811 12.3
      vertex 34.7234 8.98069 11.4
      vertex 33.9074 8.73318 12.3
    endloop
  endfacet
  facet normal 0.0356382 0.725492 0.687307
    outer loop
      vertex 35.776 8.2 11.4
      vertex 35.7703 7.34765 12.3
      vertex 35.776 7.34737 12.3
    endloop
  endfacet
  facet normal 0.0356689 0.725491 0.687306
    outer loop
      vertex 35.7703 7.34765 12.3
      vertex 35.776 8.2 11.4
      vertex 35.6682 8.2053 11.4
    endloop
  endfacet
  facet normal 0.704647 0.176191 0.687335
    outer loop
      vertex 33.9074 8.73318 12.3
      vertex 34.7234 8.98069 11.4
      vertex 33.8623 8.91355 12.3
    endloop
  endfacet
  facet normal -0.106583 0.718501 0.687311
    outer loop
      vertex 35.9674 7.35677 12.3
      vertex 36.1513 7.38405 12.3
      vertex 35.8838 8.2053 11.4
    endloop
  endfacet
  facet normal 0.656515 -0.3108 0.687307
    outer loop
      vertex 33.9744 10.0524 12.3
      vertex 34.7597 9.72095 11.4
      vertex 34.8059 9.81854 11.4
    endloop
  endfacet
  facet normal 0.659397 -0.304337 0.687441
    outer loop
      vertex 34.7597 9.72095 11.4
      vertex 33.9744 10.0524 12.3
      vertex 33.972 10.0472 12.3
    endloop
  endfacet
  facet normal -0.582778 0.433576 0.6873
    outer loop
      vertex 36.6906 8.68887 11.4
      vertex 37.3962 8.21061 12.3
      vertex 37.3996 8.21518 12.3
    endloop
  endfacet
  facet normal -0.583414 0.432682 0.687324
    outer loop
      vertex 37.3962 8.21061 12.3
      vertex 36.6906 8.68887 11.4
      vertex 36.6263 8.60217 11.4
    endloop
  endfacet
  facet normal -0.436987 0.580072 0.687429
    outer loop
      vertex 36.4738 8.44969 11.4
      vertex 37.0102 7.78721 12.3
      vertex 37.0147 7.7906 12.3
    endloop
  endfacet
  facet normal -0.432725 0.583381 0.687325
    outer loop
      vertex 37.0102 7.78721 12.3
      vertex 36.4738 8.44969 11.4
      vertex 36.3871 8.38538 11.4
    endloop
  endfacet
  facet normal -0.304341 -0.659404 0.687432
    outer loop
      vertex 36.197 10.3163 11.4
      vertex 36.5284 11.1016 12.3
      vertex 36.5232 11.104 12.3
    endloop
  endfacet
  facet normal -0.311041 -0.656417 0.687292
    outer loop
      vertex 36.5284 11.1016 12.3
      vertex 36.197 10.3163 11.4
      vertex 36.2945 10.2701 11.4
    endloop
  endfacet
  facet normal -0.487809 -0.538191 0.687308
    outer loop
      vertex 37.1525 10.6845 12.3
      vertex 37.0147 10.8094 12.3
      vertex 36.4738 10.1503 11.4
    endloop
  endfacet
  facet normal -0.718507 0.106645 0.687295
    outer loop
      vertex 37.6919 8.92468 12.3
      vertex 37.7192 9.10861 12.3
      vertex 36.8707 9.19218 11.4
    endloop
  endfacet
  facet normal -0.718581 0.106327 0.687268
    outer loop
      vertex 36.8549 9.0854 11.4
      vertex 37.6919 8.92468 12.3
      vertex 36.8707 9.19218 11.4
    endloop
  endfacet
  facet normal -0.71924 0.102383 0.687177
    outer loop
      vertex 37.6919 8.92468 12.3
      vertex 36.8549 9.0854 11.4
      vertex 37.6911 8.91906 12.3
    endloop
  endfacet
  facet normal -0.725492 0.0356623 0.687306
    outer loop
      vertex 36.8707 9.19218 11.4
      vertex 37.7195 9.11428 12.3
      vertex 36.876 9.3 11.4
    endloop
  endfacet
  facet normal -0.725301 0.0383757 0.687361
    outer loop
      vertex 37.7195 9.11428 12.3
      vertex 36.8707 9.19218 11.4
      vertex 37.7192 9.10861 12.3
    endloop
  endfacet
  facet normal -0.725507 0.0355487 0.687297
    outer loop
      vertex 37.7195 9.11428 12.3
      vertex 37.7286 9.3 12.3
      vertex 36.876 9.3 11.4
    endloop
  endfacet
  facet normal 0.304341 -0.659404 0.687432
    outer loop
      vertex 35.0236 11.1016 12.3
      vertex 35.355 10.3163 11.4
      vertex 35.0288 11.104 12.3
    endloop
  endfacet
  facet normal 0.311041 -0.656417 0.687292
    outer loop
      vertex 35.355 10.3163 11.4
      vertex 35.0236 11.1016 12.3
      vertex 35.2575 10.2701 11.4
    endloop
  endfacet
  facet normal -0.623004 0.373435 0.687322
    outer loop
      vertex 37.4025 8.22005 12.3
      vertex 37.4981 8.37954 12.3
      vertex 36.7461 8.78146 11.4
    endloop
  endfacet
  facet normal 0.244666 0.683923 0.687305
    outer loop
      vertex 35.2092 7.43145 12.3
      vertex 35.4567 8.24736 11.4
      vertex 35.0341 7.49409 12.3
    endloop
  endfacet
  facet normal -0.538197 -0.487814 0.6873
    outer loop
      vertex 37.2854 10.5387 12.3
      vertex 37.1605 10.6765 12.3
      vertex 36.6263 9.99783 11.4
    endloop
  endfacet
  facet normal 0.176455 0.70461 0.687305
    outer loop
      vertex 35.4567 8.24736 11.4
      vertex 35.3951 7.38489 12.3
      vertex 35.5614 8.22114 11.4
    endloop
  endfacet
  facet normal 0.173745 0.705052 0.687543
    outer loop
      vertex 35.3951 7.38489 12.3
      vertex 35.4567 8.24736 11.4
      vertex 35.3895 7.38627 12.3
    endloop
  endfacet
  facet normal -0.310819 0.656517 0.687297
    outer loop
      vertex 36.197 8.28373 11.4
      vertex 36.5284 7.49843 12.3
      vertex 36.2945 8.32989 11.4
    endloop
  endfacet
  facet normal -0.307491 0.658005 0.687371
    outer loop
      vertex 36.5284 7.49843 12.3
      vertex 36.197 8.28373 11.4
      vertex 36.5232 7.496 12.3
    endloop
  endfacet
  facet normal 0.176556 0.704584 0.687306
    outer loop
      vertex 35.3895 7.38627 12.3
      vertex 35.4567 8.24736 11.4
      vertex 35.2092 7.43145 12.3
    endloop
  endfacet
  facet normal 0.244658 -0.683949 0.687282
    outer loop
      vertex 35.355 10.3163 11.4
      vertex 35.2038 11.1666 12.3
      vertex 35.0288 11.104 12.3
    endloop
  endfacet
  facet normal -0.538138 0.487867 0.687309
    outer loop
      vertex 37.1605 7.92349 12.3
      vertex 37.2854 8.06126 12.3
      vertex 36.6263 8.60217 11.4
    endloop
  endfacet
  facet normal 0.718581 0.106327 0.687268
    outer loop
      vertex 33.8601 8.92468 12.3
      vertex 34.6971 9.0854 11.4
      vertex 34.6813 9.19218 11.4
    endloop
  endfacet
  facet normal 0.71924 0.102383 0.687177
    outer loop
      vertex 34.6971 9.0854 11.4
      vertex 33.8601 8.92468 12.3
      vertex 33.8609 8.91906 12.3
    endloop
  endfacet
  facet normal 0.106662 -0.718503 0.687296
    outer loop
      vertex 35.6682 10.3947 11.4
      vertex 35.5846 11.2432 12.3
      vertex 35.4007 11.2159 12.3
    endloop
  endfacet
  facet normal 0.252339 -0.681316 0.68712
    outer loop
      vertex 35.2038 11.1666 12.3
      vertex 35.4567 10.3526 11.4
      vertex 35.2092 11.1686 12.3
    endloop
  endfacet
  facet normal 0.24417 -0.68408 0.687325
    outer loop
      vertex 35.4567 10.3526 11.4
      vertex 35.2038 11.1666 12.3
      vertex 35.355 10.3163 11.4
    endloop
  endfacet
  facet normal 0.432872 -0.583284 0.687315
    outer loop
      vertex 35.0782 10.1503 11.4
      vertex 34.6866 10.9202 12.3
      vertex 34.5373 10.8094 12.3
    endloop
  endfacet
  facet normal -0.584094 -0.431721 0.687351
    outer loop
      vertex 37.3962 10.3894 12.3
      vertex 36.6906 9.91113 11.4
      vertex 37.3996 10.3848 12.3
    endloop
  endfacet
  facet normal -0.583412 -0.432681 0.687326
    outer loop
      vertex 36.6906 9.91113 11.4
      vertex 37.3962 10.3894 12.3
      vertex 36.6263 9.99783 11.4
    endloop
  endfacet
  facet normal -0.538202 0.487806 0.687302
    outer loop
      vertex 36.5538 8.52218 11.4
      vertex 37.1605 7.92349 12.3
      vertex 36.6263 8.60217 11.4
    endloop
  endfacet
  facet normal -0.53923 0.486716 0.687269
    outer loop
      vertex 37.1605 7.92349 12.3
      vertex 36.5538 8.52218 11.4
      vertex 37.1567 7.91928 12.3
    endloop
  endfacet
  facet normal 0.623004 0.373435 0.687322
    outer loop
      vertex 34.1495 8.22005 12.3
      vertex 34.8059 8.78146 11.4
      vertex 34.0539 8.37954 12.3
    endloop
  endfacet
  facet normal -0.487745 0.53825 0.687307
    outer loop
      vertex 37.0147 7.7906 12.3
      vertex 37.1525 7.91547 12.3
      vertex 36.4738 8.44969 11.4
    endloop
  endfacet
  facet normal 0.167134 -0.707106 0.687071
    outer loop
      vertex 35.4567 10.3526 11.4
      vertex 35.2147 11.1699 12.3
      vertex 35.2092 11.1686 12.3
    endloop
  endfacet
  facet normal 0.176959 -0.70447 0.687319
    outer loop
      vertex 35.2147 11.1699 12.3
      vertex 35.4567 10.3526 11.4
      vertex 35.5614 10.3789 11.4
    endloop
  endfacet
  facet normal 0.538202 0.487806 0.687302
    outer loop
      vertex 34.3915 7.92349 12.3
      vertex 34.9982 8.52218 11.4
      vertex 34.9257 8.60217 11.4
    endloop
  endfacet
  facet normal 0.53923 0.486716 0.687269
    outer loop
      vertex 34.9982 8.52218 11.4
      vertex 34.3915 7.92349 12.3
      vertex 34.3953 7.91928 12.3
    endloop
  endfacet
  facet normal -0.621646 -0.375578 0.687385
    outer loop
      vertex 36.6906 9.91113 11.4
      vertex 37.4025 10.38 12.3
      vertex 37.3996 10.3848 12.3
    endloop
  endfacet
  facet normal -0.622993 -0.373433 0.687334
    outer loop
      vertex 37.4025 10.38 12.3
      vertex 36.6906 9.91113 11.4
      vertex 36.7461 9.81854 11.4
    endloop
  endfacet
  facet normal -0.659397 -0.304337 0.687441
    outer loop
      vertex 37.5776 10.0524 12.3
      vertex 36.7923 9.72095 11.4
      vertex 37.58 10.0472 12.3
    endloop
  endfacet
  facet normal -0.656515 -0.3108 0.687307
    outer loop
      vertex 36.7923 9.72095 11.4
      vertex 37.5776 10.0524 12.3
      vertex 36.7461 9.81854 11.4
    endloop
  endfacet
  facet normal 0.487745 0.53825 0.687307
    outer loop
      vertex 34.5373 7.7906 12.3
      vertex 35.0782 8.44969 11.4
      vertex 34.3995 7.91547 12.3
    endloop
  endfacet
  facet normal -0.623002 0.373438 0.687323
    outer loop
      vertex 36.6906 8.68887 11.4
      vertex 37.4025 8.22005 12.3
      vertex 36.7461 8.78146 11.4
    endloop
  endfacet
  facet normal -0.62412 0.371652 0.687277
    outer loop
      vertex 37.4025 8.22005 12.3
      vertex 36.6906 8.68887 11.4
      vertex 37.3996 8.21518 12.3
    endloop
  endfacet
  facet normal -0.310538 0.656623 0.687323
    outer loop
      vertex 36.5284 7.49843 12.3
      vertex 36.6965 7.57793 12.3
      vertex 36.2945 8.32989 11.4
    endloop
  endfacet
  facet normal 0.10274 -0.719182 0.687184
    outer loop
      vertex 35.5614 10.3789 11.4
      vertex 35.4007 11.2159 12.3
      vertex 35.3951 11.2151 12.3
    endloop
  endfacet
  facet normal 0.106308 -0.718585 0.687266
    outer loop
      vertex 35.4007 11.2159 12.3
      vertex 35.5614 10.3789 11.4
      vertex 35.6682 10.3947 11.4
    endloop
  endfacet
  facet normal 0.656607 0.310568 0.687324
    outer loop
      vertex 34.0539 8.37954 12.3
      vertex 34.8059 8.78146 11.4
      vertex 33.9744 8.54762 12.3
    endloop
  endfacet
  facet normal -0.704647 0.176191 0.687335
    outer loop
      vertex 37.6446 8.73318 12.3
      vertex 37.6897 8.91355 12.3
      vertex 36.8286 8.98069 11.4
    endloop
  endfacet
  facet normal -0.704647 -0.176191 0.687335
    outer loop
      vertex 37.6897 9.68645 12.3
      vertex 37.6446 9.86682 12.3
      vertex 36.8286 9.61931 11.4
    endloop
  endfacet
  facet normal -0.488029 0.537984 0.687314
    outer loop
      vertex 36.5538 8.52218 11.4
      vertex 37.1525 7.91547 12.3
      vertex 37.1567 7.91928 12.3
    endloop
  endfacet
  facet normal -0.487733 0.538263 0.687306
    outer loop
      vertex 37.1525 7.91547 12.3
      vertex 36.5538 8.52218 11.4
      vertex 36.4738 8.44969 11.4
    endloop
  endfacet
  facet normal 0.656616 -0.310535 0.687331
    outer loop
      vertex 34.8059 9.81854 11.4
      vertex 34.0539 10.2205 12.3
      vertex 33.9744 10.0524 12.3
    endloop
  endfacet
  facet normal 0.538638 -0.487339 0.687291
    outer loop
      vertex 34.3915 10.6765 12.3
      vertex 34.9982 10.0778 11.4
      vertex 34.3953 10.6807 12.3
    endloop
  endfacet
  facet normal 0.538138 -0.48787 0.687307
    outer loop
      vertex 34.9982 10.0778 11.4
      vertex 34.3915 10.6765 12.3
      vertex 34.9257 9.99783 11.4
    endloop
  endfacet
  facet normal -0.244666 0.683923 0.687305
    outer loop
      vertex 36.3428 7.43145 12.3
      vertex 36.5179 7.49409 12.3
      vertex 36.0953 8.24736 11.4
    endloop
  endfacet
  facet normal -0.176465 0.704609 0.687303
    outer loop
      vertex 36.1624 7.38627 12.3
      vertex 36.3428 7.43145 12.3
      vertex 36.0953 8.24736 11.4
    endloop
  endfacet
  facet normal 0.373426 0.623028 0.687306
    outer loop
      vertex 34.8507 7.58085 12.3
      vertex 35.1649 8.38538 11.4
      vertex 34.6912 7.67645 12.3
    endloop
  endfacet
  facet normal 0.0381745 -0.725316 0.687357
    outer loop
      vertex 35.6682 10.3947 11.4
      vertex 35.5903 11.2435 12.3
      vertex 35.5846 11.2432 12.3
    endloop
  endfacet
  facet normal 0.0356689 -0.725491 0.687306
    outer loop
      vertex 35.5903 11.2435 12.3
      vertex 35.6682 10.3947 11.4
      vertex 35.776 10.4 11.4
    endloop
  endfacet
  facet normal 0.373364 0.623059 0.687312
    outer loop
      vertex 34.8507 7.58085 12.3
      vertex 35.2575 8.32989 11.4
      vertex 35.1649 8.38538 11.4
    endloop
  endfacet
  facet normal 0.37756 0.620647 0.687201
    outer loop
      vertex 35.2575 8.32989 11.4
      vertex 34.8507 7.58085 12.3
      vertex 34.8555 7.57793 12.3
    endloop
  endfacet
  facet normal -0.432872 -0.583284 0.687315
    outer loop
      vertex 37.0147 10.8094 12.3
      vertex 36.8654 10.9202 12.3
      vertex 36.4738 10.1503 11.4
    endloop
  endfacet
  facet normal -0.487339 -0.538638 0.687291
    outer loop
      vertex 37.1525 10.6845 12.3
      vertex 36.5538 10.0778 11.4
      vertex 37.1567 10.6807 12.3
    endloop
  endfacet
  facet normal -0.487772 -0.538231 0.687304
    outer loop
      vertex 36.5538 10.0778 11.4
      vertex 37.1525 10.6845 12.3
      vertex 36.4738 10.1503 11.4
    endloop
  endfacet
  facet normal 0.583345 0.432773 0.687325
    outer loop
      vertex 34.2632 8.06583 12.3
      vertex 34.8614 8.68887 11.4
      vertex 34.1524 8.21518 12.3
    endloop
  endfacet
  facet normal 0.176543 -0.70461 0.687282
    outer loop
      vertex 35.5614 10.3789 11.4
      vertex 35.3951 11.2151 12.3
      vertex 35.2147 11.1699 12.3
    endloop
  endfacet
  facet normal 0.704514 0.176953 0.687276
    outer loop
      vertex 33.8609 8.91906 12.3
      vertex 34.7234 8.98069 11.4
      vertex 34.6971 9.0854 11.4
    endloop
  endfacet
  facet normal 0.704188 0.178923 0.687099
    outer loop
      vertex 34.7234 8.98069 11.4
      vertex 33.8609 8.91906 12.3
      vertex 33.8623 8.91355 12.3
    endloop
  endfacet
  facet normal -0.683812 -0.244888 0.687336
    outer loop
      vertex 37.6446 9.86682 12.3
      vertex 37.5819 10.0419 12.3
      vertex 36.8286 9.61931 11.4
    endloop
  endfacet
  facet normal 0.431717 -0.584088 0.687359
    outer loop
      vertex 34.6866 10.9202 12.3
      vertex 35.1649 10.2146 11.4
      vertex 34.6912 10.9236 12.3
    endloop
  endfacet
  facet normal 0.432676 -0.583406 0.687334
    outer loop
      vertex 35.1649 10.2146 11.4
      vertex 34.6866 10.9202 12.3
      vertex 35.0782 10.1503 11.4
    endloop
  endfacet
  facet normal -0.176959 -0.70447 0.687319
    outer loop
      vertex 36.0953 10.3526 11.4
      vertex 36.3373 11.1699 12.3
      vertex 35.9906 10.3789 11.4
    endloop
  endfacet
  facet normal -0.167134 -0.707106 0.687071
    outer loop
      vertex 36.3373 11.1699 12.3
      vertex 36.0953 10.3526 11.4
      vertex 36.3428 11.1686 12.3
    endloop
  endfacet
  facet normal 0.487772 -0.538231 0.687304
    outer loop
      vertex 34.3995 10.6845 12.3
      vertex 34.9982 10.0778 11.4
      vertex 35.0782 10.1503 11.4
    endloop
  endfacet
  facet normal 0.487339 -0.538638 0.687291
    outer loop
      vertex 34.9982 10.0778 11.4
      vertex 34.3995 10.6845 12.3
      vertex 34.3953 10.6807 12.3
    endloop
  endfacet
  facet normal -0.0356689 -0.725491 0.687306
    outer loop
      vertex 35.8838 10.3947 11.4
      vertex 35.9617 11.2435 12.3
      vertex 35.776 10.4 11.4
    endloop
  endfacet
  facet normal -0.0381745 -0.725316 0.687357
    outer loop
      vertex 35.9617 11.2435 12.3
      vertex 35.8838 10.3947 11.4
      vertex 35.9674 11.2432 12.3
    endloop
  endfacet
  facet normal 0.0356299 0.72549 0.68731
    outer loop
      vertex 35.7703 7.34765 12.3
      vertex 35.6682 8.2053 11.4
      vertex 35.5846 7.35677 12.3
    endloop
  endfacet
  facet normal 0.72548 0.03594 0.687304
    outer loop
      vertex 33.8328 9.10861 12.3
      vertex 34.6813 9.19218 11.4
      vertex 33.8236 9.29432 12.3
    endloop
  endfacet
  facet normal 0.718507 0.106645 0.687295
    outer loop
      vertex 33.8601 8.92468 12.3
      vertex 34.6813 9.19218 11.4
      vertex 33.8328 9.10861 12.3
    endloop
  endfacet
  facet normal 0.583412 -0.432681 0.687326
    outer loop
      vertex 34.1558 10.3894 12.3
      vertex 34.8614 9.91113 11.4
      vertex 34.9257 9.99783 11.4
    endloop
  endfacet
  facet normal 0.584094 -0.431721 0.687351
    outer loop
      vertex 34.8614 9.91113 11.4
      vertex 34.1558 10.3894 12.3
      vertex 34.1524 10.3848 12.3
    endloop
  endfacet
  facet normal -0.538638 -0.487339 0.687291
    outer loop
      vertex 36.5538 10.0778 11.4
      vertex 37.1605 10.6765 12.3
      vertex 37.1567 10.6807 12.3
    endloop
  endfacet
  facet normal -0.538138 -0.48787 0.687307
    outer loop
      vertex 37.1605 10.6765 12.3
      vertex 36.5538 10.0778 11.4
      vertex 36.6263 9.99783 11.4
    endloop
  endfacet
  facet normal -0.0356689 0.725491 0.687306
    outer loop
      vertex 35.776 8.2 11.4
      vertex 35.7817 7.34765 12.3
      vertex 35.8838 8.2053 11.4
    endloop
  endfacet
  facet normal -0.0356382 0.725492 0.687307
    outer loop
      vertex 35.7817 7.34765 12.3
      vertex 35.776 8.2 11.4
      vertex 35.776 7.34737 12.3
    endloop
  endfacet
  facet normal -0.0356299 0.72549 0.68731
    outer loop
      vertex 35.9674 7.35677 12.3
      vertex 35.8838 8.2053 11.4
      vertex 35.7817 7.34765 12.3
    endloop
  endfacet
  facet normal 0.58329 -0.432877 0.687307
    outer loop
      vertex 34.9257 9.99783 11.4
      vertex 34.2666 10.5387 12.3
      vertex 34.1558 10.3894 12.3
    endloop
  endfacet
  facet normal 0.106583 0.718501 0.687311
    outer loop
      vertex 35.5846 7.35677 12.3
      vertex 35.6682 8.2053 11.4
      vertex 35.4007 7.38405 12.3
    endloop
  endfacet
  facet normal 0.538197 -0.487814 0.6873
    outer loop
      vertex 34.9257 9.99783 11.4
      vertex 34.3915 10.6765 12.3
      vertex 34.2666 10.5387 12.3
    endloop
  endfacet
  facet normal -0.583353 0.432779 0.687314
    outer loop
      vertex 37.2854 8.06126 12.3
      vertex 37.3962 8.21061 12.3
      vertex 36.6263 8.60217 11.4
    endloop
  endfacet
  facet normal -0.656607 0.310568 0.687324
    outer loop
      vertex 37.4981 8.37954 12.3
      vertex 37.5776 8.54762 12.3
      vertex 36.7461 8.78146 11.4
    endloop
  endfacet
  facet normal 0.704647 -0.176191 0.687335
    outer loop
      vertex 34.7234 9.61931 11.4
      vertex 33.9074 9.86682 12.3
      vertex 33.8623 9.68645 12.3
    endloop
  endfacet
  facet normal 0.718507 -0.106645 0.687295
    outer loop
      vertex 34.6813 9.40782 11.4
      vertex 33.8601 9.67532 12.3
      vertex 33.8328 9.49139 12.3
    endloop
  endfacet
  facet normal -0.0355526 -0.725506 0.687296
    outer loop
      vertex 35.9617 11.2435 12.3
      vertex 35.776 11.2526 12.3
      vertex 35.776 10.4 11.4
    endloop
  endfacet
  facet normal -0.718507 -0.106645 0.687295
    outer loop
      vertex 37.7192 9.49139 12.3
      vertex 37.6919 9.67532 12.3
      vertex 36.8707 9.40782 11.4
    endloop
  endfacet
  facet normal -0.373584 -0.6229 0.687335
    outer loop
      vertex 36.8559 10.9265 12.3
      vertex 36.6965 11.0221 12.3
      vertex 36.2945 10.2701 11.4
    endloop
  endfacet
  facet normal 0.656518 0.310802 0.687303
    outer loop
      vertex 34.7597 8.87905 11.4
      vertex 33.9744 8.54762 12.3
      vertex 34.8059 8.78146 11.4
    endloop
  endfacet
  facet normal 0.658093 0.307281 0.687381
    outer loop
      vertex 33.9744 8.54762 12.3
      vertex 34.7597 8.87905 11.4
      vertex 33.972 8.55276 12.3
    endloop
  endfacet
  facet normal 0.725728 0.0255538 0.687507
    outer loop
      vertex 33.8236 9.29432 12.3
      vertex 34.676 9.3 11.4
      vertex 33.8234 9.3 12.3
    endloop
  endfacet
  facet normal 0.725472 0.0356613 0.687327
    outer loop
      vertex 34.676 9.3 11.4
      vertex 33.8236 9.29432 12.3
      vertex 34.6813 9.19218 11.4
    endloop
  endfacet
  facet normal 0.310538 0.656623 0.687323
    outer loop
      vertex 35.0236 7.49843 12.3
      vertex 35.2575 8.32989 11.4
      vertex 34.8555 7.57793 12.3
    endloop
  endfacet
  facet normal 0.538138 0.487867 0.687309
    outer loop
      vertex 34.3915 7.92349 12.3
      vertex 34.9257 8.60217 11.4
      vertex 34.2666 8.06126 12.3
    endloop
  endfacet
  facet normal -0.106308 -0.718585 0.687266
    outer loop
      vertex 35.9906 10.3789 11.4
      vertex 36.1513 11.2159 12.3
      vertex 35.8838 10.3947 11.4
    endloop
  endfacet
  facet normal -0.10274 -0.719182 0.687184
    outer loop
      vertex 36.1513 11.2159 12.3
      vertex 35.9906 10.3789 11.4
      vertex 36.1569 11.2151 12.3
    endloop
  endfacet
  facet normal -0.431717 -0.584088 0.687359
    outer loop
      vertex 36.3871 10.2146 11.4
      vertex 36.8654 10.9202 12.3
      vertex 36.8608 10.9236 12.3
    endloop
  endfacet
  facet normal -0.432676 -0.583406 0.687334
    outer loop
      vertex 36.8654 10.9202 12.3
      vertex 36.3871 10.2146 11.4
      vertex 36.4738 10.1503 11.4
    endloop
  endfacet
  facet normal -0.432588 0.583501 0.687309
    outer loop
      vertex 36.8608 7.67645 12.3
      vertex 37.0102 7.78721 12.3
      vertex 36.3871 8.38538 11.4
    endloop
  endfacet
  facet normal 0.487809 -0.538191 0.687308
    outer loop
      vertex 35.0782 10.1503 11.4
      vertex 34.5373 10.8094 12.3
      vertex 34.3995 10.6845 12.3
    endloop
  endfacet
  facet normal 0.72548 -0.0359381 0.687304
    outer loop
      vertex 34.6813 9.40782 11.4
      vertex 33.8328 9.49139 12.3
      vertex 33.8236 9.30567 12.3
    endloop
  endfacet
  facet normal -0.107746 0.718305 0.687334
    outer loop
      vertex 35.9906 8.22114 11.4
      vertex 36.1513 7.38405 12.3
      vertex 36.1569 7.38489 12.3
    endloop
  endfacet
  facet normal -0.106565 0.718505 0.687309
    outer loop
      vertex 36.1513 7.38405 12.3
      vertex 35.9906 8.22114 11.4
      vertex 35.8838 8.2053 11.4
    endloop
  endfacet
  facet normal 0.106565 0.718505 0.687309
    outer loop
      vertex 35.5614 8.22114 11.4
      vertex 35.4007 7.38405 12.3
      vertex 35.6682 8.2053 11.4
    endloop
  endfacet
  facet normal 0.107746 0.718305 0.687334
    outer loop
      vertex 35.4007 7.38405 12.3
      vertex 35.5614 8.22114 11.4
      vertex 35.3951 7.38489 12.3
    endloop
  endfacet
  facet normal 0.0355526 -0.725506 0.687296
    outer loop
      vertex 35.776 10.4 11.4
      vertex 35.776 11.2526 12.3
      vertex 35.5903 11.2435 12.3
    endloop
  endfacet
  facet normal -0.310532 -0.65661 0.687338
    outer loop
      vertex 36.6965 11.0221 12.3
      vertex 36.5284 11.1016 12.3
      vertex 36.2945 10.2701 11.4
    endloop
  endfacet
  facet normal 0.725727 -0.0255989 0.687506
    outer loop
      vertex 34.676 9.3 11.4
      vertex 33.8236 9.30567 12.3
      vertex 33.8234 9.3 12.3
    endloop
  endfacet
  facet normal 0.725472 -0.0356613 0.687327
    outer loop
      vertex 33.8236 9.30567 12.3
      vertex 34.676 9.3 11.4
      vertex 34.6813 9.40782 11.4
    endloop
  endfacet
  facet normal -0.373426 0.623028 0.687306
    outer loop
      vertex 36.7013 7.58085 12.3
      vertex 36.8608 7.67645 12.3
      vertex 36.3871 8.38538 11.4
    endloop
  endfacet
  facet normal -0.373364 0.623059 0.687312
    outer loop
      vertex 36.2945 8.32989 11.4
      vertex 36.7013 7.58085 12.3
      vertex 36.3871 8.38538 11.4
    endloop
  endfacet
  facet normal -0.37756 0.620647 0.687201
    outer loop
      vertex 36.7013 7.58085 12.3
      vertex 36.2945 8.32989 11.4
      vertex 36.6965 7.57793 12.3
    endloop
  endfacet
  facet normal -0.17678 0.704557 0.687276
    outer loop
      vertex 36.0953 8.24736 11.4
      vertex 36.1569 7.38489 12.3
      vertex 36.1624 7.38627 12.3
    endloop
  endfacet
  facet normal -0.176455 0.70461 0.687305
    outer loop
      vertex 36.1569 7.38489 12.3
      vertex 36.0953 8.24736 11.4
      vertex 35.9906 8.22114 11.4
    endloop
  endfacet
  facet normal -0.683763 -0.245123 0.687301
    outer loop
      vertex 36.7923 9.72095 11.4
      vertex 37.5819 10.0419 12.3
      vertex 37.58 10.0472 12.3
    endloop
  endfacet
  facet normal -0.684072 -0.244311 0.687283
    outer loop
      vertex 37.5819 10.0419 12.3
      vertex 36.7923 9.72095 11.4
      vertex 36.8286 9.61931 11.4
    endloop
  endfacet
  facet normal -0.704188 -0.178923 0.687099
    outer loop
      vertex 36.8286 9.61931 11.4
      vertex 37.6911 9.68094 12.3
      vertex 37.6897 9.68645 12.3
    endloop
  endfacet
  facet normal -0.704514 -0.176953 0.687276
    outer loop
      vertex 37.6911 9.68094 12.3
      vertex 36.8286 9.61931 11.4
      vertex 36.8549 9.5146 11.4
    endloop
  endfacet
  facet normal -0.71924 -0.102383 0.687177
    outer loop
      vertex 36.8549 9.5146 11.4
      vertex 37.6919 9.67532 12.3
      vertex 37.6911 9.68094 12.3
    endloop
  endfacet
  facet normal -0.718581 -0.106327 0.687268
    outer loop
      vertex 37.6919 9.67532 12.3
      vertex 36.8549 9.5146 11.4
      vertex 36.8707 9.40782 11.4
    endloop
  endfacet
  facet normal 0.373409 -0.623 0.68734
    outer loop
      vertex 35.2575 10.2701 11.4
      vertex 34.8555 11.0221 12.3
      vertex 34.696 10.9265 12.3
    endloop
  endfacet
  facet normal 0.310532 -0.65661 0.687338
    outer loop
      vertex 35.2575 10.2701 11.4
      vertex 35.0236 11.1016 12.3
      vertex 34.8555 11.0221 12.3
    endloop
  endfacet
  facet normal 0.432588 0.583501 0.687309
    outer loop
      vertex 34.6912 7.67645 12.3
      vertex 35.1649 8.38538 11.4
      vertex 34.5418 7.78721 12.3
    endloop
  endfacet
  facet normal 0.432725 0.583381 0.687325
    outer loop
      vertex 35.0782 8.44969 11.4
      vertex 34.5418 7.78721 12.3
      vertex 35.1649 8.38538 11.4
    endloop
  endfacet
  facet normal 0.436987 0.580072 0.687429
    outer loop
      vertex 34.5418 7.78721 12.3
      vertex 35.0782 8.44969 11.4
      vertex 34.5373 7.7906 12.3
    endloop
  endfacet
  facet normal 0.684073 0.244312 0.687282
    outer loop
      vertex 33.9701 8.55811 12.3
      vertex 34.7597 8.87905 11.4
      vertex 34.7234 8.98069 11.4
    endloop
  endfacet
  facet normal 0.684531 0.243105 0.687253
    outer loop
      vertex 34.7597 8.87905 11.4
      vertex 33.9701 8.55811 12.3
      vertex 33.972 8.55276 12.3
    endloop
  endfacet
  facet normal 0.623032 -0.373456 0.687286
    outer loop
      vertex 34.0569 10.2253 12.3
      vertex 34.8059 9.81854 11.4
      vertex 34.8614 9.91113 11.4
    endloop
  endfacet
  facet normal 0.616255 -0.38516 0.686936
    outer loop
      vertex 34.8059 9.81854 11.4
      vertex 34.0569 10.2253 12.3
      vertex 34.0539 10.2205 12.3
    endloop
  endfacet
  facet normal 0.623191 -0.373133 0.687316
    outer loop
      vertex 34.8614 9.91113 11.4
      vertex 34.1524 10.3848 12.3
      vertex 34.0569 10.2253 12.3
    endloop
  endfacet
  facet normal -0.369993 -0.62516 0.687227
    outer loop
      vertex 36.8559 10.9265 12.3
      vertex 36.3871 10.2146 11.4
      vertex 36.8608 10.9236 12.3
    endloop
  endfacet
  facet normal -0.373411 -0.623024 0.687318
    outer loop
      vertex 36.3871 10.2146 11.4
      vertex 36.8559 10.9265 12.3
      vertex 36.2945 10.2701 11.4
    endloop
  endfacet
  facet normal 0.623002 0.373438 0.687323
    outer loop
      vertex 34.1495 8.22005 12.3
      vertex 34.8614 8.68887 11.4
      vertex 34.8059 8.78146 11.4
    endloop
  endfacet
  facet normal 0.62412 0.371652 0.687277
    outer loop
      vertex 34.8614 8.68887 11.4
      vertex 34.1495 8.22005 12.3
      vertex 34.1524 8.21518 12.3
    endloop
  endfacet
  facet normal 0.683763 -0.245123 0.687301
    outer loop
      vertex 33.9701 10.0419 12.3
      vertex 34.7597 9.72095 11.4
      vertex 33.972 10.0472 12.3
    endloop
  endfacet
  facet normal 0.684072 -0.244311 0.687283
    outer loop
      vertex 34.7597 9.72095 11.4
      vertex 33.9701 10.0419 12.3
      vertex 34.7234 9.61931 11.4
    endloop
  endfacet
  facet normal -0.252339 -0.681316 0.68712
    outer loop
      vertex 36.0953 10.3526 11.4
      vertex 36.3482 11.1666 12.3
      vertex 36.3428 11.1686 12.3
    endloop
  endfacet
  facet normal -0.24417 -0.68408 0.687325
    outer loop
      vertex 36.3482 11.1666 12.3
      vertex 36.0953 10.3526 11.4
      vertex 36.197 10.3163 11.4
    endloop
  endfacet
  facet normal -0.244658 -0.683949 0.687282
    outer loop
      vertex 36.5232 11.104 12.3
      vertex 36.3482 11.1666 12.3
      vertex 36.197 10.3163 11.4
    endloop
  endfacet
  facet normal 0.623166 0.373165 0.687322
    outer loop
      vertex 41.0964 8.21518 12.3
      vertex 41.8054 8.68887 11.4
      vertex 41.0009 8.37466 12.3
    endloop
  endfacet
  facet normal -0.106583 0.718501 0.687311
    outer loop
      vertex 42.9114 7.35677 12.3
      vertex 43.0953 7.38405 12.3
      vertex 42.8278 8.2053 11.4
    endloop
  endfacet
  facet normal -0.718581 0.106327 0.687268
    outer loop
      vertex 43.7989 9.0854 11.4
      vertex 44.6359 8.92468 12.3
      vertex 43.8147 9.19218 11.4
    endloop
  endfacet
  facet normal -0.71924 0.102383 0.687177
    outer loop
      vertex 44.6359 8.92468 12.3
      vertex 43.7989 9.0854 11.4
      vertex 44.6351 8.91906 12.3
    endloop
  endfacet
  facet normal -0.106308 -0.718585 0.687266
    outer loop
      vertex 42.9346 10.3789 11.4
      vertex 43.0953 11.2159 12.3
      vertex 42.8278 10.3947 11.4
    endloop
  endfacet
  facet normal -0.10274 -0.719182 0.687184
    outer loop
      vertex 43.0953 11.2159 12.3
      vertex 42.9346 10.3789 11.4
      vertex 43.1009 11.2151 12.3
    endloop
  endfacet
  facet normal -0.725507 -0.0355487 0.687297
    outer loop
      vertex 44.6726 9.3 12.3
      vertex 44.6635 9.48572 12.3
      vertex 43.82 9.3 11.4
    endloop
  endfacet
  facet normal -0.725301 -0.0383757 0.687361
    outer loop
      vertex 43.8147 9.40782 11.4
      vertex 44.6635 9.48572 12.3
      vertex 44.6632 9.49139 12.3
    endloop
  endfacet
  facet normal -0.725492 -0.0356623 0.687306
    outer loop
      vertex 44.6635 9.48572 12.3
      vertex 43.8147 9.40782 11.4
      vertex 43.82 9.3 11.4
    endloop
  endfacet
  facet normal -0.107746 0.718305 0.687334
    outer loop
      vertex 42.9346 8.22114 11.4
      vertex 43.0953 7.38405 12.3
      vertex 43.1009 7.38489 12.3
    endloop
  endfacet
  facet normal -0.106565 0.718505 0.687309
    outer loop
      vertex 43.0953 7.38405 12.3
      vertex 42.9346 8.22114 11.4
      vertex 42.8278 8.2053 11.4
    endloop
  endfacet
  facet normal -0.310532 -0.65661 0.687338
    outer loop
      vertex 43.6405 11.0221 12.3
      vertex 43.4724 11.1016 12.3
      vertex 43.2385 10.2701 11.4
    endloop
  endfacet
  facet normal 0.725727 -0.0255989 0.687506
    outer loop
      vertex 41.62 9.3 11.4
      vertex 40.7676 9.30567 12.3
      vertex 40.7674 9.3 12.3
    endloop
  endfacet
  facet normal 0.725472 -0.0356613 0.687327
    outer loop
      vertex 40.7676 9.30567 12.3
      vertex 41.62 9.3 11.4
      vertex 41.6253 9.40782 11.4
    endloop
  endfacet
  facet normal 0.538197 -0.487814 0.6873
    outer loop
      vertex 41.8697 9.99783 11.4
      vertex 41.3355 10.6765 12.3
      vertex 41.2106 10.5387 12.3
    endloop
  endfacet
  facet normal -0.488029 0.537984 0.687314
    outer loop
      vertex 43.4978 8.52218 11.4
      vertex 44.0965 7.91547 12.3
      vertex 44.1007 7.91928 12.3
    endloop
  endfacet
  facet normal -0.487733 0.538263 0.687306
    outer loop
      vertex 44.0965 7.91547 12.3
      vertex 43.4978 8.52218 11.4
      vertex 43.4178 8.44969 11.4
    endloop
  endfacet
  facet normal -0.0356689 0.725491 0.687306
    outer loop
      vertex 42.72 8.2 11.4
      vertex 42.7257 7.34765 12.3
      vertex 42.8278 8.2053 11.4
    endloop
  endfacet
  facet normal -0.0356382 0.725492 0.687307
    outer loop
      vertex 42.7257 7.34765 12.3
      vertex 42.72 8.2 11.4
      vertex 42.72 7.34737 12.3
    endloop
  endfacet
  facet normal -0.623007 -0.373414 0.687332
    outer loop
      vertex 44.4421 10.2205 12.3
      vertex 44.3465 10.38 12.3
      vertex 43.6901 9.81854 11.4
    endloop
  endfacet
  facet normal 0.0356382 0.725492 0.687307
    outer loop
      vertex 42.72 8.2 11.4
      vertex 42.7143 7.34765 12.3
      vertex 42.72 7.34737 12.3
    endloop
  endfacet
  facet normal 0.0356689 0.725491 0.687306
    outer loop
      vertex 42.7143 7.34765 12.3
      vertex 42.72 8.2 11.4
      vertex 42.6122 8.2053 11.4
    endloop
  endfacet
  facet normal 0.10274 -0.719182 0.687184
    outer loop
      vertex 42.5054 10.3789 11.4
      vertex 42.3447 11.2159 12.3
      vertex 42.3391 11.2151 12.3
    endloop
  endfacet
  facet normal 0.106308 -0.718585 0.687266
    outer loop
      vertex 42.3447 11.2159 12.3
      vertex 42.5054 10.3789 11.4
      vertex 42.6122 10.3947 11.4
    endloop
  endfacet
  facet normal 0.0356299 0.72549 0.68731
    outer loop
      vertex 42.7143 7.34765 12.3
      vertex 42.6122 8.2053 11.4
      vertex 42.5286 7.35677 12.3
    endloop
  endfacet
  facet normal 0.106583 0.718501 0.687311
    outer loop
      vertex 42.5286 7.35677 12.3
      vertex 42.6122 8.2053 11.4
      vertex 42.3447 7.38405 12.3
    endloop
  endfacet
  facet normal -0.244666 0.683923 0.687305
    outer loop
      vertex 43.2868 7.43145 12.3
      vertex 43.4619 7.49409 12.3
      vertex 43.0393 8.24736 11.4
    endloop
  endfacet
  facet normal 0.684073 0.244312 0.687282
    outer loop
      vertex 40.9141 8.55811 12.3
      vertex 41.7037 8.87905 11.4
      vertex 41.6674 8.98069 11.4
    endloop
  endfacet
  facet normal 0.684531 0.243105 0.687253
    outer loop
      vertex 41.7037 8.87905 11.4
      vertex 40.9141 8.55811 12.3
      vertex 40.916 8.55276 12.3
    endloop
  endfacet
  facet normal -0.621646 -0.375578 0.687385
    outer loop
      vertex 43.6346 9.91113 11.4
      vertex 44.3465 10.38 12.3
      vertex 44.3436 10.3848 12.3
    endloop
  endfacet
  facet normal -0.622993 -0.373433 0.687334
    outer loop
      vertex 44.3465 10.38 12.3
      vertex 43.6346 9.91113 11.4
      vertex 43.6901 9.81854 11.4
    endloop
  endfacet
  facet normal 0.538638 -0.487339 0.687291
    outer loop
      vertex 41.3355 10.6765 12.3
      vertex 41.9422 10.0778 11.4
      vertex 41.3393 10.6807 12.3
    endloop
  endfacet
  facet normal 0.538138 -0.48787 0.687307
    outer loop
      vertex 41.9422 10.0778 11.4
      vertex 41.3355 10.6765 12.3
      vertex 41.8697 9.99783 11.4
    endloop
  endfacet
  facet normal -0.656616 -0.310535 0.687331
    outer loop
      vertex 44.5216 10.0524 12.3
      vertex 44.4421 10.2205 12.3
      vertex 43.6901 9.81854 11.4
    endloop
  endfacet
  facet normal 0.538138 0.487867 0.687309
    outer loop
      vertex 41.3393 7.91928 12.3
      vertex 41.9422 8.52218 11.4
      vertex 41.2144 8.05705 12.3
    endloop
  endfacet
  facet normal -0.7046 0.17657 0.687286
    outer loop
      vertex 44.5899 8.73869 12.3
      vertex 44.6351 8.91906 12.3
      vertex 43.7989 9.0854 11.4
    endloop
  endfacet
  facet normal 0.623191 -0.373133 0.687316
    outer loop
      vertex 41.8054 9.91113 11.4
      vertex 41.0964 10.3848 12.3
      vertex 41.0009 10.2253 12.3
    endloop
  endfacet
  facet normal 0.373426 0.623028 0.687306
    outer loop
      vertex 41.7947 7.58085 12.3
      vertex 42.1089 8.38538 11.4
      vertex 41.6352 7.67645 12.3
    endloop
  endfacet
  facet normal 0.432588 0.583501 0.687309
    outer loop
      vertex 41.6352 7.67645 12.3
      vertex 42.1089 8.38538 11.4
      vertex 41.4858 7.78721 12.3
    endloop
  endfacet
  facet normal 0.432725 0.583381 0.687325
    outer loop
      vertex 42.0222 8.44969 11.4
      vertex 41.4858 7.78721 12.3
      vertex 42.1089 8.38538 11.4
    endloop
  endfacet
  facet normal 0.436987 0.580072 0.687429
    outer loop
      vertex 41.4858 7.78721 12.3
      vertex 42.0222 8.44969 11.4
      vertex 41.4813 7.7906 12.3
    endloop
  endfacet
  facet normal -0.304341 -0.659404 0.687432
    outer loop
      vertex 43.141 10.3163 11.4
      vertex 43.4724 11.1016 12.3
      vertex 43.4672 11.104 12.3
    endloop
  endfacet
  facet normal -0.311041 -0.656417 0.687292
    outer loop
      vertex 43.4724 11.1016 12.3
      vertex 43.141 10.3163 11.4
      vertex 43.2385 10.2701 11.4
    endloop
  endfacet
  facet normal -0.57944 -0.437799 0.687446
    outer loop
      vertex 43.5703 9.99783 11.4
      vertex 44.2328 10.5342 12.3
      vertex 44.2294 10.5387 12.3
    endloop
  endfacet
  facet normal -0.583415 -0.432683 0.687323
    outer loop
      vertex 44.2328 10.5342 12.3
      vertex 43.5703 9.99783 11.4
      vertex 43.6346 9.91113 11.4
    endloop
  endfacet
  facet normal -0.246254 0.683322 0.687335
    outer loop
      vertex 43.141 8.28373 11.4
      vertex 43.4619 7.49409 12.3
      vertex 43.4672 7.496 12.3
    endloop
  endfacet
  facet normal -0.244596 0.683954 0.687298
    outer loop
      vertex 43.4619 7.49409 12.3
      vertex 43.141 8.28373 11.4
      vertex 43.0393 8.24736 11.4
    endloop
  endfacet
  facet normal -0.658093 0.307281 0.687381
    outer loop
      vertex 43.7363 8.87905 11.4
      vertex 44.5216 8.54762 12.3
      vertex 44.524 8.55276 12.3
    endloop
  endfacet
  facet normal -0.656518 0.310802 0.687303
    outer loop
      vertex 44.5216 8.54762 12.3
      vertex 43.7363 8.87905 11.4
      vertex 43.6901 8.78146 11.4
    endloop
  endfacet
  facet normal 0.656607 0.310568 0.687324
    outer loop
      vertex 40.9979 8.37954 12.3
      vertex 41.7499 8.78146 11.4
      vertex 40.9184 8.54762 12.3
    endloop
  endfacet
  facet normal -0.68397 0.244568 0.687293
    outer loop
      vertex 44.524 8.55276 12.3
      vertex 44.5866 8.72783 12.3
      vertex 43.7363 8.87905 11.4
    endloop
  endfacet
  facet normal 0.432872 -0.583284 0.687315
    outer loop
      vertex 42.0222 10.1503 11.4
      vertex 41.6306 10.9202 12.3
      vertex 41.4813 10.8094 12.3
    endloop
  endfacet
  facet normal -0.725492 0.0356623 0.687306
    outer loop
      vertex 43.8147 9.19218 11.4
      vertex 44.6635 9.11428 12.3
      vertex 43.82 9.3 11.4
    endloop
  endfacet
  facet normal -0.725301 0.0383757 0.687361
    outer loop
      vertex 44.6635 9.11428 12.3
      vertex 43.8147 9.19218 11.4
      vertex 44.6632 9.10861 12.3
    endloop
  endfacet
  facet normal -0.725507 0.0355487 0.687297
    outer loop
      vertex 44.6635 9.11428 12.3
      vertex 44.6726 9.3 12.3
      vertex 43.82 9.3 11.4
    endloop
  endfacet
  facet normal 0.0381745 -0.725316 0.687357
    outer loop
      vertex 42.6122 10.3947 11.4
      vertex 42.5343 11.2435 12.3
      vertex 42.5286 11.2432 12.3
    endloop
  endfacet
  facet normal 0.0356689 -0.725491 0.687306
    outer loop
      vertex 42.5343 11.2435 12.3
      vertex 42.6122 10.3947 11.4
      vertex 42.72 10.4 11.4
    endloop
  endfacet
  facet normal 0.106662 -0.718503 0.687296
    outer loop
      vertex 42.6122 10.3947 11.4
      vertex 42.5286 11.2432 12.3
      vertex 42.3447 11.2159 12.3
    endloop
  endfacet
  facet normal -0.310819 0.656517 0.687297
    outer loop
      vertex 43.141 8.28373 11.4
      vertex 43.4724 7.49843 12.3
      vertex 43.2385 8.32989 11.4
    endloop
  endfacet
  facet normal -0.307491 0.658005 0.687371
    outer loop
      vertex 43.4724 7.49843 12.3
      vertex 43.141 8.28373 11.4
      vertex 43.4672 7.496 12.3
    endloop
  endfacet
  facet normal -0.538138 0.487867 0.687309
    outer loop
      vertex 44.1007 7.91928 12.3
      vertex 44.2256 8.05705 12.3
      vertex 43.4978 8.52218 11.4
    endloop
  endfacet
  facet normal 0.704647 -0.176191 0.687335
    outer loop
      vertex 41.6674 9.61931 11.4
      vertex 40.8514 9.86682 12.3
      vertex 40.8063 9.68645 12.3
    endloop
  endfacet
  facet normal 0.58329 -0.432877 0.687307
    outer loop
      vertex 41.8697 9.99783 11.4
      vertex 41.2106 10.5387 12.3
      vertex 41.0998 10.3894 12.3
    endloop
  endfacet
  facet normal -0.17678 0.704557 0.687276
    outer loop
      vertex 43.0393 8.24736 11.4
      vertex 43.1009 7.38489 12.3
      vertex 43.1064 7.38627 12.3
    endloop
  endfacet
  facet normal -0.176455 0.70461 0.687305
    outer loop
      vertex 43.1009 7.38489 12.3
      vertex 43.0393 8.24736 11.4
      vertex 42.9346 8.22114 11.4
    endloop
  endfacet
  facet normal 0.704514 0.176953 0.687276
    outer loop
      vertex 40.8049 8.91906 12.3
      vertex 41.6674 8.98069 11.4
      vertex 41.6411 9.0854 11.4
    endloop
  endfacet
  facet normal 0.704188 0.178923 0.687099
    outer loop
      vertex 41.6674 8.98069 11.4
      vertex 40.8049 8.91906 12.3
      vertex 40.8063 8.91355 12.3
    endloop
  endfacet
  facet normal 0.704647 0.176191 0.687335
    outer loop
      vertex 40.8514 8.73318 12.3
      vertex 41.6674 8.98069 11.4
      vertex 40.8063 8.91355 12.3
    endloop
  endfacet
  facet normal 0.72548 0.03594 0.687304
    outer loop
      vertex 40.7768 9.10861 12.3
      vertex 41.6253 9.19218 11.4
      vertex 40.7676 9.29432 12.3
    endloop
  endfacet
  facet normal -0.704474 0.176943 0.687319
    outer loop
      vertex 43.7726 8.98069 11.4
      vertex 44.5899 8.73869 12.3
      vertex 43.7989 9.0854 11.4
    endloop
  endfacet
  facet normal -0.707182 0.166849 0.687063
    outer loop
      vertex 44.5899 8.73869 12.3
      vertex 43.7726 8.98069 11.4
      vertex 44.5886 8.73318 12.3
    endloop
  endfacet
  facet normal -0.680605 0.254432 0.687053
    outer loop
      vertex 43.7726 8.98069 11.4
      vertex 44.5866 8.72783 12.3
      vertex 44.5886 8.73318 12.3
    endloop
  endfacet
  facet normal -0.684042 0.244301 0.687316
    outer loop
      vertex 44.5866 8.72783 12.3
      vertex 43.7726 8.98069 11.4
      vertex 43.7363 8.87905 11.4
    endloop
  endfacet
  facet normal 0.487318 -0.538615 0.687324
    outer loop
      vertex 41.4771 10.8056 12.3
      vertex 42.0222 10.1503 11.4
      vertex 41.4813 10.8094 12.3
    endloop
  endfacet
  facet normal 0.487767 -0.538225 0.687312
    outer loop
      vertex 42.0222 10.1503 11.4
      vertex 41.4771 10.8056 12.3
      vertex 41.9422 10.0778 11.4
    endloop
  endfacet
  facet normal -0.176543 -0.70461 0.687282
    outer loop
      vertex 43.2813 11.1699 12.3
      vertex 43.1009 11.2151 12.3
      vertex 42.9346 10.3789 11.4
    endloop
  endfacet
  facet normal -0.718507 0.106645 0.687295
    outer loop
      vertex 44.6359 8.92468 12.3
      vertex 44.6632 9.10861 12.3
      vertex 43.8147 9.19218 11.4
    endloop
  endfacet
  facet normal -0.176465 0.704609 0.687303
    outer loop
      vertex 43.1064 7.38627 12.3
      vertex 43.2868 7.43145 12.3
      vertex 43.0393 8.24736 11.4
    endloop
  endfacet
  facet normal -0.0356299 0.72549 0.68731
    outer loop
      vertex 42.9114 7.35677 12.3
      vertex 42.8278 8.2053 11.4
      vertex 42.7257 7.34765 12.3
    endloop
  endfacet
  facet normal 0.310819 0.656517 0.687297
    outer loop
      vertex 41.9676 7.49843 12.3
      vertex 42.299 8.28373 11.4
      vertex 42.2015 8.32989 11.4
    endloop
  endfacet
  facet normal 0.307491 0.658005 0.687371
    outer loop
      vertex 42.299 8.28373 11.4
      vertex 41.9676 7.49843 12.3
      vertex 41.9728 7.496 12.3
    endloop
  endfacet
  facet normal -0.707182 -0.166849 0.687063
    outer loop
      vertex 43.7726 9.61931 11.4
      vertex 44.5899 9.86131 12.3
      vertex 44.5886 9.86682 12.3
    endloop
  endfacet
  facet normal -0.704474 -0.176943 0.687319
    outer loop
      vertex 44.5899 9.86131 12.3
      vertex 43.7726 9.61931 11.4
      vertex 43.7989 9.5146 11.4
    endloop
  endfacet
  facet normal -0.310538 0.656623 0.687323
    outer loop
      vertex 43.4724 7.49843 12.3
      vertex 43.6405 7.57793 12.3
      vertex 43.2385 8.32989 11.4
    endloop
  endfacet
  facet normal -0.432588 0.583501 0.687309
    outer loop
      vertex 43.8048 7.67645 12.3
      vertex 43.9542 7.78721 12.3
      vertex 43.3311 8.38538 11.4
    endloop
  endfacet
  facet normal 0.3734 -0.623006 0.687339
    outer loop
      vertex 41.64 10.9265 12.3
      vertex 42.1089 10.2146 11.4
      vertex 42.2015 10.2701 11.4
    endloop
  endfacet
  facet normal 0.375574 -0.62164 0.687392
    outer loop
      vertex 42.1089 10.2146 11.4
      vertex 41.64 10.9265 12.3
      vertex 41.6352 10.9236 12.3
    endloop
  endfacet
  facet normal 0.176543 -0.70461 0.687282
    outer loop
      vertex 42.5054 10.3789 11.4
      vertex 42.3391 11.2151 12.3
      vertex 42.1587 11.1699 12.3
    endloop
  endfacet
  facet normal -0.432872 -0.583284 0.687315
    outer loop
      vertex 43.9587 10.8094 12.3
      vertex 43.8094 10.9202 12.3
      vertex 43.4178 10.1503 11.4
    endloop
  endfacet
  facet normal -0.176959 -0.70447 0.687319
    outer loop
      vertex 43.0393 10.3526 11.4
      vertex 43.2813 11.1699 12.3
      vertex 42.9346 10.3789 11.4
    endloop
  endfacet
  facet normal -0.167134 -0.707106 0.687071
    outer loop
      vertex 43.2813 11.1699 12.3
      vertex 43.0393 10.3526 11.4
      vertex 43.2868 11.1686 12.3
    endloop
  endfacet
  facet normal 0.683808 0.244901 0.687336
    outer loop
      vertex 40.9141 8.55811 12.3
      vertex 41.6674 8.98069 11.4
      vertex 40.8514 8.73318 12.3
    endloop
  endfacet
  facet normal -0.538197 -0.487814 0.6873
    outer loop
      vertex 44.2294 10.5387 12.3
      vertex 44.1045 10.6765 12.3
      vertex 43.5703 9.99783 11.4
    endloop
  endfacet
  facet normal -0.487809 -0.538191 0.687308
    outer loop
      vertex 44.0965 10.6845 12.3
      vertex 43.9587 10.8094 12.3
      vertex 43.4178 10.1503 11.4
    endloop
  endfacet
  facet normal -0.583421 0.432687 0.687315
    outer loop
      vertex 43.5703 8.60217 11.4
      vertex 44.2328 8.06583 12.3
      vertex 43.6346 8.68887 11.4
    endloop
  endfacet
  facet normal -0.582749 0.433555 0.687338
    outer loop
      vertex 44.2328 8.06583 12.3
      vertex 43.5703 8.60217 11.4
      vertex 44.2294 8.06126 12.3
    endloop
  endfacet
  facet normal 0.48781 -0.538192 0.687307
    outer loop
      vertex 41.9422 10.0778 11.4
      vertex 41.4771 10.8056 12.3
      vertex 41.3393 10.6807 12.3
    endloop
  endfacet
  facet normal 0.310538 0.656623 0.687323
    outer loop
      vertex 41.9676 7.49843 12.3
      vertex 42.2015 8.32989 11.4
      vertex 41.7995 7.57793 12.3
    endloop
  endfacet
  facet normal -0.583345 0.432773 0.687325
    outer loop
      vertex 44.2328 8.06583 12.3
      vertex 44.3436 8.21518 12.3
      vertex 43.6346 8.68887 11.4
    endloop
  endfacet
  facet normal 0.252339 -0.681316 0.68712
    outer loop
      vertex 42.1478 11.1666 12.3
      vertex 42.4007 10.3526 11.4
      vertex 42.1532 11.1686 12.3
    endloop
  endfacet
  facet normal 0.24417 -0.68408 0.687325
    outer loop
      vertex 42.4007 10.3526 11.4
      vertex 42.1478 11.1666 12.3
      vertex 42.299 10.3163 11.4
    endloop
  endfacet
  facet normal 0.373364 0.623059 0.687312
    outer loop
      vertex 41.7947 7.58085 12.3
      vertex 42.2015 8.32989 11.4
      vertex 42.1089 8.38538 11.4
    endloop
  endfacet
  facet normal 0.37756 0.620647 0.687201
    outer loop
      vertex 42.2015 8.32989 11.4
      vertex 41.7947 7.58085 12.3
      vertex 41.7995 7.57793 12.3
    endloop
  endfacet
  facet normal 0.244658 -0.683949 0.687282
    outer loop
      vertex 42.299 10.3163 11.4
      vertex 42.1478 11.1666 12.3
      vertex 41.9728 11.104 12.3
    endloop
  endfacet
  facet normal 0.704188 -0.178923 0.687099
    outer loop
      vertex 40.8049 9.68094 12.3
      vertex 41.6674 9.61931 11.4
      vertex 40.8063 9.68645 12.3
    endloop
  endfacet
  facet normal 0.704514 -0.176953 0.687276
    outer loop
      vertex 41.6674 9.61931 11.4
      vertex 40.8049 9.68094 12.3
      vertex 41.6411 9.5146 11.4
    endloop
  endfacet
  facet normal 0.683812 -0.244888 0.687336
    outer loop
      vertex 41.6674 9.61931 11.4
      vertex 40.9141 10.0419 12.3
      vertex 40.8514 9.86682 12.3
    endloop
  endfacet
  facet normal -0.538638 -0.487339 0.687291
    outer loop
      vertex 43.4978 10.0778 11.4
      vertex 44.1045 10.6765 12.3
      vertex 44.1007 10.6807 12.3
    endloop
  endfacet
  facet normal -0.538138 -0.48787 0.687307
    outer loop
      vertex 44.1045 10.6765 12.3
      vertex 43.4978 10.0778 11.4
      vertex 43.5703 9.99783 11.4
    endloop
  endfacet
  facet normal 0.583412 -0.432681 0.687326
    outer loop
      vertex 41.0998 10.3894 12.3
      vertex 41.8054 9.91113 11.4
      vertex 41.8697 9.99783 11.4
    endloop
  endfacet
  facet normal 0.584094 -0.431721 0.687351
    outer loop
      vertex 41.8054 9.91113 11.4
      vertex 41.0998 10.3894 12.3
      vertex 41.0964 10.3848 12.3
    endloop
  endfacet
  facet normal -0.683956 -0.244619 0.687288
    outer loop
      vertex 44.5866 9.87217 12.3
      vertex 44.524 10.0472 12.3
      vertex 43.7363 9.72095 11.4
    endloop
  endfacet
  facet normal -0.0356689 -0.725491 0.687306
    outer loop
      vertex 42.8278 10.3947 11.4
      vertex 42.9057 11.2435 12.3
      vertex 42.72 10.4 11.4
    endloop
  endfacet
  facet normal -0.0381745 -0.725316 0.687357
    outer loop
      vertex 42.9057 11.2435 12.3
      vertex 42.8278 10.3947 11.4
      vertex 42.9114 11.2432 12.3
    endloop
  endfacet
  facet normal 0.683763 -0.245123 0.687301
    outer loop
      vertex 40.9141 10.0419 12.3
      vertex 41.7037 9.72095 11.4
      vertex 40.916 10.0472 12.3
    endloop
  endfacet
  facet normal 0.684072 -0.244311 0.687283
    outer loop
      vertex 41.7037 9.72095 11.4
      vertex 40.9141 10.0419 12.3
      vertex 41.6674 9.61931 11.4
    endloop
  endfacet
  facet normal 0.487747 0.538252 0.687305
    outer loop
      vertex 41.4771 7.79441 12.3
      vertex 41.9422 8.52218 11.4
      vertex 41.3393 7.91928 12.3
    endloop
  endfacet
  facet normal 0.487733 0.538262 0.687306
    outer loop
      vertex 41.4771 7.79441 12.3
      vertex 42.0222 8.44969 11.4
      vertex 41.9422 8.52218 11.4
    endloop
  endfacet
  facet normal 0.488039 0.537996 0.687298
    outer loop
      vertex 42.0222 8.44969 11.4
      vertex 41.4771 7.79441 12.3
      vertex 41.4813 7.7906 12.3
    endloop
  endfacet
  facet normal -0.623002 0.373438 0.687323
    outer loop
      vertex 43.6346 8.68887 11.4
      vertex 44.3465 8.22005 12.3
      vertex 43.6901 8.78146 11.4
    endloop
  endfacet
  facet normal -0.62412 0.371652 0.687277
    outer loop
      vertex 44.3465 8.22005 12.3
      vertex 43.6346 8.68887 11.4
      vertex 44.3436 8.21518 12.3
    endloop
  endfacet
  facet normal 0.718507 0.106645 0.687295
    outer loop
      vertex 40.8041 8.92468 12.3
      vertex 41.6253 9.19218 11.4
      vertex 40.7768 9.10861 12.3
    endloop
  endfacet
  facet normal 0.623032 -0.373456 0.687286
    outer loop
      vertex 41.0009 10.2253 12.3
      vertex 41.7499 9.81854 11.4
      vertex 41.8054 9.91113 11.4
    endloop
  endfacet
  facet normal 0.616255 -0.38516 0.686936
    outer loop
      vertex 41.7499 9.81854 11.4
      vertex 41.0009 10.2253 12.3
      vertex 40.9979 10.2205 12.3
    endloop
  endfacet
  facet normal -0.0355526 -0.725506 0.687296
    outer loop
      vertex 42.9057 11.2435 12.3
      vertex 42.72 11.2526 12.3
      vertex 42.72 10.4 11.4
    endloop
  endfacet
  facet normal -0.487339 -0.538638 0.687291
    outer loop
      vertex 44.0965 10.6845 12.3
      vertex 43.4978 10.0778 11.4
      vertex 44.1007 10.6807 12.3
    endloop
  endfacet
  facet normal -0.487772 -0.538231 0.687304
    outer loop
      vertex 43.4978 10.0778 11.4
      vertex 44.0965 10.6845 12.3
      vertex 43.4178 10.1503 11.4
    endloop
  endfacet
  facet normal -0.487745 0.53825 0.687307
    outer loop
      vertex 43.9587 7.7906 12.3
      vertex 44.0965 7.91547 12.3
      vertex 43.4178 8.44969 11.4
    endloop
  endfacet
  facet normal 0.718581 0.106327 0.687268
    outer loop
      vertex 40.8041 8.92468 12.3
      vertex 41.6411 9.0854 11.4
      vertex 41.6253 9.19218 11.4
    endloop
  endfacet
  facet normal 0.71924 0.102383 0.687177
    outer loop
      vertex 41.6411 9.0854 11.4
      vertex 40.8041 8.92468 12.3
      vertex 40.8049 8.91906 12.3
    endloop
  endfacet
  facet normal -0.623004 0.373435 0.687322
    outer loop
      vertex 44.3465 8.22005 12.3
      vertex 44.4421 8.37954 12.3
      vertex 43.6901 8.78146 11.4
    endloop
  endfacet
  facet normal -0.656607 0.310568 0.687324
    outer loop
      vertex 44.4421 8.37954 12.3
      vertex 44.5216 8.54762 12.3
      vertex 43.6901 8.78146 11.4
    endloop
  endfacet
  facet normal 0.583345 0.432773 0.687325
    outer loop
      vertex 41.2072 8.06583 12.3
      vertex 41.8054 8.68887 11.4
      vertex 41.0964 8.21518 12.3
    endloop
  endfacet
  facet normal -0.718507 -0.106645 0.687295
    outer loop
      vertex 44.6632 9.49139 12.3
      vertex 44.6359 9.67532 12.3
      vertex 43.8147 9.40782 11.4
    endloop
  endfacet
  facet normal -0.37313 -0.623186 0.687323
    outer loop
      vertex 43.8048 10.9236 12.3
      vertex 43.6453 11.0191 12.3
      vertex 43.3311 10.2146 11.4
    endloop
  endfacet
  facet normal 0.725728 0.0255538 0.687507
    outer loop
      vertex 40.7676 9.29432 12.3
      vertex 41.62 9.3 11.4
      vertex 40.7674 9.3 12.3
    endloop
  endfacet
  facet normal 0.725472 0.0356613 0.687327
    outer loop
      vertex 41.62 9.3 11.4
      vertex 40.7676 9.29432 12.3
      vertex 41.6253 9.19218 11.4
    endloop
  endfacet
  facet normal 0.656515 -0.3108 0.687307
    outer loop
      vertex 40.9184 10.0524 12.3
      vertex 41.7037 9.72095 11.4
      vertex 41.7499 9.81854 11.4
    endloop
  endfacet
  facet normal 0.659397 -0.304337 0.687441
    outer loop
      vertex 41.7037 9.72095 11.4
      vertex 40.9184 10.0524 12.3
      vertex 40.916 10.0472 12.3
    endloop
  endfacet
  facet normal -0.431717 -0.584088 0.687359
    outer loop
      vertex 43.3311 10.2146 11.4
      vertex 43.8094 10.9202 12.3
      vertex 43.8048 10.9236 12.3
    endloop
  endfacet
  facet normal -0.432676 -0.583406 0.687334
    outer loop
      vertex 43.8094 10.9202 12.3
      vertex 43.3311 10.2146 11.4
      vertex 43.4178 10.1503 11.4
    endloop
  endfacet
  facet normal -0.583416 -0.432681 0.687323
    outer loop
      vertex 44.3436 10.3848 12.3
      vertex 44.2328 10.5342 12.3
      vertex 43.6346 9.91113 11.4
    endloop
  endfacet
  facet normal 0.72548 -0.0359381 0.687304
    outer loop
      vertex 41.6253 9.40782 11.4
      vertex 40.7768 9.49139 12.3
      vertex 40.7676 9.30567 12.3
    endloop
  endfacet
  facet normal 0.244666 0.683923 0.687305
    outer loop
      vertex 42.1532 7.43145 12.3
      vertex 42.4007 8.24736 11.4
      vertex 41.9781 7.49409 12.3
    endloop
  endfacet
  facet normal -0.106662 -0.718503 0.687296
    outer loop
      vertex 43.0953 11.2159 12.3
      vertex 42.9114 11.2432 12.3
      vertex 42.8278 10.3947 11.4
    endloop
  endfacet
  facet normal 0.431717 -0.584088 0.687359
    outer loop
      vertex 41.6306 10.9202 12.3
      vertex 42.1089 10.2146 11.4
      vertex 41.6352 10.9236 12.3
    endloop
  endfacet
  facet normal 0.432676 -0.583406 0.687334
    outer loop
      vertex 42.1089 10.2146 11.4
      vertex 41.6306 10.9202 12.3
      vertex 42.0222 10.1503 11.4
    endloop
  endfacet
  facet normal -0.385155 -0.616248 0.686945
    outer loop
      vertex 43.2385 10.2701 11.4
      vertex 43.6453 11.0191 12.3
      vertex 43.6405 11.0221 12.3
    endloop
  endfacet
  facet normal -0.373421 -0.623042 0.687296
    outer loop
      vertex 43.6453 11.0191 12.3
      vertex 43.2385 10.2701 11.4
      vertex 43.3311 10.2146 11.4
    endloop
  endfacet
  facet normal 0.623025 0.373451 0.687295
    outer loop
      vertex 41.7499 8.78146 11.4
      vertex 41.0009 8.37466 12.3
      vertex 41.8054 8.68887 11.4
    endloop
  endfacet
  facet normal 0.618958 0.380507 0.6871
    outer loop
      vertex 41.0009 8.37466 12.3
      vertex 41.7499 8.78146 11.4
      vertex 40.9979 8.37954 12.3
    endloop
  endfacet
  facet normal 0.0355526 -0.725506 0.687296
    outer loop
      vertex 42.72 10.4 11.4
      vertex 42.72 11.2526 12.3
      vertex 42.5343 11.2435 12.3
    endloop
  endfacet
  facet normal 0.718507 -0.106645 0.687295
    outer loop
      vertex 41.6253 9.40782 11.4
      vertex 40.8041 9.67532 12.3
      vertex 40.7768 9.49139 12.3
    endloop
  endfacet
  facet normal -0.373364 0.623059 0.687312
    outer loop
      vertex 43.2385 8.32989 11.4
      vertex 43.6453 7.58085 12.3
      vertex 43.3311 8.38538 11.4
    endloop
  endfacet
  facet normal -0.37756 0.620647 0.687201
    outer loop
      vertex 43.6453 7.58085 12.3
      vertex 43.2385 8.32989 11.4
      vertex 43.6405 7.57793 12.3
    endloop
  endfacet
  facet normal -0.539175 0.486666 0.687347
    outer loop
      vertex 43.5703 8.60217 11.4
      vertex 44.2256 8.05705 12.3
      vertex 44.2294 8.06126 12.3
    endloop
  endfacet
  facet normal -0.538192 0.487797 0.687316
    outer loop
      vertex 44.2256 8.05705 12.3
      vertex 43.5703 8.60217 11.4
      vertex 43.4978 8.52218 11.4
    endloop
  endfacet
  facet normal -0.373426 0.623028 0.687306
    outer loop
      vertex 43.6453 7.58085 12.3
      vertex 43.8048 7.67645 12.3
      vertex 43.3311 8.38538 11.4
    endloop
  endfacet
  facet normal 0.176556 0.704584 0.687306
    outer loop
      vertex 42.3335 7.38627 12.3
      vertex 42.4007 8.24736 11.4
      vertex 42.1532 7.43145 12.3
    endloop
  endfacet
  facet normal -0.659397 -0.304337 0.687441
    outer loop
      vertex 44.5216 10.0524 12.3
      vertex 43.7363 9.72095 11.4
      vertex 44.524 10.0472 12.3
    endloop
  endfacet
  facet normal -0.656515 -0.3108 0.687307
    outer loop
      vertex 43.7363 9.72095 11.4
      vertex 44.5216 10.0524 12.3
      vertex 43.6901 9.81854 11.4
    endloop
  endfacet
  facet normal 0.106565 0.718505 0.687309
    outer loop
      vertex 42.5054 8.22114 11.4
      vertex 42.3447 7.38405 12.3
      vertex 42.6122 8.2053 11.4
    endloop
  endfacet
  facet normal 0.107746 0.718305 0.687334
    outer loop
      vertex 42.3447 7.38405 12.3
      vertex 42.5054 8.22114 11.4
      vertex 42.3391 7.38489 12.3
    endloop
  endfacet
  facet normal 0.176455 0.70461 0.687305
    outer loop
      vertex 42.4007 8.24736 11.4
      vertex 42.3391 7.38489 12.3
      vertex 42.5054 8.22114 11.4
    endloop
  endfacet
  facet normal 0.173745 0.705052 0.687543
    outer loop
      vertex 42.3391 7.38489 12.3
      vertex 42.4007 8.24736 11.4
      vertex 42.3335 7.38627 12.3
    endloop
  endfacet
  facet normal 0.167134 -0.707106 0.687071
    outer loop
      vertex 42.4007 10.3526 11.4
      vertex 42.1587 11.1699 12.3
      vertex 42.1532 11.1686 12.3
    endloop
  endfacet
  facet normal 0.176959 -0.70447 0.687319
    outer loop
      vertex 42.1587 11.1699 12.3
      vertex 42.4007 10.3526 11.4
      vertex 42.5054 10.3789 11.4
    endloop
  endfacet
  facet normal -0.680605 -0.254432 0.687053
    outer loop
      vertex 44.5866 9.87217 12.3
      vertex 43.7726 9.61931 11.4
      vertex 44.5886 9.86682 12.3
    endloop
  endfacet
  facet normal -0.684042 -0.244301 0.687316
    outer loop
      vertex 43.7726 9.61931 11.4
      vertex 44.5866 9.87217 12.3
      vertex 43.7363 9.72095 11.4
    endloop
  endfacet
  facet normal -0.436987 0.580072 0.687429
    outer loop
      vertex 43.4178 8.44969 11.4
      vertex 43.9542 7.78721 12.3
      vertex 43.9587 7.7906 12.3
    endloop
  endfacet
  facet normal -0.432725 0.583381 0.687325
    outer loop
      vertex 43.9542 7.78721 12.3
      vertex 43.4178 8.44969 11.4
      vertex 43.3311 8.38538 11.4
    endloop
  endfacet
  facet normal -0.7046 -0.17657 0.687286
    outer loop
      vertex 44.6351 9.68094 12.3
      vertex 44.5899 9.86131 12.3
      vertex 43.7989 9.5146 11.4
    endloop
  endfacet
  facet normal -0.71924 -0.102383 0.687177
    outer loop
      vertex 43.7989 9.5146 11.4
      vertex 44.6359 9.67532 12.3
      vertex 44.6351 9.68094 12.3
    endloop
  endfacet
  facet normal -0.718581 -0.106327 0.687268
    outer loop
      vertex 44.6359 9.67532 12.3
      vertex 43.7989 9.5146 11.4
      vertex 43.8147 9.40782 11.4
    endloop
  endfacet
  facet normal -0.244658 -0.683949 0.687282
    outer loop
      vertex 43.4672 11.104 12.3
      vertex 43.2922 11.1666 12.3
      vertex 43.141 10.3163 11.4
    endloop
  endfacet
  facet normal 0.373409 -0.623 0.68734
    outer loop
      vertex 42.2015 10.2701 11.4
      vertex 41.7995 11.0221 12.3
      vertex 41.64 10.9265 12.3
    endloop
  endfacet
  facet normal 0.538192 0.487797 0.687316
    outer loop
      vertex 41.8697 8.60217 11.4
      vertex 41.2144 8.05705 12.3
      vertex 41.9422 8.52218 11.4
    endloop
  endfacet
  facet normal 0.539175 0.486666 0.687347
    outer loop
      vertex 41.2144 8.05705 12.3
      vertex 41.8697 8.60217 11.4
      vertex 41.2106 8.06126 12.3
    endloop
  endfacet
  facet normal 0.583421 0.432687 0.687315
    outer loop
      vertex 41.2072 8.06583 12.3
      vertex 41.8697 8.60217 11.4
      vertex 41.8054 8.68887 11.4
    endloop
  endfacet
  facet normal 0.582749 0.433555 0.687338
    outer loop
      vertex 41.8697 8.60217 11.4
      vertex 41.2072 8.06583 12.3
      vertex 41.2106 8.06126 12.3
    endloop
  endfacet
  facet normal 0.310532 -0.65661 0.687338
    outer loop
      vertex 42.2015 10.2701 11.4
      vertex 41.9676 11.1016 12.3
      vertex 41.7995 11.0221 12.3
    endloop
  endfacet
  facet normal 0.656518 0.310802 0.687303
    outer loop
      vertex 41.7037 8.87905 11.4
      vertex 40.9184 8.54762 12.3
      vertex 41.7499 8.78146 11.4
    endloop
  endfacet
  facet normal 0.658093 0.307281 0.687381
    outer loop
      vertex 40.9184 8.54762 12.3
      vertex 41.7037 8.87905 11.4
      vertex 40.916 8.55276 12.3
    endloop
  endfacet
  facet normal -0.252339 -0.681316 0.68712
    outer loop
      vertex 43.0393 10.3526 11.4
      vertex 43.2922 11.1666 12.3
      vertex 43.2868 11.1686 12.3
    endloop
  endfacet
  facet normal -0.24417 -0.68408 0.687325
    outer loop
      vertex 43.2922 11.1666 12.3
      vertex 43.0393 10.3526 11.4
      vertex 43.141 10.3163 11.4
    endloop
  endfacet
  facet normal 0.304341 -0.659404 0.687432
    outer loop
      vertex 41.9676 11.1016 12.3
      vertex 42.299 10.3163 11.4
      vertex 41.9728 11.104 12.3
    endloop
  endfacet
  facet normal 0.311041 -0.656417 0.687292
    outer loop
      vertex 42.299 10.3163 11.4
      vertex 41.9676 11.1016 12.3
      vertex 42.2015 10.2701 11.4
    endloop
  endfacet
  facet normal 0.244596 0.683954 0.687298
    outer loop
      vertex 42.299 8.28373 11.4
      vertex 41.9781 7.49409 12.3
      vertex 42.4007 8.24736 11.4
    endloop
  endfacet
  facet normal 0.246254 0.683322 0.687335
    outer loop
      vertex 41.9781 7.49409 12.3
      vertex 42.299 8.28373 11.4
      vertex 41.9728 7.496 12.3
    endloop
  endfacet
  facet normal 0.656616 -0.310535 0.687331
    outer loop
      vertex 41.7499 9.81854 11.4
      vertex 40.9979 10.2205 12.3
      vertex 40.9184 10.0524 12.3
    endloop
  endfacet
  facet normal 0.71924 -0.102383 0.687177
    outer loop
      vertex 40.8041 9.67532 12.3
      vertex 41.6411 9.5146 11.4
      vertex 40.8049 9.68094 12.3
    endloop
  endfacet
  facet normal 0.718581 -0.106327 0.687268
    outer loop
      vertex 41.6411 9.5146 11.4
      vertex 40.8041 9.67532 12.3
      vertex 41.6253 9.40782 11.4
    endloop
  endfacet
  facet normal 0.106662 -0.718503 0.687296
    outer loop
      vertex 49.5562 10.3947 11.4
      vertex 49.4726 11.2432 12.3
      vertex 49.2887 11.2159 12.3
    endloop
  endfacet
  facet normal -0.68397 0.244568 0.687293
    outer loop
      vertex 51.468 8.55276 12.3
      vertex 51.5306 8.72783 12.3
      vertex 50.6803 8.87905 11.4
    endloop
  endfacet
  facet normal -0.718547 0.106322 0.687303
    outer loop
      vertex 50.7429 9.0854 11.4
      vertex 51.6072 9.10861 12.3
      vertex 50.7587 9.19218 11.4
    endloop
  endfacet
  facet normal -0.718799 0.10232 0.687648
    outer loop
      vertex 51.6072 9.10861 12.3
      vertex 50.7429 9.0854 11.4
      vertex 51.6064 9.10299 12.3
    endloop
  endfacet
  facet normal -0.725507 -0.0355487 0.687297
    outer loop
      vertex 51.6166 9.3 12.3
      vertex 51.6075 9.48572 12.3
      vertex 50.764 9.3 11.4
    endloop
  endfacet
  facet normal -0.725301 -0.0383757 0.687361
    outer loop
      vertex 50.7587 9.40782 11.4
      vertex 51.6075 9.48572 12.3
      vertex 51.6072 9.49139 12.3
    endloop
  endfacet
  facet normal -0.725492 -0.0356623 0.687306
    outer loop
      vertex 51.6075 9.48572 12.3
      vertex 50.7587 9.40782 11.4
      vertex 50.764 9.3 11.4
    endloop
  endfacet
  facet normal -0.0356299 0.72549 0.68731
    outer loop
      vertex 49.8554 7.35677 12.3
      vertex 49.7718 8.2053 11.4
      vertex 49.6697 7.34765 12.3
    endloop
  endfacet
  facet normal 0.487772 -0.538231 0.687304
    outer loop
      vertex 48.2875 10.6845 12.3
      vertex 48.8862 10.0778 11.4
      vertex 48.9662 10.1503 11.4
    endloop
  endfacet
  facet normal 0.487339 -0.538638 0.687291
    outer loop
      vertex 48.8862 10.0778 11.4
      vertex 48.2875 10.6845 12.3
      vertex 48.2833 10.6807 12.3
    endloop
  endfacet
  facet normal 0.684042 0.244301 0.687316
    outer loop
      vertex 48.6114 8.98069 11.4
      vertex 47.7974 8.72783 12.3
      vertex 48.6477 8.87905 11.4
    endloop
  endfacet
  facet normal 0.680605 0.254432 0.687053
    outer loop
      vertex 47.7974 8.72783 12.3
      vertex 48.6114 8.98069 11.4
      vertex 47.7954 8.73318 12.3
    endloop
  endfacet
  facet normal -0.623002 0.373438 0.687323
    outer loop
      vertex 50.5786 8.68887 11.4
      vertex 51.2905 8.22005 12.3
      vertex 50.6341 8.78146 11.4
    endloop
  endfacet
  facet normal -0.62412 0.371652 0.687277
    outer loop
      vertex 51.2905 8.22005 12.3
      vertex 50.5786 8.68887 11.4
      vertex 51.2876 8.21518 12.3
    endloop
  endfacet
  facet normal -0.487318 -0.538615 0.687324
    outer loop
      vertex 50.3618 10.1503 11.4
      vertex 50.9069 10.8056 12.3
      vertex 50.9027 10.8094 12.3
    endloop
  endfacet
  facet normal -0.487767 -0.538225 0.687312
    outer loop
      vertex 50.9069 10.8056 12.3
      vertex 50.3618 10.1503 11.4
      vertex 50.4418 10.0778 11.4
    endloop
  endfacet
  facet normal 0.176455 0.70461 0.687305
    outer loop
      vertex 49.3447 8.24736 11.4
      vertex 49.2831 7.38489 12.3
      vertex 49.4494 8.22114 11.4
    endloop
  endfacet
  facet normal 0.173745 0.705052 0.687543
    outer loop
      vertex 49.2831 7.38489 12.3
      vertex 49.3447 8.24736 11.4
      vertex 49.2775 7.38627 12.3
    endloop
  endfacet
  facet normal -0.432588 0.583501 0.687309
    outer loop
      vertex 50.7488 7.67645 12.3
      vertex 50.8982 7.78721 12.3
      vertex 50.2751 8.38538 11.4
    endloop
  endfacet
  facet normal -0.310538 0.656623 0.687323
    outer loop
      vertex 50.4164 7.49843 12.3
      vertex 50.5845 7.57793 12.3
      vertex 50.1825 8.32989 11.4
    endloop
  endfacet
  facet normal -0.725492 0.0356623 0.687306
    outer loop
      vertex 50.7587 9.19218 11.4
      vertex 51.6075 9.11428 12.3
      vertex 50.764 9.3 11.4
    endloop
  endfacet
  facet normal -0.725301 0.0383757 0.687361
    outer loop
      vertex 51.6075 9.11428 12.3
      vertex 50.7587 9.19218 11.4
      vertex 51.6072 9.10861 12.3
    endloop
  endfacet
  facet normal 0.310819 0.656517 0.687297
    outer loop
      vertex 48.9116 7.49843 12.3
      vertex 49.243 8.28373 11.4
      vertex 49.1455 8.32989 11.4
    endloop
  endfacet
  facet normal 0.307491 0.658005 0.687371
    outer loop
      vertex 49.243 8.28373 11.4
      vertex 48.9116 7.49843 12.3
      vertex 48.9168 7.496 12.3
    endloop
  endfacet
  facet normal -0.176465 0.704609 0.687303
    outer loop
      vertex 50.0504 7.38627 12.3
      vertex 50.2308 7.43145 12.3
      vertex 49.9833 8.24736 11.4
    endloop
  endfacet
  facet normal 0.7046 -0.17657 0.687286
    outer loop
      vertex 48.5851 9.5146 11.4
      vertex 47.7941 9.86131 12.3
      vertex 47.7489 9.68094 12.3
    endloop
  endfacet
  facet normal -0.583345 0.432773 0.687325
    outer loop
      vertex 51.1768 8.06583 12.3
      vertex 51.2876 8.21518 12.3
      vertex 50.5786 8.68887 11.4
    endloop
  endfacet
  facet normal -0.704514 0.176953 0.687276
    outer loop
      vertex 50.7166 8.98069 11.4
      vertex 51.5791 8.91906 12.3
      vertex 50.7429 9.0854 11.4
    endloop
  endfacet
  facet normal -0.704188 0.178923 0.687099
    outer loop
      vertex 51.5791 8.91906 12.3
      vertex 50.7166 8.98069 11.4
      vertex 51.5777 8.91355 12.3
    endloop
  endfacet
  facet normal 0.0355526 -0.725506 0.687296
    outer loop
      vertex 49.664 10.4 11.4
      vertex 49.664 11.2526 12.3
      vertex 49.4783 11.2435 12.3
    endloop
  endfacet
  facet normal 0.167134 -0.707106 0.687071
    outer loop
      vertex 49.3447 10.3526 11.4
      vertex 49.1027 11.1699 12.3
      vertex 49.0972 11.1686 12.3
    endloop
  endfacet
  facet normal 0.176959 -0.70447 0.687319
    outer loop
      vertex 49.1027 11.1699 12.3
      vertex 49.3447 10.3526 11.4
      vertex 49.4494 10.3789 11.4
    endloop
  endfacet
  facet normal 0.10274 -0.719182 0.687184
    outer loop
      vertex 49.4494 10.3789 11.4
      vertex 49.2887 11.2159 12.3
      vertex 49.2831 11.2151 12.3
    endloop
  endfacet
  facet normal 0.106308 -0.718585 0.687266
    outer loop
      vertex 49.2887 11.2159 12.3
      vertex 49.4494 10.3789 11.4
      vertex 49.5562 10.3947 11.4
    endloop
  endfacet
  facet normal 0.68397 0.244568 0.687293
    outer loop
      vertex 47.86 8.55276 12.3
      vertex 48.6477 8.87905 11.4
      vertex 47.7974 8.72783 12.3
    endloop
  endfacet
  facet normal 0.718507 -0.106645 0.687295
    outer loop
      vertex 48.5693 9.40782 11.4
      vertex 47.7481 9.67532 12.3
      vertex 47.7208 9.49139 12.3
    endloop
  endfacet
  facet normal -0.310819 0.656517 0.687297
    outer loop
      vertex 50.085 8.28373 11.4
      vertex 50.4164 7.49843 12.3
      vertex 50.1825 8.32989 11.4
    endloop
  endfacet
  facet normal -0.307491 0.658005 0.687371
    outer loop
      vertex 50.4164 7.49843 12.3
      vertex 50.085 8.28373 11.4
      vertex 50.4112 7.496 12.3
    endloop
  endfacet
  facet normal 0.704647 0.176191 0.687335
    outer loop
      vertex 47.7954 8.73318 12.3
      vertex 48.6114 8.98069 11.4
      vertex 47.7503 8.91355 12.3
    endloop
  endfacet
  facet normal -0.623004 0.373435 0.687322
    outer loop
      vertex 51.2905 8.22005 12.3
      vertex 51.3861 8.37954 12.3
      vertex 50.6341 8.78146 11.4
    endloop
  endfacet
  facet normal 0.106583 0.718501 0.687311
    outer loop
      vertex 49.4726 7.35677 12.3
      vertex 49.5562 8.2053 11.4
      vertex 49.2887 7.38405 12.3
    endloop
  endfacet
  facet normal 0.487745 0.53825 0.687307
    outer loop
      vertex 48.4253 7.7906 12.3
      vertex 48.9662 8.44969 11.4
      vertex 48.2875 7.91547 12.3
    endloop
  endfacet
  facet normal 0.487733 0.538263 0.687306
    outer loop
      vertex 48.8862 8.52218 11.4
      vertex 48.2875 7.91547 12.3
      vertex 48.9662 8.44969 11.4
    endloop
  endfacet
  facet normal 0.488029 0.537984 0.687314
    outer loop
      vertex 48.2875 7.91547 12.3
      vertex 48.8862 8.52218 11.4
      vertex 48.2833 7.91928 12.3
    endloop
  endfacet
  facet normal -0.656616 -0.310535 0.687331
    outer loop
      vertex 51.4656 10.0524 12.3
      vertex 51.3861 10.2205 12.3
      vertex 50.6341 9.81854 11.4
    endloop
  endfacet
  facet normal -0.244666 0.683923 0.687305
    outer loop
      vertex 50.2308 7.43145 12.3
      vertex 50.4059 7.49409 12.3
      vertex 49.9833 8.24736 11.4
    endloop
  endfacet
  facet normal -0.373426 0.623028 0.687306
    outer loop
      vertex 50.5893 7.58085 12.3
      vertex 50.7488 7.67645 12.3
      vertex 50.2751 8.38538 11.4
    endloop
  endfacet
  facet normal 0.0381745 -0.725316 0.687357
    outer loop
      vertex 49.5562 10.3947 11.4
      vertex 49.4783 11.2435 12.3
      vertex 49.4726 11.2432 12.3
    endloop
  endfacet
  facet normal 0.0356689 -0.725491 0.687306
    outer loop
      vertex 49.4783 11.2435 12.3
      vertex 49.5562 10.3947 11.4
      vertex 49.664 10.4 11.4
    endloop
  endfacet
  facet normal 0.656607 0.310568 0.687324
    outer loop
      vertex 47.9419 8.37954 12.3
      vertex 48.6939 8.78146 11.4
      vertex 47.8624 8.54762 12.3
    endloop
  endfacet
  facet normal 0.684042 -0.244301 0.687316
    outer loop
      vertex 47.7974 9.87217 12.3
      vertex 48.6114 9.61931 11.4
      vertex 48.6477 9.72095 11.4
    endloop
  endfacet
  facet normal 0.680605 -0.254432 0.687053
    outer loop
      vertex 48.6114 9.61931 11.4
      vertex 47.7974 9.87217 12.3
      vertex 47.7954 9.86682 12.3
    endloop
  endfacet
  facet normal 0.3734 -0.623006 0.687339
    outer loop
      vertex 48.584 10.9265 12.3
      vertex 49.0529 10.2146 11.4
      vertex 49.1455 10.2701 11.4
    endloop
  endfacet
  facet normal 0.375574 -0.62164 0.687392
    outer loop
      vertex 49.0529 10.2146 11.4
      vertex 48.584 10.9265 12.3
      vertex 48.5792 10.9236 12.3
    endloop
  endfacet
  facet normal 0.718581 0.106327 0.687268
    outer loop
      vertex 47.7481 8.92468 12.3
      vertex 48.5851 9.0854 11.4
      vertex 48.5693 9.19218 11.4
    endloop
  endfacet
  facet normal 0.71924 0.102383 0.687177
    outer loop
      vertex 48.5851 9.0854 11.4
      vertex 47.7481 8.92468 12.3
      vertex 47.7489 8.91906 12.3
    endloop
  endfacet
  facet normal -0.176959 -0.70447 0.687319
    outer loop
      vertex 49.9833 10.3526 11.4
      vertex 50.2253 11.1699 12.3
      vertex 49.8786 10.3789 11.4
    endloop
  endfacet
  facet normal -0.167134 -0.707106 0.687071
    outer loop
      vertex 50.2253 11.1699 12.3
      vertex 49.9833 10.3526 11.4
      vertex 50.2308 11.1686 12.3
    endloop
  endfacet
  facet normal 0.656518 0.310802 0.687303
    outer loop
      vertex 48.6477 8.87905 11.4
      vertex 47.8624 8.54762 12.3
      vertex 48.6939 8.78146 11.4
    endloop
  endfacet
  facet normal 0.658093 0.307281 0.687381
    outer loop
      vertex 47.8624 8.54762 12.3
      vertex 48.6477 8.87905 11.4
      vertex 47.86 8.55276 12.3
    endloop
  endfacet
  facet normal -0.106583 0.718501 0.687311
    outer loop
      vertex 49.8554 7.35677 12.3
      vertex 50.0393 7.38405 12.3
      vertex 49.7718 8.2053 11.4
    endloop
  endfacet
  facet normal 0.373409 -0.623 0.68734
    outer loop
      vertex 49.1455 10.2701 11.4
      vertex 48.7435 11.0221 12.3
      vertex 48.584 10.9265 12.3
    endloop
  endfacet
  facet normal -0.718513 0.106646 0.687289
    outer loop
      vertex 51.5791 8.91906 12.3
      vertex 51.6064 9.10299 12.3
      vertex 50.7429 9.0854 11.4
    endloop
  endfacet
  facet normal -0.725507 0.0355487 0.687297
    outer loop
      vertex 51.6075 9.11428 12.3
      vertex 51.6166 9.3 12.3
      vertex 50.764 9.3 11.4
    endloop
  endfacet
  facet normal -0.373584 -0.6229 0.687335
    outer loop
      vertex 50.7439 10.9265 12.3
      vertex 50.5845 11.0221 12.3
      vertex 50.1825 10.2701 11.4
    endloop
  endfacet
  facet normal -0.432872 -0.583284 0.687315
    outer loop
      vertex 50.9027 10.8094 12.3
      vertex 50.7534 10.9202 12.3
      vertex 50.3618 10.1503 11.4
    endloop
  endfacet
  facet normal 0.583421 0.432687 0.687315
    outer loop
      vertex 48.1512 8.06583 12.3
      vertex 48.8137 8.60217 11.4
      vertex 48.7494 8.68887 11.4
    endloop
  endfacet
  facet normal 0.582749 0.433555 0.687338
    outer loop
      vertex 48.8137 8.60217 11.4
      vertex 48.1512 8.06583 12.3
      vertex 48.1546 8.06126 12.3
    endloop
  endfacet
  facet normal 0.718507 0.106645 0.687295
    outer loop
      vertex 47.7481 8.92468 12.3
      vertex 48.5693 9.19218 11.4
      vertex 47.7208 9.10861 12.3
    endloop
  endfacet
  facet normal -0.487747 0.538252 0.687305
    outer loop
      vertex 50.9069 7.79441 12.3
      vertex 51.0447 7.91928 12.3
      vertex 50.4418 8.52218 11.4
    endloop
  endfacet
  facet normal 0.656616 -0.310535 0.687331
    outer loop
      vertex 48.6939 9.81854 11.4
      vertex 47.9419 10.2205 12.3
      vertex 47.8624 10.0524 12.3
    endloop
  endfacet
  facet normal -0.48781 -0.538192 0.687307
    outer loop
      vertex 51.0447 10.6807 12.3
      vertex 50.9069 10.8056 12.3
      vertex 50.4418 10.0778 11.4
    endloop
  endfacet
  facet normal 0.176543 -0.70461 0.687282
    outer loop
      vertex 49.4494 10.3789 11.4
      vertex 49.2831 11.2151 12.3
      vertex 49.1027 11.1699 12.3
    endloop
  endfacet
  facet normal 0.707182 -0.166849 0.687063
    outer loop
      vertex 47.7941 9.86131 12.3
      vertex 48.6114 9.61931 11.4
      vertex 47.7954 9.86682 12.3
    endloop
  endfacet
  facet normal 0.704474 -0.176943 0.687319
    outer loop
      vertex 48.6114 9.61931 11.4
      vertex 47.7941 9.86131 12.3
      vertex 48.5851 9.5146 11.4
    endloop
  endfacet
  facet normal -0.431717 -0.584088 0.687359
    outer loop
      vertex 50.2751 10.2146 11.4
      vertex 50.7534 10.9202 12.3
      vertex 50.7488 10.9236 12.3
    endloop
  endfacet
  facet normal -0.432676 -0.583406 0.687334
    outer loop
      vertex 50.7534 10.9202 12.3
      vertex 50.2751 10.2146 11.4
      vertex 50.3618 10.1503 11.4
    endloop
  endfacet
  facet normal -0.373364 0.623059 0.687312
    outer loop
      vertex 50.1825 8.32989 11.4
      vertex 50.5893 7.58085 12.3
      vertex 50.2751 8.38538 11.4
    endloop
  endfacet
  facet normal -0.37756 0.620647 0.687201
    outer loop
      vertex 50.5893 7.58085 12.3
      vertex 50.1825 8.32989 11.4
      vertex 50.5845 7.57793 12.3
    endloop
  endfacet
  facet normal -0.538197 -0.487814 0.6873
    outer loop
      vertex 51.1734 10.5387 12.3
      vertex 51.0485 10.6765 12.3
      vertex 50.5143 9.99783 11.4
    endloop
  endfacet
  facet normal 0.538638 -0.487339 0.687291
    outer loop
      vertex 48.2795 10.6765 12.3
      vertex 48.8862 10.0778 11.4
      vertex 48.2833 10.6807 12.3
    endloop
  endfacet
  facet normal 0.538138 -0.48787 0.687307
    outer loop
      vertex 48.8862 10.0778 11.4
      vertex 48.2795 10.6765 12.3
      vertex 48.8137 9.99783 11.4
    endloop
  endfacet
  facet normal 0.432872 -0.583284 0.687315
    outer loop
      vertex 48.9662 10.1503 11.4
      vertex 48.5746 10.9202 12.3
      vertex 48.4253 10.8094 12.3
    endloop
  endfacet
  facet normal 0.71924 -0.102383 0.687177
    outer loop
      vertex 47.7481 9.67532 12.3
      vertex 48.5851 9.5146 11.4
      vertex 47.7489 9.68094 12.3
    endloop
  endfacet
  facet normal 0.718581 -0.106327 0.687268
    outer loop
      vertex 48.5851 9.5146 11.4
      vertex 47.7481 9.67532 12.3
      vertex 48.5693 9.40782 11.4
    endloop
  endfacet
  facet normal 0.244658 -0.683949 0.687282
    outer loop
      vertex 49.243 10.3163 11.4
      vertex 49.0918 11.1666 12.3
      vertex 48.9168 11.104 12.3
    endloop
  endfacet
  facet normal -0.538138 0.487867 0.687309
    outer loop
      vertex 51.0447 7.91928 12.3
      vertex 51.1696 8.05705 12.3
      vertex 50.4418 8.52218 11.4
    endloop
  endfacet
  facet normal 0.538197 -0.487814 0.6873
    outer loop
      vertex 48.8137 9.99783 11.4
      vertex 48.2795 10.6765 12.3
      vertex 48.1546 10.5387 12.3
    endloop
  endfacet
  facet normal 0.252339 -0.681316 0.68712
    outer loop
      vertex 49.0918 11.1666 12.3
      vertex 49.3447 10.3526 11.4
      vertex 49.0972 11.1686 12.3
    endloop
  endfacet
  facet normal 0.24417 -0.68408 0.687325
    outer loop
      vertex 49.3447 10.3526 11.4
      vertex 49.0918 11.1666 12.3
      vertex 49.243 10.3163 11.4
    endloop
  endfacet
  facet normal -0.176543 -0.70461 0.687282
    outer loop
      vertex 50.2253 11.1699 12.3
      vertex 50.0449 11.2151 12.3
      vertex 49.8786 10.3789 11.4
    endloop
  endfacet
  facet normal -0.17678 0.704557 0.687276
    outer loop
      vertex 49.9833 8.24736 11.4
      vertex 50.0449 7.38489 12.3
      vertex 50.0504 7.38627 12.3
    endloop
  endfacet
  facet normal -0.176455 0.70461 0.687305
    outer loop
      vertex 50.0449 7.38489 12.3
      vertex 49.9833 8.24736 11.4
      vertex 49.8786 8.22114 11.4
    endloop
  endfacet
  facet normal 0.623004 0.373435 0.687322
    outer loop
      vertex 48.0375 8.22005 12.3
      vertex 48.6939 8.78146 11.4
      vertex 47.9419 8.37954 12.3
    endloop
  endfacet
  facet normal -0.252339 -0.681316 0.68712
    outer loop
      vertex 49.9833 10.3526 11.4
      vertex 50.2362 11.1666 12.3
      vertex 50.2308 11.1686 12.3
    endloop
  endfacet
  facet normal -0.24417 -0.68408 0.687325
    outer loop
      vertex 50.2362 11.1666 12.3
      vertex 49.9833 10.3526 11.4
      vertex 50.085 10.3163 11.4
    endloop
  endfacet
  facet normal 0.623007 -0.373414 0.687332
    outer loop
      vertex 48.6939 9.81854 11.4
      vertex 48.0375 10.38 12.3
      vertex 47.9419 10.2205 12.3
    endloop
  endfacet
  facet normal -0.107746 0.718305 0.687334
    outer loop
      vertex 49.8786 8.22114 11.4
      vertex 50.0393 7.38405 12.3
      vertex 50.0449 7.38489 12.3
    endloop
  endfacet
  facet normal -0.106565 0.718505 0.687309
    outer loop
      vertex 50.0393 7.38405 12.3
      vertex 49.8786 8.22114 11.4
      vertex 49.7718 8.2053 11.4
    endloop
  endfacet
  facet normal 0.310532 -0.65661 0.687338
    outer loop
      vertex 49.1455 10.2701 11.4
      vertex 48.9116 11.1016 12.3
      vertex 48.7435 11.0221 12.3
    endloop
  endfacet
  facet normal -0.658093 0.307281 0.687381
    outer loop
      vertex 50.6803 8.87905 11.4
      vertex 51.4656 8.54762 12.3
      vertex 51.468 8.55276 12.3
    endloop
  endfacet
  facet normal -0.656518 0.310802 0.687303
    outer loop
      vertex 51.4656 8.54762 12.3
      vertex 50.6803 8.87905 11.4
      vertex 50.6341 8.78146 11.4
    endloop
  endfacet
  facet normal -0.680605 0.254432 0.687053
    outer loop
      vertex 50.7166 8.98069 11.4
      vertex 51.5306 8.72783 12.3
      vertex 51.5326 8.73318 12.3
    endloop
  endfacet
  facet normal -0.684042 0.244301 0.687316
    outer loop
      vertex 51.5306 8.72783 12.3
      vertex 50.7166 8.98069 11.4
      vertex 50.6803 8.87905 11.4
    endloop
  endfacet
  facet normal -0.244658 -0.683949 0.687282
    outer loop
      vertex 50.4112 11.104 12.3
      vertex 50.2362 11.1666 12.3
      vertex 50.085 10.3163 11.4
    endloop
  endfacet
  facet normal -0.656607 0.310568 0.687324
    outer loop
      vertex 51.3861 8.37954 12.3
      vertex 51.4656 8.54762 12.3
      vertex 50.6341 8.78146 11.4
    endloop
  endfacet
  facet normal -0.704647 0.176191 0.687335
    outer loop
      vertex 51.5326 8.73318 12.3
      vertex 51.5777 8.91355 12.3
      vertex 50.7166 8.98069 11.4
    endloop
  endfacet
  facet normal 0.58329 -0.432877 0.687307
    outer loop
      vertex 48.8137 9.99783 11.4
      vertex 48.1546 10.5387 12.3
      vertex 48.0438 10.3894 12.3
    endloop
  endfacet
  facet normal 0.683956 -0.244619 0.687288
    outer loop
      vertex 48.6477 9.72095 11.4
      vertex 47.86 10.0472 12.3
      vertex 47.7974 9.87217 12.3
    endloop
  endfacet
  facet normal -0.538638 -0.487339 0.687291
    outer loop
      vertex 50.4418 10.0778 11.4
      vertex 51.0485 10.6765 12.3
      vertex 51.0447 10.6807 12.3
    endloop
  endfacet
  facet normal -0.538138 -0.48787 0.687307
    outer loop
      vertex 51.0485 10.6765 12.3
      vertex 50.4418 10.0778 11.4
      vertex 50.5143 9.99783 11.4
    endloop
  endfacet
  facet normal 0.487809 -0.538191 0.687308
    outer loop
      vertex 48.9662 10.1503 11.4
      vertex 48.4253 10.8094 12.3
      vertex 48.2875 10.6845 12.3
    endloop
  endfacet
  facet normal -0.246254 0.683322 0.687335
    outer loop
      vertex 50.085 8.28373 11.4
      vertex 50.4059 7.49409 12.3
      vertex 50.4112 7.496 12.3
    endloop
  endfacet
  facet normal -0.244596 0.683954 0.687298
    outer loop
      vertex 50.4059 7.49409 12.3
      vertex 50.085 8.28373 11.4
      vertex 49.9833 8.24736 11.4
    endloop
  endfacet
  facet normal -0.584094 -0.431721 0.687351
    outer loop
      vertex 51.2842 10.3894 12.3
      vertex 50.5786 9.91113 11.4
      vertex 51.2876 10.3848 12.3
    endloop
  endfacet
  facet normal -0.583412 -0.432681 0.687326
    outer loop
      vertex 50.5786 9.91113 11.4
      vertex 51.2842 10.3894 12.3
      vertex 50.5143 9.99783 11.4
    endloop
  endfacet
  facet normal 0.0356299 0.72549 0.68731
    outer loop
      vertex 49.6583 7.34765 12.3
      vertex 49.5562 8.2053 11.4
      vertex 49.4726 7.35677 12.3
    endloop
  endfacet
  facet normal 0.373426 0.623028 0.687306
    outer loop
      vertex 48.7387 7.58085 12.3
      vertex 49.0529 8.38538 11.4
      vertex 48.5792 7.67645 12.3
    endloop
  endfacet
  facet normal 0.0356382 0.725492 0.687307
    outer loop
      vertex 49.664 8.2 11.4
      vertex 49.6583 7.34765 12.3
      vertex 49.664 7.34737 12.3
    endloop
  endfacet
  facet normal 0.0356689 0.725491 0.687306
    outer loop
      vertex 49.6583 7.34765 12.3
      vertex 49.664 8.2 11.4
      vertex 49.5562 8.2053 11.4
    endloop
  endfacet
  facet normal -0.0356689 0.725491 0.687306
    outer loop
      vertex 49.664 8.2 11.4
      vertex 49.6697 7.34765 12.3
      vertex 49.7718 8.2053 11.4
    endloop
  endfacet
  facet normal -0.0356382 0.725492 0.687307
    outer loop
      vertex 49.6697 7.34765 12.3
      vertex 49.664 8.2 11.4
      vertex 49.664 7.34737 12.3
    endloop
  endfacet
  facet normal 0.4328 0.583344 0.687309
    outer loop
      vertex 48.5746 7.67983 12.3
      vertex 48.9662 8.44969 11.4
      vertex 48.4253 7.7906 12.3
    endloop
  endfacet
  facet normal 0.43273 0.583388 0.687316
    outer loop
      vertex 48.5746 7.67983 12.3
      vertex 49.0529 8.38538 11.4
      vertex 48.9662 8.44969 11.4
    endloop
  endfacet
  facet normal 0.430057 0.585284 0.687382
    outer loop
      vertex 49.0529 8.38538 11.4
      vertex 48.5746 7.67983 12.3
      vertex 48.5792 7.67645 12.3
    endloop
  endfacet
  facet normal -0.539175 0.486666 0.687347
    outer loop
      vertex 50.5143 8.60217 11.4
      vertex 51.1696 8.05705 12.3
      vertex 51.1734 8.06126 12.3
    endloop
  endfacet
  facet normal -0.538192 0.487797 0.687316
    outer loop
      vertex 51.1696 8.05705 12.3
      vertex 50.5143 8.60217 11.4
      vertex 50.4418 8.52218 11.4
    endloop
  endfacet
  facet normal 0.583412 -0.432681 0.687326
    outer loop
      vertex 48.0438 10.3894 12.3
      vertex 48.7494 9.91113 11.4
      vertex 48.8137 9.99783 11.4
    endloop
  endfacet
  facet normal 0.584094 -0.431721 0.687351
    outer loop
      vertex 48.7494 9.91113 11.4
      vertex 48.0438 10.3894 12.3
      vertex 48.0404 10.3848 12.3
    endloop
  endfacet
  facet normal 0.704514 0.176953 0.687276
    outer loop
      vertex 47.7489 8.91906 12.3
      vertex 48.6114 8.98069 11.4
      vertex 48.5851 9.0854 11.4
    endloop
  endfacet
  facet normal 0.704188 0.178923 0.687099
    outer loop
      vertex 48.6114 8.98069 11.4
      vertex 47.7489 8.91906 12.3
      vertex 47.7503 8.91355 12.3
    endloop
  endfacet
  facet normal 0.304341 -0.659404 0.687432
    outer loop
      vertex 48.9116 11.1016 12.3
      vertex 49.243 10.3163 11.4
      vertex 48.9168 11.104 12.3
    endloop
  endfacet
  facet normal 0.311041 -0.656417 0.687292
    outer loop
      vertex 49.243 10.3163 11.4
      vertex 48.9116 11.1016 12.3
      vertex 49.1455 10.2701 11.4
    endloop
  endfacet
  facet normal -0.436987 0.580072 0.687429
    outer loop
      vertex 50.3618 8.44969 11.4
      vertex 50.8982 7.78721 12.3
      vertex 50.9027 7.7906 12.3
    endloop
  endfacet
  facet normal -0.432725 0.583381 0.687325
    outer loop
      vertex 50.8982 7.78721 12.3
      vertex 50.3618 8.44969 11.4
      vertex 50.2751 8.38538 11.4
    endloop
  endfacet
  facet normal -0.106308 -0.718585 0.687266
    outer loop
      vertex 49.8786 10.3789 11.4
      vertex 50.0393 11.2159 12.3
      vertex 49.7718 10.3947 11.4
    endloop
  endfacet
  facet normal -0.10274 -0.719182 0.687184
    outer loop
      vertex 50.0393 11.2159 12.3
      vertex 49.8786 10.3789 11.4
      vertex 50.0449 11.2151 12.3
    endloop
  endfacet
  facet normal 0.176556 0.704584 0.687306
    outer loop
      vertex 49.2775 7.38627 12.3
      vertex 49.3447 8.24736 11.4
      vertex 49.0972 7.43145 12.3
    endloop
  endfacet
  facet normal 0.244666 0.683923 0.687305
    outer loop
      vertex 49.0972 7.43145 12.3
      vertex 49.3447 8.24736 11.4
      vertex 48.9221 7.49409 12.3
    endloop
  endfacet
  facet normal 0.310538 0.656623 0.687323
    outer loop
      vertex 48.9116 7.49843 12.3
      vertex 49.1455 8.32989 11.4
      vertex 48.7435 7.57793 12.3
    endloop
  endfacet
  facet normal 0.621646 -0.375578 0.687385
    outer loop
      vertex 48.0375 10.38 12.3
      vertex 48.7494 9.91113 11.4
      vertex 48.0404 10.3848 12.3
    endloop
  endfacet
  facet normal 0.622993 -0.373433 0.687334
    outer loop
      vertex 48.7494 9.91113 11.4
      vertex 48.0375 10.38 12.3
      vertex 48.6939 9.81854 11.4
    endloop
  endfacet
  facet normal 0.431717 -0.584088 0.687359
    outer loop
      vertex 48.5746 10.9202 12.3
      vertex 49.0529 10.2146 11.4
      vertex 48.5792 10.9236 12.3
    endloop
  endfacet
  facet normal 0.432676 -0.583406 0.687334
    outer loop
      vertex 49.0529 10.2146 11.4
      vertex 48.5746 10.9202 12.3
      vertex 48.9662 10.1503 11.4
    endloop
  endfacet
  facet normal -0.369993 -0.62516 0.687227
    outer loop
      vertex 50.7439 10.9265 12.3
      vertex 50.2751 10.2146 11.4
      vertex 50.7488 10.9236 12.3
    endloop
  endfacet
  facet normal -0.373411 -0.623024 0.687318
    outer loop
      vertex 50.2751 10.2146 11.4
      vertex 50.7439 10.9265 12.3
      vertex 50.1825 10.2701 11.4
    endloop
  endfacet
  facet normal -0.487733 0.538262 0.687306
    outer loop
      vertex 50.3618 8.44969 11.4
      vertex 50.9069 7.79441 12.3
      vertex 50.4418 8.52218 11.4
    endloop
  endfacet
  facet normal -0.488039 0.537996 0.687298
    outer loop
      vertex 50.9069 7.79441 12.3
      vertex 50.3618 8.44969 11.4
      vertex 50.9027 7.7906 12.3
    endloop
  endfacet
  facet normal -0.583421 0.432687 0.687315
    outer loop
      vertex 50.5143 8.60217 11.4
      vertex 51.1768 8.06583 12.3
      vertex 50.5786 8.68887 11.4
    endloop
  endfacet
  facet normal -0.582749 0.433555 0.687338
    outer loop
      vertex 51.1768 8.06583 12.3
      vertex 50.5143 8.60217 11.4
      vertex 51.1734 8.06126 12.3
    endloop
  endfacet
  facet normal -0.304341 -0.659404 0.687432
    outer loop
      vertex 50.085 10.3163 11.4
      vertex 50.4164 11.1016 12.3
      vertex 50.4112 11.104 12.3
    endloop
  endfacet
  facet normal -0.311041 -0.656417 0.687292
    outer loop
      vertex 50.4164 11.1016 12.3
      vertex 50.085 10.3163 11.4
      vertex 50.1825 10.2701 11.4
    endloop
  endfacet
  facet normal -0.623007 -0.373414 0.687332
    outer loop
      vertex 51.3861 10.2205 12.3
      vertex 51.2905 10.38 12.3
      vertex 50.6341 9.81854 11.4
    endloop
  endfacet
  facet normal 0.373364 0.623059 0.687312
    outer loop
      vertex 48.7387 7.58085 12.3
      vertex 49.1455 8.32989 11.4
      vertex 49.0529 8.38538 11.4
    endloop
  endfacet
  facet normal 0.37756 0.620647 0.687201
    outer loop
      vertex 49.1455 8.32989 11.4
      vertex 48.7387 7.58085 12.3
      vertex 48.7435 7.57793 12.3
    endloop
  endfacet
  facet normal 0.106565 0.718505 0.687309
    outer loop
      vertex 49.4494 8.22114 11.4
      vertex 49.2887 7.38405 12.3
      vertex 49.5562 8.2053 11.4
    endloop
  endfacet
  facet normal 0.107746 0.718305 0.687334
    outer loop
      vertex 49.2887 7.38405 12.3
      vertex 49.4494 8.22114 11.4
      vertex 49.2831 7.38489 12.3
    endloop
  endfacet
  facet normal -0.310532 -0.65661 0.687338
    outer loop
      vertex 50.5845 11.0221 12.3
      vertex 50.4164 11.1016 12.3
      vertex 50.1825 10.2701 11.4
    endloop
  endfacet
  facet normal 0.583345 0.432773 0.687325
    outer loop
      vertex 48.1512 8.06583 12.3
      vertex 48.7494 8.68887 11.4
      vertex 48.0404 8.21518 12.3
    endloop
  endfacet
  facet normal 0.538138 0.487867 0.687309
    outer loop
      vertex 48.2833 7.91928 12.3
      vertex 48.8862 8.52218 11.4
      vertex 48.1584 8.05705 12.3
    endloop
  endfacet
  facet normal 0.538192 0.487797 0.687316
    outer loop
      vertex 48.8137 8.60217 11.4
      vertex 48.1584 8.05705 12.3
      vertex 48.8862 8.52218 11.4
    endloop
  endfacet
  facet normal 0.539175 0.486666 0.687347
    outer loop
      vertex 48.1584 8.05705 12.3
      vertex 48.8137 8.60217 11.4
      vertex 48.1546 8.06126 12.3
    endloop
  endfacet
  facet normal -0.58329 -0.432877 0.687307
    outer loop
      vertex 51.2842 10.3894 12.3
      vertex 51.1734 10.5387 12.3
      vertex 50.5143 9.99783 11.4
    endloop
  endfacet
  facet normal 0.244596 0.683954 0.687298
    outer loop
      vertex 49.243 8.28373 11.4
      vertex 48.9221 7.49409 12.3
      vertex 49.3447 8.24736 11.4
    endloop
  endfacet
  facet normal 0.246254 0.683322 0.687335
    outer loop
      vertex 48.9221 7.49409 12.3
      vertex 49.243 8.28373 11.4
      vertex 48.9168 7.496 12.3
    endloop
  endfacet
  facet normal -0.0355526 -0.725506 0.687296
    outer loop
      vertex 49.8497 11.2435 12.3
      vertex 49.664 11.2526 12.3
      vertex 49.664 10.4 11.4
    endloop
  endfacet
  facet normal -0.659397 -0.304337 0.687441
    outer loop
      vertex 51.4656 10.0524 12.3
      vertex 50.6803 9.72095 11.4
      vertex 51.468 10.0472 12.3
    endloop
  endfacet
  facet normal -0.656515 -0.3108 0.687307
    outer loop
      vertex 50.6803 9.72095 11.4
      vertex 51.4656 10.0524 12.3
      vertex 50.6341 9.81854 11.4
    endloop
  endfacet
  facet normal 0.623002 0.373438 0.687323
    outer loop
      vertex 48.0375 8.22005 12.3
      vertex 48.7494 8.68887 11.4
      vertex 48.6939 8.78146 11.4
    endloop
  endfacet
  facet normal 0.62412 0.371652 0.687277
    outer loop
      vertex 48.7494 8.68887 11.4
      vertex 48.0375 8.22005 12.3
      vertex 48.0404 8.21518 12.3
    endloop
  endfacet
  facet normal -0.621646 -0.375578 0.687385
    outer loop
      vertex 50.5786 9.91113 11.4
      vertex 51.2905 10.38 12.3
      vertex 51.2876 10.3848 12.3
    endloop
  endfacet
  facet normal -0.622993 -0.373433 0.687334
    outer loop
      vertex 51.2905 10.38 12.3
      vertex 50.5786 9.91113 11.4
      vertex 50.6341 9.81854 11.4
    endloop
  endfacet
  facet normal -0.683956 -0.244619 0.687288
    outer loop
      vertex 51.5306 9.87217 12.3
      vertex 51.468 10.0472 12.3
      vertex 50.6803 9.72095 11.4
    endloop
  endfacet
  facet normal 0.725507 0.0355487 0.687297
    outer loop
      vertex 47.7205 9.11428 12.3
      vertex 48.564 9.3 11.4
      vertex 47.7114 9.3 12.3
    endloop
  endfacet
  facet normal 0.725507 -0.0355487 0.687297
    outer loop
      vertex 48.564 9.3 11.4
      vertex 47.7205 9.48572 12.3
      vertex 47.7114 9.3 12.3
    endloop
  endfacet
  facet normal 0.656515 -0.3108 0.687307
    outer loop
      vertex 47.8624 10.0524 12.3
      vertex 48.6477 9.72095 11.4
      vertex 48.6939 9.81854 11.4
    endloop
  endfacet
  facet normal 0.659397 -0.304337 0.687441
    outer loop
      vertex 48.6477 9.72095 11.4
      vertex 47.8624 10.0524 12.3
      vertex 47.86 10.0472 12.3
    endloop
  endfacet
  facet normal 0.725492 0.0356623 0.687306
    outer loop
      vertex 47.7205 9.11428 12.3
      vertex 48.5693 9.19218 11.4
      vertex 48.564 9.3 11.4
    endloop
  endfacet
  facet normal 0.725301 0.0383757 0.687361
    outer loop
      vertex 48.5693 9.19218 11.4
      vertex 47.7205 9.11428 12.3
      vertex 47.7208 9.10861 12.3
    endloop
  endfacet
  facet normal 0.725301 -0.0383757 0.687361
    outer loop
      vertex 47.7205 9.48572 12.3
      vertex 48.5693 9.40782 11.4
      vertex 47.7208 9.49139 12.3
    endloop
  endfacet
  facet normal 0.725492 -0.0356623 0.687306
    outer loop
      vertex 48.5693 9.40782 11.4
      vertex 47.7205 9.48572 12.3
      vertex 48.564 9.3 11.4
    endloop
  endfacet
  facet normal -0.106662 -0.718503 0.687296
    outer loop
      vertex 50.0393 11.2159 12.3
      vertex 49.8554 11.2432 12.3
      vertex 49.7718 10.3947 11.4
    endloop
  endfacet
  facet normal -0.0356689 -0.725491 0.687306
    outer loop
      vertex 49.7718 10.3947 11.4
      vertex 49.8497 11.2435 12.3
      vertex 49.664 10.4 11.4
    endloop
  endfacet
  facet normal -0.0381745 -0.725316 0.687357
    outer loop
      vertex 49.8497 11.2435 12.3
      vertex 49.7718 10.3947 11.4
      vertex 49.8554 11.2432 12.3
    endloop
  endfacet
  facet normal -0.7046 -0.17657 0.687286
    outer loop
      vertex 51.5791 9.68094 12.3
      vertex 51.5339 9.86131 12.3
      vertex 50.7429 9.5146 11.4
    endloop
  endfacet
  facet normal -0.707182 -0.166849 0.687063
    outer loop
      vertex 50.7166 9.61931 11.4
      vertex 51.5339 9.86131 12.3
      vertex 51.5326 9.86682 12.3
    endloop
  endfacet
  facet normal -0.704474 -0.176943 0.687319
    outer loop
      vertex 51.5339 9.86131 12.3
      vertex 50.7166 9.61931 11.4
      vertex 50.7429 9.5146 11.4
    endloop
  endfacet
  facet normal -0.680605 -0.254432 0.687053
    outer loop
      vertex 51.5306 9.87217 12.3
      vertex 50.7166 9.61931 11.4
      vertex 51.5326 9.86682 12.3
    endloop
  endfacet
  facet normal -0.684042 -0.244301 0.687316
    outer loop
      vertex 50.7166 9.61931 11.4
      vertex 51.5306 9.87217 12.3
      vertex 50.6803 9.72095 11.4
    endloop
  endfacet
  facet normal -0.718513 -0.106646 0.687289
    outer loop
      vertex 51.6064 9.49701 12.3
      vertex 51.5791 9.68094 12.3
      vertex 50.7429 9.5146 11.4
    endloop
  endfacet
  facet normal -0.718799 -0.10232 0.687648
    outer loop
      vertex 50.7429 9.5146 11.4
      vertex 51.6072 9.49139 12.3
      vertex 51.6064 9.49701 12.3
    endloop
  endfacet
  facet normal -0.718547 -0.106322 0.687303
    outer loop
      vertex 51.6072 9.49139 12.3
      vertex 50.7429 9.5146 11.4
      vertex 50.7587 9.40782 11.4
    endloop
  endfacet
  facet normal -0.725472 -0.0356613 0.687327
    outer loop
      vertex 57.708 9.3 11.4
      vertex 58.5604 9.30567 12.3
      vertex 57.7027 9.40782 11.4
    endloop
  endfacet
  facet normal -0.725727 -0.0255989 0.687506
    outer loop
      vertex 58.5604 9.30567 12.3
      vertex 57.708 9.3 11.4
      vertex 58.5606 9.3 12.3
    endloop
  endfacet
  facet normal 0.71924 -0.102383 0.687177
    outer loop
      vertex 54.6921 9.67532 12.3
      vertex 55.5291 9.5146 11.4
      vertex 54.6929 9.68094 12.3
    endloop
  endfacet
  facet normal 0.718581 -0.106327 0.687268
    outer loop
      vertex 55.5291 9.5146 11.4
      vertex 54.6921 9.67532 12.3
      vertex 55.5133 9.40782 11.4
    endloop
  endfacet
  facet normal 0.106565 0.718505 0.687309
    outer loop
      vertex 56.3934 8.22114 11.4
      vertex 56.2327 7.38405 12.3
      vertex 56.5002 8.2053 11.4
    endloop
  endfacet
  facet normal 0.107746 0.718305 0.687334
    outer loop
      vertex 56.2327 7.38405 12.3
      vertex 56.3934 8.22114 11.4
      vertex 56.2271 7.38489 12.3
    endloop
  endfacet
  facet normal -0.487339 -0.538638 0.687291
    outer loop
      vertex 57.9845 10.6845 12.3
      vertex 57.3858 10.0778 11.4
      vertex 57.9887 10.6807 12.3
    endloop
  endfacet
  facet normal -0.487772 -0.538231 0.687304
    outer loop
      vertex 57.3858 10.0778 11.4
      vertex 57.9845 10.6845 12.3
      vertex 57.3058 10.1503 11.4
    endloop
  endfacet
  facet normal 0.725507 -0.0355487 0.687297
    outer loop
      vertex 55.508 9.3 11.4
      vertex 54.6645 9.48572 12.3
      vertex 54.6554 9.3 12.3
    endloop
  endfacet
  facet normal -0.310538 0.656623 0.687323
    outer loop
      vertex 57.3604 7.49843 12.3
      vertex 57.5285 7.57793 12.3
      vertex 57.1265 8.32989 11.4
    endloop
  endfacet
  facet normal -0.0356689 -0.725491 0.687306
    outer loop
      vertex 56.7158 10.3947 11.4
      vertex 56.7937 11.2435 12.3
      vertex 56.608 10.4 11.4
    endloop
  endfacet
  facet normal -0.0381745 -0.725316 0.687357
    outer loop
      vertex 56.7937 11.2435 12.3
      vertex 56.7158 10.3947 11.4
      vertex 56.7994 11.2432 12.3
    endloop
  endfacet
  facet normal -0.488029 0.537984 0.687314
    outer loop
      vertex 57.3858 8.52218 11.4
      vertex 57.9845 7.91547 12.3
      vertex 57.9887 7.91928 12.3
    endloop
  endfacet
  facet normal -0.487733 0.538263 0.687306
    outer loop
      vertex 57.9845 7.91547 12.3
      vertex 57.3858 8.52218 11.4
      vertex 57.3058 8.44969 11.4
    endloop
  endfacet
  facet normal -0.683808 0.244901 0.687336
    outer loop
      vertex 58.4139 8.55811 12.3
      vertex 58.4766 8.73318 12.3
      vertex 57.6606 8.98069 11.4
    endloop
  endfacet
  facet normal -0.683812 -0.244888 0.687336
    outer loop
      vertex 58.4766 9.86682 12.3
      vertex 58.4139 10.0419 12.3
      vertex 57.6606 9.61931 11.4
    endloop
  endfacet
  facet normal -0.656616 -0.310535 0.687331
    outer loop
      vertex 58.4096 10.0524 12.3
      vertex 58.3301 10.2205 12.3
      vertex 57.5781 9.81854 11.4
    endloop
  endfacet
  facet normal -0.538197 -0.487814 0.6873
    outer loop
      vertex 58.1174 10.5387 12.3
      vertex 57.9925 10.6765 12.3
      vertex 57.4583 9.99783 11.4
    endloop
  endfacet
  facet normal 0.373426 0.623028 0.687306
    outer loop
      vertex 55.6827 7.58085 12.3
      vertex 55.9969 8.38538 11.4
      vertex 55.5232 7.67645 12.3
    endloop
  endfacet
  facet normal -0.0356299 0.72549 0.68731
    outer loop
      vertex 56.7994 7.35677 12.3
      vertex 56.7158 8.2053 11.4
      vertex 56.6137 7.34765 12.3
    endloop
  endfacet
  facet normal 0.538197 -0.487814 0.6873
    outer loop
      vertex 55.7577 9.99783 11.4
      vertex 55.2235 10.6765 12.3
      vertex 55.0986 10.5387 12.3
    endloop
  endfacet
  facet normal -0.704514 0.176953 0.687276
    outer loop
      vertex 57.6606 8.98069 11.4
      vertex 58.5231 8.91906 12.3
      vertex 57.6869 9.0854 11.4
    endloop
  endfacet
  facet normal -0.704188 0.178923 0.687099
    outer loop
      vertex 58.5231 8.91906 12.3
      vertex 57.6606 8.98069 11.4
      vertex 58.5217 8.91355 12.3
    endloop
  endfacet
  facet normal 0.583412 -0.432681 0.687326
    outer loop
      vertex 54.9878 10.3894 12.3
      vertex 55.6934 9.91113 11.4
      vertex 55.7577 9.99783 11.4
    endloop
  endfacet
  facet normal 0.584094 -0.431721 0.687351
    outer loop
      vertex 55.6934 9.91113 11.4
      vertex 54.9878 10.3894 12.3
      vertex 54.9844 10.3848 12.3
    endloop
  endfacet
  facet normal 0.656607 0.310568 0.687324
    outer loop
      vertex 54.8859 8.37954 12.3
      vertex 55.6379 8.78146 11.4
      vertex 54.8064 8.54762 12.3
    endloop
  endfacet
  facet normal 0.7046 -0.17657 0.687286
    outer loop
      vertex 55.5291 9.5146 11.4
      vertex 54.7381 9.86131 12.3
      vertex 54.6929 9.68094 12.3
    endloop
  endfacet
  facet normal -0.244666 0.683923 0.687305
    outer loop
      vertex 57.1748 7.43145 12.3
      vertex 57.3499 7.49409 12.3
      vertex 56.9273 8.24736 11.4
    endloop
  endfacet
  facet normal -0.616255 -0.38516 0.686936
    outer loop
      vertex 58.3271 10.2253 12.3
      vertex 57.5781 9.81854 11.4
      vertex 58.3301 10.2205 12.3
    endloop
  endfacet
  facet normal -0.623032 -0.373456 0.687286
    outer loop
      vertex 57.5781 9.81854 11.4
      vertex 58.3271 10.2253 12.3
      vertex 57.5226 9.91113 11.4
    endloop
  endfacet
  facet normal -0.623191 -0.373133 0.687316
    outer loop
      vertex 58.3271 10.2253 12.3
      vertex 58.2316 10.3848 12.3
      vertex 57.5226 9.91113 11.4
    endloop
  endfacet
  facet normal 0.656515 -0.3108 0.687307
    outer loop
      vertex 54.8064 10.0524 12.3
      vertex 55.5917 9.72095 11.4
      vertex 55.6379 9.81854 11.4
    endloop
  endfacet
  facet normal 0.659397 -0.304337 0.687441
    outer loop
      vertex 55.5917 9.72095 11.4
      vertex 54.8064 10.0524 12.3
      vertex 54.804 10.0472 12.3
    endloop
  endfacet
  facet normal -0.72548 0.03594 0.687304
    outer loop
      vertex 58.5512 9.10861 12.3
      vertex 58.5604 9.29432 12.3
      vertex 57.7027 9.19218 11.4
    endloop
  endfacet
  facet normal 0.167134 -0.707106 0.687071
    outer loop
      vertex 56.2887 10.3526 11.4
      vertex 56.0467 11.1699 12.3
      vertex 56.0412 11.1686 12.3
    endloop
  endfacet
  facet normal 0.176959 -0.70447 0.687319
    outer loop
      vertex 56.0467 11.1699 12.3
      vertex 56.2887 10.3526 11.4
      vertex 56.3934 10.3789 11.4
    endloop
  endfacet
  facet normal -0.246254 0.683322 0.687335
    outer loop
      vertex 57.029 8.28373 11.4
      vertex 57.3499 7.49409 12.3
      vertex 57.3552 7.496 12.3
    endloop
  endfacet
  facet normal -0.244596 0.683954 0.687298
    outer loop
      vertex 57.3499 7.49409 12.3
      vertex 57.029 8.28373 11.4
      vertex 56.9273 8.24736 11.4
    endloop
  endfacet
  facet normal -0.618958 0.380507 0.6871
    outer loop
      vertex 57.5781 8.78146 11.4
      vertex 58.3271 8.37466 12.3
      vertex 58.3301 8.37954 12.3
    endloop
  endfacet
  facet normal -0.623025 0.373451 0.687295
    outer loop
      vertex 58.3271 8.37466 12.3
      vertex 57.5781 8.78146 11.4
      vertex 57.5226 8.68887 11.4
    endloop
  endfacet
  facet normal 0.487733 0.538263 0.687306
    outer loop
      vertex 55.8302 8.52218 11.4
      vertex 55.2315 7.91547 12.3
      vertex 55.9102 8.44969 11.4
    endloop
  endfacet
  facet normal 0.488029 0.537984 0.687314
    outer loop
      vertex 55.2315 7.91547 12.3
      vertex 55.8302 8.52218 11.4
      vertex 55.2273 7.91928 12.3
    endloop
  endfacet
  facet normal -0.718507 -0.106645 0.687295
    outer loop
      vertex 58.5512 9.49139 12.3
      vertex 58.5239 9.67532 12.3
      vertex 57.7027 9.40782 11.4
    endloop
  endfacet
  facet normal -0.252339 -0.681316 0.68712
    outer loop
      vertex 56.9273 10.3526 11.4
      vertex 57.1802 11.1666 12.3
      vertex 57.1748 11.1686 12.3
    endloop
  endfacet
  facet normal -0.24417 -0.68408 0.687325
    outer loop
      vertex 57.1802 11.1666 12.3
      vertex 56.9273 10.3526 11.4
      vertex 57.029 10.3163 11.4
    endloop
  endfacet
  facet normal -0.583421 0.432687 0.687315
    outer loop
      vertex 57.4583 8.60217 11.4
      vertex 58.1208 8.06583 12.3
      vertex 57.5226 8.68887 11.4
    endloop
  endfacet
  facet normal -0.582749 0.433555 0.687338
    outer loop
      vertex 58.1208 8.06583 12.3
      vertex 57.4583 8.60217 11.4
      vertex 58.1174 8.06126 12.3
    endloop
  endfacet
  facet normal 0.725507 0.0355487 0.687297
    outer loop
      vertex 54.6645 9.11428 12.3
      vertex 55.508 9.3 11.4
      vertex 54.6554 9.3 12.3
    endloop
  endfacet
  facet normal -0.244658 -0.683949 0.687282
    outer loop
      vertex 57.3552 11.104 12.3
      vertex 57.1802 11.1666 12.3
      vertex 57.029 10.3163 11.4
    endloop
  endfacet
  facet normal -0.373364 0.623059 0.687312
    outer loop
      vertex 57.1265 8.32989 11.4
      vertex 57.5333 7.58085 12.3
      vertex 57.2191 8.38538 11.4
    endloop
  endfacet
  facet normal -0.37756 0.620647 0.687201
    outer loop
      vertex 57.5333 7.58085 12.3
      vertex 57.1265 8.32989 11.4
      vertex 57.5285 7.57793 12.3
    endloop
  endfacet
  facet normal 0.373409 -0.623 0.68734
    outer loop
      vertex 56.0895 10.2701 11.4
      vertex 55.6875 11.0221 12.3
      vertex 55.528 10.9265 12.3
    endloop
  endfacet
  facet normal 0.244666 0.683923 0.687305
    outer loop
      vertex 56.0412 7.43145 12.3
      vertex 56.2887 8.24736 11.4
      vertex 55.8661 7.49409 12.3
    endloop
  endfacet
  facet normal 0.538202 0.487806 0.687302
    outer loop
      vertex 55.2235 7.92349 12.3
      vertex 55.8302 8.52218 11.4
      vertex 55.7577 8.60217 11.4
    endloop
  endfacet
  facet normal 0.53923 0.486716 0.687269
    outer loop
      vertex 55.8302 8.52218 11.4
      vertex 55.2235 7.92349 12.3
      vertex 55.2273 7.91928 12.3
    endloop
  endfacet
  facet normal 0.623004 0.373435 0.687322
    outer loop
      vertex 54.9815 8.22005 12.3
      vertex 55.6379 8.78146 11.4
      vertex 54.8859 8.37954 12.3
    endloop
  endfacet
  facet normal 0.106662 -0.718503 0.687296
    outer loop
      vertex 56.5002 10.3947 11.4
      vertex 56.4166 11.2432 12.3
      vertex 56.2327 11.2159 12.3
    endloop
  endfacet
  facet normal -0.373409 -0.623 0.68734
    outer loop
      vertex 57.688 10.9265 12.3
      vertex 57.5285 11.0221 12.3
      vertex 57.1265 10.2701 11.4
    endloop
  endfacet
  facet normal -0.658093 0.307281 0.687381
    outer loop
      vertex 57.6243 8.87905 11.4
      vertex 58.4096 8.54762 12.3
      vertex 58.412 8.55276 12.3
    endloop
  endfacet
  facet normal -0.656518 0.310802 0.687303
    outer loop
      vertex 58.4096 8.54762 12.3
      vertex 57.6243 8.87905 11.4
      vertex 57.5781 8.78146 11.4
    endloop
  endfacet
  facet normal 0.68397 0.244568 0.687293
    outer loop
      vertex 54.804 8.55276 12.3
      vertex 55.5917 8.87905 11.4
      vertex 54.7414 8.72783 12.3
    endloop
  endfacet
  facet normal 0.623007 -0.373414 0.687332
    outer loop
      vertex 55.6379 9.81854 11.4
      vertex 54.9815 10.38 12.3
      vertex 54.8859 10.2205 12.3
    endloop
  endfacet
  facet normal 0.487809 -0.538191 0.687308
    outer loop
      vertex 55.9102 10.1503 11.4
      vertex 55.3693 10.8094 12.3
      vertex 55.2315 10.6845 12.3
    endloop
  endfacet
  facet normal 0.718507 -0.106645 0.687295
    outer loop
      vertex 55.5133 9.40782 11.4
      vertex 54.6921 9.67532 12.3
      vertex 54.6648 9.49139 12.3
    endloop
  endfacet
  facet normal -0.718581 0.106327 0.687268
    outer loop
      vertex 57.6869 9.0854 11.4
      vertex 58.5239 8.92468 12.3
      vertex 57.7027 9.19218 11.4
    endloop
  endfacet
  facet normal -0.71924 0.102383 0.687177
    outer loop
      vertex 58.5239 8.92468 12.3
      vertex 57.6869 9.0854 11.4
      vertex 58.5231 8.91906 12.3
    endloop
  endfacet
  facet normal -0.432588 0.583501 0.687309
    outer loop
      vertex 57.6928 7.67645 12.3
      vertex 57.8422 7.78721 12.3
      vertex 57.2191 8.38538 11.4
    endloop
  endfacet
  facet normal -0.72548 -0.0359381 0.687304
    outer loop
      vertex 58.5604 9.30567 12.3
      vertex 58.5512 9.49139 12.3
      vertex 57.7027 9.40782 11.4
    endloop
  endfacet
  facet normal -0.725728 0.0255538 0.687507
    outer loop
      vertex 57.708 9.3 11.4
      vertex 58.5604 9.29432 12.3
      vertex 58.5606 9.3 12.3
    endloop
  endfacet
  facet normal -0.725472 0.0356613 0.687327
    outer loop
      vertex 58.5604 9.29432 12.3
      vertex 57.708 9.3 11.4
      vertex 57.7027 9.19218 11.4
    endloop
  endfacet
  facet normal -0.718507 0.106645 0.687295
    outer loop
      vertex 58.5239 8.92468 12.3
      vertex 58.5512 9.10861 12.3
      vertex 57.7027 9.19218 11.4
    endloop
  endfacet
  facet normal 0.583414 0.432682 0.687324
    outer loop
      vertex 55.6934 8.68887 11.4
      vertex 54.9878 8.21061 12.3
      vertex 55.7577 8.60217 11.4
    endloop
  endfacet
  facet normal 0.582778 0.433576 0.6873
    outer loop
      vertex 54.9878 8.21061 12.3
      vertex 55.6934 8.68887 11.4
      vertex 54.9844 8.21518 12.3
    endloop
  endfacet
  facet normal -0.0355526 -0.725506 0.687296
    outer loop
      vertex 56.7937 11.2435 12.3
      vertex 56.608 11.2526 12.3
      vertex 56.608 10.4 11.4
    endloop
  endfacet
  facet normal 0.310532 -0.65661 0.687338
    outer loop
      vertex 56.0895 10.2701 11.4
      vertex 55.8556 11.1016 12.3
      vertex 55.6875 11.0221 12.3
    endloop
  endfacet
  facet normal 0.656616 -0.310535 0.687331
    outer loop
      vertex 55.6379 9.81854 11.4
      vertex 54.8859 10.2205 12.3
      vertex 54.8064 10.0524 12.3
    endloop
  endfacet
  facet normal 0.707182 -0.166849 0.687063
    outer loop
      vertex 54.7381 9.86131 12.3
      vertex 55.5554 9.61931 11.4
      vertex 54.7394 9.86682 12.3
    endloop
  endfacet
  facet normal 0.704474 -0.176943 0.687319
    outer loop
      vertex 55.5554 9.61931 11.4
      vertex 54.7381 9.86131 12.3
      vertex 55.5291 9.5146 11.4
    endloop
  endfacet
  facet normal 0.725301 -0.0383757 0.687361
    outer loop
      vertex 54.6645 9.48572 12.3
      vertex 55.5133 9.40782 11.4
      vertex 54.6648 9.49139 12.3
    endloop
  endfacet
  facet normal 0.725492 -0.0356623 0.687306
    outer loop
      vertex 55.5133 9.40782 11.4
      vertex 54.6645 9.48572 12.3
      vertex 55.508 9.3 11.4
    endloop
  endfacet
  facet normal -0.58329 -0.432877 0.687307
    outer loop
      vertex 58.2282 10.3894 12.3
      vertex 58.1174 10.5387 12.3
      vertex 57.4583 9.99783 11.4
    endloop
  endfacet
  facet normal 0.43273 0.583388 0.687316
    outer loop
      vertex 55.5186 7.67983 12.3
      vertex 55.9969 8.38538 11.4
      vertex 55.9102 8.44969 11.4
    endloop
  endfacet
  facet normal 0.430057 0.585284 0.687382
    outer loop
      vertex 55.9969 8.38538 11.4
      vertex 55.5186 7.67983 12.3
      vertex 55.5232 7.67645 12.3
    endloop
  endfacet
  facet normal -0.431717 -0.584088 0.687359
    outer loop
      vertex 57.2191 10.2146 11.4
      vertex 57.6974 10.9202 12.3
      vertex 57.6928 10.9236 12.3
    endloop
  endfacet
  facet normal -0.432676 -0.583406 0.687334
    outer loop
      vertex 57.6974 10.9202 12.3
      vertex 57.2191 10.2146 11.4
      vertex 57.3058 10.1503 11.4
    endloop
  endfacet
  facet normal 0.583353 0.432779 0.687314
    outer loop
      vertex 55.0986 8.06126 12.3
      vertex 55.7577 8.60217 11.4
      vertex 54.9878 8.21061 12.3
    endloop
  endfacet
  facet normal 0.0355526 -0.725506 0.687296
    outer loop
      vertex 56.608 10.4 11.4
      vertex 56.608 11.2526 12.3
      vertex 56.4223 11.2435 12.3
    endloop
  endfacet
  facet normal -0.310819 0.656517 0.687297
    outer loop
      vertex 57.029 8.28373 11.4
      vertex 57.3604 7.49843 12.3
      vertex 57.1265 8.32989 11.4
    endloop
  endfacet
  facet normal -0.307491 0.658005 0.687371
    outer loop
      vertex 57.3604 7.49843 12.3
      vertex 57.029 8.28373 11.4
      vertex 57.3552 7.496 12.3
    endloop
  endfacet
  facet normal -0.538138 0.487867 0.687309
    outer loop
      vertex 57.9925 7.92349 12.3
      vertex 58.1174 8.06126 12.3
      vertex 57.4583 8.60217 11.4
    endloop
  endfacet
  facet normal 0.683956 -0.244619 0.687288
    outer loop
      vertex 55.5917 9.72095 11.4
      vertex 54.804 10.0472 12.3
      vertex 54.7414 9.87217 12.3
    endloop
  endfacet
  facet normal -0.107746 0.718305 0.687334
    outer loop
      vertex 56.8226 8.22114 11.4
      vertex 56.9833 7.38405 12.3
      vertex 56.9889 7.38489 12.3
    endloop
  endfacet
  facet normal -0.106565 0.718505 0.687309
    outer loop
      vertex 56.9833 7.38405 12.3
      vertex 56.8226 8.22114 11.4
      vertex 56.7158 8.2053 11.4
    endloop
  endfacet
  facet normal -0.106583 0.718501 0.687311
    outer loop
      vertex 56.7994 7.35677 12.3
      vertex 56.9833 7.38405 12.3
      vertex 56.7158 8.2053 11.4
    endloop
  endfacet
  facet normal 0.373364 0.623059 0.687312
    outer loop
      vertex 55.6827 7.58085 12.3
      vertex 56.0895 8.32989 11.4
      vertex 55.9969 8.38538 11.4
    endloop
  endfacet
  facet normal 0.37756 0.620647 0.687201
    outer loop
      vertex 56.0895 8.32989 11.4
      vertex 55.6827 7.58085 12.3
      vertex 55.6875 7.57793 12.3
    endloop
  endfacet
  facet normal -0.684073 0.244312 0.687282
    outer loop
      vertex 57.6243 8.87905 11.4
      vertex 58.4139 8.55811 12.3
      vertex 57.6606 8.98069 11.4
    endloop
  endfacet
  facet normal -0.684531 0.243105 0.687253
    outer loop
      vertex 58.4139 8.55811 12.3
      vertex 57.6243 8.87905 11.4
      vertex 58.412 8.55276 12.3
    endloop
  endfacet
  facet normal -0.106662 -0.718503 0.687296
    outer loop
      vertex 56.9833 11.2159 12.3
      vertex 56.7994 11.2432 12.3
      vertex 56.7158 10.3947 11.4
    endloop
  endfacet
  facet normal -0.704647 0.176191 0.687335
    outer loop
      vertex 58.4766 8.73318 12.3
      vertex 58.5217 8.91355 12.3
      vertex 57.6606 8.98069 11.4
    endloop
  endfacet
  facet normal 0.538638 -0.487339 0.687291
    outer loop
      vertex 55.2235 10.6765 12.3
      vertex 55.8302 10.0778 11.4
      vertex 55.2273 10.6807 12.3
    endloop
  endfacet
  facet normal 0.538138 -0.48787 0.687307
    outer loop
      vertex 55.8302 10.0778 11.4
      vertex 55.2235 10.6765 12.3
      vertex 55.7577 9.99783 11.4
    endloop
  endfacet
  facet normal 0.58329 -0.432877 0.687307
    outer loop
      vertex 55.7577 9.99783 11.4
      vertex 55.0986 10.5387 12.3
      vertex 54.9878 10.3894 12.3
    endloop
  endfacet
  facet normal -0.704647 -0.176191 0.687335
    outer loop
      vertex 58.5217 9.68645 12.3
      vertex 58.4766 9.86682 12.3
      vertex 57.6606 9.61931 11.4
    endloop
  endfacet
  facet normal -0.0356689 0.725491 0.687306
    outer loop
      vertex 56.608 8.2 11.4
      vertex 56.6137 7.34765 12.3
      vertex 56.7158 8.2053 11.4
    endloop
  endfacet
  facet normal -0.0356382 0.725492 0.687307
    outer loop
      vertex 56.6137 7.34765 12.3
      vertex 56.608 8.2 11.4
      vertex 56.608 7.34737 12.3
    endloop
  endfacet
  facet normal -0.176959 -0.70447 0.687319
    outer loop
      vertex 56.9273 10.3526 11.4
      vertex 57.1693 11.1699 12.3
      vertex 56.8226 10.3789 11.4
    endloop
  endfacet
  facet normal -0.167134 -0.707106 0.687071
    outer loop
      vertex 57.1693 11.1699 12.3
      vertex 56.9273 10.3526 11.4
      vertex 57.1748 11.1686 12.3
    endloop
  endfacet
  facet normal 0.4328 0.583344 0.687309
    outer loop
      vertex 55.5186 7.67983 12.3
      vertex 55.9102 8.44969 11.4
      vertex 55.3693 7.7906 12.3
    endloop
  endfacet
  facet normal -0.17678 0.704557 0.687276
    outer loop
      vertex 56.9273 8.24736 11.4
      vertex 56.9889 7.38489 12.3
      vertex 56.9944 7.38627 12.3
    endloop
  endfacet
  facet normal -0.176455 0.70461 0.687305
    outer loop
      vertex 56.9889 7.38489 12.3
      vertex 56.9273 8.24736 11.4
      vertex 56.8226 8.22114 11.4
    endloop
  endfacet
  facet normal -0.176465 0.704609 0.687303
    outer loop
      vertex 56.9944 7.38627 12.3
      vertex 57.1748 7.43145 12.3
      vertex 56.9273 8.24736 11.4
    endloop
  endfacet
  facet normal 0.176543 -0.70461 0.687282
    outer loop
      vertex 56.3934 10.3789 11.4
      vertex 56.2271 11.2151 12.3
      vertex 56.0467 11.1699 12.3
    endloop
  endfacet
  facet normal 0.684042 -0.244301 0.687316
    outer loop
      vertex 54.7414 9.87217 12.3
      vertex 55.5554 9.61931 11.4
      vertex 55.5917 9.72095 11.4
    endloop
  endfacet
  facet normal 0.680605 -0.254432 0.687053
    outer loop
      vertex 55.5554 9.61931 11.4
      vertex 54.7414 9.87217 12.3
      vertex 54.7394 9.86682 12.3
    endloop
  endfacet
  facet normal -0.375574 -0.62164 0.687392
    outer loop
      vertex 57.688 10.9265 12.3
      vertex 57.2191 10.2146 11.4
      vertex 57.6928 10.9236 12.3
    endloop
  endfacet
  facet normal -0.3734 -0.623006 0.687339
    outer loop
      vertex 57.2191 10.2146 11.4
      vertex 57.688 10.9265 12.3
      vertex 57.1265 10.2701 11.4
    endloop
  endfacet
  facet normal 0.3734 -0.623006 0.687339
    outer loop
      vertex 55.528 10.9265 12.3
      vertex 55.9969 10.2146 11.4
      vertex 56.0895 10.2701 11.4
    endloop
  endfacet
  facet normal 0.375574 -0.62164 0.687392
    outer loop
      vertex 55.9969 10.2146 11.4
      vertex 55.528 10.9265 12.3
      vertex 55.5232 10.9236 12.3
    endloop
  endfacet
  facet normal 0.725492 0.0356623 0.687306
    outer loop
      vertex 54.6645 9.11428 12.3
      vertex 55.5133 9.19218 11.4
      vertex 55.508 9.3 11.4
    endloop
  endfacet
  facet normal 0.725301 0.0383757 0.687361
    outer loop
      vertex 55.5133 9.19218 11.4
      vertex 54.6645 9.11428 12.3
      vertex 54.6648 9.10861 12.3
    endloop
  endfacet
  facet normal 0.487745 0.53825 0.687307
    outer loop
      vertex 55.3693 7.7906 12.3
      vertex 55.9102 8.44969 11.4
      vertex 55.2315 7.91547 12.3
    endloop
  endfacet
  facet normal 0.538138 0.487867 0.687309
    outer loop
      vertex 55.2235 7.92349 12.3
      vertex 55.7577 8.60217 11.4
      vertex 55.0986 8.06126 12.3
    endloop
  endfacet
  facet normal -0.659397 -0.304337 0.687441
    outer loop
      vertex 58.4096 10.0524 12.3
      vertex 57.6243 9.72095 11.4
      vertex 58.412 10.0472 12.3
    endloop
  endfacet
  facet normal -0.656515 -0.3108 0.687307
    outer loop
      vertex 57.6243 9.72095 11.4
      vertex 58.4096 10.0524 12.3
      vertex 57.5781 9.81854 11.4
    endloop
  endfacet
  facet normal 0.244596 0.683954 0.687298
    outer loop
      vertex 56.187 8.28373 11.4
      vertex 55.8661 7.49409 12.3
      vertex 56.2887 8.24736 11.4
    endloop
  endfacet
  facet normal 0.246254 0.683322 0.687335
    outer loop
      vertex 55.8661 7.49409 12.3
      vertex 56.187 8.28373 11.4
      vertex 55.8608 7.496 12.3
    endloop
  endfacet
  facet normal 0.106583 0.718501 0.687311
    outer loop
      vertex 56.4166 7.35677 12.3
      vertex 56.5002 8.2053 11.4
      vertex 56.2327 7.38405 12.3
    endloop
  endfacet
  facet normal 0.310819 0.656517 0.687297
    outer loop
      vertex 55.8556 7.49843 12.3
      vertex 56.187 8.28373 11.4
      vertex 56.0895 8.32989 11.4
    endloop
  endfacet
  facet normal 0.307491 0.658005 0.687371
    outer loop
      vertex 56.187 8.28373 11.4
      vertex 55.8556 7.49843 12.3
      vertex 55.8608 7.496 12.3
    endloop
  endfacet
  facet normal 0.7046 0.17657 0.687286
    outer loop
      vertex 54.7381 8.73869 12.3
      vertex 55.5291 9.0854 11.4
      vertex 54.6929 8.91906 12.3
    endloop
  endfacet
  facet normal -0.310532 -0.65661 0.687338
    outer loop
      vertex 57.5285 11.0221 12.3
      vertex 57.3604 11.1016 12.3
      vertex 57.1265 10.2701 11.4
    endloop
  endfacet
  facet normal 0.704474 0.176943 0.687319
    outer loop
      vertex 54.7381 8.73869 12.3
      vertex 55.5554 8.98069 11.4
      vertex 55.5291 9.0854 11.4
    endloop
  endfacet
  facet normal 0.707182 0.166849 0.687063
    outer loop
      vertex 55.5554 8.98069 11.4
      vertex 54.7381 8.73869 12.3
      vertex 54.7394 8.73318 12.3
    endloop
  endfacet
  facet normal 0.623002 0.373438 0.687323
    outer loop
      vertex 54.9815 8.22005 12.3
      vertex 55.6934 8.68887 11.4
      vertex 55.6379 8.78146 11.4
    endloop
  endfacet
  facet normal 0.62412 0.371652 0.687277
    outer loop
      vertex 55.6934 8.68887 11.4
      vertex 54.9815 8.22005 12.3
      vertex 54.9844 8.21518 12.3
    endloop
  endfacet
  facet normal -0.304341 -0.659404 0.687432
    outer loop
      vertex 57.029 10.3163 11.4
      vertex 57.3604 11.1016 12.3
      vertex 57.3552 11.104 12.3
    endloop
  endfacet
  facet normal -0.311041 -0.656417 0.687292
    outer loop
      vertex 57.3604 11.1016 12.3
      vertex 57.029 10.3163 11.4
      vertex 57.1265 10.2701 11.4
    endloop
  endfacet
  facet normal 0.0356382 0.725492 0.687307
    outer loop
      vertex 56.608 8.2 11.4
      vertex 56.6023 7.34765 12.3
      vertex 56.608 7.34737 12.3
    endloop
  endfacet
  facet normal 0.0356689 0.725491 0.687306
    outer loop
      vertex 56.6023 7.34765 12.3
      vertex 56.608 8.2 11.4
      vertex 56.5002 8.2053 11.4
    endloop
  endfacet
  facet normal 0.684042 0.244301 0.687316
    outer loop
      vertex 55.5554 8.98069 11.4
      vertex 54.7414 8.72783 12.3
      vertex 55.5917 8.87905 11.4
    endloop
  endfacet
  facet normal 0.680605 0.254432 0.687053
    outer loop
      vertex 54.7414 8.72783 12.3
      vertex 55.5554 8.98069 11.4
      vertex 54.7394 8.73318 12.3
    endloop
  endfacet
  facet normal 0.0381745 -0.725316 0.687357
    outer loop
      vertex 56.5002 10.3947 11.4
      vertex 56.4223 11.2435 12.3
      vertex 56.4166 11.2432 12.3
    endloop
  endfacet
  facet normal 0.0356689 -0.725491 0.687306
    outer loop
      vertex 56.4223 11.2435 12.3
      vertex 56.5002 10.3947 11.4
      vertex 56.608 10.4 11.4
    endloop
  endfacet
  facet normal 0.310538 0.656623 0.687323
    outer loop
      vertex 55.8556 7.49843 12.3
      vertex 56.0895 8.32989 11.4
      vertex 55.6875 7.57793 12.3
    endloop
  endfacet
  facet normal 0.176556 0.704584 0.687306
    outer loop
      vertex 56.2215 7.38627 12.3
      vertex 56.2887 8.24736 11.4
      vertex 56.0412 7.43145 12.3
    endloop
  endfacet
  facet normal -0.584094 -0.431721 0.687351
    outer loop
      vertex 58.2282 10.3894 12.3
      vertex 57.5226 9.91113 11.4
      vertex 58.2316 10.3848 12.3
    endloop
  endfacet
  facet normal -0.583412 -0.432681 0.687326
    outer loop
      vertex 57.5226 9.91113 11.4
      vertex 58.2282 10.3894 12.3
      vertex 57.4583 9.99783 11.4
    endloop
  endfacet
  facet normal 0.718581 0.106327 0.687268
    outer loop
      vertex 54.6921 8.92468 12.3
      vertex 55.5291 9.0854 11.4
      vertex 55.5133 9.19218 11.4
    endloop
  endfacet
  facet normal 0.71924 0.102383 0.687177
    outer loop
      vertex 55.5291 9.0854 11.4
      vertex 54.6921 8.92468 12.3
      vertex 54.6929 8.91906 12.3
    endloop
  endfacet
  facet normal 0.718507 0.106645 0.687295
    outer loop
      vertex 54.6921 8.92468 12.3
      vertex 55.5133 9.19218 11.4
      vertex 54.6648 9.10861 12.3
    endloop
  endfacet
  facet normal 0.10274 -0.719182 0.687184
    outer loop
      vertex 56.3934 10.3789 11.4
      vertex 56.2327 11.2159 12.3
      vertex 56.2271 11.2151 12.3
    endloop
  endfacet
  facet normal 0.106308 -0.718585 0.687266
    outer loop
      vertex 56.2327 11.2159 12.3
      vertex 56.3934 10.3789 11.4
      vertex 56.5002 10.3947 11.4
    endloop
  endfacet
  facet normal -0.432872 -0.583284 0.687315
    outer loop
      vertex 57.8467 10.8094 12.3
      vertex 57.6974 10.9202 12.3
      vertex 57.3058 10.1503 11.4
    endloop
  endfacet
  facet normal -0.487809 -0.538191 0.687308
    outer loop
      vertex 57.9845 10.6845 12.3
      vertex 57.8467 10.8094 12.3
      vertex 57.3058 10.1503 11.4
    endloop
  endfacet
  facet normal 0.176455 0.70461 0.687305
    outer loop
      vertex 56.2887 8.24736 11.4
      vertex 56.2271 7.38489 12.3
      vertex 56.3934 8.22114 11.4
    endloop
  endfacet
  facet normal 0.173745 0.705052 0.687543
    outer loop
      vertex 56.2271 7.38489 12.3
      vertex 56.2887 8.24736 11.4
      vertex 56.2215 7.38627 12.3
    endloop
  endfacet
  facet normal -0.538638 -0.487339 0.687291
    outer loop
      vertex 57.3858 10.0778 11.4
      vertex 57.9925 10.6765 12.3
      vertex 57.9887 10.6807 12.3
    endloop
  endfacet
  facet normal -0.538138 -0.48787 0.687307
    outer loop
      vertex 57.9925 10.6765 12.3
      vertex 57.3858 10.0778 11.4
      vertex 57.4583 9.99783 11.4
    endloop
  endfacet
  facet normal 0.621646 -0.375578 0.687385
    outer loop
      vertex 54.9815 10.38 12.3
      vertex 55.6934 9.91113 11.4
      vertex 54.9844 10.3848 12.3
    endloop
  endfacet
  facet normal 0.622993 -0.373433 0.687334
    outer loop
      vertex 55.6934 9.91113 11.4
      vertex 54.9815 10.38 12.3
      vertex 55.6379 9.81854 11.4
    endloop
  endfacet
  facet normal -0.487745 0.53825 0.687307
    outer loop
      vertex 57.8467 7.7906 12.3
      vertex 57.9845 7.91547 12.3
      vertex 57.3058 8.44969 11.4
    endloop
  endfacet
  facet normal -0.656607 0.310568 0.687324
    outer loop
      vertex 58.3301 8.37954 12.3
      vertex 58.4096 8.54762 12.3
      vertex 57.5781 8.78146 11.4
    endloop
  endfacet
  facet normal 0.487772 -0.538231 0.687304
    outer loop
      vertex 55.2315 10.6845 12.3
      vertex 55.8302 10.0778 11.4
      vertex 55.9102 10.1503 11.4
    endloop
  endfacet
  facet normal 0.487339 -0.538638 0.687291
    outer loop
      vertex 55.8302 10.0778 11.4
      vertex 55.2315 10.6845 12.3
      vertex 55.2273 10.6807 12.3
    endloop
  endfacet
  facet normal -0.538202 0.487806 0.687302
    outer loop
      vertex 57.3858 8.52218 11.4
      vertex 57.9925 7.92349 12.3
      vertex 57.4583 8.60217 11.4
    endloop
  endfacet
  facet normal -0.53923 0.486716 0.687269
    outer loop
      vertex 57.9925 7.92349 12.3
      vertex 57.3858 8.52218 11.4
      vertex 57.9887 7.91928 12.3
    endloop
  endfacet
  facet normal 0.0356299 0.72549 0.68731
    outer loop
      vertex 56.6023 7.34765 12.3
      vertex 56.5002 8.2053 11.4
      vertex 56.4166 7.35677 12.3
    endloop
  endfacet
  facet normal -0.683763 -0.245123 0.687301
    outer loop
      vertex 57.6243 9.72095 11.4
      vertex 58.4139 10.0419 12.3
      vertex 58.412 10.0472 12.3
    endloop
  endfacet
  facet normal -0.684072 -0.244311 0.687283
    outer loop
      vertex 58.4139 10.0419 12.3
      vertex 57.6243 9.72095 11.4
      vertex 57.6606 9.61931 11.4
    endloop
  endfacet
  facet normal -0.623166 0.373165 0.687322
    outer loop
      vertex 58.2316 8.21518 12.3
      vertex 58.3271 8.37466 12.3
      vertex 57.5226 8.68887 11.4
    endloop
  endfacet
  facet normal -0.704188 -0.178923 0.687099
    outer loop
      vertex 57.6606 9.61931 11.4
      vertex 58.5231 9.68094 12.3
      vertex 58.5217 9.68645 12.3
    endloop
  endfacet
  facet normal -0.704514 -0.176953 0.687276
    outer loop
      vertex 58.5231 9.68094 12.3
      vertex 57.6606 9.61931 11.4
      vertex 57.6869 9.5146 11.4
    endloop
  endfacet
  facet normal -0.71924 -0.102383 0.687177
    outer loop
      vertex 57.6869 9.5146 11.4
      vertex 58.5239 9.67532 12.3
      vertex 58.5231 9.68094 12.3
    endloop
  endfacet
  facet normal -0.718581 -0.106327 0.687268
    outer loop
      vertex 58.5239 9.67532 12.3
      vertex 57.6869 9.5146 11.4
      vertex 57.7027 9.40782 11.4
    endloop
  endfacet
  facet normal 0.304341 -0.659404 0.687432
    outer loop
      vertex 55.8556 11.1016 12.3
      vertex 56.187 10.3163 11.4
      vertex 55.8608 11.104 12.3
    endloop
  endfacet
  facet normal 0.311041 -0.656417 0.687292
    outer loop
      vertex 56.187 10.3163 11.4
      vertex 55.8556 11.1016 12.3
      vertex 56.0895 10.2701 11.4
    endloop
  endfacet
  facet normal 0.244658 -0.683949 0.687282
    outer loop
      vertex 56.187 10.3163 11.4
      vertex 56.0358 11.1666 12.3
      vertex 55.8608 11.104 12.3
    endloop
  endfacet
  facet normal -0.583345 0.432773 0.687325
    outer loop
      vertex 58.1208 8.06583 12.3
      vertex 58.2316 8.21518 12.3
      vertex 57.5226 8.68887 11.4
    endloop
  endfacet
  facet normal 0.252339 -0.681316 0.68712
    outer loop
      vertex 56.0358 11.1666 12.3
      vertex 56.2887 10.3526 11.4
      vertex 56.0412 11.1686 12.3
    endloop
  endfacet
  facet normal 0.24417 -0.68408 0.687325
    outer loop
      vertex 56.2887 10.3526 11.4
      vertex 56.0358 11.1666 12.3
      vertex 56.187 10.3163 11.4
    endloop
  endfacet
  facet normal 0.656518 0.310802 0.687303
    outer loop
      vertex 55.5917 8.87905 11.4
      vertex 54.8064 8.54762 12.3
      vertex 55.6379 8.78146 11.4
    endloop
  endfacet
  facet normal 0.658093 0.307281 0.687381
    outer loop
      vertex 54.8064 8.54762 12.3
      vertex 55.5917 8.87905 11.4
      vertex 54.804 8.55276 12.3
    endloop
  endfacet
  facet normal 0.432872 -0.583284 0.687315
    outer loop
      vertex 55.9102 10.1503 11.4
      vertex 55.5186 10.9202 12.3
      vertex 55.3693 10.8094 12.3
    endloop
  endfacet
  facet normal -0.176543 -0.70461 0.687282
    outer loop
      vertex 57.1693 11.1699 12.3
      vertex 56.9889 11.2151 12.3
      vertex 56.8226 10.3789 11.4
    endloop
  endfacet
  facet normal -0.106308 -0.718585 0.687266
    outer loop
      vertex 56.8226 10.3789 11.4
      vertex 56.9833 11.2159 12.3
      vertex 56.7158 10.3947 11.4
    endloop
  endfacet
  facet normal -0.10274 -0.719182 0.687184
    outer loop
      vertex 56.9833 11.2159 12.3
      vertex 56.8226 10.3789 11.4
      vertex 56.9889 11.2151 12.3
    endloop
  endfacet
  facet normal 0.431717 -0.584088 0.687359
    outer loop
      vertex 55.5186 10.9202 12.3
      vertex 55.9969 10.2146 11.4
      vertex 55.5232 10.9236 12.3
    endloop
  endfacet
  facet normal 0.432676 -0.583406 0.687334
    outer loop
      vertex 55.9969 10.2146 11.4
      vertex 55.5186 10.9202 12.3
      vertex 55.9102 10.1503 11.4
    endloop
  endfacet
  facet normal -0.373426 0.623028 0.687306
    outer loop
      vertex 57.5333 7.58085 12.3
      vertex 57.6928 7.67645 12.3
      vertex 57.2191 8.38538 11.4
    endloop
  endfacet
  facet normal -0.436987 0.580072 0.687429
    outer loop
      vertex 57.3058 8.44969 11.4
      vertex 57.8422 7.78721 12.3
      vertex 57.8467 7.7906 12.3
    endloop
  endfacet
  facet normal -0.432725 0.583381 0.687325
    outer loop
      vertex 57.8422 7.78721 12.3
      vertex 57.3058 8.44969 11.4
      vertex 57.2191 8.38538 11.4
    endloop
  endfacet
  facet normal 1 0 0
    outer loop
      vertex 64.608 18.6 12.3
      vertex 64.608 15.6 3.3
      vertex 64.608 18.6 0
    endloop
  endfacet
  facet normal 1 0 0
    outer loop
      vertex 64.608 18.6 12.3
      vertex 64.608 3 3.3
      vertex 64.608 15.6 3.3
    endloop
  endfacet
  facet normal 1 -0 0
    outer loop
      vertex 64.608 0 12.3
      vertex 64.608 3 3.3
      vertex 64.608 18.6 12.3
    endloop
  endfacet
  facet normal 1 0 0
    outer loop
      vertex 64.608 0 0
      vertex 64.608 3 3.3
      vertex 64.608 0 12.3
    endloop
  endfacet
  facet normal 1 0 0
    outer loop
      vertex 64.608 3 3.3
      vertex 64.608 0 0
      vertex 64.608 3 0
    endloop
  endfacet
  facet normal 1 0 0
    outer loop
      vertex 64.608 18.6 0
      vertex 64.608 15.6 3.3
      vertex 64.608 15.6 0
    endloop
  endfacet
  facet normal 0 0 1
    outer loop
      vertex 64.608 18.6 12.3
      vertex 58.5606 9.3 12.3
      vertex 64.608 0 12.3
    endloop
  endfacet
  facet normal 0 0 1
    outer loop
      vertex 64.608 18.6 12.3
      vertex 58.5604 9.30567 12.3
      vertex 58.5606 9.3 12.3
    endloop
  endfacet
  facet normal 0 0 1
    outer loop
      vertex 64.608 18.6 12.3
      vertex 58.5512 9.49139 12.3
      vertex 58.5604 9.30567 12.3
    endloop
  endfacet
  facet normal 0 0 1
    outer loop
      vertex 64.608 18.6 12.3
      vertex 58.5239 9.67532 12.3
      vertex 58.5512 9.49139 12.3
    endloop
  endfacet
  facet normal 0 0 1
    outer loop
      vertex 64.608 18.6 12.3
      vertex 58.5231 9.68094 12.3
      vertex 58.5239 9.67532 12.3
    endloop
  endfacet
  facet normal 0 0 1
    outer loop
      vertex 64.608 18.6 12.3
      vertex 58.5217 9.68645 12.3
      vertex 58.5231 9.68094 12.3
    endloop
  endfacet
  facet normal 0 0 1
    outer loop
      vertex 64.608 18.6 12.3
      vertex 58.4766 9.86682 12.3
      vertex 58.5217 9.68645 12.3
    endloop
  endfacet
  facet normal 0 0 1
    outer loop
      vertex 64.608 18.6 12.3
      vertex 58.4139 10.0419 12.3
      vertex 58.4766 9.86682 12.3
    endloop
  endfacet
  facet normal 0 0 1
    outer loop
      vertex 64.608 18.6 12.3
      vertex 58.412 10.0472 12.3
      vertex 58.4139 10.0419 12.3
    endloop
  endfacet
  facet normal 0 0 1
    outer loop
      vertex 64.608 18.6 12.3
      vertex 58.4096 10.0524 12.3
      vertex 58.412 10.0472 12.3
    endloop
  endfacet
  facet normal 0 0 1
    outer loop
      vertex 64.608 18.6 12.3
      vertex 58.3301 10.2205 12.3
      vertex 58.4096 10.0524 12.3
    endloop
  endfacet
  facet normal 0 0 1
    outer loop
      vertex 64.608 18.6 12.3
      vertex 58.3271 10.2253 12.3
      vertex 58.3301 10.2205 12.3
    endloop
  endfacet
  facet normal 0 0 1
    outer loop
      vertex 64.608 18.6 12.3
      vertex 58.2316 10.3848 12.3
      vertex 58.3271 10.2253 12.3
    endloop
  endfacet
  facet normal 0 0 1
    outer loop
      vertex 64.608 18.6 12.3
      vertex 58.2282 10.3894 12.3
      vertex 58.2316 10.3848 12.3
    endloop
  endfacet
  facet normal 0 0 1
    outer loop
      vertex 64.608 18.6 12.3
      vertex 58.1174 10.5387 12.3
      vertex 58.2282 10.3894 12.3
    endloop
  endfacet
  facet normal 0 0 1
    outer loop
      vertex 64.608 18.6 12.3
      vertex 57.9925 10.6765 12.3
      vertex 58.1174 10.5387 12.3
    endloop
  endfacet
  facet normal 0 0 1
    outer loop
      vertex 64.608 18.6 12.3
      vertex 57.9887 10.6807 12.3
      vertex 57.9925 10.6765 12.3
    endloop
  endfacet
  facet normal 0 0 1
    outer loop
      vertex 64.608 18.6 12.3
      vertex 57.9845 10.6845 12.3
      vertex 57.9887 10.6807 12.3
    endloop
  endfacet
  facet normal 0 0 1
    outer loop
      vertex 64.608 18.6 12.3
      vertex 57.8467 10.8094 12.3
      vertex 57.9845 10.6845 12.3
    endloop
  endfacet
  facet normal 0 0 1
    outer loop
      vertex 64.608 18.6 12.3
      vertex 57.6974 10.9202 12.3
      vertex 57.8467 10.8094 12.3
    endloop
  endfacet
  facet normal 0 0 1
    outer loop
      vertex 64.608 18.6 12.3
      vertex 57.6928 10.9236 12.3
      vertex 57.6974 10.9202 12.3
    endloop
  endfacet
  facet normal 0 0 1
    outer loop
      vertex 64.608 18.6 12.3
      vertex 57.688 10.9265 12.3
      vertex 57.6928 10.9236 12.3
    endloop
  endfacet
  facet normal 0 0 1
    outer loop
      vertex 64.608 18.6 12.3
      vertex 57.5285 11.0221 12.3
      vertex 57.688 10.9265 12.3
    endloop
  endfacet
  facet normal 0 0 1
    outer loop
      vertex 64.608 18.6 12.3
      vertex 57.3604 11.1016 12.3
      vertex 57.5285 11.0221 12.3
    endloop
  endfacet
  facet normal 0 0 1
    outer loop
      vertex 64.608 18.6 12.3
      vertex 57.3552 11.104 12.3
      vertex 57.3604 11.1016 12.3
    endloop
  endfacet
  facet normal 0 0 1
    outer loop
      vertex 64.608 18.6 12.3
      vertex 57.1802 11.1666 12.3
      vertex 57.3552 11.104 12.3
    endloop
  endfacet
  facet normal 0 0 1
    outer loop
      vertex 64.608 18.6 12.3
      vertex 57.1748 11.1686 12.3
      vertex 57.1802 11.1666 12.3
    endloop
  endfacet
  facet normal 0 0 1
    outer loop
      vertex 64.608 18.6 12.3
      vertex 57.1693 11.1699 12.3
      vertex 57.1748 11.1686 12.3
    endloop
  endfacet
  facet normal 0 0 1
    outer loop
      vertex 64.608 18.6 12.3
      vertex 56.9889 11.2151 12.3
      vertex 57.1693 11.1699 12.3
    endloop
  endfacet
  facet normal 0 0 1
    outer loop
      vertex 64.608 18.6 12.3
      vertex 56.9833 11.2159 12.3
      vertex 56.9889 11.2151 12.3
    endloop
  endfacet
  facet normal 0 0 1
    outer loop
      vertex 64.608 18.6 12.3
      vertex 56.7994 11.2432 12.3
      vertex 56.9833 11.2159 12.3
    endloop
  endfacet
  facet normal 0 0 1
    outer loop
      vertex 64.608 18.6 12.3
      vertex 56.7937 11.2435 12.3
      vertex 56.7994 11.2432 12.3
    endloop
  endfacet
  facet normal 0 0 1
    outer loop
      vertex 64.608 18.6 12.3
      vertex 56.608 11.2526 12.3
      vertex 56.7937 11.2435 12.3
    endloop
  endfacet
  facet normal 0 0 1
    outer loop
      vertex 64.608 18.6 12.3
      vertex 56.4223 11.2435 12.3
      vertex 56.608 11.2526 12.3
    endloop
  endfacet
  facet normal 0 0 1
    outer loop
      vertex 64.608 18.6 12.3
      vertex 56.4166 11.2432 12.3
      vertex 56.4223 11.2435 12.3
    endloop
  endfacet
  facet normal 0 0 1
    outer loop
      vertex 64.608 18.6 12.3
      vertex 56.2327 11.2159 12.3
      vertex 56.4166 11.2432 12.3
    endloop
  endfacet
  facet normal 0 0 1
    outer loop
      vertex 64.608 18.6 12.3
      vertex 56.2271 11.2151 12.3
      vertex 56.2327 11.2159 12.3
    endloop
  endfacet
  facet normal 0 0 1
    outer loop
      vertex 64.608 18.6 12.3
      vertex 56.0467 11.1699 12.3
      vertex 56.2271 11.2151 12.3
    endloop
  endfacet
  facet normal 0 0 1
    outer loop
      vertex 64.608 18.6 12.3
      vertex 56.0412 11.1686 12.3
      vertex 56.0467 11.1699 12.3
    endloop
  endfacet
  facet normal 0 0 1
    outer loop
      vertex 50.2308 11.1686 12.3
      vertex 56.0412 11.1686 12.3
      vertex 64.608 18.6 12.3
    endloop
  endfacet
  facet normal 0 0 1
    outer loop
      vertex 56.0412 11.1686 12.3
      vertex 50.2308 11.1686 12.3
      vertex 56.0358 11.1666 12.3
    endloop
  endfacet
  facet normal 0 -0 1
    outer loop
      vertex 50.2362 11.1666 12.3
      vertex 56.0358 11.1666 12.3
      vertex 50.2308 11.1686 12.3
    endloop
  endfacet
  facet normal 0 0 1
    outer loop
      vertex 56.0358 11.1666 12.3
      vertex 50.2362 11.1666 12.3
      vertex 55.8608 11.104 12.3
    endloop
  endfacet
  facet normal 0 -0 1
    outer loop
      vertex 50.4112 11.104 12.3
      vertex 55.8608 11.104 12.3
      vertex 50.2362 11.1666 12.3
    endloop
  endfacet
  facet normal 0 0 1
    outer loop
      vertex 55.8608 11.104 12.3
      vertex 50.4112 11.104 12.3
      vertex 55.8556 11.1016 12.3
    endloop
  endfacet
  facet normal 0 -0 1
    outer loop
      vertex 50.4164 11.1016 12.3
      vertex 55.8556 11.1016 12.3
      vertex 50.4112 11.104 12.3
    endloop
  endfacet
  facet normal 0 0 1
    outer loop
      vertex 55.8556 11.1016 12.3
      vertex 50.4164 11.1016 12.3
      vertex 55.6875 11.0221 12.3
    endloop
  endfacet
  facet normal 0 0 1
    outer loop
      vertex 51.0447 10.6807 12.3
      vertex 55.2315 10.6845 12.3
      vertex 55.3693 10.8094 12.3
    endloop
  endfacet
  facet normal 0 0 1
    outer loop
      vertex 51.0485 10.6765 12.3
      vertex 55.2235 10.6765 12.3
      vertex 55.2273 10.6807 12.3
    endloop
  endfacet
  facet normal -0 0 1
    outer loop
      vertex 51.5791 9.68094 12.3
      vertex 54.6921 9.67532 12.3
      vertex 54.6929 9.68094 12.3
    endloop
  endfacet
  facet normal 0 0 1
    outer loop
      vertex 51.6075 9.48572 12.3
      vertex 54.6645 9.48572 12.3
      vertex 54.6648 9.49139 12.3
    endloop
  endfacet
  facet normal 0 0 1
    outer loop
      vertex 54.6645 9.48572 12.3
      vertex 51.6166 9.3 12.3
      vertex 54.6554 9.3 12.3
    endloop
  endfacet
  facet normal 0 0 1
    outer loop
      vertex 54.6921 9.67532 12.3
      vertex 51.6064 9.49701 12.3
      vertex 54.6648 9.49139 12.3
    endloop
  endfacet
  facet normal 0 0 1
    outer loop
      vertex 51.5791 9.68094 12.3
      vertex 54.6929 9.68094 12.3
      vertex 54.7381 9.86131 12.3
    endloop
  endfacet
  facet normal 0 0 1
    outer loop
      vertex 51.5339 9.86131 12.3
      vertex 54.7381 9.86131 12.3
      vertex 54.7394 9.86682 12.3
    endloop
  endfacet
  facet normal 0 0 1
    outer loop
      vertex 51.5326 9.86682 12.3
      vertex 54.7394 9.86682 12.3
      vertex 54.7414 9.87217 12.3
    endloop
  endfacet
  facet normal 0 0 1
    outer loop
      vertex 51.5306 9.87217 12.3
      vertex 54.7414 9.87217 12.3
      vertex 54.804 10.0472 12.3
    endloop
  endfacet
  facet normal 0 0 1
    outer loop
      vertex 51.468 10.0472 12.3
      vertex 54.804 10.0472 12.3
      vertex 54.8064 10.0524 12.3
    endloop
  endfacet
  facet normal 0 0 1
    outer loop
      vertex 51.4656 10.0524 12.3
      vertex 54.8064 10.0524 12.3
      vertex 54.8859 10.2205 12.3
    endloop
  endfacet
  facet normal 0 0 1
    outer loop
      vertex 51.3861 10.2205 12.3
      vertex 54.8859 10.2205 12.3
      vertex 54.9815 10.38 12.3
    endloop
  endfacet
  facet normal 0 0 1
    outer loop
      vertex 51.2905 10.38 12.3
      vertex 54.9815 10.38 12.3
      vertex 54.9844 10.3848 12.3
    endloop
  endfacet
  facet normal 0 0 1
    outer loop
      vertex 51.2876 10.3848 12.3
      vertex 54.9844 10.3848 12.3
      vertex 54.9878 10.3894 12.3
    endloop
  endfacet
  facet normal 0 0 1
    outer loop
      vertex 51.2842 10.3894 12.3
      vertex 54.9878 10.3894 12.3
      vertex 55.0986 10.5387 12.3
    endloop
  endfacet
  facet normal 0 0 1
    outer loop
      vertex 55.2235 10.6765 12.3
      vertex 51.1734 10.5387 12.3
      vertex 55.0986 10.5387 12.3
    endloop
  endfacet
  facet normal 0 0 1
    outer loop
      vertex 55.2315 10.6845 12.3
      vertex 51.0447 10.6807 12.3
      vertex 55.2273 10.6807 12.3
    endloop
  endfacet
  facet normal 0 -0 1
    outer loop
      vertex 50.5845 11.0221 12.3
      vertex 55.6875 11.0221 12.3
      vertex 50.4164 11.1016 12.3
    endloop
  endfacet
  facet normal 0 0 1
    outer loop
      vertex 54.6645 9.48572 12.3
      vertex 51.6075 9.48572 12.3
      vertex 51.6166 9.3 12.3
    endloop
  endfacet
  facet normal 0 0 1
    outer loop
      vertex 54.6648 9.49139 12.3
      vertex 51.6072 9.49139 12.3
      vertex 51.6075 9.48572 12.3
    endloop
  endfacet
  facet normal 0 0 1
    outer loop
      vertex 54.6648 9.49139 12.3
      vertex 51.6064 9.49701 12.3
      vertex 51.6072 9.49139 12.3
    endloop
  endfacet
  facet normal 0 0 1
    outer loop
      vertex 54.6921 9.67532 12.3
      vertex 51.5791 9.68094 12.3
      vertex 51.6064 9.49701 12.3
    endloop
  endfacet
  facet normal 0 0 1
    outer loop
      vertex 54.7381 9.86131 12.3
      vertex 51.5339 9.86131 12.3
      vertex 51.5791 9.68094 12.3
    endloop
  endfacet
  facet normal 0 0 1
    outer loop
      vertex 54.7394 9.86682 12.3
      vertex 51.5326 9.86682 12.3
      vertex 51.5339 9.86131 12.3
    endloop
  endfacet
  facet normal 0 0 1
    outer loop
      vertex 54.7414 9.87217 12.3
      vertex 51.5306 9.87217 12.3
      vertex 51.5326 9.86682 12.3
    endloop
  endfacet
  facet normal 0 0 1
    outer loop
      vertex 54.804 10.0472 12.3
      vertex 51.468 10.0472 12.3
      vertex 51.5306 9.87217 12.3
    endloop
  endfacet
  facet normal 0 0 1
    outer loop
      vertex 54.8064 10.0524 12.3
      vertex 51.4656 10.0524 12.3
      vertex 51.468 10.0472 12.3
    endloop
  endfacet
  facet normal 0 0 1
    outer loop
      vertex 54.8859 10.2205 12.3
      vertex 51.3861 10.2205 12.3
      vertex 51.4656 10.0524 12.3
    endloop
  endfacet
  facet normal 0 0 1
    outer loop
      vertex 54.9815 10.38 12.3
      vertex 51.2905 10.38 12.3
      vertex 51.3861 10.2205 12.3
    endloop
  endfacet
  facet normal 0 0 1
    outer loop
      vertex 54.9844 10.3848 12.3
      vertex 51.2876 10.3848 12.3
      vertex 51.2905 10.38 12.3
    endloop
  endfacet
  facet normal 0 0 1
    outer loop
      vertex 54.9878 10.3894 12.3
      vertex 51.2842 10.3894 12.3
      vertex 51.2876 10.3848 12.3
    endloop
  endfacet
  facet normal 0 0 1
    outer loop
      vertex 55.0986 10.5387 12.3
      vertex 51.1734 10.5387 12.3
      vertex 51.2842 10.3894 12.3
    endloop
  endfacet
  facet normal 0 0 1
    outer loop
      vertex 55.2235 10.6765 12.3
      vertex 51.0485 10.6765 12.3
      vertex 51.1734 10.5387 12.3
    endloop
  endfacet
  facet normal 0 0 1
    outer loop
      vertex 55.2273 10.6807 12.3
      vertex 51.0447 10.6807 12.3
      vertex 51.0485 10.6765 12.3
    endloop
  endfacet
  facet normal 0 0 1
    outer loop
      vertex 55.3693 10.8094 12.3
      vertex 50.9069 10.8056 12.3
      vertex 51.0447 10.6807 12.3
    endloop
  endfacet
  facet normal 0 0 1
    outer loop
      vertex 55.3693 10.8094 12.3
      vertex 50.9027 10.8094 12.3
      vertex 50.9069 10.8056 12.3
    endloop
  endfacet
  facet normal 0 0 1
    outer loop
      vertex 55.3693 10.8094 12.3
      vertex 50.7534 10.9202 12.3
      vertex 50.9027 10.8094 12.3
    endloop
  endfacet
  facet normal 0 0 1
    outer loop
      vertex 55.5186 10.9202 12.3
      vertex 50.7534 10.9202 12.3
      vertex 55.3693 10.8094 12.3
    endloop
  endfacet
  facet normal 0 -0 1
    outer loop
      vertex 50.7534 10.9202 12.3
      vertex 55.5186 10.9202 12.3
      vertex 50.7488 10.9236 12.3
    endloop
  endfacet
  facet normal 0 0 1
    outer loop
      vertex 55.5232 10.9236 12.3
      vertex 50.7488 10.9236 12.3
      vertex 55.5186 10.9202 12.3
    endloop
  endfacet
  facet normal 0 -0 1
    outer loop
      vertex 50.7488 10.9236 12.3
      vertex 55.5232 10.9236 12.3
      vertex 50.7439 10.9265 12.3
    endloop
  endfacet
  facet normal 0 0 1
    outer loop
      vertex 55.528 10.9265 12.3
      vertex 50.7439 10.9265 12.3
      vertex 55.5232 10.9236 12.3
    endloop
  endfacet
  facet normal 0 -0 1
    outer loop
      vertex 50.7439 10.9265 12.3
      vertex 55.528 10.9265 12.3
      vertex 50.5845 11.0221 12.3
    endloop
  endfacet
  facet normal 0 0 1
    outer loop
      vertex 55.6875 11.0221 12.3
      vertex 50.5845 11.0221 12.3
      vertex 55.528 10.9265 12.3
    endloop
  endfacet
  facet normal 0 0 1
    outer loop
      vertex 64.608 18.6 12.3
      vertex 50.2253 11.1699 12.3
      vertex 50.2308 11.1686 12.3
    endloop
  endfacet
  facet normal 0 0 1
    outer loop
      vertex 64.608 18.6 12.3
      vertex 50.0449 11.2151 12.3
      vertex 50.2253 11.1699 12.3
    endloop
  endfacet
  facet normal 0 0 1
    outer loop
      vertex 64.608 18.6 12.3
      vertex 50.0393 11.2159 12.3
      vertex 50.0449 11.2151 12.3
    endloop
  endfacet
  facet normal 0 0 1
    outer loop
      vertex 64.608 18.6 12.3
      vertex 49.8554 11.2432 12.3
      vertex 50.0393 11.2159 12.3
    endloop
  endfacet
  facet normal 0 0 1
    outer loop
      vertex 64.608 18.6 12.3
      vertex 49.8497 11.2435 12.3
      vertex 49.8554 11.2432 12.3
    endloop
  endfacet
  facet normal 0 0 1
    outer loop
      vertex 64.608 18.6 12.3
      vertex 49.664 11.2526 12.3
      vertex 49.8497 11.2435 12.3
    endloop
  endfacet
  facet normal 0 0 1
    outer loop
      vertex 64.608 18.6 12.3
      vertex 49.4783 11.2435 12.3
      vertex 49.664 11.2526 12.3
    endloop
  endfacet
  facet normal 0 0 1
    outer loop
      vertex 64.608 18.6 12.3
      vertex 49.4726 11.2432 12.3
      vertex 49.4783 11.2435 12.3
    endloop
  endfacet
  facet normal 0 0 1
    outer loop
      vertex 42.9114 11.2432 12.3
      vertex 49.4726 11.2432 12.3
      vertex 64.608 18.6 12.3
    endloop
  endfacet
  facet normal 0 0 1
    outer loop
      vertex 49.4726 11.2432 12.3
      vertex 42.9114 11.2432 12.3
      vertex 49.2887 11.2159 12.3
    endloop
  endfacet
  facet normal 0 0 1
    outer loop
      vertex 49.2887 11.2159 12.3
      vertex 42.9114 11.2432 12.3
      vertex 49.2831 11.2151 12.3
    endloop
  endfacet
  facet normal -0 -0 1
    outer loop
      vertex 43.0953 11.2159 12.3
      vertex 49.2831 11.2151 12.3
      vertex 42.9114 11.2432 12.3
    endloop
  endfacet
  facet normal 0 -0 1
    outer loop
      vertex 43.1009 11.2151 12.3
      vertex 49.2831 11.2151 12.3
      vertex 43.0953 11.2159 12.3
    endloop
  endfacet
  facet normal 0 0 1
    outer loop
      vertex 49.2831 11.2151 12.3
      vertex 43.1009 11.2151 12.3
      vertex 49.1027 11.1699 12.3
    endloop
  endfacet
  facet normal -0 -0 1
    outer loop
      vertex 43.2813 11.1699 12.3
      vertex 49.0972 11.1686 12.3
      vertex 43.1009 11.2151 12.3
    endloop
  endfacet
  facet normal 0 -0 1
    outer loop
      vertex 43.2868 11.1686 12.3
      vertex 49.0972 11.1686 12.3
      vertex 43.2813 11.1699 12.3
    endloop
  endfacet
  facet normal 0 0 1
    outer loop
      vertex 43.8048 10.9236 12.3
      vertex 48.584 10.9265 12.3
      vertex 48.7435 11.0221 12.3
    endloop
  endfacet
  facet normal 0 0 1
    outer loop
      vertex 43.8094 10.9202 12.3
      vertex 48.5746 10.9202 12.3
      vertex 48.5792 10.9236 12.3
    endloop
  endfacet
  facet normal 0 0 1
    outer loop
      vertex 44.0965 10.6845 12.3
      vertex 48.2875 10.6845 12.3
      vertex 48.4253 10.8094 12.3
    endloop
  endfacet
  facet normal 0 0 1
    outer loop
      vertex 44.1045 10.6765 12.3
      vertex 48.2795 10.6765 12.3
      vertex 48.2833 10.6807 12.3
    endloop
  endfacet
  facet normal 0 0 1
    outer loop
      vertex 44.5866 9.87217 12.3
      vertex 47.7974 9.87217 12.3
      vertex 47.86 10.0472 12.3
    endloop
  endfacet
  facet normal 0 0 1
    outer loop
      vertex 44.6359 9.67532 12.3
      vertex 47.7481 9.67532 12.3
      vertex 47.7489 9.68094 12.3
    endloop
  endfacet
  facet normal 0 0 1
    outer loop
      vertex 44.6635 9.48572 12.3
      vertex 47.7205 9.48572 12.3
      vertex 47.7208 9.49139 12.3
    endloop
  endfacet
  facet normal 0 0 1
    outer loop
      vertex 47.7205 9.48572 12.3
      vertex 44.6726 9.3 12.3
      vertex 47.7114 9.3 12.3
    endloop
  endfacet
  facet normal 0 0 1
    outer loop
      vertex 47.7481 9.67532 12.3
      vertex 44.6632 9.49139 12.3
      vertex 47.7208 9.49139 12.3
    endloop
  endfacet
  facet normal 0 0 1
    outer loop
      vertex 44.6351 9.68094 12.3
      vertex 47.7489 9.68094 12.3
      vertex 47.7941 9.86131 12.3
    endloop
  endfacet
  facet normal 0 0 1
    outer loop
      vertex 44.5899 9.86131 12.3
      vertex 47.7941 9.86131 12.3
      vertex 47.7954 9.86682 12.3
    endloop
  endfacet
  facet normal 0 0 1
    outer loop
      vertex 47.7974 9.87217 12.3
      vertex 44.5866 9.87217 12.3
      vertex 47.7954 9.86682 12.3
    endloop
  endfacet
  facet normal 0 0 1
    outer loop
      vertex 44.524 10.0472 12.3
      vertex 47.86 10.0472 12.3
      vertex 47.8624 10.0524 12.3
    endloop
  endfacet
  facet normal 0 0 1
    outer loop
      vertex 44.5216 10.0524 12.3
      vertex 47.8624 10.0524 12.3
      vertex 47.9419 10.2205 12.3
    endloop
  endfacet
  facet normal 0 0 1
    outer loop
      vertex 44.4421 10.2205 12.3
      vertex 47.9419 10.2205 12.3
      vertex 48.0375 10.38 12.3
    endloop
  endfacet
  facet normal 0 0 1
    outer loop
      vertex 44.3465 10.38 12.3
      vertex 48.0375 10.38 12.3
      vertex 48.0404 10.3848 12.3
    endloop
  endfacet
  facet normal 0 0 1
    outer loop
      vertex 44.3436 10.3848 12.3
      vertex 48.0404 10.3848 12.3
      vertex 48.0438 10.3894 12.3
    endloop
  endfacet
  facet normal 0 0 1
    outer loop
      vertex 44.3436 10.3848 12.3
      vertex 48.0438 10.3894 12.3
      vertex 48.1546 10.5387 12.3
    endloop
  endfacet
  facet normal 0 0 1
    outer loop
      vertex 48.2795 10.6765 12.3
      vertex 44.2294 10.5387 12.3
      vertex 48.1546 10.5387 12.3
    endloop
  endfacet
  facet normal 0 0 1
    outer loop
      vertex 48.2875 10.6845 12.3
      vertex 44.0965 10.6845 12.3
      vertex 48.2833 10.6807 12.3
    endloop
  endfacet
  facet normal 0 0 1
    outer loop
      vertex 48.5746 10.9202 12.3
      vertex 43.9587 10.8094 12.3
      vertex 48.4253 10.8094 12.3
    endloop
  endfacet
  facet normal 0 0 1
    outer loop
      vertex 48.584 10.9265 12.3
      vertex 43.8048 10.9236 12.3
      vertex 48.5792 10.9236 12.3
    endloop
  endfacet
  facet normal 0 -0 1
    outer loop
      vertex 43.2922 11.1666 12.3
      vertex 49.0918 11.1666 12.3
      vertex 43.2868 11.1686 12.3
    endloop
  endfacet
  facet normal 0 0 1
    outer loop
      vertex 47.7205 9.48572 12.3
      vertex 44.6635 9.48572 12.3
      vertex 44.6726 9.3 12.3
    endloop
  endfacet
  facet normal 0 0 1
    outer loop
      vertex 47.7208 9.49139 12.3
      vertex 44.6632 9.49139 12.3
      vertex 44.6635 9.48572 12.3
    endloop
  endfacet
  facet normal 0 0 1
    outer loop
      vertex 47.7481 9.67532 12.3
      vertex 44.6359 9.67532 12.3
      vertex 44.6632 9.49139 12.3
    endloop
  endfacet
  facet normal 0 0 1
    outer loop
      vertex 47.7489 9.68094 12.3
      vertex 44.6351 9.68094 12.3
      vertex 44.6359 9.67532 12.3
    endloop
  endfacet
  facet normal 0 0 1
    outer loop
      vertex 47.7941 9.86131 12.3
      vertex 44.5899 9.86131 12.3
      vertex 44.6351 9.68094 12.3
    endloop
  endfacet
  facet normal 0 0 1
    outer loop
      vertex 47.7954 9.86682 12.3
      vertex 44.5886 9.86682 12.3
      vertex 44.5899 9.86131 12.3
    endloop
  endfacet
  facet normal 0 0 1
    outer loop
      vertex 47.7954 9.86682 12.3
      vertex 44.5866 9.87217 12.3
      vertex 44.5886 9.86682 12.3
    endloop
  endfacet
  facet normal 0 0 1
    outer loop
      vertex 47.86 10.0472 12.3
      vertex 44.524 10.0472 12.3
      vertex 44.5866 9.87217 12.3
    endloop
  endfacet
  facet normal 0 0 1
    outer loop
      vertex 47.8624 10.0524 12.3
      vertex 44.5216 10.0524 12.3
      vertex 44.524 10.0472 12.3
    endloop
  endfacet
  facet normal 0 0 1
    outer loop
      vertex 47.9419 10.2205 12.3
      vertex 44.4421 10.2205 12.3
      vertex 44.5216 10.0524 12.3
    endloop
  endfacet
  facet normal 0 0 1
    outer loop
      vertex 48.0375 10.38 12.3
      vertex 44.3465 10.38 12.3
      vertex 44.4421 10.2205 12.3
    endloop
  endfacet
  facet normal 0 0 1
    outer loop
      vertex 48.0404 10.3848 12.3
      vertex 44.3436 10.3848 12.3
      vertex 44.3465 10.38 12.3
    endloop
  endfacet
  facet normal 0 0 1
    outer loop
      vertex 48.1546 10.5387 12.3
      vertex 44.2328 10.5342 12.3
      vertex 44.3436 10.3848 12.3
    endloop
  endfacet
  facet normal 0 0 1
    outer loop
      vertex 48.1546 10.5387 12.3
      vertex 44.2294 10.5387 12.3
      vertex 44.2328 10.5342 12.3
    endloop
  endfacet
  facet normal 0 0 1
    outer loop
      vertex 48.2795 10.6765 12.3
      vertex 44.1045 10.6765 12.3
      vertex 44.2294 10.5387 12.3
    endloop
  endfacet
  facet normal 0 0 1
    outer loop
      vertex 48.2833 10.6807 12.3
      vertex 44.1007 10.6807 12.3
      vertex 44.1045 10.6765 12.3
    endloop
  endfacet
  facet normal 0 0 1
    outer loop
      vertex 48.2833 10.6807 12.3
      vertex 44.0965 10.6845 12.3
      vertex 44.1007 10.6807 12.3
    endloop
  endfacet
  facet normal 0 0 1
    outer loop
      vertex 48.4253 10.8094 12.3
      vertex 43.9587 10.8094 12.3
      vertex 44.0965 10.6845 12.3
    endloop
  endfacet
  facet normal 0 0 1
    outer loop
      vertex 48.5746 10.9202 12.3
      vertex 43.8094 10.9202 12.3
      vertex 43.9587 10.8094 12.3
    endloop
  endfacet
  facet normal 0 0 1
    outer loop
      vertex 48.5792 10.9236 12.3
      vertex 43.8048 10.9236 12.3
      vertex 43.8094 10.9202 12.3
    endloop
  endfacet
  facet normal 0 0 1
    outer loop
      vertex 48.7435 11.0221 12.3
      vertex 43.6453 11.0191 12.3
      vertex 43.8048 10.9236 12.3
    endloop
  endfacet
  facet normal 0 0 1
    outer loop
      vertex 48.7435 11.0221 12.3
      vertex 43.6405 11.0221 12.3
      vertex 43.6453 11.0191 12.3
    endloop
  endfacet
  facet normal 0 0 1
    outer loop
      vertex 48.7435 11.0221 12.3
      vertex 43.4724 11.1016 12.3
      vertex 43.6405 11.0221 12.3
    endloop
  endfacet
  facet normal 0 0 1
    outer loop
      vertex 48.9116 11.1016 12.3
      vertex 43.4724 11.1016 12.3
      vertex 48.7435 11.0221 12.3
    endloop
  endfacet
  facet normal 0 -0 1
    outer loop
      vertex 43.4724 11.1016 12.3
      vertex 48.9116 11.1016 12.3
      vertex 43.4672 11.104 12.3
    endloop
  endfacet
  facet normal 0 0 1
    outer loop
      vertex 48.9168 11.104 12.3
      vertex 43.4672 11.104 12.3
      vertex 48.9116 11.1016 12.3
    endloop
  endfacet
  facet normal 0 -0 1
    outer loop
      vertex 43.4672 11.104 12.3
      vertex 48.9168 11.104 12.3
      vertex 43.2922 11.1666 12.3
    endloop
  endfacet
  facet normal 0 0 1
    outer loop
      vertex 49.0918 11.1666 12.3
      vertex 43.2922 11.1666 12.3
      vertex 48.9168 11.104 12.3
    endloop
  endfacet
  facet normal 0 0 1
    outer loop
      vertex 49.0972 11.1686 12.3
      vertex 43.2868 11.1686 12.3
      vertex 49.0918 11.1666 12.3
    endloop
  endfacet
  facet normal 0 0 1
    outer loop
      vertex 49.1027 11.1699 12.3
      vertex 43.1009 11.2151 12.3
      vertex 49.0972 11.1686 12.3
    endloop
  endfacet
  facet normal 0 0 1
    outer loop
      vertex 64.608 18.6 12.3
      vertex 42.9057 11.2435 12.3
      vertex 42.9114 11.2432 12.3
    endloop
  endfacet
  facet normal 0 0 1
    outer loop
      vertex 64.608 18.6 12.3
      vertex 42.72 11.2526 12.3
      vertex 42.9057 11.2435 12.3
    endloop
  endfacet
  facet normal 0 0 1
    outer loop
      vertex 64.608 18.6 12.3
      vertex 42.5343 11.2435 12.3
      vertex 42.72 11.2526 12.3
    endloop
  endfacet
  facet normal 0 0 1
    outer loop
      vertex 64.608 18.6 12.3
      vertex 42.5286 11.2432 12.3
      vertex 42.5343 11.2435 12.3
    endloop
  endfacet
  facet normal 0 0 1
    outer loop
      vertex 35.9674 11.2432 12.3
      vertex 42.5286 11.2432 12.3
      vertex 64.608 18.6 12.3
    endloop
  endfacet
  facet normal 0 0 1
    outer loop
      vertex 42.5286 11.2432 12.3
      vertex 35.9674 11.2432 12.3
      vertex 42.3447 11.2159 12.3
    endloop
  endfacet
  facet normal 0 0 1
    outer loop
      vertex 42.3447 11.2159 12.3
      vertex 35.9674 11.2432 12.3
      vertex 42.3391 11.2151 12.3
    endloop
  endfacet
  facet normal -0 -0 1
    outer loop
      vertex 36.1513 11.2159 12.3
      vertex 42.3391 11.2151 12.3
      vertex 35.9674 11.2432 12.3
    endloop
  endfacet
  facet normal 0 0 1
    outer loop
      vertex 36.3482 11.1666 12.3
      vertex 42.1478 11.1666 12.3
      vertex 42.1532 11.1686 12.3
    endloop
  endfacet
  facet normal 0 0 1
    outer loop
      vertex 36.5284 11.1016 12.3
      vertex 41.9676 11.1016 12.3
      vertex 41.9728 11.104 12.3
    endloop
  endfacet
  facet normal 0 0 1
    outer loop
      vertex 36.8559 10.9265 12.3
      vertex 41.64 10.9265 12.3
      vertex 41.7995 11.0221 12.3
    endloop
  endfacet
  facet normal 0 0 1
    outer loop
      vertex 36.8654 10.9202 12.3
      vertex 41.6306 10.9202 12.3
      vertex 41.6352 10.9236 12.3
    endloop
  endfacet
  facet normal -0 0 1
    outer loop
      vertex 37.0147 10.8094 12.3
      vertex 41.4771 10.8056 12.3
      vertex 41.4813 10.8094 12.3
    endloop
  endfacet
  facet normal 0 0 1
    outer loop
      vertex 37.1605 10.6765 12.3
      vertex 41.3355 10.6765 12.3
      vertex 41.3393 10.6807 12.3
    endloop
  endfacet
  facet normal 0 0 1
    outer loop
      vertex 37.4981 10.2205 12.3
      vertex 41.0009 10.2253 12.3
      vertex 41.0964 10.3848 12.3
    endloop
  endfacet
  facet normal 0 0 1
    outer loop
      vertex 37.6897 9.68645 12.3
      vertex 40.8063 9.68645 12.3
      vertex 40.8514 9.86682 12.3
    endloop
  endfacet
  facet normal 0 0 1
    outer loop
      vertex 37.6919 9.67532 12.3
      vertex 40.8041 9.67532 12.3
      vertex 40.8049 9.68094 12.3
    endloop
  endfacet
  facet normal 0 0 1
    outer loop
      vertex 40.7676 9.30567 12.3
      vertex 37.7286 9.3 12.3
      vertex 40.7674 9.3 12.3
    endloop
  endfacet
  facet normal 0 0 1
    outer loop
      vertex 40.7768 9.49139 12.3
      vertex 37.7286 9.3 12.3
      vertex 40.7676 9.30567 12.3
    endloop
  endfacet
  facet normal 0 0 1
    outer loop
      vertex 40.8041 9.67532 12.3
      vertex 37.7192 9.49139 12.3
      vertex 40.7768 9.49139 12.3
    endloop
  endfacet
  facet normal 0 0 1
    outer loop
      vertex 40.8063 9.68645 12.3
      vertex 37.6897 9.68645 12.3
      vertex 40.8049 9.68094 12.3
    endloop
  endfacet
  facet normal 0 0 1
    outer loop
      vertex 37.6446 9.86682 12.3
      vertex 40.8514 9.86682 12.3
      vertex 40.9141 10.0419 12.3
    endloop
  endfacet
  facet normal 0 0 1
    outer loop
      vertex 37.5819 10.0419 12.3
      vertex 40.9141 10.0419 12.3
      vertex 40.916 10.0472 12.3
    endloop
  endfacet
  facet normal 0 0 1
    outer loop
      vertex 37.58 10.0472 12.3
      vertex 40.916 10.0472 12.3
      vertex 40.9184 10.0524 12.3
    endloop
  endfacet
  facet normal 0 0 1
    outer loop
      vertex 37.5776 10.0524 12.3
      vertex 40.9184 10.0524 12.3
      vertex 40.9979 10.2205 12.3
    endloop
  endfacet
  facet normal 0 0 1
    outer loop
      vertex 41.0009 10.2253 12.3
      vertex 37.4981 10.2205 12.3
      vertex 40.9979 10.2205 12.3
    endloop
  endfacet
  facet normal 0 0 1
    outer loop
      vertex 37.3996 10.3848 12.3
      vertex 41.0964 10.3848 12.3
      vertex 41.0998 10.3894 12.3
    endloop
  endfacet
  facet normal 0 0 1
    outer loop
      vertex 37.3962 10.3894 12.3
      vertex 41.0998 10.3894 12.3
      vertex 41.2106 10.5387 12.3
    endloop
  endfacet
  facet normal 0 0 1
    outer loop
      vertex 41.3355 10.6765 12.3
      vertex 37.2854 10.5387 12.3
      vertex 41.2106 10.5387 12.3
    endloop
  endfacet
  facet normal 0 0 1
    outer loop
      vertex 41.4771 10.8056 12.3
      vertex 37.1525 10.6845 12.3
      vertex 41.3393 10.6807 12.3
    endloop
  endfacet
  facet normal 0 0 1
    outer loop
      vertex 41.6306 10.9202 12.3
      vertex 37.0147 10.8094 12.3
      vertex 41.4813 10.8094 12.3
    endloop
  endfacet
  facet normal 0 0 1
    outer loop
      vertex 41.64 10.9265 12.3
      vertex 36.8559 10.9265 12.3
      vertex 41.6352 10.9236 12.3
    endloop
  endfacet
  facet normal 0 0 1
    outer loop
      vertex 41.9676 11.1016 12.3
      vertex 36.6965 11.0221 12.3
      vertex 41.7995 11.0221 12.3
    endloop
  endfacet
  facet normal 0 0 1
    outer loop
      vertex 40.7768 9.49139 12.3
      vertex 37.7195 9.48572 12.3
      vertex 37.7286 9.3 12.3
    endloop
  endfacet
  facet normal 0 0 1
    outer loop
      vertex 40.7768 9.49139 12.3
      vertex 37.7192 9.49139 12.3
      vertex 37.7195 9.48572 12.3
    endloop
  endfacet
  facet normal 0 0 1
    outer loop
      vertex 40.8041 9.67532 12.3
      vertex 37.6919 9.67532 12.3
      vertex 37.7192 9.49139 12.3
    endloop
  endfacet
  facet normal 0 0 1
    outer loop
      vertex 42.1478 11.1666 12.3
      vertex 36.5232 11.104 12.3
      vertex 41.9728 11.104 12.3
    endloop
  endfacet
  facet normal 0 0 1
    outer loop
      vertex 40.8049 9.68094 12.3
      vertex 37.6911 9.68094 12.3
      vertex 37.6919 9.67532 12.3
    endloop
  endfacet
  facet normal 0 0 1
    outer loop
      vertex 40.8049 9.68094 12.3
      vertex 37.6897 9.68645 12.3
      vertex 37.6911 9.68094 12.3
    endloop
  endfacet
  facet normal 0 0 1
    outer loop
      vertex 40.8514 9.86682 12.3
      vertex 37.6446 9.86682 12.3
      vertex 37.6897 9.68645 12.3
    endloop
  endfacet
  facet normal 0 -0 1
    outer loop
      vertex 36.1569 11.2151 12.3
      vertex 42.3391 11.2151 12.3
      vertex 36.1513 11.2159 12.3
    endloop
  endfacet
  facet normal 0 0 1
    outer loop
      vertex 40.9141 10.0419 12.3
      vertex 37.5819 10.0419 12.3
      vertex 37.6446 9.86682 12.3
    endloop
  endfacet
  facet normal 0 0 1
    outer loop
      vertex 40.916 10.0472 12.3
      vertex 37.58 10.0472 12.3
      vertex 37.5819 10.0419 12.3
    endloop
  endfacet
  facet normal 0 0 1
    outer loop
      vertex 40.9184 10.0524 12.3
      vertex 37.5776 10.0524 12.3
      vertex 37.58 10.0472 12.3
    endloop
  endfacet
  facet normal 0 0 1
    outer loop
      vertex 40.9979 10.2205 12.3
      vertex 37.4981 10.2205 12.3
      vertex 37.5776 10.0524 12.3
    endloop
  endfacet
  facet normal 0 0 1
    outer loop
      vertex 41.0964 10.3848 12.3
      vertex 37.4025 10.38 12.3
      vertex 37.4981 10.2205 12.3
    endloop
  endfacet
  facet normal 0 0 1
    outer loop
      vertex 41.0964 10.3848 12.3
      vertex 37.3996 10.3848 12.3
      vertex 37.4025 10.38 12.3
    endloop
  endfacet
  facet normal 0 0 1
    outer loop
      vertex 41.0998 10.3894 12.3
      vertex 37.3962 10.3894 12.3
      vertex 37.3996 10.3848 12.3
    endloop
  endfacet
  facet normal 0 0 1
    outer loop
      vertex 41.2106 10.5387 12.3
      vertex 37.2854 10.5387 12.3
      vertex 37.3962 10.3894 12.3
    endloop
  endfacet
  facet normal 0 0 1
    outer loop
      vertex 41.3355 10.6765 12.3
      vertex 37.1605 10.6765 12.3
      vertex 37.2854 10.5387 12.3
    endloop
  endfacet
  facet normal 0 0 1
    outer loop
      vertex 41.3393 10.6807 12.3
      vertex 37.1567 10.6807 12.3
      vertex 37.1605 10.6765 12.3
    endloop
  endfacet
  facet normal 0 0 1
    outer loop
      vertex 41.3393 10.6807 12.3
      vertex 37.1525 10.6845 12.3
      vertex 37.1567 10.6807 12.3
    endloop
  endfacet
  facet normal 0 0 1
    outer loop
      vertex 41.4771 10.8056 12.3
      vertex 37.0147 10.8094 12.3
      vertex 37.1525 10.6845 12.3
    endloop
  endfacet
  facet normal 0 0 1
    outer loop
      vertex 41.6306 10.9202 12.3
      vertex 36.8654 10.9202 12.3
      vertex 37.0147 10.8094 12.3
    endloop
  endfacet
  facet normal 0 0 1
    outer loop
      vertex 41.6352 10.9236 12.3
      vertex 36.8608 10.9236 12.3
      vertex 36.8654 10.9202 12.3
    endloop
  endfacet
  facet normal 0 0 1
    outer loop
      vertex 41.6352 10.9236 12.3
      vertex 36.8559 10.9265 12.3
      vertex 36.8608 10.9236 12.3
    endloop
  endfacet
  facet normal 0 0 1
    outer loop
      vertex 41.7995 11.0221 12.3
      vertex 36.6965 11.0221 12.3
      vertex 36.8559 10.9265 12.3
    endloop
  endfacet
  facet normal 0 0 1
    outer loop
      vertex 41.9676 11.1016 12.3
      vertex 36.5284 11.1016 12.3
      vertex 36.6965 11.0221 12.3
    endloop
  endfacet
  facet normal 0 0 1
    outer loop
      vertex 41.9728 11.104 12.3
      vertex 36.5232 11.104 12.3
      vertex 36.5284 11.1016 12.3
    endloop
  endfacet
  facet normal 0 0 1
    outer loop
      vertex 42.1478 11.1666 12.3
      vertex 36.3482 11.1666 12.3
      vertex 36.5232 11.104 12.3
    endloop
  endfacet
  facet normal 0 0 1
    outer loop
      vertex 42.1532 11.1686 12.3
      vertex 36.3428 11.1686 12.3
      vertex 36.3482 11.1666 12.3
    endloop
  endfacet
  facet normal 0 0 1
    outer loop
      vertex 42.1532 11.1686 12.3
      vertex 36.3373 11.1699 12.3
      vertex 36.3428 11.1686 12.3
    endloop
  endfacet
  facet normal 0 0 1
    outer loop
      vertex 42.1532 11.1686 12.3
      vertex 36.1569 11.2151 12.3
      vertex 36.3373 11.1699 12.3
    endloop
  endfacet
  facet normal 0 0 1
    outer loop
      vertex 42.1587 11.1699 12.3
      vertex 36.1569 11.2151 12.3
      vertex 42.1532 11.1686 12.3
    endloop
  endfacet
  facet normal 0 0 1
    outer loop
      vertex 42.3391 11.2151 12.3
      vertex 36.1569 11.2151 12.3
      vertex 42.1587 11.1699 12.3
    endloop
  endfacet
  facet normal 0 0 1
    outer loop
      vertex 64.608 18.6 12.3
      vertex 35.9617 11.2435 12.3
      vertex 35.9674 11.2432 12.3
    endloop
  endfacet
  facet normal 0 0 1
    outer loop
      vertex 64.608 18.6 12.3
      vertex 35.776 11.2526 12.3
      vertex 35.9617 11.2435 12.3
    endloop
  endfacet
  facet normal 0 0 1
    outer loop
      vertex 64.608 18.6 12.3
      vertex 35.5903 11.2435 12.3
      vertex 35.776 11.2526 12.3
    endloop
  endfacet
  facet normal 0 0 1
    outer loop
      vertex 64.608 18.6 12.3
      vertex 35.5846 11.2432 12.3
      vertex 35.5903 11.2435 12.3
    endloop
  endfacet
  facet normal 0 0 1
    outer loop
      vertex 29.0234 11.2432 12.3
      vertex 35.5846 11.2432 12.3
      vertex 64.608 18.6 12.3
    endloop
  endfacet
  facet normal 0 0 1
    outer loop
      vertex 35.5846 11.2432 12.3
      vertex 29.0234 11.2432 12.3
      vertex 35.4007 11.2159 12.3
    endloop
  endfacet
  facet normal 0 0 1
    outer loop
      vertex 35.4007 11.2159 12.3
      vertex 29.0234 11.2432 12.3
      vertex 35.3951 11.2151 12.3
    endloop
  endfacet
  facet normal -0 -0 1
    outer loop
      vertex 29.2073 11.2159 12.3
      vertex 35.3951 11.2151 12.3
      vertex 29.0234 11.2432 12.3
    endloop
  endfacet
  facet normal 0 0 1
    outer loop
      vertex 29.4042 11.1666 12.3
      vertex 35.2038 11.1666 12.3
      vertex 35.2092 11.1686 12.3
    endloop
  endfacet
  facet normal 0 0 1
    outer loop
      vertex 29.5844 11.1016 12.3
      vertex 35.0236 11.1016 12.3
      vertex 35.0288 11.104 12.3
    endloop
  endfacet
  facet normal 0 0 1
    outer loop
      vertex 29.912 10.9265 12.3
      vertex 34.696 10.9265 12.3
      vertex 34.8555 11.0221 12.3
    endloop
  endfacet
  facet normal 0 0 1
    outer loop
      vertex 29.9214 10.9202 12.3
      vertex 34.6866 10.9202 12.3
      vertex 34.6912 10.9236 12.3
    endloop
  endfacet
  facet normal 0 0 1
    outer loop
      vertex 30.2085 10.6845 12.3
      vertex 34.3995 10.6845 12.3
      vertex 34.5373 10.8094 12.3
    endloop
  endfacet
  facet normal 0 0 1
    outer loop
      vertex 30.2165 10.6765 12.3
      vertex 34.3915 10.6765 12.3
      vertex 34.3953 10.6807 12.3
    endloop
  endfacet
  facet normal 0 0 1
    outer loop
      vertex 30.5511 10.2253 12.3
      vertex 34.0569 10.2253 12.3
      vertex 34.1524 10.3848 12.3
    endloop
  endfacet
  facet normal 0 0 1
    outer loop
      vertex 30.6336 10.0524 12.3
      vertex 33.9744 10.0524 12.3
      vertex 34.0539 10.2205 12.3
    endloop
  endfacet
  facet normal 0 0 1
    outer loop
      vertex 33.8236 9.30567 12.3
      vertex 30.7846 9.3 12.3
      vertex 33.8234 9.3 12.3
    endloop
  endfacet
  facet normal 0 0 1
    outer loop
      vertex 30.7844 9.30567 12.3
      vertex 33.8236 9.30567 12.3
      vertex 33.8328 9.49139 12.3
    endloop
  endfacet
  facet normal 0 0 1
    outer loop
      vertex 30.7752 9.49139 12.3
      vertex 33.8328 9.49139 12.3
      vertex 33.8601 9.67532 12.3
    endloop
  endfacet
  facet normal 0 0 1
    outer loop
      vertex 30.7479 9.67532 12.3
      vertex 33.8601 9.67532 12.3
      vertex 33.8609 9.68094 12.3
    endloop
  endfacet
  facet normal 0 0 1
    outer loop
      vertex 30.7471 9.68094 12.3
      vertex 33.8609 9.68094 12.3
      vertex 33.8623 9.68645 12.3
    endloop
  endfacet
  facet normal 0 0 1
    outer loop
      vertex 30.7457 9.68645 12.3
      vertex 33.8623 9.68645 12.3
      vertex 33.9074 9.86682 12.3
    endloop
  endfacet
  facet normal 0 0 1
    outer loop
      vertex 30.7006 9.86682 12.3
      vertex 33.9074 9.86682 12.3
      vertex 33.9701 10.0419 12.3
    endloop
  endfacet
  facet normal 0 0 1
    outer loop
      vertex 30.6379 10.0419 12.3
      vertex 33.9701 10.0419 12.3
      vertex 33.972 10.0472 12.3
    endloop
  endfacet
  facet normal 0 0 1
    outer loop
      vertex 33.9744 10.0524 12.3
      vertex 30.6336 10.0524 12.3
      vertex 33.972 10.0472 12.3
    endloop
  endfacet
  facet normal 0 0 1
    outer loop
      vertex 34.0569 10.2253 12.3
      vertex 30.5511 10.2253 12.3
      vertex 34.0539 10.2205 12.3
    endloop
  endfacet
  facet normal 0 0 1
    outer loop
      vertex 30.4556 10.3848 12.3
      vertex 34.1524 10.3848 12.3
      vertex 34.1558 10.3894 12.3
    endloop
  endfacet
  facet normal 0 0 1
    outer loop
      vertex 30.4522 10.3894 12.3
      vertex 34.1558 10.3894 12.3
      vertex 34.2666 10.5387 12.3
    endloop
  endfacet
  facet normal 0 0 1
    outer loop
      vertex 34.3915 10.6765 12.3
      vertex 30.3414 10.5387 12.3
      vertex 34.2666 10.5387 12.3
    endloop
  endfacet
  facet normal 0 0 1
    outer loop
      vertex 34.3995 10.6845 12.3
      vertex 30.2085 10.6845 12.3
      vertex 34.3953 10.6807 12.3
    endloop
  endfacet
  facet normal 0 0 1
    outer loop
      vertex 34.6866 10.9202 12.3
      vertex 30.0707 10.8094 12.3
      vertex 34.5373 10.8094 12.3
    endloop
  endfacet
  facet normal 0 0 1
    outer loop
      vertex 34.696 10.9265 12.3
      vertex 29.912 10.9265 12.3
      vertex 34.6912 10.9236 12.3
    endloop
  endfacet
  facet normal 0 0 1
    outer loop
      vertex 35.0236 11.1016 12.3
      vertex 29.7525 11.0221 12.3
      vertex 34.8555 11.0221 12.3
    endloop
  endfacet
  facet normal 0 0 1
    outer loop
      vertex 33.8236 9.30567 12.3
      vertex 30.7844 9.30567 12.3
      vertex 30.7846 9.3 12.3
    endloop
  endfacet
  facet normal 0 0 1
    outer loop
      vertex 33.8328 9.49139 12.3
      vertex 30.7752 9.49139 12.3
      vertex 30.7844 9.30567 12.3
    endloop
  endfacet
  facet normal 0 0 1
    outer loop
      vertex 33.8601 9.67532 12.3
      vertex 30.7479 9.67532 12.3
      vertex 30.7752 9.49139 12.3
    endloop
  endfacet
  facet normal 0 0 1
    outer loop
      vertex 35.2038 11.1666 12.3
      vertex 29.5792 11.104 12.3
      vertex 35.0288 11.104 12.3
    endloop
  endfacet
  facet normal 0 0 1
    outer loop
      vertex 33.8609 9.68094 12.3
      vertex 30.7471 9.68094 12.3
      vertex 30.7479 9.67532 12.3
    endloop
  endfacet
  facet normal 0 0 1
    outer loop
      vertex 33.8623 9.68645 12.3
      vertex 30.7457 9.68645 12.3
      vertex 30.7471 9.68094 12.3
    endloop
  endfacet
  facet normal 0 0 1
    outer loop
      vertex 33.9074 9.86682 12.3
      vertex 30.7006 9.86682 12.3
      vertex 30.7457 9.68645 12.3
    endloop
  endfacet
  facet normal 0 0 1
    outer loop
      vertex 33.9701 10.0419 12.3
      vertex 30.6379 10.0419 12.3
      vertex 30.7006 9.86682 12.3
    endloop
  endfacet
  facet normal 0 -0 1
    outer loop
      vertex 29.2129 11.2151 12.3
      vertex 35.3951 11.2151 12.3
      vertex 29.2073 11.2159 12.3
    endloop
  endfacet
  facet normal 0 0 1
    outer loop
      vertex 33.972 10.0472 12.3
      vertex 30.636 10.0472 12.3
      vertex 30.6379 10.0419 12.3
    endloop
  endfacet
  facet normal 0 0 1
    outer loop
      vertex 33.972 10.0472 12.3
      vertex 30.6336 10.0524 12.3
      vertex 30.636 10.0472 12.3
    endloop
  endfacet
  facet normal 0 0 1
    outer loop
      vertex 34.0539 10.2205 12.3
      vertex 30.5541 10.2205 12.3
      vertex 30.6336 10.0524 12.3
    endloop
  endfacet
  facet normal 0 0 1
    outer loop
      vertex 34.0539 10.2205 12.3
      vertex 30.5511 10.2253 12.3
      vertex 30.5541 10.2205 12.3
    endloop
  endfacet
  facet normal 0 0 1
    outer loop
      vertex 34.1524 10.3848 12.3
      vertex 30.4556 10.3848 12.3
      vertex 30.5511 10.2253 12.3
    endloop
  endfacet
  facet normal 0 0 1
    outer loop
      vertex 34.1558 10.3894 12.3
      vertex 30.4522 10.3894 12.3
      vertex 30.4556 10.3848 12.3
    endloop
  endfacet
  facet normal 0 0 1
    outer loop
      vertex 34.2666 10.5387 12.3
      vertex 30.3414 10.5387 12.3
      vertex 30.4522 10.3894 12.3
    endloop
  endfacet
  facet normal 0 0 1
    outer loop
      vertex 34.3915 10.6765 12.3
      vertex 30.2165 10.6765 12.3
      vertex 30.3414 10.5387 12.3
    endloop
  endfacet
  facet normal 0 0 1
    outer loop
      vertex 34.3953 10.6807 12.3
      vertex 30.2127 10.6807 12.3
      vertex 30.2165 10.6765 12.3
    endloop
  endfacet
  facet normal 0 0 1
    outer loop
      vertex 34.3953 10.6807 12.3
      vertex 30.2085 10.6845 12.3
      vertex 30.2127 10.6807 12.3
    endloop
  endfacet
  facet normal 0 0 1
    outer loop
      vertex 34.5373 10.8094 12.3
      vertex 30.0707 10.8094 12.3
      vertex 30.2085 10.6845 12.3
    endloop
  endfacet
  facet normal 0 0 1
    outer loop
      vertex 34.6866 10.9202 12.3
      vertex 29.9214 10.9202 12.3
      vertex 30.0707 10.8094 12.3
    endloop
  endfacet
  facet normal 0 0 1
    outer loop
      vertex 34.6912 10.9236 12.3
      vertex 29.9168 10.9236 12.3
      vertex 29.9214 10.9202 12.3
    endloop
  endfacet
  facet normal 0 0 1
    outer loop
      vertex 34.6912 10.9236 12.3
      vertex 29.912 10.9265 12.3
      vertex 29.9168 10.9236 12.3
    endloop
  endfacet
  facet normal 0 0 1
    outer loop
      vertex 34.8555 11.0221 12.3
      vertex 29.7525 11.0221 12.3
      vertex 29.912 10.9265 12.3
    endloop
  endfacet
  facet normal 0 0 1
    outer loop
      vertex 35.0236 11.1016 12.3
      vertex 29.5844 11.1016 12.3
      vertex 29.7525 11.0221 12.3
    endloop
  endfacet
  facet normal 0 0 1
    outer loop
      vertex 35.0288 11.104 12.3
      vertex 29.5792 11.104 12.3
      vertex 29.5844 11.1016 12.3
    endloop
  endfacet
  facet normal 0 0 1
    outer loop
      vertex 35.2038 11.1666 12.3
      vertex 29.4042 11.1666 12.3
      vertex 29.5792 11.104 12.3
    endloop
  endfacet
  facet normal 0 0 1
    outer loop
      vertex 35.2092 11.1686 12.3
      vertex 29.3988 11.1686 12.3
      vertex 29.4042 11.1666 12.3
    endloop
  endfacet
  facet normal 0 0 1
    outer loop
      vertex 35.2092 11.1686 12.3
      vertex 29.3933 11.1699 12.3
      vertex 29.3988 11.1686 12.3
    endloop
  endfacet
  facet normal 0 0 1
    outer loop
      vertex 35.2092 11.1686 12.3
      vertex 29.2129 11.2151 12.3
      vertex 29.3933 11.1699 12.3
    endloop
  endfacet
  facet normal 0 0 1
    outer loop
      vertex 35.2147 11.1699 12.3
      vertex 29.2129 11.2151 12.3
      vertex 35.2092 11.1686 12.3
    endloop
  endfacet
  facet normal 0 0 1
    outer loop
      vertex 35.3951 11.2151 12.3
      vertex 29.2129 11.2151 12.3
      vertex 35.2147 11.1699 12.3
    endloop
  endfacet
  facet normal 0 0 1
    outer loop
      vertex 64.608 18.6 12.3
      vertex 29.0177 11.2435 12.3
      vertex 29.0234 11.2432 12.3
    endloop
  endfacet
  facet normal 0 0 1
    outer loop
      vertex 64.608 18.6 12.3
      vertex 28.832 11.2526 12.3
      vertex 29.0177 11.2435 12.3
    endloop
  endfacet
  facet normal -0 0 1
    outer loop
      vertex 0 18.6 12.3
      vertex 28.832 11.2526 12.3
      vertex 64.608 18.6 12.3
    endloop
  endfacet
  facet normal 0 0 1
    outer loop
      vertex 28.832 11.2526 12.3
      vertex 0 18.6 12.3
      vertex 28.6463 11.2435 12.3
    endloop
  endfacet
  facet normal 0 0 1
    outer loop
      vertex 28.6463 11.2435 12.3
      vertex 0 18.6 12.3
      vertex 28.6406 11.2432 12.3
    endloop
  endfacet
  facet normal 0 -0 1
    outer loop
      vertex 22.0794 11.2432 12.3
      vertex 28.6406 11.2432 12.3
      vertex 0 18.6 12.3
    endloop
  endfacet
  facet normal 0 0 1
    outer loop
      vertex 22.4602 11.1666 12.3
      vertex 28.2598 11.1666 12.3
      vertex 28.2652 11.1686 12.3
    endloop
  endfacet
  facet normal 0 0 1
    outer loop
      vertex 22.6404 11.1016 12.3
      vertex 28.0796 11.1016 12.3
      vertex 28.0848 11.104 12.3
    endloop
  endfacet
  facet normal 0 0 1
    outer loop
      vertex 22.9774 10.9202 12.3
      vertex 27.7426 10.9202 12.3
      vertex 27.7472 10.9236 12.3
    endloop
  endfacet
  facet normal -0 0 1
    outer loop
      vertex 23.8031 9.68094 12.3
      vertex 26.9161 9.67532 12.3
      vertex 26.9169 9.68094 12.3
    endloop
  endfacet
  facet normal 0 0 1
    outer loop
      vertex 23.8315 9.48572 12.3
      vertex 26.8885 9.48572 12.3
      vertex 26.8888 9.49139 12.3
    endloop
  endfacet
  facet normal 0 0 1
    outer loop
      vertex 26.8885 9.48572 12.3
      vertex 23.8406 9.3 12.3
      vertex 26.8794 9.3 12.3
    endloop
  endfacet
  facet normal 0 0 1
    outer loop
      vertex 26.9161 9.67532 12.3
      vertex 23.8304 9.49701 12.3
      vertex 26.8888 9.49139 12.3
    endloop
  endfacet
  facet normal 0 0 1
    outer loop
      vertex 23.8031 9.68094 12.3
      vertex 26.9169 9.68094 12.3
      vertex 26.9621 9.86131 12.3
    endloop
  endfacet
  facet normal 0 0 1
    outer loop
      vertex 23.7579 9.86131 12.3
      vertex 26.9621 9.86131 12.3
      vertex 26.9634 9.86682 12.3
    endloop
  endfacet
  facet normal 0 0 1
    outer loop
      vertex 23.7566 9.86682 12.3
      vertex 26.9634 9.86682 12.3
      vertex 26.9654 9.87217 12.3
    endloop
  endfacet
  facet normal 0 0 1
    outer loop
      vertex 23.7546 9.87217 12.3
      vertex 26.9654 9.87217 12.3
      vertex 27.028 10.0472 12.3
    endloop
  endfacet
  facet normal 0 0 1
    outer loop
      vertex 23.692 10.0472 12.3
      vertex 27.028 10.0472 12.3
      vertex 27.0304 10.0524 12.3
    endloop
  endfacet
  facet normal 0 0 1
    outer loop
      vertex 23.6896 10.0524 12.3
      vertex 27.0304 10.0524 12.3
      vertex 27.1099 10.2205 12.3
    endloop
  endfacet
  facet normal 0 0 1
    outer loop
      vertex 23.6101 10.2205 12.3
      vertex 27.1099 10.2205 12.3
      vertex 27.2055 10.38 12.3
    endloop
  endfacet
  facet normal 0 0 1
    outer loop
      vertex 23.5145 10.38 12.3
      vertex 27.2055 10.38 12.3
      vertex 27.2084 10.3848 12.3
    endloop
  endfacet
  facet normal -0 0 1
    outer loop
      vertex 23.5082 10.3894 12.3
      vertex 27.2084 10.3848 12.3
      vertex 27.3192 10.5342 12.3
    endloop
  endfacet
  facet normal -0 0 1
    outer loop
      vertex 23.3974 10.5387 12.3
      vertex 27.3192 10.5342 12.3
      vertex 27.3226 10.5387 12.3
    endloop
  endfacet
  facet normal 0 0 1
    outer loop
      vertex 23.3974 10.5387 12.3
      vertex 27.3226 10.5387 12.3
      vertex 27.4475 10.6765 12.3
    endloop
  endfacet
  facet normal 0 0 1
    outer loop
      vertex 23.2725 10.6765 12.3
      vertex 27.4475 10.6765 12.3
      vertex 27.4513 10.6807 12.3
    endloop
  endfacet
  facet normal 0 0 1
    outer loop
      vertex 23.2687 10.6807 12.3
      vertex 27.4513 10.6807 12.3
      vertex 27.4555 10.6845 12.3
    endloop
  endfacet
  facet normal 0 0 1
    outer loop
      vertex 23.2645 10.6845 12.3
      vertex 27.4555 10.6845 12.3
      vertex 27.5933 10.8094 12.3
    endloop
  endfacet
  facet normal 0 0 1
    outer loop
      vertex 27.7426 10.9202 12.3
      vertex 23.1267 10.8094 12.3
      vertex 27.5933 10.8094 12.3
    endloop
  endfacet
  facet normal -0 0 1
    outer loop
      vertex 22.968 10.9265 12.3
      vertex 27.7472 10.9236 12.3
      vertex 27.9067 11.0191 12.3
    endloop
  endfacet
  facet normal -0 0 1
    outer loop
      vertex 22.8085 11.0221 12.3
      vertex 27.9067 11.0191 12.3
      vertex 27.9115 11.0221 12.3
    endloop
  endfacet
  facet normal 0 0 1
    outer loop
      vertex 28.0796 11.1016 12.3
      vertex 22.8085 11.0221 12.3
      vertex 27.9115 11.0221 12.3
    endloop
  endfacet
  facet normal 0 0 1
    outer loop
      vertex 26.8885 9.48572 12.3
      vertex 23.8315 9.48572 12.3
      vertex 23.8406 9.3 12.3
    endloop
  endfacet
  facet normal 0 0 1
    outer loop
      vertex 26.8888 9.49139 12.3
      vertex 23.8312 9.49139 12.3
      vertex 23.8315 9.48572 12.3
    endloop
  endfacet
  facet normal 0 0 1
    outer loop
      vertex 26.8888 9.49139 12.3
      vertex 23.8304 9.49701 12.3
      vertex 23.8312 9.49139 12.3
    endloop
  endfacet
  facet normal 0 0 1
    outer loop
      vertex 26.9161 9.67532 12.3
      vertex 23.8031 9.68094 12.3
      vertex 23.8304 9.49701 12.3
    endloop
  endfacet
  facet normal 0 0 1
    outer loop
      vertex 28.2598 11.1666 12.3
      vertex 22.6352 11.104 12.3
      vertex 28.0848 11.104 12.3
    endloop
  endfacet
  facet normal 0 0 1
    outer loop
      vertex 26.9621 9.86131 12.3
      vertex 23.7579 9.86131 12.3
      vertex 23.8031 9.68094 12.3
    endloop
  endfacet
  facet normal 0 0 1
    outer loop
      vertex 26.9634 9.86682 12.3
      vertex 23.7566 9.86682 12.3
      vertex 23.7579 9.86131 12.3
    endloop
  endfacet
  facet normal 0 0 1
    outer loop
      vertex 26.9654 9.87217 12.3
      vertex 23.7546 9.87217 12.3
      vertex 23.7566 9.86682 12.3
    endloop
  endfacet
  facet normal 0 0 1
    outer loop
      vertex 27.028 10.0472 12.3
      vertex 23.692 10.0472 12.3
      vertex 23.7546 9.87217 12.3
    endloop
  endfacet
  facet normal 0 0 1
    outer loop
      vertex 22.4548 11.1686 12.3
      vertex 28.2652 11.1686 12.3
      vertex 28.2707 11.1699 12.3
    endloop
  endfacet
  facet normal 0 0 1
    outer loop
      vertex 22.4548 11.1686 12.3
      vertex 28.2707 11.1699 12.3
      vertex 28.4511 11.2151 12.3
    endloop
  endfacet
  facet normal 0 0 1
    outer loop
      vertex 27.0304 10.0524 12.3
      vertex 23.6896 10.0524 12.3
      vertex 23.692 10.0472 12.3
    endloop
  endfacet
  facet normal 0 0 1
    outer loop
      vertex 27.1099 10.2205 12.3
      vertex 23.6101 10.2205 12.3
      vertex 23.6896 10.0524 12.3
    endloop
  endfacet
  facet normal 0 0 1
    outer loop
      vertex 27.2055 10.38 12.3
      vertex 23.5145 10.38 12.3
      vertex 23.6101 10.2205 12.3
    endloop
  endfacet
  facet normal 0 0 1
    outer loop
      vertex 28.6406 11.2432 12.3
      vertex 22.0794 11.2432 12.3
      vertex 28.4567 11.2159 12.3
    endloop
  endfacet
  facet normal 0 0 1
    outer loop
      vertex 27.2084 10.3848 12.3
      vertex 23.5116 10.3848 12.3
      vertex 23.5145 10.38 12.3
    endloop
  endfacet
  facet normal 0 0 1
    outer loop
      vertex 27.2084 10.3848 12.3
      vertex 23.5082 10.3894 12.3
      vertex 23.5116 10.3848 12.3
    endloop
  endfacet
  facet normal 0 0 1
    outer loop
      vertex 27.3192 10.5342 12.3
      vertex 23.3974 10.5387 12.3
      vertex 23.5082 10.3894 12.3
    endloop
  endfacet
  facet normal 0 0 1
    outer loop
      vertex 27.4475 10.6765 12.3
      vertex 23.2725 10.6765 12.3
      vertex 23.3974 10.5387 12.3
    endloop
  endfacet
  facet normal 0 0 1
    outer loop
      vertex 27.4513 10.6807 12.3
      vertex 23.2687 10.6807 12.3
      vertex 23.2725 10.6765 12.3
    endloop
  endfacet
  facet normal 0 0 1
    outer loop
      vertex 27.4555 10.6845 12.3
      vertex 23.2645 10.6845 12.3
      vertex 23.2687 10.6807 12.3
    endloop
  endfacet
  facet normal 0 0 1
    outer loop
      vertex 27.5933 10.8094 12.3
      vertex 23.1267 10.8094 12.3
      vertex 23.2645 10.6845 12.3
    endloop
  endfacet
  facet normal 0 0 1
    outer loop
      vertex 27.7426 10.9202 12.3
      vertex 22.9774 10.9202 12.3
      vertex 23.1267 10.8094 12.3
    endloop
  endfacet
  facet normal 0 0 1
    outer loop
      vertex 27.7472 10.9236 12.3
      vertex 22.9728 10.9236 12.3
      vertex 22.9774 10.9202 12.3
    endloop
  endfacet
  facet normal 0 0 1
    outer loop
      vertex 27.7472 10.9236 12.3
      vertex 22.968 10.9265 12.3
      vertex 22.9728 10.9236 12.3
    endloop
  endfacet
  facet normal 0 0 1
    outer loop
      vertex 27.9067 11.0191 12.3
      vertex 22.8085 11.0221 12.3
      vertex 22.968 10.9265 12.3
    endloop
  endfacet
  facet normal 0 0 1
    outer loop
      vertex 28.0796 11.1016 12.3
      vertex 22.6404 11.1016 12.3
      vertex 22.8085 11.0221 12.3
    endloop
  endfacet
  facet normal 0 0 1
    outer loop
      vertex 28.0848 11.104 12.3
      vertex 22.6352 11.104 12.3
      vertex 22.6404 11.1016 12.3
    endloop
  endfacet
  facet normal 0 0 1
    outer loop
      vertex 28.2598 11.1666 12.3
      vertex 22.4602 11.1666 12.3
      vertex 22.6352 11.104 12.3
    endloop
  endfacet
  facet normal 0 0 1
    outer loop
      vertex 28.2652 11.1686 12.3
      vertex 22.4548 11.1686 12.3
      vertex 22.4602 11.1666 12.3
    endloop
  endfacet
  facet normal 0 0 1
    outer loop
      vertex 28.4511 11.2151 12.3
      vertex 22.4493 11.1699 12.3
      vertex 22.4548 11.1686 12.3
    endloop
  endfacet
  facet normal 0 0 1
    outer loop
      vertex 28.4511 11.2151 12.3
      vertex 22.2689 11.2151 12.3
      vertex 22.4493 11.1699 12.3
    endloop
  endfacet
  facet normal 0 0 1
    outer loop
      vertex 28.4511 11.2151 12.3
      vertex 22.2633 11.2159 12.3
      vertex 22.2689 11.2151 12.3
    endloop
  endfacet
  facet normal 0 0 1
    outer loop
      vertex 28.4511 11.2151 12.3
      vertex 22.0794 11.2432 12.3
      vertex 22.2633 11.2159 12.3
    endloop
  endfacet
  facet normal 0 0 1
    outer loop
      vertex 28.4567 11.2159 12.3
      vertex 22.0794 11.2432 12.3
      vertex 28.4511 11.2151 12.3
    endloop
  endfacet
  facet normal 0 0 1
    outer loop
      vertex 22.0794 11.2432 12.3
      vertex 0 18.6 12.3
      vertex 22.0737 11.2435 12.3
    endloop
  endfacet
  facet normal 0 0 1
    outer loop
      vertex 22.0737 11.2435 12.3
      vertex 0 18.6 12.3
      vertex 21.888 11.2526 12.3
    endloop
  endfacet
  facet normal 0 0 1
    outer loop
      vertex 21.888 11.2526 12.3
      vertex 0 18.6 12.3
      vertex 21.7023 11.2435 12.3
    endloop
  endfacet
  facet normal 0 0 1
    outer loop
      vertex 21.7023 11.2435 12.3
      vertex 0 18.6 12.3
      vertex 21.6966 11.2432 12.3
    endloop
  endfacet
  facet normal 0 -0 1
    outer loop
      vertex 15.1354 11.2432 12.3
      vertex 21.6966 11.2432 12.3
      vertex 0 18.6 12.3
    endloop
  endfacet
  facet normal 0 0 1
    outer loop
      vertex 15.5162 11.1666 12.3
      vertex 21.3158 11.1666 12.3
      vertex 21.3212 11.1686 12.3
    endloop
  endfacet
  facet normal 0 0 1
    outer loop
      vertex 16.0334 10.9202 12.3
      vertex 20.7986 10.9202 12.3
      vertex 20.8032 10.9236 12.3
    endloop
  endfacet
  facet normal 0 0 1
    outer loop
      vertex 16.3285 10.6765 12.3
      vertex 20.5035 10.6765 12.3
      vertex 20.5073 10.6807 12.3
    endloop
  endfacet
  facet normal 0 0 1
    outer loop
      vertex 16.8106 9.87217 12.3
      vertex 20.0214 9.87217 12.3
      vertex 20.084 10.0472 12.3
    endloop
  endfacet
  facet normal 0 0 1
    outer loop
      vertex 16.8139 9.86131 12.3
      vertex 20.0181 9.86131 12.3
      vertex 20.0194 9.86682 12.3
    endloop
  endfacet
  facet normal 0 0 1
    outer loop
      vertex 16.8599 9.67532 12.3
      vertex 19.9721 9.67532 12.3
      vertex 19.9729 9.68094 12.3
    endloop
  endfacet
  facet normal 0 0 1
    outer loop
      vertex 16.8875 9.48572 12.3
      vertex 19.9445 9.48572 12.3
      vertex 19.9448 9.49139 12.3
    endloop
  endfacet
  facet normal 0 0 1
    outer loop
      vertex 19.9445 9.48572 12.3
      vertex 16.8966 9.3 12.3
      vertex 19.9354 9.3 12.3
    endloop
  endfacet
  facet normal 0 0 1
    outer loop
      vertex 19.9721 9.67532 12.3
      vertex 16.8872 9.49139 12.3
      vertex 19.9448 9.49139 12.3
    endloop
  endfacet
  facet normal 0 0 1
    outer loop
      vertex 20.0181 9.86131 12.3
      vertex 16.8591 9.68094 12.3
      vertex 19.9729 9.68094 12.3
    endloop
  endfacet
  facet normal 0 0 1
    outer loop
      vertex 20.0214 9.87217 12.3
      vertex 16.8106 9.87217 12.3
      vertex 20.0194 9.86682 12.3
    endloop
  endfacet
  facet normal 0 0 1
    outer loop
      vertex 16.748 10.0472 12.3
      vertex 20.084 10.0472 12.3
      vertex 20.0864 10.0524 12.3
    endloop
  endfacet
  facet normal 0 0 1
    outer loop
      vertex 16.7456 10.0524 12.3
      vertex 20.0864 10.0524 12.3
      vertex 20.1659 10.2205 12.3
    endloop
  endfacet
  facet normal 0 0 1
    outer loop
      vertex 16.6661 10.2205 12.3
      vertex 20.1659 10.2205 12.3
      vertex 20.2615 10.38 12.3
    endloop
  endfacet
  facet normal 0 0 1
    outer loop
      vertex 16.5705 10.38 12.3
      vertex 20.2615 10.38 12.3
      vertex 20.2644 10.3848 12.3
    endloop
  endfacet
  facet normal 0 0 1
    outer loop
      vertex 16.5676 10.3848 12.3
      vertex 20.2644 10.3848 12.3
      vertex 20.2678 10.3894 12.3
    endloop
  endfacet
  facet normal 0 0 1
    outer loop
      vertex 16.5676 10.3848 12.3
      vertex 20.2678 10.3894 12.3
      vertex 20.3786 10.5387 12.3
    endloop
  endfacet
  facet normal 0 0 1
    outer loop
      vertex 20.5035 10.6765 12.3
      vertex 16.4534 10.5387 12.3
      vertex 20.3786 10.5387 12.3
    endloop
  endfacet
  facet normal 0 0 1
    outer loop
      vertex 16.3247 10.6807 12.3
      vertex 20.5073 10.6807 12.3
      vertex 20.5115 10.6845 12.3
    endloop
  endfacet
  facet normal 0 0 1
    outer loop
      vertex 16.3205 10.6845 12.3
      vertex 20.5115 10.6845 12.3
      vertex 20.6493 10.8094 12.3
    endloop
  endfacet
  facet normal 0 0 1
    outer loop
      vertex 20.7986 10.9202 12.3
      vertex 16.1827 10.8094 12.3
      vertex 20.6493 10.8094 12.3
    endloop
  endfacet
  facet normal 0 0 1
    outer loop
      vertex 16.0288 10.9236 12.3
      vertex 20.8032 10.9236 12.3
      vertex 20.808 10.9265 12.3
    endloop
  endfacet
  facet normal 0 0 1
    outer loop
      vertex 16.0288 10.9236 12.3
      vertex 20.808 10.9265 12.3
      vertex 20.9675 11.0221 12.3
    endloop
  endfacet
  facet normal 0 0 1
    outer loop
      vertex 15.8645 11.0221 12.3
      vertex 20.9675 11.0221 12.3
      vertex 21.1356 11.1016 12.3
    endloop
  endfacet
  facet normal 0 0 1
    outer loop
      vertex 15.6964 11.1016 12.3
      vertex 21.1356 11.1016 12.3
      vertex 21.1408 11.104 12.3
    endloop
  endfacet
  facet normal 0 0 1
    outer loop
      vertex 19.9445 9.48572 12.3
      vertex 16.8875 9.48572 12.3
      vertex 16.8966 9.3 12.3
    endloop
  endfacet
  facet normal 0 0 1
    outer loop
      vertex 19.9448 9.49139 12.3
      vertex 16.8872 9.49139 12.3
      vertex 16.8875 9.48572 12.3
    endloop
  endfacet
  facet normal 0 0 1
    outer loop
      vertex 19.9721 9.67532 12.3
      vertex 16.8599 9.67532 12.3
      vertex 16.8872 9.49139 12.3
    endloop
  endfacet
  facet normal 0 0 1
    outer loop
      vertex 21.3158 11.1666 12.3
      vertex 15.6912 11.104 12.3
      vertex 21.1408 11.104 12.3
    endloop
  endfacet
  facet normal 0 0 1
    outer loop
      vertex 19.9729 9.68094 12.3
      vertex 16.8591 9.68094 12.3
      vertex 16.8599 9.67532 12.3
    endloop
  endfacet
  facet normal 0 0 1
    outer loop
      vertex 20.0181 9.86131 12.3
      vertex 16.8139 9.86131 12.3
      vertex 16.8591 9.68094 12.3
    endloop
  endfacet
  facet normal 0 0 1
    outer loop
      vertex 20.0194 9.86682 12.3
      vertex 16.8126 9.86682 12.3
      vertex 16.8139 9.86131 12.3
    endloop
  endfacet
  facet normal 0 0 1
    outer loop
      vertex 20.0194 9.86682 12.3
      vertex 16.8106 9.87217 12.3
      vertex 16.8126 9.86682 12.3
    endloop
  endfacet
  facet normal 0 0 1
    outer loop
      vertex 20.084 10.0472 12.3
      vertex 16.748 10.0472 12.3
      vertex 16.8106 9.87217 12.3
    endloop
  endfacet
  facet normal 0 0 1
    outer loop
      vertex 15.5108 11.1686 12.3
      vertex 21.3212 11.1686 12.3
      vertex 21.3267 11.1699 12.3
    endloop
  endfacet
  facet normal 0 0 1
    outer loop
      vertex 15.5108 11.1686 12.3
      vertex 21.3267 11.1699 12.3
      vertex 21.5071 11.2151 12.3
    endloop
  endfacet
  facet normal 0 0 1
    outer loop
      vertex 20.0864 10.0524 12.3
      vertex 16.7456 10.0524 12.3
      vertex 16.748 10.0472 12.3
    endloop
  endfacet
  facet normal 0 0 1
    outer loop
      vertex 20.1659 10.2205 12.3
      vertex 16.6661 10.2205 12.3
      vertex 16.7456 10.0524 12.3
    endloop
  endfacet
  facet normal 0 0 1
    outer loop
      vertex 20.2615 10.38 12.3
      vertex 16.5705 10.38 12.3
      vertex 16.6661 10.2205 12.3
    endloop
  endfacet
  facet normal 0 0 1
    outer loop
      vertex 21.6966 11.2432 12.3
      vertex 15.1354 11.2432 12.3
      vertex 21.5127 11.2159 12.3
    endloop
  endfacet
  facet normal 0 0 1
    outer loop
      vertex 20.2644 10.3848 12.3
      vertex 16.5676 10.3848 12.3
      vertex 16.5705 10.38 12.3
    endloop
  endfacet
  facet normal 0 0 1
    outer loop
      vertex 20.3786 10.5387 12.3
      vertex 16.4568 10.5342 12.3
      vertex 16.5676 10.3848 12.3
    endloop
  endfacet
  facet normal 0 0 1
    outer loop
      vertex 20.3786 10.5387 12.3
      vertex 16.4534 10.5387 12.3
      vertex 16.4568 10.5342 12.3
    endloop
  endfacet
  facet normal 0 0 1
    outer loop
      vertex 20.5035 10.6765 12.3
      vertex 16.3285 10.6765 12.3
      vertex 16.4534 10.5387 12.3
    endloop
  endfacet
  facet normal 0 0 1
    outer loop
      vertex 20.5073 10.6807 12.3
      vertex 16.3247 10.6807 12.3
      vertex 16.3285 10.6765 12.3
    endloop
  endfacet
  facet normal 0 0 1
    outer loop
      vertex 20.5115 10.6845 12.3
      vertex 16.3205 10.6845 12.3
      vertex 16.3247 10.6807 12.3
    endloop
  endfacet
  facet normal 0 0 1
    outer loop
      vertex 20.6493 10.8094 12.3
      vertex 16.1827 10.8094 12.3
      vertex 16.3205 10.6845 12.3
    endloop
  endfacet
  facet normal 0 0 1
    outer loop
      vertex 20.7986 10.9202 12.3
      vertex 16.0334 10.9202 12.3
      vertex 16.1827 10.8094 12.3
    endloop
  endfacet
  facet normal 0 0 1
    outer loop
      vertex 20.8032 10.9236 12.3
      vertex 16.0288 10.9236 12.3
      vertex 16.0334 10.9202 12.3
    endloop
  endfacet
  facet normal 0 0 1
    outer loop
      vertex 20.9675 11.0221 12.3
      vertex 15.8693 11.0191 12.3
      vertex 16.0288 10.9236 12.3
    endloop
  endfacet
  facet normal 0 0 1
    outer loop
      vertex 20.9675 11.0221 12.3
      vertex 15.8645 11.0221 12.3
      vertex 15.8693 11.0191 12.3
    endloop
  endfacet
  facet normal 0 0 1
    outer loop
      vertex 21.1356 11.1016 12.3
      vertex 15.6964 11.1016 12.3
      vertex 15.8645 11.0221 12.3
    endloop
  endfacet
  facet normal 0 0 1
    outer loop
      vertex 21.1408 11.104 12.3
      vertex 15.6912 11.104 12.3
      vertex 15.6964 11.1016 12.3
    endloop
  endfacet
  facet normal 0 0 1
    outer loop
      vertex 21.3158 11.1666 12.3
      vertex 15.5162 11.1666 12.3
      vertex 15.6912 11.104 12.3
    endloop
  endfacet
  facet normal 0 0 1
    outer loop
      vertex 21.3212 11.1686 12.3
      vertex 15.5108 11.1686 12.3
      vertex 15.5162 11.1666 12.3
    endloop
  endfacet
  facet normal 0 0 1
    outer loop
      vertex 21.5127 11.2159 12.3
      vertex 15.1354 11.2432 12.3
      vertex 21.5071 11.2151 12.3
    endloop
  endfacet
  facet normal 0 0 1
    outer loop
      vertex 21.5071 11.2151 12.3
      vertex 15.5053 11.1699 12.3
      vertex 15.5108 11.1686 12.3
    endloop
  endfacet
  facet normal 0 0 1
    outer loop
      vertex 21.5071 11.2151 12.3
      vertex 15.3249 11.2151 12.3
      vertex 15.5053 11.1699 12.3
    endloop
  endfacet
  facet normal 0 0 1
    outer loop
      vertex 21.5071 11.2151 12.3
      vertex 15.3193 11.2159 12.3
      vertex 15.3249 11.2151 12.3
    endloop
  endfacet
  facet normal 0 0 1
    outer loop
      vertex 21.5071 11.2151 12.3
      vertex 15.1354 11.2432 12.3
      vertex 15.3193 11.2159 12.3
    endloop
  endfacet
  facet normal 0 0 1
    outer loop
      vertex 15.1354 11.2432 12.3
      vertex 0 18.6 12.3
      vertex 15.1297 11.2435 12.3
    endloop
  endfacet
  facet normal 0 0 1
    outer loop
      vertex 15.1297 11.2435 12.3
      vertex 0 18.6 12.3
      vertex 14.944 11.2526 12.3
    endloop
  endfacet
  facet normal 0 0 1
    outer loop
      vertex 14.944 11.2526 12.3
      vertex 0 18.6 12.3
      vertex 14.7583 11.2435 12.3
    endloop
  endfacet
  facet normal 0 0 1
    outer loop
      vertex 14.7526 11.2432 12.3
      vertex 14.5631 11.2151 12.3
      vertex 14.5687 11.2159 12.3
    endloop
  endfacet
  facet normal 0 0 1
    outer loop
      vertex 8.57217 11.1666 12.3
      vertex 14.3718 11.1666 12.3
      vertex 14.3772 11.1686 12.3
    endloop
  endfacet
  facet normal 0 0 1
    outer loop
      vertex 9.08939 10.9202 12.3
      vertex 13.8546 10.9202 12.3
      vertex 13.8592 10.9236 12.3
    endloop
  endfacet
  facet normal 0 0 1
    outer loop
      vertex 9.62017 10.3894 12.3
      vertex 13.3238 10.3894 12.3
      vertex 13.4346 10.5387 12.3
    endloop
  endfacet
  facet normal 0 0 1
    outer loop
      vertex 9.91373 9.68645 12.3
      vertex 13.0303 9.68645 12.3
      vertex 13.0754 9.86682 12.3
    endloop
  endfacet
  facet normal 0 0 1
    outer loop
      vertex 9.91595 9.67532 12.3
      vertex 13.0281 9.67532 12.3
      vertex 13.0289 9.68094 12.3
    endloop
  endfacet
  facet normal 0 0 1
    outer loop
      vertex 12.9916 9.30567 12.3
      vertex 9.95263 9.3 12.3
      vertex 12.9914 9.3 12.3
    endloop
  endfacet
  facet normal 0 0 1
    outer loop
      vertex 9.95235 9.30567 12.3
      vertex 12.9916 9.30567 12.3
      vertex 13.0008 9.49139 12.3
    endloop
  endfacet
  facet normal 0 0 1
    outer loop
      vertex 13.0281 9.67532 12.3
      vertex 9.94323 9.49139 12.3
      vertex 13.0008 9.49139 12.3
    endloop
  endfacet
  facet normal 0 0 1
    outer loop
      vertex 13.0303 9.68645 12.3
      vertex 9.91373 9.68645 12.3
      vertex 13.0289 9.68094 12.3
    endloop
  endfacet
  facet normal 0 0 1
    outer loop
      vertex 9.86855 9.86682 12.3
      vertex 13.0754 9.86682 12.3
      vertex 13.1381 10.0419 12.3
    endloop
  endfacet
  facet normal 0 0 1
    outer loop
      vertex 9.80591 10.0419 12.3
      vertex 13.1381 10.0419 12.3
      vertex 13.14 10.0472 12.3
    endloop
  endfacet
  facet normal 0 0 1
    outer loop
      vertex 9.804 10.0472 12.3
      vertex 13.14 10.0472 12.3
      vertex 13.1424 10.0524 12.3
    endloop
  endfacet
  facet normal 0 0 1
    outer loop
      vertex 9.80157 10.0524 12.3
      vertex 13.1424 10.0524 12.3
      vertex 13.2219 10.2205 12.3
    endloop
  endfacet
  facet normal 0 0 1
    outer loop
      vertex 9.72207 10.2205 12.3
      vertex 13.2219 10.2205 12.3
      vertex 13.2249 10.2253 12.3
    endloop
  endfacet
  facet normal 0 0 1
    outer loop
      vertex 9.72207 10.2205 12.3
      vertex 13.2249 10.2253 12.3
      vertex 13.3204 10.3848 12.3
    endloop
  endfacet
  facet normal 0 0 1
    outer loop
      vertex 13.3238 10.3894 12.3
      vertex 9.62017 10.3894 12.3
      vertex 13.3204 10.3848 12.3
    endloop
  endfacet
  facet normal 0 0 1
    outer loop
      vertex 9.5094 10.5387 12.3
      vertex 13.4346 10.5387 12.3
      vertex 13.5595 10.6765 12.3
    endloop
  endfacet
  facet normal 0 0 1
    outer loop
      vertex 9.38453 10.6765 12.3
      vertex 13.5595 10.6765 12.3
      vertex 13.5633 10.6807 12.3
    endloop
  endfacet
  facet normal 0 0 1
    outer loop
      vertex 9.38072 10.6807 12.3
      vertex 13.5633 10.6807 12.3
      vertex 13.5675 10.6845 12.3
    endloop
  endfacet
  facet normal 0 0 1
    outer loop
      vertex 9.37651 10.6845 12.3
      vertex 13.5675 10.6845 12.3
      vertex 13.7053 10.8094 12.3
    endloop
  endfacet
  facet normal 0 0 1
    outer loop
      vertex 13.8546 10.9202 12.3
      vertex 9.23874 10.8094 12.3
      vertex 13.7053 10.8094 12.3
    endloop
  endfacet
  facet normal 0 0 1
    outer loop
      vertex 9.08482 10.9236 12.3
      vertex 13.8592 10.9236 12.3
      vertex 13.864 10.9265 12.3
    endloop
  endfacet
  facet normal 0 0 1
    outer loop
      vertex 9.07995 10.9265 12.3
      vertex 13.864 10.9265 12.3
      vertex 14.0235 11.0221 12.3
    endloop
  endfacet
  facet normal 0 0 1
    outer loop
      vertex 8.92046 11.0221 12.3
      vertex 14.0235 11.0221 12.3
      vertex 14.1916 11.1016 12.3
    endloop
  endfacet
  facet normal 0 0 1
    outer loop
      vertex 8.75238 11.1016 12.3
      vertex 14.1916 11.1016 12.3
      vertex 14.1968 11.104 12.3
    endloop
  endfacet
  facet normal 0 0 1
    outer loop
      vertex 12.9916 9.30567 12.3
      vertex 9.95235 9.30567 12.3
      vertex 9.95263 9.3 12.3
    endloop
  endfacet
  facet normal 0 0 1
    outer loop
      vertex 13.0008 9.49139 12.3
      vertex 9.94323 9.49139 12.3
      vertex 9.95235 9.30567 12.3
    endloop
  endfacet
  facet normal 0 0 1
    outer loop
      vertex 13.0281 9.67532 12.3
      vertex 9.91595 9.67532 12.3
      vertex 9.94323 9.49139 12.3
    endloop
  endfacet
  facet normal 0 0 1
    outer loop
      vertex 14.3718 11.1666 12.3
      vertex 8.74724 11.104 12.3
      vertex 14.1968 11.104 12.3
    endloop
  endfacet
  facet normal 0 0 1
    outer loop
      vertex 13.0289 9.68094 12.3
      vertex 9.91511 9.68094 12.3
      vertex 9.91595 9.67532 12.3
    endloop
  endfacet
  facet normal 0 0 1
    outer loop
      vertex 13.0289 9.68094 12.3
      vertex 9.91373 9.68645 12.3
      vertex 9.91511 9.68094 12.3
    endloop
  endfacet
  facet normal 0 0 1
    outer loop
      vertex 13.0754 9.86682 12.3
      vertex 9.86855 9.86682 12.3
      vertex 9.91373 9.68645 12.3
    endloop
  endfacet
  facet normal 0 0 1
    outer loop
      vertex 13.1381 10.0419 12.3
      vertex 9.80591 10.0419 12.3
      vertex 9.86855 9.86682 12.3
    endloop
  endfacet
  facet normal 0 0 1
    outer loop
      vertex 8.56682 11.1686 12.3
      vertex 14.3772 11.1686 12.3
      vertex 14.3827 11.1699 12.3
    endloop
  endfacet
  facet normal 0 0 1
    outer loop
      vertex 8.56682 11.1686 12.3
      vertex 14.3827 11.1699 12.3
      vertex 14.5631 11.2151 12.3
    endloop
  endfacet
  facet normal 0 0 1
    outer loop
      vertex 13.14 10.0472 12.3
      vertex 9.804 10.0472 12.3
      vertex 9.80591 10.0419 12.3
    endloop
  endfacet
  facet normal 0 0 1
    outer loop
      vertex 13.1424 10.0524 12.3
      vertex 9.80157 10.0524 12.3
      vertex 9.804 10.0472 12.3
    endloop
  endfacet
  facet normal 0 0 1
    outer loop
      vertex 13.2219 10.2205 12.3
      vertex 9.72207 10.2205 12.3
      vertex 9.80157 10.0524 12.3
    endloop
  endfacet
  facet normal 0 0 1
    outer loop
      vertex 13.3204 10.3848 12.3
      vertex 9.62647 10.38 12.3
      vertex 9.72207 10.2205 12.3
    endloop
  endfacet
  facet normal 0 0 1
    outer loop
      vertex 13.3204 10.3848 12.3
      vertex 9.62355 10.3848 12.3
      vertex 9.62647 10.38 12.3
    endloop
  endfacet
  facet normal 0 0 1
    outer loop
      vertex 13.3204 10.3848 12.3
      vertex 9.62017 10.3894 12.3
      vertex 9.62355 10.3848 12.3
    endloop
  endfacet
  facet normal 0 0 1
    outer loop
      vertex 13.4346 10.5387 12.3
      vertex 9.5094 10.5387 12.3
      vertex 9.62017 10.3894 12.3
    endloop
  endfacet
  facet normal 0 0 1
    outer loop
      vertex 0 18.6 12.3
      vertex 14.5631 11.2151 12.3
      vertex 14.7526 11.2432 12.3
    endloop
  endfacet
  facet normal 0 0 1
    outer loop
      vertex 14.7583 11.2435 12.3
      vertex 0 18.6 12.3
      vertex 14.7526 11.2432 12.3
    endloop
  endfacet
  facet normal 0 0 1
    outer loop
      vertex 13.5595 10.6765 12.3
      vertex 9.38453 10.6765 12.3
      vertex 9.5094 10.5387 12.3
    endloop
  endfacet
  facet normal 0 0 1
    outer loop
      vertex 13.5633 10.6807 12.3
      vertex 9.38072 10.6807 12.3
      vertex 9.38453 10.6765 12.3
    endloop
  endfacet
  facet normal 0 0 1
    outer loop
      vertex 13.5675 10.6845 12.3
      vertex 9.37651 10.6845 12.3
      vertex 9.38072 10.6807 12.3
    endloop
  endfacet
  facet normal 0 0 1
    outer loop
      vertex 13.7053 10.8094 12.3
      vertex 9.23874 10.8094 12.3
      vertex 9.37651 10.6845 12.3
    endloop
  endfacet
  facet normal 0 0 1
    outer loop
      vertex 13.8546 10.9202 12.3
      vertex 9.08939 10.9202 12.3
      vertex 9.23874 10.8094 12.3
    endloop
  endfacet
  facet normal 0 0 1
    outer loop
      vertex 13.8592 10.9236 12.3
      vertex 9.08482 10.9236 12.3
      vertex 9.08939 10.9202 12.3
    endloop
  endfacet
  facet normal 0 0 1
    outer loop
      vertex 14.5631 11.2151 12.3
      vertex 0 18.6 12.3
      vertex 8.56682 11.1686 12.3
    endloop
  endfacet
  facet normal 0 0 1
    outer loop
      vertex 13.864 10.9265 12.3
      vertex 9.07995 10.9265 12.3
      vertex 9.08482 10.9236 12.3
    endloop
  endfacet
  facet normal 0 0 1
    outer loop
      vertex 14.0235 11.0221 12.3
      vertex 8.92046 11.0221 12.3
      vertex 9.07995 10.9265 12.3
    endloop
  endfacet
  facet normal 0 0 1
    outer loop
      vertex 14.1916 11.1016 12.3
      vertex 8.75238 11.1016 12.3
      vertex 8.92046 11.0221 12.3
    endloop
  endfacet
  facet normal 0 0 1
    outer loop
      vertex 14.1968 11.104 12.3
      vertex 8.74724 11.104 12.3
      vertex 8.75238 11.1016 12.3
    endloop
  endfacet
  facet normal 0 0 1
    outer loop
      vertex 14.3718 11.1666 12.3
      vertex 8.57217 11.1666 12.3
      vertex 8.74724 11.104 12.3
    endloop
  endfacet
  facet normal 0 0 1
    outer loop
      vertex 14.3772 11.1686 12.3
      vertex 8.56682 11.1686 12.3
      vertex 8.57217 11.1666 12.3
    endloop
  endfacet
  facet normal 0 0 1
    outer loop
      vertex 8.56682 11.1686 12.3
      vertex 0 18.6 12.3
      vertex 8.56131 11.1699 12.3
    endloop
  endfacet
  facet normal 0 0 1
    outer loop
      vertex 8.56131 11.1699 12.3
      vertex 0 18.6 12.3
      vertex 8.38094 11.2151 12.3
    endloop
  endfacet
  facet normal 0 0 1
    outer loop
      vertex 8.38094 11.2151 12.3
      vertex 0 18.6 12.3
      vertex 8.37532 11.2159 12.3
    endloop
  endfacet
  facet normal 0 0 1
    outer loop
      vertex 8.37532 11.2159 12.3
      vertex 0 18.6 12.3
      vertex 8.19139 11.2432 12.3
    endloop
  endfacet
  facet normal 0 0 1
    outer loop
      vertex 8.19139 11.2432 12.3
      vertex 0 18.6 12.3
      vertex 8.18572 11.2435 12.3
    endloop
  endfacet
  facet normal 0 0 1
    outer loop
      vertex 8.18572 11.2435 12.3
      vertex 0 18.6 12.3
      vertex 8 11.2526 12.3
    endloop
  endfacet
  facet normal 0 0 1
    outer loop
      vertex 8 11.2526 12.3
      vertex 0 18.6 12.3
      vertex 7.81428 11.2435 12.3
    endloop
  endfacet
  facet normal 0 0 1
    outer loop
      vertex 0 18.6 12.3
      vertex 7.62468 11.2159 12.3
      vertex 7.80861 11.2432 12.3
    endloop
  endfacet
  facet normal 0 0 1
    outer loop
      vertex 0 18.6 12.3
      vertex 6.91061 10.9202 12.3
      vertex 6.91518 10.9236 12.3
    endloop
  endfacet
  facet normal 0 0 1
    outer loop
      vertex 0 18.6 12.3
      vertex 6.62349 10.6845 12.3
      vertex 6.76126 10.8094 12.3
    endloop
  endfacet
  facet normal 0 0 1
    outer loop
      vertex 0 18.6 12.3
      vertex 6.61547 10.6765 12.3
      vertex 6.61928 10.6807 12.3
    endloop
  endfacet
  facet normal 0 0 1
    outer loop
      vertex 0 18.6 12.3
      vertex 6.19843 10.0524 12.3
      vertex 6.27793 10.2205 12.3
    endloop
  endfacet
  facet normal 0 0 1
    outer loop
      vertex 0 18.6 12.3
      vertex 6.08405 9.67532 12.3
      vertex 6.08489 9.68094 12.3
    endloop
  endfacet
  facet normal 0 0 1
    outer loop
      vertex 6.05649 9.48572 12.3
      vertex 0 18.6 12.3
      vertex 6.04737 9.3 12.3
    endloop
  endfacet
  facet normal 0 0 1
    outer loop
      vertex 6.05677 9.49139 12.3
      vertex 0 18.6 12.3
      vertex 6.05649 9.48572 12.3
    endloop
  endfacet
  facet normal 0 0 1
    outer loop
      vertex 6.08405 9.67532 12.3
      vertex 0 18.6 12.3
      vertex 6.05677 9.49139 12.3
    endloop
  endfacet
  facet normal 0 0 1
    outer loop
      vertex 6.08627 9.68645 12.3
      vertex 0 18.6 12.3
      vertex 6.08489 9.68094 12.3
    endloop
  endfacet
  facet normal 0 0 1
    outer loop
      vertex 6.13145 9.86682 12.3
      vertex 0 18.6 12.3
      vertex 6.08627 9.68645 12.3
    endloop
  endfacet
  facet normal 0 0 1
    outer loop
      vertex 6.19409 10.0419 12.3
      vertex 0 18.6 12.3
      vertex 6.13145 9.86682 12.3
    endloop
  endfacet
  facet normal 0 0 1
    outer loop
      vertex 6.196 10.0472 12.3
      vertex 0 18.6 12.3
      vertex 6.19409 10.0419 12.3
    endloop
  endfacet
  facet normal 0 0 1
    outer loop
      vertex 6.19843 10.0524 12.3
      vertex 0 18.6 12.3
      vertex 6.196 10.0472 12.3
    endloop
  endfacet
  facet normal 0 0 1
    outer loop
      vertex 6.37352 10.38 12.3
      vertex 0 18.6 12.3
      vertex 6.27793 10.2205 12.3
    endloop
  endfacet
  facet normal 0 0 1
    outer loop
      vertex 6.37645 10.3848 12.3
      vertex 0 18.6 12.3
      vertex 6.37352 10.38 12.3
    endloop
  endfacet
  facet normal 0 0 1
    outer loop
      vertex 6.37983 10.3894 12.3
      vertex 0 18.6 12.3
      vertex 6.37645 10.3848 12.3
    endloop
  endfacet
  facet normal 0 0 1
    outer loop
      vertex 6.49059 10.5387 12.3
      vertex 0 18.6 12.3
      vertex 6.37983 10.3894 12.3
    endloop
  endfacet
  facet normal 0 0 1
    outer loop
      vertex 6.61547 10.6765 12.3
      vertex 0 18.6 12.3
      vertex 6.49059 10.5387 12.3
    endloop
  endfacet
  facet normal 0 0 1
    outer loop
      vertex 6.62349 10.6845 12.3
      vertex 0 18.6 12.3
      vertex 6.61928 10.6807 12.3
    endloop
  endfacet
  facet normal 0 0 1
    outer loop
      vertex 6.91061 10.9202 12.3
      vertex 0 18.6 12.3
      vertex 6.76126 10.8094 12.3
    endloop
  endfacet
  facet normal 0 0 1
    outer loop
      vertex 6.92005 10.9265 12.3
      vertex 0 18.6 12.3
      vertex 6.91518 10.9236 12.3
    endloop
  endfacet
  facet normal 0 0 1
    outer loop
      vertex 7.07954 11.0221 12.3
      vertex 0 18.6 12.3
      vertex 6.92005 10.9265 12.3
    endloop
  endfacet
  facet normal 0 0 1
    outer loop
      vertex 7.24762 11.1016 12.3
      vertex 0 18.6 12.3
      vertex 7.07954 11.0221 12.3
    endloop
  endfacet
  facet normal 0 0 1
    outer loop
      vertex 7.25276 11.104 12.3
      vertex 0 18.6 12.3
      vertex 7.24762 11.1016 12.3
    endloop
  endfacet
  facet normal 0 0 1
    outer loop
      vertex 7.42783 11.1666 12.3
      vertex 0 18.6 12.3
      vertex 7.25276 11.104 12.3
    endloop
  endfacet
  facet normal 0 0 1
    outer loop
      vertex 7.43318 11.1686 12.3
      vertex 0 18.6 12.3
      vertex 7.42783 11.1666 12.3
    endloop
  endfacet
  facet normal 0 0 1
    outer loop
      vertex 7.43869 11.1699 12.3
      vertex 0 18.6 12.3
      vertex 7.43318 11.1686 12.3
    endloop
  endfacet
  facet normal 0 0 1
    outer loop
      vertex 7.61906 11.2151 12.3
      vertex 0 18.6 12.3
      vertex 7.43869 11.1699 12.3
    endloop
  endfacet
  facet normal 0 0 1
    outer loop
      vertex 7.62468 11.2159 12.3
      vertex 0 18.6 12.3
      vertex 7.61906 11.2151 12.3
    endloop
  endfacet
  facet normal 0 0 1
    outer loop
      vertex 7.81428 11.2435 12.3
      vertex 0 18.6 12.3
      vertex 7.80861 11.2432 12.3
    endloop
  endfacet
  facet normal -0 0 1
    outer loop
      vertex 58.5604 9.29432 12.3
      vertex 64.608 0 12.3
      vertex 58.5606 9.3 12.3
    endloop
  endfacet
  facet normal -0 0 1
    outer loop
      vertex 58.5512 9.10861 12.3
      vertex 64.608 0 12.3
      vertex 58.5604 9.29432 12.3
    endloop
  endfacet
  facet normal -0 0 1
    outer loop
      vertex 58.5239 8.92468 12.3
      vertex 64.608 0 12.3
      vertex 58.5512 9.10861 12.3
    endloop
  endfacet
  facet normal -0 0 1
    outer loop
      vertex 58.5231 8.91906 12.3
      vertex 64.608 0 12.3
      vertex 58.5239 8.92468 12.3
    endloop
  endfacet
  facet normal -0 0 1
    outer loop
      vertex 58.5217 8.91355 12.3
      vertex 64.608 0 12.3
      vertex 58.5231 8.91906 12.3
    endloop
  endfacet
  facet normal -0 0 1
    outer loop
      vertex 58.4766 8.73318 12.3
      vertex 64.608 0 12.3
      vertex 58.5217 8.91355 12.3
    endloop
  endfacet
  facet normal -0 0 1
    outer loop
      vertex 58.4139 8.55811 12.3
      vertex 64.608 0 12.3
      vertex 58.4766 8.73318 12.3
    endloop
  endfacet
  facet normal -0 0 1
    outer loop
      vertex 58.412 8.55276 12.3
      vertex 64.608 0 12.3
      vertex 58.4139 8.55811 12.3
    endloop
  endfacet
  facet normal -0 0 1
    outer loop
      vertex 58.4096 8.54762 12.3
      vertex 64.608 0 12.3
      vertex 58.412 8.55276 12.3
    endloop
  endfacet
  facet normal -0 0 1
    outer loop
      vertex 58.3301 8.37954 12.3
      vertex 64.608 0 12.3
      vertex 58.4096 8.54762 12.3
    endloop
  endfacet
  facet normal -0 0 1
    outer loop
      vertex 58.3271 8.37466 12.3
      vertex 64.608 0 12.3
      vertex 58.3301 8.37954 12.3
    endloop
  endfacet
  facet normal -0 0 1
    outer loop
      vertex 58.2316 8.21518 12.3
      vertex 64.608 0 12.3
      vertex 58.3271 8.37466 12.3
    endloop
  endfacet
  facet normal -0 0 1
    outer loop
      vertex 58.1208 8.06583 12.3
      vertex 64.608 0 12.3
      vertex 58.2316 8.21518 12.3
    endloop
  endfacet
  facet normal -0 0 1
    outer loop
      vertex 58.1174 8.06126 12.3
      vertex 64.608 0 12.3
      vertex 58.1208 8.06583 12.3
    endloop
  endfacet
  facet normal -0 0 1
    outer loop
      vertex 57.9925 7.92349 12.3
      vertex 64.608 0 12.3
      vertex 58.1174 8.06126 12.3
    endloop
  endfacet
  facet normal -0 0 1
    outer loop
      vertex 57.9887 7.91928 12.3
      vertex 64.608 0 12.3
      vertex 57.9925 7.92349 12.3
    endloop
  endfacet
  facet normal -0 0 1
    outer loop
      vertex 57.9845 7.91547 12.3
      vertex 64.608 0 12.3
      vertex 57.9887 7.91928 12.3
    endloop
  endfacet
  facet normal -0 0 1
    outer loop
      vertex 57.8467 7.7906 12.3
      vertex 64.608 0 12.3
      vertex 57.9845 7.91547 12.3
    endloop
  endfacet
  facet normal -0 0 1
    outer loop
      vertex 57.8422 7.78721 12.3
      vertex 64.608 0 12.3
      vertex 57.8467 7.7906 12.3
    endloop
  endfacet
  facet normal -0 0 1
    outer loop
      vertex 57.6928 7.67645 12.3
      vertex 64.608 0 12.3
      vertex 57.8422 7.78721 12.3
    endloop
  endfacet
  facet normal -0 0 1
    outer loop
      vertex 57.5333 7.58085 12.3
      vertex 64.608 0 12.3
      vertex 57.6928 7.67645 12.3
    endloop
  endfacet
  facet normal -0 0 1
    outer loop
      vertex 57.5285 7.57793 12.3
      vertex 64.608 0 12.3
      vertex 57.5333 7.58085 12.3
    endloop
  endfacet
  facet normal -0 0 1
    outer loop
      vertex 57.3604 7.49843 12.3
      vertex 64.608 0 12.3
      vertex 57.5285 7.57793 12.3
    endloop
  endfacet
  facet normal -0 0 1
    outer loop
      vertex 57.3552 7.496 12.3
      vertex 64.608 0 12.3
      vertex 57.3604 7.49843 12.3
    endloop
  endfacet
  facet normal -0 0 1
    outer loop
      vertex 57.3499 7.49409 12.3
      vertex 64.608 0 12.3
      vertex 57.3552 7.496 12.3
    endloop
  endfacet
  facet normal -0 0 1
    outer loop
      vertex 57.1748 7.43145 12.3
      vertex 64.608 0 12.3
      vertex 57.3499 7.49409 12.3
    endloop
  endfacet
  facet normal -0 0 1
    outer loop
      vertex 56.9944 7.38627 12.3
      vertex 64.608 0 12.3
      vertex 57.1748 7.43145 12.3
    endloop
  endfacet
  facet normal -0 0 1
    outer loop
      vertex 56.9889 7.38489 12.3
      vertex 64.608 0 12.3
      vertex 56.9944 7.38627 12.3
    endloop
  endfacet
  facet normal -0 0 1
    outer loop
      vertex 56.9833 7.38405 12.3
      vertex 64.608 0 12.3
      vertex 56.9889 7.38489 12.3
    endloop
  endfacet
  facet normal -0 0 1
    outer loop
      vertex 56.7994 7.35677 12.3
      vertex 64.608 0 12.3
      vertex 56.9833 7.38405 12.3
    endloop
  endfacet
  facet normal -0 0 1
    outer loop
      vertex 56.6137 7.34765 12.3
      vertex 64.608 0 12.3
      vertex 56.7994 7.35677 12.3
    endloop
  endfacet
  facet normal -0 0 1
    outer loop
      vertex 56.608 7.34737 12.3
      vertex 64.608 0 12.3
      vertex 56.6137 7.34765 12.3
    endloop
  endfacet
  facet normal 0 0 1
    outer loop
      vertex 56.6023 7.34765 12.3
      vertex 64.608 0 12.3
      vertex 56.608 7.34737 12.3
    endloop
  endfacet
  facet normal 0 0 1
    outer loop
      vertex 56.4166 7.35677 12.3
      vertex 64.608 0 12.3
      vertex 56.6023 7.34765 12.3
    endloop
  endfacet
  facet normal 0 0 1
    outer loop
      vertex 56.2327 7.38405 12.3
      vertex 64.608 0 12.3
      vertex 56.4166 7.35677 12.3
    endloop
  endfacet
  facet normal 0 0 1
    outer loop
      vertex 56.2271 7.38489 12.3
      vertex 64.608 0 12.3
      vertex 56.2327 7.38405 12.3
    endloop
  endfacet
  facet normal 0 0 1
    outer loop
      vertex 56.2215 7.38627 12.3
      vertex 64.608 0 12.3
      vertex 56.2271 7.38489 12.3
    endloop
  endfacet
  facet normal 0 0 1
    outer loop
      vertex 56.0412 7.43145 12.3
      vertex 64.608 0 12.3
      vertex 56.2215 7.38627 12.3
    endloop
  endfacet
  facet normal 0 0 1
    outer loop
      vertex 50.2308 7.43145 12.3
      vertex 56.0412 7.43145 12.3
      vertex 55.8661 7.49409 12.3
    endloop
  endfacet
  facet normal 0 0 1
    outer loop
      vertex 50.4059 7.49409 12.3
      vertex 55.8661 7.49409 12.3
      vertex 55.8608 7.496 12.3
    endloop
  endfacet
  facet normal 0 0 1
    outer loop
      vertex 50.4112 7.496 12.3
      vertex 55.8608 7.496 12.3
      vertex 55.8556 7.49843 12.3
    endloop
  endfacet
  facet normal 0 0 1
    outer loop
      vertex 50.4164 7.49843 12.3
      vertex 55.8556 7.49843 12.3
      vertex 55.6875 7.57793 12.3
    endloop
  endfacet
  facet normal 0 0 1
    outer loop
      vertex 50.5845 7.57793 12.3
      vertex 55.6875 7.57793 12.3
      vertex 55.6827 7.58085 12.3
    endloop
  endfacet
  facet normal 0 0 1
    outer loop
      vertex 50.5893 7.58085 12.3
      vertex 55.6827 7.58085 12.3
      vertex 55.5232 7.67645 12.3
    endloop
  endfacet
  facet normal 0 0 1
    outer loop
      vertex 50.7488 7.67645 12.3
      vertex 55.5232 7.67645 12.3
      vertex 55.5186 7.67983 12.3
    endloop
  endfacet
  facet normal 0 0 1
    outer loop
      vertex 50.7488 7.67645 12.3
      vertex 55.5186 7.67983 12.3
      vertex 55.3693 7.7906 12.3
    endloop
  endfacet
  facet normal -0 0 1
    outer loop
      vertex 51.0447 7.91928 12.3
      vertex 55.2315 7.91547 12.3
      vertex 55.2273 7.91928 12.3
    endloop
  endfacet
  facet normal -0 0 1
    outer loop
      vertex 51.1696 8.05705 12.3
      vertex 55.2235 7.92349 12.3
      vertex 55.0986 8.06126 12.3
    endloop
  endfacet
  facet normal -0 0 1
    outer loop
      vertex 51.6064 9.10299 12.3
      vertex 54.6921 8.92468 12.3
      vertex 54.6648 9.10861 12.3
    endloop
  endfacet
  facet normal -0 0 1
    outer loop
      vertex 51.6166 9.3 12.3
      vertex 54.6645 9.11428 12.3
      vertex 54.6554 9.3 12.3
    endloop
  endfacet
  facet normal 0 0 1
    outer loop
      vertex 51.6075 9.11428 12.3
      vertex 54.6645 9.11428 12.3
      vertex 51.6166 9.3 12.3
    endloop
  endfacet
  facet normal 0 0 1
    outer loop
      vertex 54.6645 9.11428 12.3
      vertex 51.6075 9.11428 12.3
      vertex 54.6648 9.10861 12.3
    endloop
  endfacet
  facet normal 0 0 1
    outer loop
      vertex 51.6072 9.10861 12.3
      vertex 54.6648 9.10861 12.3
      vertex 51.6075 9.11428 12.3
    endloop
  endfacet
  facet normal 0 0 1
    outer loop
      vertex 51.6064 9.10299 12.3
      vertex 54.6648 9.10861 12.3
      vertex 51.6072 9.10861 12.3
    endloop
  endfacet
  facet normal 0 0 1
    outer loop
      vertex 51.5791 8.91906 12.3
      vertex 54.6921 8.92468 12.3
      vertex 51.6064 9.10299 12.3
    endloop
  endfacet
  facet normal 0 0 1
    outer loop
      vertex 54.6921 8.92468 12.3
      vertex 51.5791 8.91906 12.3
      vertex 54.6929 8.91906 12.3
    endloop
  endfacet
  facet normal 0 0 1
    outer loop
      vertex 51.5777 8.91355 12.3
      vertex 54.6929 8.91906 12.3
      vertex 51.5791 8.91906 12.3
    endloop
  endfacet
  facet normal 0 0 1
    outer loop
      vertex 54.6929 8.91906 12.3
      vertex 51.5777 8.91355 12.3
      vertex 54.7381 8.73869 12.3
    endloop
  endfacet
  facet normal 0 0 1
    outer loop
      vertex 51.5326 8.73318 12.3
      vertex 54.7381 8.73869 12.3
      vertex 51.5777 8.91355 12.3
    endloop
  endfacet
  facet normal 0 0 1
    outer loop
      vertex 54.7381 8.73869 12.3
      vertex 51.5326 8.73318 12.3
      vertex 54.7394 8.73318 12.3
    endloop
  endfacet
  facet normal 0 0 1
    outer loop
      vertex 54.7394 8.73318 12.3
      vertex 51.5326 8.73318 12.3
      vertex 54.7414 8.72783 12.3
    endloop
  endfacet
  facet normal 0 0 1
    outer loop
      vertex 51.5306 8.72783 12.3
      vertex 54.7414 8.72783 12.3
      vertex 51.5326 8.73318 12.3
    endloop
  endfacet
  facet normal 0 0 1
    outer loop
      vertex 54.7414 8.72783 12.3
      vertex 51.5306 8.72783 12.3
      vertex 54.804 8.55276 12.3
    endloop
  endfacet
  facet normal 0 0 1
    outer loop
      vertex 51.468 8.55276 12.3
      vertex 54.804 8.55276 12.3
      vertex 51.5306 8.72783 12.3
    endloop
  endfacet
  facet normal 0 0 1
    outer loop
      vertex 54.804 8.55276 12.3
      vertex 51.468 8.55276 12.3
      vertex 54.8064 8.54762 12.3
    endloop
  endfacet
  facet normal 0 0 1
    outer loop
      vertex 51.4656 8.54762 12.3
      vertex 54.8064 8.54762 12.3
      vertex 51.468 8.55276 12.3
    endloop
  endfacet
  facet normal 0 0 1
    outer loop
      vertex 54.8064 8.54762 12.3
      vertex 51.4656 8.54762 12.3
      vertex 54.8859 8.37954 12.3
    endloop
  endfacet
  facet normal 0 0 1
    outer loop
      vertex 51.3861 8.37954 12.3
      vertex 54.8859 8.37954 12.3
      vertex 51.4656 8.54762 12.3
    endloop
  endfacet
  facet normal 0 0 1
    outer loop
      vertex 54.8859 8.37954 12.3
      vertex 51.3861 8.37954 12.3
      vertex 54.9815 8.22005 12.3
    endloop
  endfacet
  facet normal 0 0 1
    outer loop
      vertex 51.2905 8.22005 12.3
      vertex 54.9815 8.22005 12.3
      vertex 51.3861 8.37954 12.3
    endloop
  endfacet
  facet normal 0 0 1
    outer loop
      vertex 54.9815 8.22005 12.3
      vertex 51.2905 8.22005 12.3
      vertex 54.9844 8.21518 12.3
    endloop
  endfacet
  facet normal 0 0 1
    outer loop
      vertex 51.2876 8.21518 12.3
      vertex 54.9844 8.21518 12.3
      vertex 51.2905 8.22005 12.3
    endloop
  endfacet
  facet normal 0 0 1
    outer loop
      vertex 54.9844 8.21518 12.3
      vertex 51.2876 8.21518 12.3
      vertex 54.9878 8.21061 12.3
    endloop
  endfacet
  facet normal 0 0 1
    outer loop
      vertex 54.9878 8.21061 12.3
      vertex 51.2876 8.21518 12.3
      vertex 55.0986 8.06126 12.3
    endloop
  endfacet
  facet normal -0 0 1
    outer loop
      vertex 51.1768 8.06583 12.3
      vertex 55.0986 8.06126 12.3
      vertex 51.2876 8.21518 12.3
    endloop
  endfacet
  facet normal 0 0 1
    outer loop
      vertex 51.1734 8.06126 12.3
      vertex 55.0986 8.06126 12.3
      vertex 51.1768 8.06583 12.3
    endloop
  endfacet
  facet normal 0 0 1
    outer loop
      vertex 51.1696 8.05705 12.3
      vertex 55.0986 8.06126 12.3
      vertex 51.1734 8.06126 12.3
    endloop
  endfacet
  facet normal 0 0 1
    outer loop
      vertex 51.0447 7.91928 12.3
      vertex 55.2235 7.92349 12.3
      vertex 51.1696 8.05705 12.3
    endloop
  endfacet
  facet normal 0 0 1
    outer loop
      vertex 55.2235 7.92349 12.3
      vertex 51.0447 7.91928 12.3
      vertex 55.2273 7.91928 12.3
    endloop
  endfacet
  facet normal 0 0 1
    outer loop
      vertex 55.2315 7.91547 12.3
      vertex 51.0447 7.91928 12.3
      vertex 55.3693 7.7906 12.3
    endloop
  endfacet
  facet normal -0 0 1
    outer loop
      vertex 50.9069 7.79441 12.3
      vertex 55.3693 7.7906 12.3
      vertex 51.0447 7.91928 12.3
    endloop
  endfacet
  facet normal 0 0 1
    outer loop
      vertex 50.9027 7.7906 12.3
      vertex 55.3693 7.7906 12.3
      vertex 50.9069 7.79441 12.3
    endloop
  endfacet
  facet normal 0 0 1
    outer loop
      vertex 50.8982 7.78721 12.3
      vertex 55.3693 7.7906 12.3
      vertex 50.9027 7.7906 12.3
    endloop
  endfacet
  facet normal 0 0 1
    outer loop
      vertex 50.7488 7.67645 12.3
      vertex 55.3693 7.7906 12.3
      vertex 50.8982 7.78721 12.3
    endloop
  endfacet
  facet normal 0 0 1
    outer loop
      vertex 55.5232 7.67645 12.3
      vertex 50.7488 7.67645 12.3
      vertex 50.5893 7.58085 12.3
    endloop
  endfacet
  facet normal 0 0 1
    outer loop
      vertex 55.6827 7.58085 12.3
      vertex 50.5893 7.58085 12.3
      vertex 50.5845 7.57793 12.3
    endloop
  endfacet
  facet normal 0 0 1
    outer loop
      vertex 55.6875 7.57793 12.3
      vertex 50.5845 7.57793 12.3
      vertex 50.4164 7.49843 12.3
    endloop
  endfacet
  facet normal 0 0 1
    outer loop
      vertex 55.8556 7.49843 12.3
      vertex 50.4164 7.49843 12.3
      vertex 50.4112 7.496 12.3
    endloop
  endfacet
  facet normal 0 0 1
    outer loop
      vertex 55.8608 7.496 12.3
      vertex 50.4112 7.496 12.3
      vertex 50.4059 7.49409 12.3
    endloop
  endfacet
  facet normal 0 0 1
    outer loop
      vertex 55.8661 7.49409 12.3
      vertex 50.4059 7.49409 12.3
      vertex 50.2308 7.43145 12.3
    endloop
  endfacet
  facet normal 0 0 1
    outer loop
      vertex 56.0412 7.43145 12.3
      vertex 50.2308 7.43145 12.3
      vertex 64.608 0 12.3
    endloop
  endfacet
  facet normal -0 0 1
    outer loop
      vertex 50.0504 7.38627 12.3
      vertex 64.608 0 12.3
      vertex 50.2308 7.43145 12.3
    endloop
  endfacet
  facet normal -0 0 1
    outer loop
      vertex 50.0449 7.38489 12.3
      vertex 64.608 0 12.3
      vertex 50.0504 7.38627 12.3
    endloop
  endfacet
  facet normal -0 0 1
    outer loop
      vertex 50.0393 7.38405 12.3
      vertex 64.608 0 12.3
      vertex 50.0449 7.38489 12.3
    endloop
  endfacet
  facet normal -0 0 1
    outer loop
      vertex 49.8554 7.35677 12.3
      vertex 64.608 0 12.3
      vertex 50.0393 7.38405 12.3
    endloop
  endfacet
  facet normal -0 0 1
    outer loop
      vertex 49.6697 7.34765 12.3
      vertex 64.608 0 12.3
      vertex 49.8554 7.35677 12.3
    endloop
  endfacet
  facet normal -0 0 1
    outer loop
      vertex 49.664 7.34737 12.3
      vertex 64.608 0 12.3
      vertex 49.6697 7.34765 12.3
    endloop
  endfacet
  facet normal 0 0 1
    outer loop
      vertex 49.6583 7.34765 12.3
      vertex 64.608 0 12.3
      vertex 49.664 7.34737 12.3
    endloop
  endfacet
  facet normal 0 0 1
    outer loop
      vertex 49.4726 7.35677 12.3
      vertex 64.608 0 12.3
      vertex 49.6583 7.34765 12.3
    endloop
  endfacet
  facet normal 0 0 1
    outer loop
      vertex 42.9114 7.35677 12.3
      vertex 49.4726 7.35677 12.3
      vertex 49.2887 7.38405 12.3
    endloop
  endfacet
  facet normal 0 0 1
    outer loop
      vertex 42.9114 7.35677 12.3
      vertex 49.2887 7.38405 12.3
      vertex 49.2831 7.38489 12.3
    endloop
  endfacet
  facet normal 0 0 1
    outer loop
      vertex 43.1009 7.38489 12.3
      vertex 49.2831 7.38489 12.3
      vertex 49.2775 7.38627 12.3
    endloop
  endfacet
  facet normal 0 0 1
    outer loop
      vertex 43.1009 7.38489 12.3
      vertex 49.2775 7.38627 12.3
      vertex 49.0972 7.43145 12.3
    endloop
  endfacet
  facet normal 0 0 1
    outer loop
      vertex 43.2868 7.43145 12.3
      vertex 49.0972 7.43145 12.3
      vertex 48.9221 7.49409 12.3
    endloop
  endfacet
  facet normal 0 0 1
    outer loop
      vertex 43.4619 7.49409 12.3
      vertex 48.9221 7.49409 12.3
      vertex 48.9168 7.496 12.3
    endloop
  endfacet
  facet normal 0 0 1
    outer loop
      vertex 43.4672 7.496 12.3
      vertex 48.9168 7.496 12.3
      vertex 48.9116 7.49843 12.3
    endloop
  endfacet
  facet normal 0 0 1
    outer loop
      vertex 43.4724 7.49843 12.3
      vertex 48.9116 7.49843 12.3
      vertex 48.7435 7.57793 12.3
    endloop
  endfacet
  facet normal -0 0 1
    outer loop
      vertex 43.8048 7.67645 12.3
      vertex 48.7387 7.58085 12.3
      vertex 48.5792 7.67645 12.3
    endloop
  endfacet
  facet normal -0 0 1
    outer loop
      vertex 43.9542 7.78721 12.3
      vertex 48.5746 7.67983 12.3
      vertex 48.4253 7.7906 12.3
    endloop
  endfacet
  facet normal 0 0 1
    outer loop
      vertex 44.0965 7.91547 12.3
      vertex 48.2875 7.91547 12.3
      vertex 48.2833 7.91928 12.3
    endloop
  endfacet
  facet normal -0 0 1
    outer loop
      vertex 44.3436 8.21518 12.3
      vertex 48.1512 8.06583 12.3
      vertex 48.0404 8.21518 12.3
    endloop
  endfacet
  facet normal 0 0 1
    outer loop
      vertex 44.5866 8.72783 12.3
      vertex 47.7974 8.72783 12.3
      vertex 47.7954 8.73318 12.3
    endloop
  endfacet
  facet normal -0 0 1
    outer loop
      vertex 44.6351 8.91906 12.3
      vertex 47.7503 8.91355 12.3
      vertex 47.7489 8.91906 12.3
    endloop
  endfacet
  facet normal -0 0 1
    outer loop
      vertex 44.6632 9.10861 12.3
      vertex 47.7481 8.92468 12.3
      vertex 47.7208 9.10861 12.3
    endloop
  endfacet
  facet normal -0 0 1
    outer loop
      vertex 44.6726 9.3 12.3
      vertex 47.7205 9.11428 12.3
      vertex 47.7114 9.3 12.3
    endloop
  endfacet
  facet normal 0 0 1
    outer loop
      vertex 44.6635 9.11428 12.3
      vertex 47.7205 9.11428 12.3
      vertex 44.6726 9.3 12.3
    endloop
  endfacet
  facet normal 0 0 1
    outer loop
      vertex 47.7205 9.11428 12.3
      vertex 44.6635 9.11428 12.3
      vertex 47.7208 9.10861 12.3
    endloop
  endfacet
  facet normal 0 0 1
    outer loop
      vertex 44.6632 9.10861 12.3
      vertex 47.7208 9.10861 12.3
      vertex 44.6635 9.11428 12.3
    endloop
  endfacet
  facet normal 0 0 1
    outer loop
      vertex 44.6359 8.92468 12.3
      vertex 47.7481 8.92468 12.3
      vertex 44.6632 9.10861 12.3
    endloop
  endfacet
  facet normal 0 0 1
    outer loop
      vertex 47.7481 8.92468 12.3
      vertex 44.6359 8.92468 12.3
      vertex 47.7489 8.91906 12.3
    endloop
  endfacet
  facet normal 0 0 1
    outer loop
      vertex 44.6351 8.91906 12.3
      vertex 47.7489 8.91906 12.3
      vertex 44.6359 8.92468 12.3
    endloop
  endfacet
  facet normal 0 0 1
    outer loop
      vertex 47.7503 8.91355 12.3
      vertex 44.6351 8.91906 12.3
      vertex 47.7954 8.73318 12.3
    endloop
  endfacet
  facet normal -0 0 1
    outer loop
      vertex 44.5899 8.73869 12.3
      vertex 47.7954 8.73318 12.3
      vertex 44.6351 8.91906 12.3
    endloop
  endfacet
  facet normal 0 0 1
    outer loop
      vertex 44.5886 8.73318 12.3
      vertex 47.7954 8.73318 12.3
      vertex 44.5899 8.73869 12.3
    endloop
  endfacet
  facet normal 0 0 1
    outer loop
      vertex 44.5866 8.72783 12.3
      vertex 47.7954 8.73318 12.3
      vertex 44.5886 8.73318 12.3
    endloop
  endfacet
  facet normal 0 0 1
    outer loop
      vertex 47.7974 8.72783 12.3
      vertex 44.5866 8.72783 12.3
      vertex 47.86 8.55276 12.3
    endloop
  endfacet
  facet normal 0 0 1
    outer loop
      vertex 44.524 8.55276 12.3
      vertex 47.86 8.55276 12.3
      vertex 44.5866 8.72783 12.3
    endloop
  endfacet
  facet normal 0 0 1
    outer loop
      vertex 47.86 8.55276 12.3
      vertex 44.524 8.55276 12.3
      vertex 47.8624 8.54762 12.3
    endloop
  endfacet
  facet normal 0 0 1
    outer loop
      vertex 44.5216 8.54762 12.3
      vertex 47.8624 8.54762 12.3
      vertex 44.524 8.55276 12.3
    endloop
  endfacet
  facet normal 0 0 1
    outer loop
      vertex 47.8624 8.54762 12.3
      vertex 44.5216 8.54762 12.3
      vertex 47.9419 8.37954 12.3
    endloop
  endfacet
  facet normal 0 0 1
    outer loop
      vertex 44.4421 8.37954 12.3
      vertex 47.9419 8.37954 12.3
      vertex 44.5216 8.54762 12.3
    endloop
  endfacet
  facet normal 0 0 1
    outer loop
      vertex 47.9419 8.37954 12.3
      vertex 44.4421 8.37954 12.3
      vertex 48.0375 8.22005 12.3
    endloop
  endfacet
  facet normal 0 0 1
    outer loop
      vertex 44.3465 8.22005 12.3
      vertex 48.0375 8.22005 12.3
      vertex 44.4421 8.37954 12.3
    endloop
  endfacet
  facet normal 0 0 1
    outer loop
      vertex 48.0375 8.22005 12.3
      vertex 44.3465 8.22005 12.3
      vertex 48.0404 8.21518 12.3
    endloop
  endfacet
  facet normal 0 0 1
    outer loop
      vertex 44.3436 8.21518 12.3
      vertex 48.0404 8.21518 12.3
      vertex 44.3465 8.22005 12.3
    endloop
  endfacet
  facet normal 0 0 1
    outer loop
      vertex 44.2328 8.06583 12.3
      vertex 48.1512 8.06583 12.3
      vertex 44.3436 8.21518 12.3
    endloop
  endfacet
  facet normal 0 0 1
    outer loop
      vertex 48.1512 8.06583 12.3
      vertex 44.2328 8.06583 12.3
      vertex 48.1546 8.06126 12.3
    endloop
  endfacet
  facet normal 0 0 1
    outer loop
      vertex 44.2294 8.06126 12.3
      vertex 48.1546 8.06126 12.3
      vertex 44.2328 8.06583 12.3
    endloop
  endfacet
  facet normal 0 0 1
    outer loop
      vertex 48.1546 8.06126 12.3
      vertex 44.2294 8.06126 12.3
      vertex 48.1584 8.05705 12.3
    endloop
  endfacet
  facet normal 0 0 1
    outer loop
      vertex 44.2256 8.05705 12.3
      vertex 48.1584 8.05705 12.3
      vertex 44.2294 8.06126 12.3
    endloop
  endfacet
  facet normal 0 0 1
    outer loop
      vertex 48.1584 8.05705 12.3
      vertex 44.2256 8.05705 12.3
      vertex 48.2833 7.91928 12.3
    endloop
  endfacet
  facet normal 0 0 1
    outer loop
      vertex 44.1007 7.91928 12.3
      vertex 48.2833 7.91928 12.3
      vertex 44.2256 8.05705 12.3
    endloop
  endfacet
  facet normal 0 0 1
    outer loop
      vertex 44.0965 7.91547 12.3
      vertex 48.2833 7.91928 12.3
      vertex 44.1007 7.91928 12.3
    endloop
  endfacet
  facet normal 0 0 1
    outer loop
      vertex 48.2875 7.91547 12.3
      vertex 44.0965 7.91547 12.3
      vertex 48.4253 7.7906 12.3
    endloop
  endfacet
  facet normal 0 0 1
    outer loop
      vertex 43.9587 7.7906 12.3
      vertex 48.4253 7.7906 12.3
      vertex 44.0965 7.91547 12.3
    endloop
  endfacet
  facet normal 0 0 1
    outer loop
      vertex 43.9542 7.78721 12.3
      vertex 48.4253 7.7906 12.3
      vertex 43.9587 7.7906 12.3
    endloop
  endfacet
  facet normal 0 0 1
    outer loop
      vertex 43.8048 7.67645 12.3
      vertex 48.5746 7.67983 12.3
      vertex 43.9542 7.78721 12.3
    endloop
  endfacet
  facet normal 0 0 1
    outer loop
      vertex 48.5746 7.67983 12.3
      vertex 43.8048 7.67645 12.3
      vertex 48.5792 7.67645 12.3
    endloop
  endfacet
  facet normal 0 0 1
    outer loop
      vertex 43.6453 7.58085 12.3
      vertex 48.7387 7.58085 12.3
      vertex 43.8048 7.67645 12.3
    endloop
  endfacet
  facet normal 0 0 1
    outer loop
      vertex 48.7387 7.58085 12.3
      vertex 43.6453 7.58085 12.3
      vertex 48.7435 7.57793 12.3
    endloop
  endfacet
  facet normal 0 0 1
    outer loop
      vertex 43.6405 7.57793 12.3
      vertex 48.7435 7.57793 12.3
      vertex 43.6453 7.58085 12.3
    endloop
  endfacet
  facet normal 0 0 1
    outer loop
      vertex 43.4724 7.49843 12.3
      vertex 48.7435 7.57793 12.3
      vertex 43.6405 7.57793 12.3
    endloop
  endfacet
  facet normal 0 0 1
    outer loop
      vertex 48.9116 7.49843 12.3
      vertex 43.4724 7.49843 12.3
      vertex 43.4672 7.496 12.3
    endloop
  endfacet
  facet normal 0 0 1
    outer loop
      vertex 48.9168 7.496 12.3
      vertex 43.4672 7.496 12.3
      vertex 43.4619 7.49409 12.3
    endloop
  endfacet
  facet normal 0 0 1
    outer loop
      vertex 48.9221 7.49409 12.3
      vertex 43.4619 7.49409 12.3
      vertex 43.2868 7.43145 12.3
    endloop
  endfacet
  facet normal 0 0 1
    outer loop
      vertex 49.0972 7.43145 12.3
      vertex 43.2868 7.43145 12.3
      vertex 43.1064 7.38627 12.3
    endloop
  endfacet
  facet normal 0 0 1
    outer loop
      vertex 49.0972 7.43145 12.3
      vertex 43.1064 7.38627 12.3
      vertex 43.1009 7.38489 12.3
    endloop
  endfacet
  facet normal 0 0 1
    outer loop
      vertex 49.2831 7.38489 12.3
      vertex 43.1009 7.38489 12.3
      vertex 43.0953 7.38405 12.3
    endloop
  endfacet
  facet normal 0 0 1
    outer loop
      vertex 49.2831 7.38489 12.3
      vertex 43.0953 7.38405 12.3
      vertex 42.9114 7.35677 12.3
    endloop
  endfacet
  facet normal 0 0 1
    outer loop
      vertex 49.4726 7.35677 12.3
      vertex 42.9114 7.35677 12.3
      vertex 64.608 0 12.3
    endloop
  endfacet
  facet normal -0 0 1
    outer loop
      vertex 42.7257 7.34765 12.3
      vertex 64.608 0 12.3
      vertex 42.9114 7.35677 12.3
    endloop
  endfacet
  facet normal -0 0 1
    outer loop
      vertex 42.72 7.34737 12.3
      vertex 64.608 0 12.3
      vertex 42.7257 7.34765 12.3
    endloop
  endfacet
  facet normal 0 0 1
    outer loop
      vertex 42.7143 7.34765 12.3
      vertex 64.608 0 12.3
      vertex 42.72 7.34737 12.3
    endloop
  endfacet
  facet normal 0 0 1
    outer loop
      vertex 42.5286 7.35677 12.3
      vertex 64.608 0 12.3
      vertex 42.7143 7.34765 12.3
    endloop
  endfacet
  facet normal 0 0 1
    outer loop
      vertex 35.9674 7.35677 12.3
      vertex 42.5286 7.35677 12.3
      vertex 42.3447 7.38405 12.3
    endloop
  endfacet
  facet normal 0 0 1
    outer loop
      vertex 35.9674 7.35677 12.3
      vertex 42.3447 7.38405 12.3
      vertex 42.3391 7.38489 12.3
    endloop
  endfacet
  facet normal 0 0 1
    outer loop
      vertex 36.1569 7.38489 12.3
      vertex 42.3391 7.38489 12.3
      vertex 42.3335 7.38627 12.3
    endloop
  endfacet
  facet normal 0 0 1
    outer loop
      vertex 36.1569 7.38489 12.3
      vertex 42.3335 7.38627 12.3
      vertex 42.1532 7.43145 12.3
    endloop
  endfacet
  facet normal -0 0 1
    outer loop
      vertex 36.6965 7.57793 12.3
      vertex 41.9676 7.49843 12.3
      vertex 41.7995 7.57793 12.3
    endloop
  endfacet
  facet normal 0 0 1
    outer loop
      vertex 37.0102 7.78721 12.3
      vertex 41.4858 7.78721 12.3
      vertex 41.4813 7.7906 12.3
    endloop
  endfacet
  facet normal -0 0 1
    outer loop
      vertex 37.1525 7.91547 12.3
      vertex 41.4771 7.79441 12.3
      vertex 41.3393 7.91928 12.3
    endloop
  endfacet
  facet normal -0 0 1
    outer loop
      vertex 37.3962 8.21061 12.3
      vertex 41.2072 8.06583 12.3
      vertex 41.0964 8.21518 12.3
    endloop
  endfacet
  facet normal -0 0 1
    outer loop
      vertex 37.4981 8.37954 12.3
      vertex 41.0009 8.37466 12.3
      vertex 40.9979 8.37954 12.3
    endloop
  endfacet
  facet normal 0 0 1
    outer loop
      vertex 37.6897 8.91355 12.3
      vertex 40.8063 8.91355 12.3
      vertex 40.8049 8.91906 12.3
    endloop
  endfacet
  facet normal -0 0 1
    outer loop
      vertex 37.7192 9.10861 12.3
      vertex 40.8041 8.92468 12.3
      vertex 40.7768 9.10861 12.3
    endloop
  endfacet
  facet normal -0 0 1
    outer loop
      vertex 37.7286 9.3 12.3
      vertex 40.7676 9.29432 12.3
      vertex 40.7674 9.3 12.3
    endloop
  endfacet
  facet normal 0 0 1
    outer loop
      vertex 37.7286 9.3 12.3
      vertex 40.7768 9.10861 12.3
      vertex 40.7676 9.29432 12.3
    endloop
  endfacet
  facet normal -0 0 1
    outer loop
      vertex 37.7195 9.11428 12.3
      vertex 40.7768 9.10861 12.3
      vertex 37.7286 9.3 12.3
    endloop
  endfacet
  facet normal 0 0 1
    outer loop
      vertex 37.7192 9.10861 12.3
      vertex 40.7768 9.10861 12.3
      vertex 37.7195 9.11428 12.3
    endloop
  endfacet
  facet normal 0 0 1
    outer loop
      vertex 37.6919 8.92468 12.3
      vertex 40.8041 8.92468 12.3
      vertex 37.7192 9.10861 12.3
    endloop
  endfacet
  facet normal 0 0 1
    outer loop
      vertex 40.8041 8.92468 12.3
      vertex 37.6919 8.92468 12.3
      vertex 40.8049 8.91906 12.3
    endloop
  endfacet
  facet normal 0 0 1
    outer loop
      vertex 37.6911 8.91906 12.3
      vertex 40.8049 8.91906 12.3
      vertex 37.6919 8.92468 12.3
    endloop
  endfacet
  facet normal 0 0 1
    outer loop
      vertex 37.6897 8.91355 12.3
      vertex 40.8049 8.91906 12.3
      vertex 37.6911 8.91906 12.3
    endloop
  endfacet
  facet normal 0 0 1
    outer loop
      vertex 40.8063 8.91355 12.3
      vertex 37.6897 8.91355 12.3
      vertex 40.8514 8.73318 12.3
    endloop
  endfacet
  facet normal 0 0 1
    outer loop
      vertex 37.6446 8.73318 12.3
      vertex 40.8514 8.73318 12.3
      vertex 37.6897 8.91355 12.3
    endloop
  endfacet
  facet normal 0 0 1
    outer loop
      vertex 40.8514 8.73318 12.3
      vertex 37.6446 8.73318 12.3
      vertex 40.9141 8.55811 12.3
    endloop
  endfacet
  facet normal 0 0 1
    outer loop
      vertex 37.5819 8.55811 12.3
      vertex 40.9141 8.55811 12.3
      vertex 37.6446 8.73318 12.3
    endloop
  endfacet
  facet normal 0 0 1
    outer loop
      vertex 40.9141 8.55811 12.3
      vertex 37.5819 8.55811 12.3
      vertex 40.916 8.55276 12.3
    endloop
  endfacet
  facet normal 0 0 1
    outer loop
      vertex 37.58 8.55276 12.3
      vertex 40.916 8.55276 12.3
      vertex 37.5819 8.55811 12.3
    endloop
  endfacet
  facet normal 0 0 1
    outer loop
      vertex 40.916 8.55276 12.3
      vertex 37.58 8.55276 12.3
      vertex 40.9184 8.54762 12.3
    endloop
  endfacet
  facet normal 0 0 1
    outer loop
      vertex 37.5776 8.54762 12.3
      vertex 40.9184 8.54762 12.3
      vertex 37.58 8.55276 12.3
    endloop
  endfacet
  facet normal 0 0 1
    outer loop
      vertex 40.9184 8.54762 12.3
      vertex 37.5776 8.54762 12.3
      vertex 40.9979 8.37954 12.3
    endloop
  endfacet
  facet normal 0 0 1
    outer loop
      vertex 37.4981 8.37954 12.3
      vertex 40.9979 8.37954 12.3
      vertex 37.5776 8.54762 12.3
    endloop
  endfacet
  facet normal 0 0 1
    outer loop
      vertex 41.0009 8.37466 12.3
      vertex 37.4981 8.37954 12.3
      vertex 41.0964 8.21518 12.3
    endloop
  endfacet
  facet normal -0 0 1
    outer loop
      vertex 37.4025 8.22005 12.3
      vertex 41.0964 8.21518 12.3
      vertex 37.4981 8.37954 12.3
    endloop
  endfacet
  facet normal 0 0 1
    outer loop
      vertex 37.3996 8.21518 12.3
      vertex 41.0964 8.21518 12.3
      vertex 37.4025 8.22005 12.3
    endloop
  endfacet
  facet normal 0 0 1
    outer loop
      vertex 37.3962 8.21061 12.3
      vertex 41.0964 8.21518 12.3
      vertex 37.3996 8.21518 12.3
    endloop
  endfacet
  facet normal 0 0 1
    outer loop
      vertex 37.2854 8.06126 12.3
      vertex 41.2072 8.06583 12.3
      vertex 37.3962 8.21061 12.3
    endloop
  endfacet
  facet normal 0 0 1
    outer loop
      vertex 41.2072 8.06583 12.3
      vertex 37.2854 8.06126 12.3
      vertex 41.2106 8.06126 12.3
    endloop
  endfacet
  facet normal 0 0 1
    outer loop
      vertex 41.2106 8.06126 12.3
      vertex 37.2854 8.06126 12.3
      vertex 41.2144 8.05705 12.3
    endloop
  endfacet
  facet normal 0 0 1
    outer loop
      vertex 41.2144 8.05705 12.3
      vertex 37.2854 8.06126 12.3
      vertex 41.3393 7.91928 12.3
    endloop
  endfacet
  facet normal -0 0 1
    outer loop
      vertex 37.1605 7.92349 12.3
      vertex 41.3393 7.91928 12.3
      vertex 37.2854 8.06126 12.3
    endloop
  endfacet
  facet normal 0 0 1
    outer loop
      vertex 37.1567 7.91928 12.3
      vertex 41.3393 7.91928 12.3
      vertex 37.1605 7.92349 12.3
    endloop
  endfacet
  facet normal 0 0 1
    outer loop
      vertex 37.1525 7.91547 12.3
      vertex 41.3393 7.91928 12.3
      vertex 37.1567 7.91928 12.3
    endloop
  endfacet
  facet normal 0 0 1
    outer loop
      vertex 37.0147 7.7906 12.3
      vertex 41.4771 7.79441 12.3
      vertex 37.1525 7.91547 12.3
    endloop
  endfacet
  facet normal 0 0 1
    outer loop
      vertex 41.4771 7.79441 12.3
      vertex 37.0147 7.7906 12.3
      vertex 41.4813 7.7906 12.3
    endloop
  endfacet
  facet normal 0 0 1
    outer loop
      vertex 37.0102 7.78721 12.3
      vertex 41.4813 7.7906 12.3
      vertex 37.0147 7.7906 12.3
    endloop
  endfacet
  facet normal 0 0 1
    outer loop
      vertex 41.4858 7.78721 12.3
      vertex 37.0102 7.78721 12.3
      vertex 41.6352 7.67645 12.3
    endloop
  endfacet
  facet normal 0 0 1
    outer loop
      vertex 36.8608 7.67645 12.3
      vertex 41.6352 7.67645 12.3
      vertex 37.0102 7.78721 12.3
    endloop
  endfacet
  facet normal 0 0 1
    outer loop
      vertex 41.6352 7.67645 12.3
      vertex 36.8608 7.67645 12.3
      vertex 41.7947 7.58085 12.3
    endloop
  endfacet
  facet normal 0 0 1
    outer loop
      vertex 36.7013 7.58085 12.3
      vertex 41.7947 7.58085 12.3
      vertex 36.8608 7.67645 12.3
    endloop
  endfacet
  facet normal 0 0 1
    outer loop
      vertex 41.7947 7.58085 12.3
      vertex 36.7013 7.58085 12.3
      vertex 41.7995 7.57793 12.3
    endloop
  endfacet
  facet normal 0 0 1
    outer loop
      vertex 36.6965 7.57793 12.3
      vertex 41.7995 7.57793 12.3
      vertex 36.7013 7.58085 12.3
    endloop
  endfacet
  facet normal 0 0 1
    outer loop
      vertex 36.5284 7.49843 12.3
      vertex 41.9676 7.49843 12.3
      vertex 36.6965 7.57793 12.3
    endloop
  endfacet
  facet normal 0 0 1
    outer loop
      vertex 41.9676 7.49843 12.3
      vertex 36.5284 7.49843 12.3
      vertex 41.9728 7.496 12.3
    endloop
  endfacet
  facet normal 0 0 1
    outer loop
      vertex 36.5232 7.496 12.3
      vertex 41.9728 7.496 12.3
      vertex 36.5284 7.49843 12.3
    endloop
  endfacet
  facet normal 0 0 1
    outer loop
      vertex 41.9728 7.496 12.3
      vertex 36.5232 7.496 12.3
      vertex 41.9781 7.49409 12.3
    endloop
  endfacet
  facet normal 0 0 1
    outer loop
      vertex 36.5179 7.49409 12.3
      vertex 41.9781 7.49409 12.3
      vertex 36.5232 7.496 12.3
    endloop
  endfacet
  facet normal 0 0 1
    outer loop
      vertex 41.9781 7.49409 12.3
      vertex 36.5179 7.49409 12.3
      vertex 42.1532 7.43145 12.3
    endloop
  endfacet
  facet normal 0 0 1
    outer loop
      vertex 36.3428 7.43145 12.3
      vertex 42.1532 7.43145 12.3
      vertex 36.5179 7.49409 12.3
    endloop
  endfacet
  facet normal 0 0 1
    outer loop
      vertex 36.1624 7.38627 12.3
      vertex 42.1532 7.43145 12.3
      vertex 36.3428 7.43145 12.3
    endloop
  endfacet
  facet normal 0 0 1
    outer loop
      vertex 36.1569 7.38489 12.3
      vertex 42.1532 7.43145 12.3
      vertex 36.1624 7.38627 12.3
    endloop
  endfacet
  facet normal 0 0 1
    outer loop
      vertex 42.3391 7.38489 12.3
      vertex 36.1569 7.38489 12.3
      vertex 36.1513 7.38405 12.3
    endloop
  endfacet
  facet normal 0 0 1
    outer loop
      vertex 42.3391 7.38489 12.3
      vertex 36.1513 7.38405 12.3
      vertex 35.9674 7.35677 12.3
    endloop
  endfacet
  facet normal 0 0 1
    outer loop
      vertex 42.5286 7.35677 12.3
      vertex 35.9674 7.35677 12.3
      vertex 64.608 0 12.3
    endloop
  endfacet
  facet normal -0 0 1
    outer loop
      vertex 35.7817 7.34765 12.3
      vertex 64.608 0 12.3
      vertex 35.9674 7.35677 12.3
    endloop
  endfacet
  facet normal -0 0 1
    outer loop
      vertex 35.776 7.34737 12.3
      vertex 64.608 0 12.3
      vertex 35.7817 7.34765 12.3
    endloop
  endfacet
  facet normal 0 0 1
    outer loop
      vertex 35.7703 7.34765 12.3
      vertex 64.608 0 12.3
      vertex 35.776 7.34737 12.3
    endloop
  endfacet
  facet normal 0 0 1
    outer loop
      vertex 35.5846 7.35677 12.3
      vertex 64.608 0 12.3
      vertex 35.7703 7.34765 12.3
    endloop
  endfacet
  facet normal 0 0 1
    outer loop
      vertex 29.0234 7.35677 12.3
      vertex 35.5846 7.35677 12.3
      vertex 35.4007 7.38405 12.3
    endloop
  endfacet
  facet normal 0 0 1
    outer loop
      vertex 29.0234 7.35677 12.3
      vertex 35.4007 7.38405 12.3
      vertex 35.3951 7.38489 12.3
    endloop
  endfacet
  facet normal 0 0 1
    outer loop
      vertex 29.2129 7.38489 12.3
      vertex 35.3951 7.38489 12.3
      vertex 35.3895 7.38627 12.3
    endloop
  endfacet
  facet normal 0 0 1
    outer loop
      vertex 29.2129 7.38489 12.3
      vertex 35.3895 7.38627 12.3
      vertex 35.2092 7.43145 12.3
    endloop
  endfacet
  facet normal -0 0 1
    outer loop
      vertex 29.7525 7.57793 12.3
      vertex 35.0236 7.49843 12.3
      vertex 34.8555 7.57793 12.3
    endloop
  endfacet
  facet normal 0 0 1
    outer loop
      vertex 30.0662 7.78721 12.3
      vertex 34.5418 7.78721 12.3
      vertex 34.5373 7.7906 12.3
    endloop
  endfacet
  facet normal 0 0 1
    outer loop
      vertex 30.2085 7.91547 12.3
      vertex 34.3995 7.91547 12.3
      vertex 34.3953 7.91928 12.3
    endloop
  endfacet
  facet normal -0 0 1
    outer loop
      vertex 30.3414 8.06126 12.3
      vertex 34.3915 7.92349 12.3
      vertex 34.2666 8.06126 12.3
    endloop
  endfacet
  facet normal -0 0 1
    outer loop
      vertex 30.4556 8.21518 12.3
      vertex 34.2632 8.06583 12.3
      vertex 34.1524 8.21518 12.3
    endloop
  endfacet
  facet normal 0 0 1
    outer loop
      vertex 30.6336 8.54762 12.3
      vertex 33.9744 8.54762 12.3
      vertex 33.972 8.55276 12.3
    endloop
  endfacet
  facet normal -0 0 1
    outer loop
      vertex 30.7846 9.3 12.3
      vertex 33.8236 9.29432 12.3
      vertex 33.8234 9.3 12.3
    endloop
  endfacet
  facet normal 0 0 1
    outer loop
      vertex 30.7844 9.29432 12.3
      vertex 33.8236 9.29432 12.3
      vertex 30.7846 9.3 12.3
    endloop
  endfacet
  facet normal 0 0 1
    outer loop
      vertex 33.8236 9.29432 12.3
      vertex 30.7844 9.29432 12.3
      vertex 33.8328 9.10861 12.3
    endloop
  endfacet
  facet normal 0 0 1
    outer loop
      vertex 30.7752 9.10861 12.3
      vertex 33.8328 9.10861 12.3
      vertex 30.7844 9.29432 12.3
    endloop
  endfacet
  facet normal 0 0 1
    outer loop
      vertex 33.8328 9.10861 12.3
      vertex 30.7752 9.10861 12.3
      vertex 33.8601 8.92468 12.3
    endloop
  endfacet
  facet normal 0 0 1
    outer loop
      vertex 30.7479 8.92468 12.3
      vertex 33.8601 8.92468 12.3
      vertex 30.7752 9.10861 12.3
    endloop
  endfacet
  facet normal 0 0 1
    outer loop
      vertex 33.8601 8.92468 12.3
      vertex 30.7479 8.92468 12.3
      vertex 33.8609 8.91906 12.3
    endloop
  endfacet
  facet normal 0 0 1
    outer loop
      vertex 30.7471 8.91906 12.3
      vertex 33.8609 8.91906 12.3
      vertex 30.7479 8.92468 12.3
    endloop
  endfacet
  facet normal 0 0 1
    outer loop
      vertex 33.8609 8.91906 12.3
      vertex 30.7471 8.91906 12.3
      vertex 33.8623 8.91355 12.3
    endloop
  endfacet
  facet normal 0 0 1
    outer loop
      vertex 30.7457 8.91355 12.3
      vertex 33.8623 8.91355 12.3
      vertex 30.7471 8.91906 12.3
    endloop
  endfacet
  facet normal 0 0 1
    outer loop
      vertex 33.8623 8.91355 12.3
      vertex 30.7457 8.91355 12.3
      vertex 33.9074 8.73318 12.3
    endloop
  endfacet
  facet normal 0 0 1
    outer loop
      vertex 30.7006 8.73318 12.3
      vertex 33.9074 8.73318 12.3
      vertex 30.7457 8.91355 12.3
    endloop
  endfacet
  facet normal 0 0 1
    outer loop
      vertex 33.9074 8.73318 12.3
      vertex 30.7006 8.73318 12.3
      vertex 33.9701 8.55811 12.3
    endloop
  endfacet
  facet normal 0 0 1
    outer loop
      vertex 30.6379 8.55811 12.3
      vertex 33.9701 8.55811 12.3
      vertex 30.7006 8.73318 12.3
    endloop
  endfacet
  facet normal 0 0 1
    outer loop
      vertex 33.9701 8.55811 12.3
      vertex 30.6379 8.55811 12.3
      vertex 33.972 8.55276 12.3
    endloop
  endfacet
  facet normal 0 0 1
    outer loop
      vertex 30.636 8.55276 12.3
      vertex 33.972 8.55276 12.3
      vertex 30.6379 8.55811 12.3
    endloop
  endfacet
  facet normal 0 0 1
    outer loop
      vertex 30.6336 8.54762 12.3
      vertex 33.972 8.55276 12.3
      vertex 30.636 8.55276 12.3
    endloop
  endfacet
  facet normal 0 0 1
    outer loop
      vertex 33.9744 8.54762 12.3
      vertex 30.6336 8.54762 12.3
      vertex 34.0539 8.37954 12.3
    endloop
  endfacet
  facet normal 0 0 1
    outer loop
      vertex 30.5541 8.37954 12.3
      vertex 34.0539 8.37954 12.3
      vertex 30.6336 8.54762 12.3
    endloop
  endfacet
  facet normal 0 0 1
    outer loop
      vertex 30.5511 8.37466 12.3
      vertex 34.0539 8.37954 12.3
      vertex 30.5541 8.37954 12.3
    endloop
  endfacet
  facet normal 0 0 1
    outer loop
      vertex 34.0539 8.37954 12.3
      vertex 30.5511 8.37466 12.3
      vertex 34.1495 8.22005 12.3
    endloop
  endfacet
  facet normal 0 0 1
    outer loop
      vertex 30.4556 8.21518 12.3
      vertex 34.1495 8.22005 12.3
      vertex 30.5511 8.37466 12.3
    endloop
  endfacet
  facet normal 0 0 1
    outer loop
      vertex 34.1495 8.22005 12.3
      vertex 30.4556 8.21518 12.3
      vertex 34.1524 8.21518 12.3
    endloop
  endfacet
  facet normal 0 0 1
    outer loop
      vertex 30.3448 8.06583 12.3
      vertex 34.2632 8.06583 12.3
      vertex 30.4556 8.21518 12.3
    endloop
  endfacet
  facet normal 0 0 1
    outer loop
      vertex 34.2632 8.06583 12.3
      vertex 30.3448 8.06583 12.3
      vertex 34.2666 8.06126 12.3
    endloop
  endfacet
  facet normal 0 0 1
    outer loop
      vertex 30.3414 8.06126 12.3
      vertex 34.2666 8.06126 12.3
      vertex 30.3448 8.06583 12.3
    endloop
  endfacet
  facet normal 0 0 1
    outer loop
      vertex 30.2165 7.92349 12.3
      vertex 34.3915 7.92349 12.3
      vertex 30.3414 8.06126 12.3
    endloop
  endfacet
  facet normal 0 0 1
    outer loop
      vertex 34.3915 7.92349 12.3
      vertex 30.2165 7.92349 12.3
      vertex 34.3953 7.91928 12.3
    endloop
  endfacet
  facet normal 0 0 1
    outer loop
      vertex 30.2127 7.91928 12.3
      vertex 34.3953 7.91928 12.3
      vertex 30.2165 7.92349 12.3
    endloop
  endfacet
  facet normal 0 0 1
    outer loop
      vertex 30.2085 7.91547 12.3
      vertex 34.3953 7.91928 12.3
      vertex 30.2127 7.91928 12.3
    endloop
  endfacet
  facet normal 0 0 1
    outer loop
      vertex 34.3995 7.91547 12.3
      vertex 30.2085 7.91547 12.3
      vertex 34.5373 7.7906 12.3
    endloop
  endfacet
  facet normal 0 0 1
    outer loop
      vertex 30.0707 7.7906 12.3
      vertex 34.5373 7.7906 12.3
      vertex 30.2085 7.91547 12.3
    endloop
  endfacet
  facet normal 0 0 1
    outer loop
      vertex 30.0662 7.78721 12.3
      vertex 34.5373 7.7906 12.3
      vertex 30.0707 7.7906 12.3
    endloop
  endfacet
  facet normal 0 0 1
    outer loop
      vertex 34.5418 7.78721 12.3
      vertex 30.0662 7.78721 12.3
      vertex 34.6912 7.67645 12.3
    endloop
  endfacet
  facet normal 0 0 1
    outer loop
      vertex 29.9168 7.67645 12.3
      vertex 34.6912 7.67645 12.3
      vertex 30.0662 7.78721 12.3
    endloop
  endfacet
  facet normal 0 0 1
    outer loop
      vertex 34.6912 7.67645 12.3
      vertex 29.9168 7.67645 12.3
      vertex 34.8507 7.58085 12.3
    endloop
  endfacet
  facet normal 0 0 1
    outer loop
      vertex 29.7573 7.58085 12.3
      vertex 34.8507 7.58085 12.3
      vertex 29.9168 7.67645 12.3
    endloop
  endfacet
  facet normal 0 0 1
    outer loop
      vertex 34.8507 7.58085 12.3
      vertex 29.7573 7.58085 12.3
      vertex 34.8555 7.57793 12.3
    endloop
  endfacet
  facet normal 0 0 1
    outer loop
      vertex 29.7525 7.57793 12.3
      vertex 34.8555 7.57793 12.3
      vertex 29.7573 7.58085 12.3
    endloop
  endfacet
  facet normal 0 0 1
    outer loop
      vertex 29.5844 7.49843 12.3
      vertex 35.0236 7.49843 12.3
      vertex 29.7525 7.57793 12.3
    endloop
  endfacet
  facet normal 0 0 1
    outer loop
      vertex 35.0236 7.49843 12.3
      vertex 29.5844 7.49843 12.3
      vertex 35.0288 7.496 12.3
    endloop
  endfacet
  facet normal 0 0 1
    outer loop
      vertex 29.5792 7.496 12.3
      vertex 35.0288 7.496 12.3
      vertex 29.5844 7.49843 12.3
    endloop
  endfacet
  facet normal 0 0 1
    outer loop
      vertex 35.0288 7.496 12.3
      vertex 29.5792 7.496 12.3
      vertex 35.0341 7.49409 12.3
    endloop
  endfacet
  facet normal 0 0 1
    outer loop
      vertex 29.5739 7.49409 12.3
      vertex 35.0341 7.49409 12.3
      vertex 29.5792 7.496 12.3
    endloop
  endfacet
  facet normal 0 0 1
    outer loop
      vertex 35.0341 7.49409 12.3
      vertex 29.5739 7.49409 12.3
      vertex 35.2092 7.43145 12.3
    endloop
  endfacet
  facet normal 0 0 1
    outer loop
      vertex 29.3988 7.43145 12.3
      vertex 35.2092 7.43145 12.3
      vertex 29.5739 7.49409 12.3
    endloop
  endfacet
  facet normal 0 0 1
    outer loop
      vertex 29.2185 7.38627 12.3
      vertex 35.2092 7.43145 12.3
      vertex 29.3988 7.43145 12.3
    endloop
  endfacet
  facet normal 0 0 1
    outer loop
      vertex 29.2129 7.38489 12.3
      vertex 35.2092 7.43145 12.3
      vertex 29.2185 7.38627 12.3
    endloop
  endfacet
  facet normal 0 0 1
    outer loop
      vertex 35.3951 7.38489 12.3
      vertex 29.2129 7.38489 12.3
      vertex 29.2073 7.38405 12.3
    endloop
  endfacet
  facet normal 0 0 1
    outer loop
      vertex 35.3951 7.38489 12.3
      vertex 29.2073 7.38405 12.3
      vertex 29.0234 7.35677 12.3
    endloop
  endfacet
  facet normal 0 0 1
    outer loop
      vertex 35.5846 7.35677 12.3
      vertex 29.0234 7.35677 12.3
      vertex 64.608 0 12.3
    endloop
  endfacet
  facet normal -0 0 1
    outer loop
      vertex 28.8377 7.34765 12.3
      vertex 64.608 0 12.3
      vertex 29.0234 7.35677 12.3
    endloop
  endfacet
  facet normal -0 0 1
    outer loop
      vertex 28.832 7.34737 12.3
      vertex 64.608 0 12.3
      vertex 28.8377 7.34765 12.3
    endloop
  endfacet
  facet normal 0 0 1
    outer loop
      vertex 0 0 12.3
      vertex 28.832 7.34737 12.3
      vertex 28.8263 7.34765 12.3
    endloop
  endfacet
  facet normal 0 0 1
    outer loop
      vertex 0 0 12.3
      vertex 28.8263 7.34765 12.3
      vertex 28.6406 7.35677 12.3
    endloop
  endfacet
  facet normal 0 0 1
    outer loop
      vertex 22.0794 7.35677 12.3
      vertex 28.6406 7.35677 12.3
      vertex 28.4567 7.38405 12.3
    endloop
  endfacet
  facet normal 0 0 1
    outer loop
      vertex 22.0794 7.35677 12.3
      vertex 28.4567 7.38405 12.3
      vertex 28.4511 7.38489 12.3
    endloop
  endfacet
  facet normal 0 0 -1
    outer loop
      vertex 28.2652 7.43145 12.3
      vertex 28.4511 7.38489 12.3
      vertex 28.4455 7.38627 12.3
    endloop
  endfacet
  facet normal -0 0 1
    outer loop
      vertex 22.8085 7.57793 12.3
      vertex 28.0796 7.49843 12.3
      vertex 27.9115 7.57793 12.3
    endloop
  endfacet
  facet normal -0 0 1
    outer loop
      vertex 22.9728 7.67645 12.3
      vertex 27.9067 7.58085 12.3
      vertex 27.7472 7.67645 12.3
    endloop
  endfacet
  facet normal -0 0 1
    outer loop
      vertex 23.1267 7.7906 12.3
      vertex 27.5978 7.78721 12.3
      vertex 27.5933 7.7906 12.3
    endloop
  endfacet
  facet normal 0 0 1
    outer loop
      vertex 23.2645 7.91547 12.3
      vertex 27.4555 7.91547 12.3
      vertex 27.4513 7.91928 12.3
    endloop
  endfacet
  facet normal -0 0 1
    outer loop
      vertex 23.8304 9.10299 12.3
      vertex 26.9161 8.92468 12.3
      vertex 26.8888 9.10861 12.3
    endloop
  endfacet
  facet normal -0 0 1
    outer loop
      vertex 23.8406 9.3 12.3
      vertex 26.8885 9.11428 12.3
      vertex 26.8794 9.3 12.3
    endloop
  endfacet
  facet normal 0 0 1
    outer loop
      vertex 23.8315 9.11428 12.3
      vertex 26.8885 9.11428 12.3
      vertex 23.8406 9.3 12.3
    endloop
  endfacet
  facet normal 0 0 1
    outer loop
      vertex 26.8885 9.11428 12.3
      vertex 23.8315 9.11428 12.3
      vertex 26.8888 9.10861 12.3
    endloop
  endfacet
  facet normal 0 0 1
    outer loop
      vertex 23.8312 9.10861 12.3
      vertex 26.8888 9.10861 12.3
      vertex 23.8315 9.11428 12.3
    endloop
  endfacet
  facet normal 0 0 1
    outer loop
      vertex 23.8304 9.10299 12.3
      vertex 26.8888 9.10861 12.3
      vertex 23.8312 9.10861 12.3
    endloop
  endfacet
  facet normal 0 0 1
    outer loop
      vertex 23.8031 8.91906 12.3
      vertex 26.9161 8.92468 12.3
      vertex 23.8304 9.10299 12.3
    endloop
  endfacet
  facet normal 0 0 1
    outer loop
      vertex 26.9161 8.92468 12.3
      vertex 23.8031 8.91906 12.3
      vertex 26.9169 8.91906 12.3
    endloop
  endfacet
  facet normal 0 0 1
    outer loop
      vertex 23.8017 8.91355 12.3
      vertex 26.9169 8.91906 12.3
      vertex 23.8031 8.91906 12.3
    endloop
  endfacet
  facet normal 0 0 1
    outer loop
      vertex 26.9169 8.91906 12.3
      vertex 23.8017 8.91355 12.3
      vertex 26.9621 8.73869 12.3
    endloop
  endfacet
  facet normal 0 0 1
    outer loop
      vertex 23.7566 8.73318 12.3
      vertex 26.9621 8.73869 12.3
      vertex 23.8017 8.91355 12.3
    endloop
  endfacet
  facet normal 0 0 1
    outer loop
      vertex 26.9621 8.73869 12.3
      vertex 23.7566 8.73318 12.3
      vertex 26.9634 8.73318 12.3
    endloop
  endfacet
  facet normal 0 0 1
    outer loop
      vertex 26.9634 8.73318 12.3
      vertex 23.7566 8.73318 12.3
      vertex 26.9654 8.72783 12.3
    endloop
  endfacet
  facet normal 0 0 1
    outer loop
      vertex 23.7546 8.72783 12.3
      vertex 26.9654 8.72783 12.3
      vertex 23.7566 8.73318 12.3
    endloop
  endfacet
  facet normal 0 0 1
    outer loop
      vertex 26.9654 8.72783 12.3
      vertex 23.7546 8.72783 12.3
      vertex 27.028 8.55276 12.3
    endloop
  endfacet
  facet normal 0 0 1
    outer loop
      vertex 23.692 8.55276 12.3
      vertex 27.028 8.55276 12.3
      vertex 23.7546 8.72783 12.3
    endloop
  endfacet
  facet normal 0 0 1
    outer loop
      vertex 27.028 8.55276 12.3
      vertex 23.692 8.55276 12.3
      vertex 27.0304 8.54762 12.3
    endloop
  endfacet
  facet normal 0 0 1
    outer loop
      vertex 23.6896 8.54762 12.3
      vertex 27.0304 8.54762 12.3
      vertex 23.692 8.55276 12.3
    endloop
  endfacet
  facet normal 0 0 1
    outer loop
      vertex 27.0304 8.54762 12.3
      vertex 23.6896 8.54762 12.3
      vertex 27.1099 8.37954 12.3
    endloop
  endfacet
  facet normal 0 0 1
    outer loop
      vertex 23.6101 8.37954 12.3
      vertex 27.1099 8.37954 12.3
      vertex 23.6896 8.54762 12.3
    endloop
  endfacet
  facet normal 0 0 1
    outer loop
      vertex 27.1099 8.37954 12.3
      vertex 23.6101 8.37954 12.3
      vertex 27.2055 8.22005 12.3
    endloop
  endfacet
  facet normal 0 0 1
    outer loop
      vertex 23.5145 8.22005 12.3
      vertex 27.2055 8.22005 12.3
      vertex 23.6101 8.37954 12.3
    endloop
  endfacet
  facet normal 0 0 1
    outer loop
      vertex 27.2055 8.22005 12.3
      vertex 23.5145 8.22005 12.3
      vertex 27.2084 8.21518 12.3
    endloop
  endfacet
  facet normal 0 0 1
    outer loop
      vertex 23.5116 8.21518 12.3
      vertex 27.2084 8.21518 12.3
      vertex 23.5145 8.22005 12.3
    endloop
  endfacet
  facet normal 0 0 1
    outer loop
      vertex 27.2084 8.21518 12.3
      vertex 23.5116 8.21518 12.3
      vertex 27.3192 8.06583 12.3
    endloop
  endfacet
  facet normal 0 0 1
    outer loop
      vertex 23.4008 8.06583 12.3
      vertex 27.3192 8.06583 12.3
      vertex 23.5116 8.21518 12.3
    endloop
  endfacet
  facet normal 0 0 1
    outer loop
      vertex 27.3192 8.06583 12.3
      vertex 23.4008 8.06583 12.3
      vertex 27.3226 8.06126 12.3
    endloop
  endfacet
  facet normal 0 0 1
    outer loop
      vertex 23.3974 8.06126 12.3
      vertex 27.3226 8.06126 12.3
      vertex 23.4008 8.06583 12.3
    endloop
  endfacet
  facet normal 0 0 1
    outer loop
      vertex 27.3226 8.06126 12.3
      vertex 23.3974 8.06126 12.3
      vertex 27.3264 8.05705 12.3
    endloop
  endfacet
  facet normal 0 0 1
    outer loop
      vertex 23.3936 8.05705 12.3
      vertex 27.3264 8.05705 12.3
      vertex 23.3974 8.06126 12.3
    endloop
  endfacet
  facet normal 0 0 1
    outer loop
      vertex 27.3264 8.05705 12.3
      vertex 23.3936 8.05705 12.3
      vertex 27.4513 7.91928 12.3
    endloop
  endfacet
  facet normal 0 0 1
    outer loop
      vertex 23.2687 7.91928 12.3
      vertex 27.4513 7.91928 12.3
      vertex 23.3936 8.05705 12.3
    endloop
  endfacet
  facet normal 0 0 1
    outer loop
      vertex 23.2645 7.91547 12.3
      vertex 27.4513 7.91928 12.3
      vertex 23.2687 7.91928 12.3
    endloop
  endfacet
  facet normal 0 0 1
    outer loop
      vertex 27.4555 7.91547 12.3
      vertex 23.2645 7.91547 12.3
      vertex 27.5933 7.7906 12.3
    endloop
  endfacet
  facet normal 0 0 1
    outer loop
      vertex 23.1267 7.7906 12.3
      vertex 27.5933 7.7906 12.3
      vertex 23.2645 7.91547 12.3
    endloop
  endfacet
  facet normal 0 0 1
    outer loop
      vertex 27.5978 7.78721 12.3
      vertex 23.1267 7.7906 12.3
      vertex 27.7472 7.67645 12.3
    endloop
  endfacet
  facet normal -0 0 1
    outer loop
      vertex 22.9774 7.67983 12.3
      vertex 27.7472 7.67645 12.3
      vertex 23.1267 7.7906 12.3
    endloop
  endfacet
  facet normal 0 0 1
    outer loop
      vertex 22.9728 7.67645 12.3
      vertex 27.7472 7.67645 12.3
      vertex 22.9774 7.67983 12.3
    endloop
  endfacet
  facet normal 0 0 1
    outer loop
      vertex 22.8133 7.58085 12.3
      vertex 27.9067 7.58085 12.3
      vertex 22.9728 7.67645 12.3
    endloop
  endfacet
  facet normal 0 0 1
    outer loop
      vertex 27.9067 7.58085 12.3
      vertex 22.8133 7.58085 12.3
      vertex 27.9115 7.57793 12.3
    endloop
  endfacet
  facet normal 0 0 1
    outer loop
      vertex 22.8085 7.57793 12.3
      vertex 27.9115 7.57793 12.3
      vertex 22.8133 7.58085 12.3
    endloop
  endfacet
  facet normal 0 0 1
    outer loop
      vertex 22.6404 7.49843 12.3
      vertex 28.0796 7.49843 12.3
      vertex 22.8085 7.57793 12.3
    endloop
  endfacet
  facet normal 0 0 1
    outer loop
      vertex 28.0796 7.49843 12.3
      vertex 22.6404 7.49843 12.3
      vertex 28.0848 7.496 12.3
    endloop
  endfacet
  facet normal 0 0 1
    outer loop
      vertex 22.6352 7.496 12.3
      vertex 28.0848 7.496 12.3
      vertex 22.6404 7.49843 12.3
    endloop
  endfacet
  facet normal 0 0 1
    outer loop
      vertex 28.0848 7.496 12.3
      vertex 22.6352 7.496 12.3
      vertex 28.0901 7.49409 12.3
    endloop
  endfacet
  facet normal 0 0 1
    outer loop
      vertex 22.6299 7.49409 12.3
      vertex 28.0901 7.49409 12.3
      vertex 22.6352 7.496 12.3
    endloop
  endfacet
  facet normal 0 0 1
    outer loop
      vertex 28.0901 7.49409 12.3
      vertex 22.6299 7.49409 12.3
      vertex 28.2652 7.43145 12.3
    endloop
  endfacet
  facet normal 0 0 1
    outer loop
      vertex 22.4548 7.43145 12.3
      vertex 28.2652 7.43145 12.3
      vertex 22.6299 7.49409 12.3
    endloop
  endfacet
  facet normal 0 0 1
    outer loop
      vertex 28.2652 7.43145 12.3
      vertex 22.4548 7.43145 12.3
      vertex 28.4511 7.38489 12.3
    endloop
  endfacet
  facet normal -0 0 1
    outer loop
      vertex 22.2745 7.38627 12.3
      vertex 28.4511 7.38489 12.3
      vertex 22.4548 7.43145 12.3
    endloop
  endfacet
  facet normal 0 0 1
    outer loop
      vertex 22.2689 7.38489 12.3
      vertex 28.4511 7.38489 12.3
      vertex 22.2745 7.38627 12.3
    endloop
  endfacet
  facet normal 0 0 1
    outer loop
      vertex 22.2633 7.38405 12.3
      vertex 28.4511 7.38489 12.3
      vertex 22.2689 7.38489 12.3
    endloop
  endfacet
  facet normal 0 0 1
    outer loop
      vertex 22.0794 7.35677 12.3
      vertex 28.4511 7.38489 12.3
      vertex 22.2633 7.38405 12.3
    endloop
  endfacet
  facet normal 0 0 1
    outer loop
      vertex 28.6406 7.35677 12.3
      vertex 22.0794 7.35677 12.3
      vertex 0 0 12.3
    endloop
  endfacet
  facet normal 0 0 1
    outer loop
      vertex 0 0 12.3
      vertex 22.0794 7.35677 12.3
      vertex 21.8937 7.34765 12.3
    endloop
  endfacet
  facet normal 0 0 1
    outer loop
      vertex 0 0 12.3
      vertex 21.8937 7.34765 12.3
      vertex 21.888 7.34737 12.3
    endloop
  endfacet
  facet normal 0 0 1
    outer loop
      vertex 0 0 12.3
      vertex 21.888 7.34737 12.3
      vertex 21.8823 7.34765 12.3
    endloop
  endfacet
  facet normal 0 0 1
    outer loop
      vertex 0 0 12.3
      vertex 21.8823 7.34765 12.3
      vertex 21.6966 7.35677 12.3
    endloop
  endfacet
  facet normal 0 0 1
    outer loop
      vertex 15.1354 7.35677 12.3
      vertex 21.6966 7.35677 12.3
      vertex 21.5127 7.38405 12.3
    endloop
  endfacet
  facet normal 0 0 1
    outer loop
      vertex 15.1354 7.35677 12.3
      vertex 21.5127 7.38405 12.3
      vertex 21.5071 7.38489 12.3
    endloop
  endfacet
  facet normal 0 0 -1
    outer loop
      vertex 21.3212 7.43145 12.3
      vertex 21.5071 7.38489 12.3
      vertex 21.5015 7.38627 12.3
    endloop
  endfacet
  facet normal -0 0 1
    outer loop
      vertex 16.0288 7.67645 12.3
      vertex 20.9627 7.58085 12.3
      vertex 20.8032 7.67645 12.3
    endloop
  endfacet
  facet normal -0 0 1
    outer loop
      vertex 16.1782 7.78721 12.3
      vertex 20.7986 7.67983 12.3
      vertex 20.6493 7.7906 12.3
    endloop
  endfacet
  facet normal 0 0 1
    outer loop
      vertex 16.3205 7.91547 12.3
      vertex 20.5115 7.91547 12.3
      vertex 20.5073 7.91928 12.3
    endloop
  endfacet
  facet normal -0 0 1
    outer loop
      vertex 16.5676 8.21518 12.3
      vertex 20.3752 8.06583 12.3
      vertex 20.2644 8.21518 12.3
    endloop
  endfacet
  facet normal 0 0 1
    outer loop
      vertex 16.8106 8.72783 12.3
      vertex 20.0214 8.72783 12.3
      vertex 20.0194 8.73318 12.3
    endloop
  endfacet
  facet normal -0 0 1
    outer loop
      vertex 16.8591 8.91906 12.3
      vertex 19.9743 8.91355 12.3
      vertex 19.9729 8.91906 12.3
    endloop
  endfacet
  facet normal -0 0 1
    outer loop
      vertex 16.8872 9.10861 12.3
      vertex 19.9721 8.92468 12.3
      vertex 19.9448 9.10861 12.3
    endloop
  endfacet
  facet normal -0 0 1
    outer loop
      vertex 16.8966 9.3 12.3
      vertex 19.9445 9.11428 12.3
      vertex 19.9354 9.3 12.3
    endloop
  endfacet
  facet normal 0 0 1
    outer loop
      vertex 16.8875 9.11428 12.3
      vertex 19.9445 9.11428 12.3
      vertex 16.8966 9.3 12.3
    endloop
  endfacet
  facet normal 0 0 1
    outer loop
      vertex 19.9445 9.11428 12.3
      vertex 16.8875 9.11428 12.3
      vertex 19.9448 9.10861 12.3
    endloop
  endfacet
  facet normal 0 0 1
    outer loop
      vertex 16.8872 9.10861 12.3
      vertex 19.9448 9.10861 12.3
      vertex 16.8875 9.11428 12.3
    endloop
  endfacet
  facet normal 0 0 1
    outer loop
      vertex 16.8599 8.92468 12.3
      vertex 19.9721 8.92468 12.3
      vertex 16.8872 9.10861 12.3
    endloop
  endfacet
  facet normal 0 0 1
    outer loop
      vertex 19.9721 8.92468 12.3
      vertex 16.8599 8.92468 12.3
      vertex 19.9729 8.91906 12.3
    endloop
  endfacet
  facet normal 0 0 1
    outer loop
      vertex 16.8591 8.91906 12.3
      vertex 19.9729 8.91906 12.3
      vertex 16.8599 8.92468 12.3
    endloop
  endfacet
  facet normal 0 0 1
    outer loop
      vertex 19.9743 8.91355 12.3
      vertex 16.8591 8.91906 12.3
      vertex 20.0194 8.73318 12.3
    endloop
  endfacet
  facet normal -0 0 1
    outer loop
      vertex 16.8139 8.73869 12.3
      vertex 20.0194 8.73318 12.3
      vertex 16.8591 8.91906 12.3
    endloop
  endfacet
  facet normal 0 0 1
    outer loop
      vertex 16.8126 8.73318 12.3
      vertex 20.0194 8.73318 12.3
      vertex 16.8139 8.73869 12.3
    endloop
  endfacet
  facet normal 0 0 1
    outer loop
      vertex 16.8106 8.72783 12.3
      vertex 20.0194 8.73318 12.3
      vertex 16.8126 8.73318 12.3
    endloop
  endfacet
  facet normal 0 0 1
    outer loop
      vertex 20.0214 8.72783 12.3
      vertex 16.8106 8.72783 12.3
      vertex 20.084 8.55276 12.3
    endloop
  endfacet
  facet normal 0 0 1
    outer loop
      vertex 16.748 8.55276 12.3
      vertex 20.084 8.55276 12.3
      vertex 16.8106 8.72783 12.3
    endloop
  endfacet
  facet normal 0 0 1
    outer loop
      vertex 20.084 8.55276 12.3
      vertex 16.748 8.55276 12.3
      vertex 20.0864 8.54762 12.3
    endloop
  endfacet
  facet normal 0 0 1
    outer loop
      vertex 16.7456 8.54762 12.3
      vertex 20.0864 8.54762 12.3
      vertex 16.748 8.55276 12.3
    endloop
  endfacet
  facet normal 0 0 1
    outer loop
      vertex 20.0864 8.54762 12.3
      vertex 16.7456 8.54762 12.3
      vertex 20.1659 8.37954 12.3
    endloop
  endfacet
  facet normal 0 0 1
    outer loop
      vertex 16.6661 8.37954 12.3
      vertex 20.1659 8.37954 12.3
      vertex 16.7456 8.54762 12.3
    endloop
  endfacet
  facet normal 0 0 1
    outer loop
      vertex 20.1659 8.37954 12.3
      vertex 16.6661 8.37954 12.3
      vertex 20.2615 8.22005 12.3
    endloop
  endfacet
  facet normal 0 0 1
    outer loop
      vertex 16.5705 8.22005 12.3
      vertex 20.2615 8.22005 12.3
      vertex 16.6661 8.37954 12.3
    endloop
  endfacet
  facet normal 0 0 1
    outer loop
      vertex 20.2615 8.22005 12.3
      vertex 16.5705 8.22005 12.3
      vertex 20.2644 8.21518 12.3
    endloop
  endfacet
  facet normal 0 0 1
    outer loop
      vertex 16.5676 8.21518 12.3
      vertex 20.2644 8.21518 12.3
      vertex 16.5705 8.22005 12.3
    endloop
  endfacet
  facet normal 0 0 1
    outer loop
      vertex 16.4568 8.06583 12.3
      vertex 20.3752 8.06583 12.3
      vertex 16.5676 8.21518 12.3
    endloop
  endfacet
  facet normal 0 0 1
    outer loop
      vertex 20.3752 8.06583 12.3
      vertex 16.4568 8.06583 12.3
      vertex 20.3786 8.06126 12.3
    endloop
  endfacet
  facet normal 0 0 1
    outer loop
      vertex 16.4534 8.06126 12.3
      vertex 20.3786 8.06126 12.3
      vertex 16.4568 8.06583 12.3
    endloop
  endfacet
  facet normal 0 0 1
    outer loop
      vertex 20.3786 8.06126 12.3
      vertex 16.4534 8.06126 12.3
      vertex 20.3824 8.05705 12.3
    endloop
  endfacet
  facet normal 0 0 1
    outer loop
      vertex 16.4496 8.05705 12.3
      vertex 20.3824 8.05705 12.3
      vertex 16.4534 8.06126 12.3
    endloop
  endfacet
  facet normal 0 0 1
    outer loop
      vertex 20.3824 8.05705 12.3
      vertex 16.4496 8.05705 12.3
      vertex 20.5073 7.91928 12.3
    endloop
  endfacet
  facet normal 0 0 1
    outer loop
      vertex 16.3247 7.91928 12.3
      vertex 20.5073 7.91928 12.3
      vertex 16.4496 8.05705 12.3
    endloop
  endfacet
  facet normal 0 0 1
    outer loop
      vertex 16.3205 7.91547 12.3
      vertex 20.5073 7.91928 12.3
      vertex 16.3247 7.91928 12.3
    endloop
  endfacet
  facet normal 0 0 1
    outer loop
      vertex 20.5115 7.91547 12.3
      vertex 16.3205 7.91547 12.3
      vertex 20.6493 7.7906 12.3
    endloop
  endfacet
  facet normal 0 0 1
    outer loop
      vertex 16.1827 7.7906 12.3
      vertex 20.6493 7.7906 12.3
      vertex 16.3205 7.91547 12.3
    endloop
  endfacet
  facet normal 0 0 1
    outer loop
      vertex 16.1782 7.78721 12.3
      vertex 20.6493 7.7906 12.3
      vertex 16.1827 7.7906 12.3
    endloop
  endfacet
  facet normal 0 0 1
    outer loop
      vertex 16.0288 7.67645 12.3
      vertex 20.7986 7.67983 12.3
      vertex 16.1782 7.78721 12.3
    endloop
  endfacet
  facet normal 0 0 1
    outer loop
      vertex 20.7986 7.67983 12.3
      vertex 16.0288 7.67645 12.3
      vertex 20.8032 7.67645 12.3
    endloop
  endfacet
  facet normal 0 0 1
    outer loop
      vertex 15.8693 7.58085 12.3
      vertex 20.9627 7.58085 12.3
      vertex 16.0288 7.67645 12.3
    endloop
  endfacet
  facet normal 0 0 1
    outer loop
      vertex 20.9627 7.58085 12.3
      vertex 15.8693 7.58085 12.3
      vertex 20.9675 7.57793 12.3
    endloop
  endfacet
  facet normal 0 0 1
    outer loop
      vertex 15.8645 7.57793 12.3
      vertex 20.9675 7.57793 12.3
      vertex 15.8693 7.58085 12.3
    endloop
  endfacet
  facet normal 0 0 1
    outer loop
      vertex 20.9675 7.57793 12.3
      vertex 15.8645 7.57793 12.3
      vertex 21.1356 7.49843 12.3
    endloop
  endfacet
  facet normal 0 0 1
    outer loop
      vertex 15.6964 7.49843 12.3
      vertex 21.1356 7.49843 12.3
      vertex 15.8645 7.57793 12.3
    endloop
  endfacet
  facet normal 0 0 1
    outer loop
      vertex 21.1356 7.49843 12.3
      vertex 15.6964 7.49843 12.3
      vertex 21.1408 7.496 12.3
    endloop
  endfacet
  facet normal 0 0 1
    outer loop
      vertex 15.6912 7.496 12.3
      vertex 21.1408 7.496 12.3
      vertex 15.6964 7.49843 12.3
    endloop
  endfacet
  facet normal 0 0 1
    outer loop
      vertex 21.1408 7.496 12.3
      vertex 15.6912 7.496 12.3
      vertex 21.1461 7.49409 12.3
    endloop
  endfacet
  facet normal 0 0 1
    outer loop
      vertex 15.6859 7.49409 12.3
      vertex 21.1461 7.49409 12.3
      vertex 15.6912 7.496 12.3
    endloop
  endfacet
  facet normal 0 0 1
    outer loop
      vertex 21.1461 7.49409 12.3
      vertex 15.6859 7.49409 12.3
      vertex 21.3212 7.43145 12.3
    endloop
  endfacet
  facet normal 0 0 1
    outer loop
      vertex 15.5108 7.43145 12.3
      vertex 21.3212 7.43145 12.3
      vertex 15.6859 7.49409 12.3
    endloop
  endfacet
  facet normal 0 0 1
    outer loop
      vertex 21.3212 7.43145 12.3
      vertex 15.5108 7.43145 12.3
      vertex 21.5071 7.38489 12.3
    endloop
  endfacet
  facet normal -0 0 1
    outer loop
      vertex 15.3305 7.38627 12.3
      vertex 21.5071 7.38489 12.3
      vertex 15.5108 7.43145 12.3
    endloop
  endfacet
  facet normal 0 0 1
    outer loop
      vertex 15.3249 7.38489 12.3
      vertex 21.5071 7.38489 12.3
      vertex 15.3305 7.38627 12.3
    endloop
  endfacet
  facet normal 0 0 1
    outer loop
      vertex 15.3193 7.38405 12.3
      vertex 21.5071 7.38489 12.3
      vertex 15.3249 7.38489 12.3
    endloop
  endfacet
  facet normal 0 0 1
    outer loop
      vertex 15.1354 7.35677 12.3
      vertex 21.5071 7.38489 12.3
      vertex 15.3193 7.38405 12.3
    endloop
  endfacet
  facet normal 0 0 1
    outer loop
      vertex 21.6966 7.35677 12.3
      vertex 15.1354 7.35677 12.3
      vertex 0 0 12.3
    endloop
  endfacet
  facet normal 0 0 1
    outer loop
      vertex 0 0 12.3
      vertex 15.1354 7.35677 12.3
      vertex 14.9497 7.34765 12.3
    endloop
  endfacet
  facet normal 0 0 1
    outer loop
      vertex 0 0 12.3
      vertex 14.9497 7.34765 12.3
      vertex 14.944 7.34737 12.3
    endloop
  endfacet
  facet normal 0 0 1
    outer loop
      vertex 0 0 12.3
      vertex 14.944 7.34737 12.3
      vertex 14.9383 7.34765 12.3
    endloop
  endfacet
  facet normal 0 0 1
    outer loop
      vertex 0 0 12.3
      vertex 14.9383 7.34765 12.3
      vertex 14.7526 7.35677 12.3
    endloop
  endfacet
  facet normal 0 0 -1
    outer loop
      vertex 14.5631 7.38489 12.3
      vertex 14.7526 7.35677 12.3
      vertex 14.5687 7.38405 12.3
    endloop
  endfacet
  facet normal 0 0 -1
    outer loop
      vertex 14.3772 7.43145 12.3
      vertex 14.5631 7.38489 12.3
      vertex 14.5575 7.38627 12.3
    endloop
  endfacet
  facet normal -0 0 1
    outer loop
      vertex 9.08482 7.67645 12.3
      vertex 14.0187 7.58085 12.3
      vertex 13.8592 7.67645 12.3
    endloop
  endfacet
  facet normal 0 0 1
    outer loop
      vertex 9.37651 7.91547 12.3
      vertex 13.5675 7.91547 12.3
      vertex 13.5633 7.91928 12.3
    endloop
  endfacet
  facet normal -0 0 1
    outer loop
      vertex 9.5094 8.06126 12.3
      vertex 13.5595 7.92349 12.3
      vertex 13.4346 8.06126 12.3
    endloop
  endfacet
  facet normal 0 0 1
    outer loop
      vertex 9.91373 8.91355 12.3
      vertex 13.0303 8.91355 12.3
      vertex 13.0289 8.91906 12.3
    endloop
  endfacet
  facet normal -0 0 1
    outer loop
      vertex 9.94323 9.10861 12.3
      vertex 13.0281 8.92468 12.3
      vertex 13.0008 9.10861 12.3
    endloop
  endfacet
  facet normal -0 0 1
    outer loop
      vertex 9.95263 9.3 12.3
      vertex 12.9916 9.29432 12.3
      vertex 12.9914 9.3 12.3
    endloop
  endfacet
  facet normal 0 0 1
    outer loop
      vertex 9.95235 9.29432 12.3
      vertex 12.9916 9.29432 12.3
      vertex 9.95263 9.3 12.3
    endloop
  endfacet
  facet normal 0 0 1
    outer loop
      vertex 12.9916 9.29432 12.3
      vertex 9.95235 9.29432 12.3
      vertex 13.0008 9.10861 12.3
    endloop
  endfacet
  facet normal 0 0 1
    outer loop
      vertex 9.94323 9.10861 12.3
      vertex 13.0008 9.10861 12.3
      vertex 9.95235 9.29432 12.3
    endloop
  endfacet
  facet normal 0 0 1
    outer loop
      vertex 9.91595 8.92468 12.3
      vertex 13.0281 8.92468 12.3
      vertex 9.94323 9.10861 12.3
    endloop
  endfacet
  facet normal 0 0 1
    outer loop
      vertex 13.0281 8.92468 12.3
      vertex 9.91595 8.92468 12.3
      vertex 13.0289 8.91906 12.3
    endloop
  endfacet
  facet normal 0 0 1
    outer loop
      vertex 9.91511 8.91906 12.3
      vertex 13.0289 8.91906 12.3
      vertex 9.91595 8.92468 12.3
    endloop
  endfacet
  facet normal 0 0 1
    outer loop
      vertex 9.91373 8.91355 12.3
      vertex 13.0289 8.91906 12.3
      vertex 9.91511 8.91906 12.3
    endloop
  endfacet
  facet normal 0 0 1
    outer loop
      vertex 13.0303 8.91355 12.3
      vertex 9.91373 8.91355 12.3
      vertex 13.0754 8.73318 12.3
    endloop
  endfacet
  facet normal 0 0 1
    outer loop
      vertex 9.86855 8.73318 12.3
      vertex 13.0754 8.73318 12.3
      vertex 9.91373 8.91355 12.3
    endloop
  endfacet
  facet normal 0 0 1
    outer loop
      vertex 13.0754 8.73318 12.3
      vertex 9.86855 8.73318 12.3
      vertex 13.1381 8.55811 12.3
    endloop
  endfacet
  facet normal 0 0 1
    outer loop
      vertex 9.80591 8.55811 12.3
      vertex 13.1381 8.55811 12.3
      vertex 9.86855 8.73318 12.3
    endloop
  endfacet
  facet normal 0 0 1
    outer loop
      vertex 13.1381 8.55811 12.3
      vertex 9.80591 8.55811 12.3
      vertex 13.14 8.55276 12.3
    endloop
  endfacet
  facet normal 0 0 1
    outer loop
      vertex 9.804 8.55276 12.3
      vertex 13.14 8.55276 12.3
      vertex 9.80591 8.55811 12.3
    endloop
  endfacet
  facet normal 0 0 1
    outer loop
      vertex 13.14 8.55276 12.3
      vertex 9.804 8.55276 12.3
      vertex 13.1424 8.54762 12.3
    endloop
  endfacet
  facet normal 0 0 1
    outer loop
      vertex 9.80157 8.54762 12.3
      vertex 13.1424 8.54762 12.3
      vertex 9.804 8.55276 12.3
    endloop
  endfacet
  facet normal 0 0 1
    outer loop
      vertex 13.1424 8.54762 12.3
      vertex 9.80157 8.54762 12.3
      vertex 13.2219 8.37954 12.3
    endloop
  endfacet
  facet normal 0 0 1
    outer loop
      vertex 9.72207 8.37954 12.3
      vertex 13.2219 8.37954 12.3
      vertex 9.80157 8.54762 12.3
    endloop
  endfacet
  facet normal 0 0 1
    outer loop
      vertex 13.2219 8.37954 12.3
      vertex 9.72207 8.37954 12.3
      vertex 13.2249 8.37466 12.3
    endloop
  endfacet
  facet normal 0 0 1
    outer loop
      vertex 13.2249 8.37466 12.3
      vertex 9.72207 8.37954 12.3
      vertex 13.3204 8.21518 12.3
    endloop
  endfacet
  facet normal -0 0 1
    outer loop
      vertex 9.62647 8.22005 12.3
      vertex 13.3204 8.21518 12.3
      vertex 9.72207 8.37954 12.3
    endloop
  endfacet
  facet normal 0 0 1
    outer loop
      vertex 9.62355 8.21518 12.3
      vertex 13.3204 8.21518 12.3
      vertex 9.62647 8.22005 12.3
    endloop
  endfacet
  facet normal 0 0 1
    outer loop
      vertex 9.62017 8.21061 12.3
      vertex 13.3204 8.21518 12.3
      vertex 9.62355 8.21518 12.3
    endloop
  endfacet
  facet normal 0 0 1
    outer loop
      vertex 13.3204 8.21518 12.3
      vertex 9.62017 8.21061 12.3
      vertex 13.4312 8.06583 12.3
    endloop
  endfacet
  facet normal 0 0 1
    outer loop
      vertex 9.5094 8.06126 12.3
      vertex 13.4312 8.06583 12.3
      vertex 9.62017 8.21061 12.3
    endloop
  endfacet
  facet normal 0 0 1
    outer loop
      vertex 13.4312 8.06583 12.3
      vertex 9.5094 8.06126 12.3
      vertex 13.4346 8.06126 12.3
    endloop
  endfacet
  facet normal 0 0 1
    outer loop
      vertex 9.38453 7.92349 12.3
      vertex 13.5595 7.92349 12.3
      vertex 9.5094 8.06126 12.3
    endloop
  endfacet
  facet normal 0 0 1
    outer loop
      vertex 13.5595 7.92349 12.3
      vertex 9.38453 7.92349 12.3
      vertex 13.5633 7.91928 12.3
    endloop
  endfacet
  facet normal 0 0 1
    outer loop
      vertex 9.38072 7.91928 12.3
      vertex 13.5633 7.91928 12.3
      vertex 9.38453 7.92349 12.3
    endloop
  endfacet
  facet normal 0 0 1
    outer loop
      vertex 9.37651 7.91547 12.3
      vertex 13.5633 7.91928 12.3
      vertex 9.38072 7.91928 12.3
    endloop
  endfacet
  facet normal 0 0 1
    outer loop
      vertex 13.5675 7.91547 12.3
      vertex 9.37651 7.91547 12.3
      vertex 13.7053 7.7906 12.3
    endloop
  endfacet
  facet normal 0 0 1
    outer loop
      vertex 9.23874 7.7906 12.3
      vertex 13.7053 7.7906 12.3
      vertex 9.37651 7.91547 12.3
    endloop
  endfacet
  facet normal 0 0 1
    outer loop
      vertex 13.7053 7.7906 12.3
      vertex 9.23874 7.7906 12.3
      vertex 13.7098 7.78721 12.3
    endloop
  endfacet
  facet normal 0 0 1
    outer loop
      vertex 9.23417 7.78721 12.3
      vertex 13.7098 7.78721 12.3
      vertex 9.23874 7.7906 12.3
    endloop
  endfacet
  facet normal 0 0 1
    outer loop
      vertex 13.7098 7.78721 12.3
      vertex 9.23417 7.78721 12.3
      vertex 13.8592 7.67645 12.3
    endloop
  endfacet
  facet normal 0 0 1
    outer loop
      vertex 9.08482 7.67645 12.3
      vertex 13.8592 7.67645 12.3
      vertex 9.23417 7.78721 12.3
    endloop
  endfacet
  facet normal 0 0 1
    outer loop
      vertex 8.92534 7.58085 12.3
      vertex 14.0187 7.58085 12.3
      vertex 9.08482 7.67645 12.3
    endloop
  endfacet
  facet normal 0 0 1
    outer loop
      vertex 14.0187 7.58085 12.3
      vertex 8.92534 7.58085 12.3
      vertex 14.0235 7.57793 12.3
    endloop
  endfacet
  facet normal 0 0 1
    outer loop
      vertex 8.92046 7.57793 12.3
      vertex 14.0235 7.57793 12.3
      vertex 8.92534 7.58085 12.3
    endloop
  endfacet
  facet normal 0 0 1
    outer loop
      vertex 14.0235 7.57793 12.3
      vertex 8.92046 7.57793 12.3
      vertex 14.1916 7.49843 12.3
    endloop
  endfacet
  facet normal 0 0 1
    outer loop
      vertex 8.75238 7.49843 12.3
      vertex 14.1916 7.49843 12.3
      vertex 8.92046 7.57793 12.3
    endloop
  endfacet
  facet normal 0 0 1
    outer loop
      vertex 14.1916 7.49843 12.3
      vertex 8.75238 7.49843 12.3
      vertex 14.1968 7.496 12.3
    endloop
  endfacet
  facet normal 0 0 1
    outer loop
      vertex 8.74724 7.496 12.3
      vertex 14.1968 7.496 12.3
      vertex 8.75238 7.49843 12.3
    endloop
  endfacet
  facet normal 0 0 1
    outer loop
      vertex 14.1968 7.496 12.3
      vertex 8.74724 7.496 12.3
      vertex 14.2021 7.49409 12.3
    endloop
  endfacet
  facet normal 0 0 1
    outer loop
      vertex 8.74189 7.49409 12.3
      vertex 14.2021 7.49409 12.3
      vertex 8.74724 7.496 12.3
    endloop
  endfacet
  facet normal 0 0 1
    outer loop
      vertex 14.2021 7.49409 12.3
      vertex 8.74189 7.49409 12.3
      vertex 14.3772 7.43145 12.3
    endloop
  endfacet
  facet normal 0 0 1
    outer loop
      vertex 8.56682 7.43145 12.3
      vertex 14.3772 7.43145 12.3
      vertex 8.74189 7.49409 12.3
    endloop
  endfacet
  facet normal 0 0 1
    outer loop
      vertex 14.3772 7.43145 12.3
      vertex 8.56682 7.43145 12.3
      vertex 14.5631 7.38489 12.3
    endloop
  endfacet
  facet normal 0 0 1
    outer loop
      vertex 0 0 12.3
      vertex 14.5631 7.38489 12.3
      vertex 8.56682 7.43145 12.3
    endloop
  endfacet
  facet normal 0 0 1
    outer loop
      vertex 14.5631 7.38489 12.3
      vertex 0 0 12.3
      vertex 14.7526 7.35677 12.3
    endloop
  endfacet
  facet normal 0 0 1
    outer loop
      vertex 0 0 12.3
      vertex 8.56682 7.43145 12.3
      vertex 8.38645 7.38627 12.3
    endloop
  endfacet
  facet normal 0 0 1
    outer loop
      vertex 0 0 12.3
      vertex 8.38645 7.38627 12.3
      vertex 8.38094 7.38489 12.3
    endloop
  endfacet
  facet normal 0 0 1
    outer loop
      vertex 0 0 12.3
      vertex 8.38094 7.38489 12.3
      vertex 8.37532 7.38405 12.3
    endloop
  endfacet
  facet normal 0 0 1
    outer loop
      vertex 0 0 12.3
      vertex 8.37532 7.38405 12.3
      vertex 8.19139 7.35677 12.3
    endloop
  endfacet
  facet normal 0 0 1
    outer loop
      vertex 0 0 12.3
      vertex 8.19139 7.35677 12.3
      vertex 8.00567 7.34765 12.3
    endloop
  endfacet
  facet normal 0 0 1
    outer loop
      vertex 0 0 12.3
      vertex 8.00567 7.34765 12.3
      vertex 8 7.34737 12.3
    endloop
  endfacet
  facet normal 0 0 1
    outer loop
      vertex 0 0 12.3
      vertex 8 7.34737 12.3
      vertex 7.99433 7.34765 12.3
    endloop
  endfacet
  facet normal 0 0 1
    outer loop
      vertex 0 0 12.3
      vertex 7.99433 7.34765 12.3
      vertex 7.80861 7.35677 12.3
    endloop
  endfacet
  facet normal 0 0 1
    outer loop
      vertex 0 0 12.3
      vertex 7.62468 7.38405 12.3
      vertex 7.61906 7.38489 12.3
    endloop
  endfacet
  facet normal 0 0 1
    outer loop
      vertex 0 0 12.3
      vertex 7.61355 7.38627 12.3
      vertex 7.43318 7.43145 12.3
    endloop
  endfacet
  facet normal 0 0 1
    outer loop
      vertex 0 0 12.3
      vertex 7.07466 7.58085 12.3
      vertex 6.91518 7.67645 12.3
    endloop
  endfacet
  facet normal 0 0 1
    outer loop
      vertex 0 0 12.3
      vertex 6.62349 7.91547 12.3
      vertex 6.61928 7.91928 12.3
    endloop
  endfacet
  facet normal 0 0 1
    outer loop
      vertex 0 0 12.3
      vertex 6.61547 7.92349 12.3
      vertex 6.49059 8.06126 12.3
    endloop
  endfacet
  facet normal 0 0 1
    outer loop
      vertex 0 0 12.3
      vertex 6.19843 8.54762 12.3
      vertex 6.196 8.55276 12.3
    endloop
  endfacet
  facet normal 0 0 1
    outer loop
      vertex 0 0 12.3
      vertex 6.08405 8.92468 12.3
      vertex 6.05677 9.10861 12.3
    endloop
  endfacet
  facet normal 0 0 1
    outer loop
      vertex 0 0 12.3
      vertex 6.04737 9.3 12.3
      vertex 0 18.6 12.3
    endloop
  endfacet
  facet normal 0 0 1
    outer loop
      vertex 6.04737 9.3 12.3
      vertex 0 0 12.3
      vertex 6.05649 9.11428 12.3
    endloop
  endfacet
  facet normal 0 0 1
    outer loop
      vertex 6.05649 9.11428 12.3
      vertex 0 0 12.3
      vertex 6.05677 9.10861 12.3
    endloop
  endfacet
  facet normal 0 0 1
    outer loop
      vertex 6.08405 8.92468 12.3
      vertex 0 0 12.3
      vertex 6.08489 8.91906 12.3
    endloop
  endfacet
  facet normal 0 0 1
    outer loop
      vertex 6.08489 8.91906 12.3
      vertex 0 0 12.3
      vertex 6.08627 8.91355 12.3
    endloop
  endfacet
  facet normal 0 0 1
    outer loop
      vertex 6.08627 8.91355 12.3
      vertex 0 0 12.3
      vertex 6.13145 8.73318 12.3
    endloop
  endfacet
  facet normal 0 0 1
    outer loop
      vertex 6.13145 8.73318 12.3
      vertex 0 0 12.3
      vertex 6.19409 8.55811 12.3
    endloop
  endfacet
  facet normal 0 0 1
    outer loop
      vertex 6.19409 8.55811 12.3
      vertex 0 0 12.3
      vertex 6.196 8.55276 12.3
    endloop
  endfacet
  facet normal 0 0 1
    outer loop
      vertex 6.19843 8.54762 12.3
      vertex 0 0 12.3
      vertex 6.27793 8.37954 12.3
    endloop
  endfacet
  facet normal 0 0 1
    outer loop
      vertex 6.27793 8.37954 12.3
      vertex 0 0 12.3
      vertex 6.37352 8.22005 12.3
    endloop
  endfacet
  facet normal 0 0 1
    outer loop
      vertex 28.832 7.34737 12.3
      vertex 0 0 12.3
      vertex 64.608 0 12.3
    endloop
  endfacet
  facet normal 0 0 1
    outer loop
      vertex 7.62468 7.38405 12.3
      vertex 0 0 12.3
      vertex 7.80861 7.35677 12.3
    endloop
  endfacet
  facet normal 0 0 1
    outer loop
      vertex 7.61355 7.38627 12.3
      vertex 0 0 12.3
      vertex 7.61906 7.38489 12.3
    endloop
  endfacet
  facet normal 0 0 1
    outer loop
      vertex 7.25811 7.49409 12.3
      vertex 0 0 12.3
      vertex 7.43318 7.43145 12.3
    endloop
  endfacet
  facet normal 0 0 1
    outer loop
      vertex 7.25276 7.496 12.3
      vertex 0 0 12.3
      vertex 7.25811 7.49409 12.3
    endloop
  endfacet
  facet normal 0 0 1
    outer loop
      vertex 7.24762 7.49843 12.3
      vertex 0 0 12.3
      vertex 7.25276 7.496 12.3
    endloop
  endfacet
  facet normal 0 0 1
    outer loop
      vertex 7.07954 7.57793 12.3
      vertex 0 0 12.3
      vertex 7.24762 7.49843 12.3
    endloop
  endfacet
  facet normal 0 0 1
    outer loop
      vertex 7.07466 7.58085 12.3
      vertex 0 0 12.3
      vertex 7.07954 7.57793 12.3
    endloop
  endfacet
  facet normal 0 0 1
    outer loop
      vertex 6.76583 7.78721 12.3
      vertex 0 0 12.3
      vertex 6.91518 7.67645 12.3
    endloop
  endfacet
  facet normal 0 0 1
    outer loop
      vertex 6.76126 7.7906 12.3
      vertex 0 0 12.3
      vertex 6.76583 7.78721 12.3
    endloop
  endfacet
  facet normal 0 0 1
    outer loop
      vertex 6.62349 7.91547 12.3
      vertex 0 0 12.3
      vertex 6.76126 7.7906 12.3
    endloop
  endfacet
  facet normal 0 0 1
    outer loop
      vertex 6.61547 7.92349 12.3
      vertex 0 0 12.3
      vertex 6.61928 7.91928 12.3
    endloop
  endfacet
  facet normal 0 0 1
    outer loop
      vertex 6.37983 8.21061 12.3
      vertex 0 0 12.3
      vertex 6.49059 8.06126 12.3
    endloop
  endfacet
  facet normal 0 0 1
    outer loop
      vertex 6.37645 8.21518 12.3
      vertex 0 0 12.3
      vertex 6.37983 8.21061 12.3
    endloop
  endfacet
  facet normal 0 0 1
    outer loop
      vertex 6.37352 8.22005 12.3
      vertex 0 0 12.3
      vertex 6.37645 8.21518 12.3
    endloop
  endfacet
  facet normal 0 0 -1
    outer loop
      vertex 0 15.6 0
      vertex 64.608 18.6 0
      vertex 64.608 15.6 0
    endloop
  endfacet
  facet normal -0 0 -1
    outer loop
      vertex 64.608 18.6 0
      vertex 0 15.6 0
      vertex 0 18.6 0
    endloop
  endfacet
  facet normal 0 0 -1
    outer loop
      vertex 0 0 0
      vertex 64.608 3 0
      vertex 64.608 0 0
    endloop
  endfacet
  facet normal -0 0 -1
    outer loop
      vertex 64.608 3 0
      vertex 0 0 0
      vertex 0 3 0
    endloop
  endfacet
  facet normal -1 0 0
    outer loop
      vertex 0 3 0
      vertex 0 0 0
      vertex 0 3 3.3
    endloop
  endfacet
  facet normal -1 0 0
    outer loop
      vertex 0 15.6 3.3
      vertex 0 18.6 0
      vertex 0 15.6 0
    endloop
  endfacet
  facet normal -1 0 0
    outer loop
      vertex 0 18.6 0
      vertex 0 15.6 3.3
      vertex 0 18.6 12.3
    endloop
  endfacet
  facet normal -1 0 0
    outer loop
      vertex 0 3 3.3
      vertex 0 18.6 12.3
      vertex 0 15.6 3.3
    endloop
  endfacet
  facet normal -1 0 0
    outer loop
      vertex 0 3 3.3
      vertex 0 0 12.3
      vertex 0 18.6 12.3
    endloop
  endfacet
  facet normal -1 0 0
    outer loop
      vertex 0 0 12.3
      vertex 0 3 3.3
      vertex 0 0 0
    endloop
  endfacet
  facet normal 0 1 -0
    outer loop
      vertex 64.608 18.6 0
      vertex 0 18.6 12.3
      vertex 64.608 18.6 12.3
    endloop
  endfacet
  facet normal 0 1 0
    outer loop
      vertex 0 18.6 12.3
      vertex 64.608 18.6 0
      vertex 0 18.6 0
    endloop
  endfacet
  facet normal 0 -1 0
    outer loop
      vertex 0 0 0
      vertex 64.608 0 12.3
      vertex 0 0 12.3
    endloop
  endfacet
  facet normal 0 -1 -0
    outer loop
      vertex 64.608 0 12.3
      vertex 0 0 0
      vertex 64.608 0 0
    endloop
  endfacet
  facet normal 0 0 -1
    outer loop
      vertex 64.608 3 3.3
      vertex 57.708 9.3 3.3
      vertex 64.608 15.6 3.3
    endloop
  endfacet
  facet normal 0 0 -1
    outer loop
      vertex 64.608 3 3.3
      vertex 57.7027 9.19218 3.3
      vertex 57.708 9.3 3.3
    endloop
  endfacet
  facet normal 0 0 -1
    outer loop
      vertex 64.608 3 3.3
      vertex 57.6869 9.0854 3.3
      vertex 57.7027 9.19218 3.3
    endloop
  endfacet
  facet normal 0 0 -1
    outer loop
      vertex 64.608 3 3.3
      vertex 57.6606 8.98069 3.3
      vertex 57.6869 9.0854 3.3
    endloop
  endfacet
  facet normal 0 0 -1
    outer loop
      vertex 64.608 3 3.3
      vertex 57.6243 8.87905 3.3
      vertex 57.6606 8.98069 3.3
    endloop
  endfacet
  facet normal 0 0 -1
    outer loop
      vertex 64.608 3 3.3
      vertex 57.5781 8.78146 3.3
      vertex 57.6243 8.87905 3.3
    endloop
  endfacet
  facet normal 0 0 -1
    outer loop
      vertex 64.608 3 3.3
      vertex 57.5226 8.68887 3.3
      vertex 57.5781 8.78146 3.3
    endloop
  endfacet
  facet normal 0 0 -1
    outer loop
      vertex 64.608 3 3.3
      vertex 57.4583 8.60217 3.3
      vertex 57.5226 8.68887 3.3
    endloop
  endfacet
  facet normal 0 0 -1
    outer loop
      vertex 64.608 3 3.3
      vertex 57.3858 8.52218 3.3
      vertex 57.4583 8.60217 3.3
    endloop
  endfacet
  facet normal 0 0 -1
    outer loop
      vertex 64.608 3 3.3
      vertex 57.3058 8.44969 3.3
      vertex 57.3858 8.52218 3.3
    endloop
  endfacet
  facet normal 0 0 -1
    outer loop
      vertex 64.608 3 3.3
      vertex 57.2191 8.38538 3.3
      vertex 57.3058 8.44969 3.3
    endloop
  endfacet
  facet normal 0 0 -1
    outer loop
      vertex 64.608 3 3.3
      vertex 57.1265 8.32989 3.3
      vertex 57.2191 8.38538 3.3
    endloop
  endfacet
  facet normal 0 0 -1
    outer loop
      vertex 64.608 3 3.3
      vertex 57.029 8.28373 3.3
      vertex 57.1265 8.32989 3.3
    endloop
  endfacet
  facet normal 0 0 -1
    outer loop
      vertex 64.608 3 3.3
      vertex 56.9273 8.24736 3.3
      vertex 57.029 8.28373 3.3
    endloop
  endfacet
  facet normal 0 0 -1
    outer loop
      vertex 64.608 3 3.3
      vertex 56.8226 8.22114 3.3
      vertex 56.9273 8.24736 3.3
    endloop
  endfacet
  facet normal 0 0 -1
    outer loop
      vertex 64.608 3 3.3
      vertex 56.7158 8.2053 3.3
      vertex 56.8226 8.22114 3.3
    endloop
  endfacet
  facet normal 0 0 -1
    outer loop
      vertex 64.608 3 3.3
      vertex 56.608 8.2 3.3
      vertex 56.7158 8.2053 3.3
    endloop
  endfacet
  facet normal 0 0 -1
    outer loop
      vertex 64.608 3 3.3
      vertex 56.5002 8.2053 3.3
      vertex 56.608 8.2 3.3
    endloop
  endfacet
  facet normal 0 0 -1
    outer loop
      vertex 64.608 3 3.3
      vertex 56.3934 8.22114 3.3
      vertex 56.5002 8.2053 3.3
    endloop
  endfacet
  facet normal 0 0 -1
    outer loop
      vertex 49.8786 8.22114 3.3
      vertex 56.3934 8.22114 3.3
      vertex 64.608 3 3.3
    endloop
  endfacet
  facet normal 0 0 -1
    outer loop
      vertex 56.3934 8.22114 3.3
      vertex 49.8786 8.22114 3.3
      vertex 56.2887 8.24736 3.3
    endloop
  endfacet
  facet normal 0 -0 -1
    outer loop
      vertex 49.9833 8.24736 3.3
      vertex 56.2887 8.24736 3.3
      vertex 49.8786 8.22114 3.3
    endloop
  endfacet
  facet normal 0 0 -1
    outer loop
      vertex 56.2887 8.24736 3.3
      vertex 49.9833 8.24736 3.3
      vertex 56.187 8.28373 3.3
    endloop
  endfacet
  facet normal 0 0 -1
    outer loop
      vertex 55.5133 9.19218 3.3
      vertex 50.764 9.3 3.3
      vertex 55.508 9.3 3.3
    endloop
  endfacet
  facet normal 0 0 -1
    outer loop
      vertex 50.7587 9.19218 3.3
      vertex 55.5133 9.19218 3.3
      vertex 55.5291 9.0854 3.3
    endloop
  endfacet
  facet normal 0 0 -1
    outer loop
      vertex 50.7429 9.0854 3.3
      vertex 55.5291 9.0854 3.3
      vertex 55.5554 8.98069 3.3
    endloop
  endfacet
  facet normal 0 0 -1
    outer loop
      vertex 50.7166 8.98069 3.3
      vertex 55.5554 8.98069 3.3
      vertex 55.5917 8.87905 3.3
    endloop
  endfacet
  facet normal 0 0 -1
    outer loop
      vertex 50.6803 8.87905 3.3
      vertex 55.5917 8.87905 3.3
      vertex 55.6379 8.78146 3.3
    endloop
  endfacet
  facet normal 0 0 -1
    outer loop
      vertex 50.6341 8.78146 3.3
      vertex 55.6379 8.78146 3.3
      vertex 55.6934 8.68887 3.3
    endloop
  endfacet
  facet normal 0 0 -1
    outer loop
      vertex 50.5786 8.68887 3.3
      vertex 55.6934 8.68887 3.3
      vertex 55.7577 8.60217 3.3
    endloop
  endfacet
  facet normal 0 0 -1
    outer loop
      vertex 50.5143 8.60217 3.3
      vertex 55.7577 8.60217 3.3
      vertex 55.8302 8.52218 3.3
    endloop
  endfacet
  facet normal 0 0 -1
    outer loop
      vertex 50.4418 8.52218 3.3
      vertex 55.8302 8.52218 3.3
      vertex 55.9102 8.44969 3.3
    endloop
  endfacet
  facet normal 0 0 -1
    outer loop
      vertex 50.3618 8.44969 3.3
      vertex 55.9102 8.44969 3.3
      vertex 55.9969 8.38538 3.3
    endloop
  endfacet
  facet normal 0 0 -1
    outer loop
      vertex 56.187 8.28373 3.3
      vertex 50.085 8.28373 3.3
      vertex 56.0895 8.32989 3.3
    endloop
  endfacet
  facet normal 0 0 -1
    outer loop
      vertex 55.5133 9.19218 3.3
      vertex 50.7587 9.19218 3.3
      vertex 50.764 9.3 3.3
    endloop
  endfacet
  facet normal 0 0 -1
    outer loop
      vertex 55.5291 9.0854 3.3
      vertex 50.7429 9.0854 3.3
      vertex 50.7587 9.19218 3.3
    endloop
  endfacet
  facet normal 0 0 -1
    outer loop
      vertex 55.5554 8.98069 3.3
      vertex 50.7166 8.98069 3.3
      vertex 50.7429 9.0854 3.3
    endloop
  endfacet
  facet normal 0 0 -1
    outer loop
      vertex 55.5917 8.87905 3.3
      vertex 50.6803 8.87905 3.3
      vertex 50.7166 8.98069 3.3
    endloop
  endfacet
  facet normal 0 0 -1
    outer loop
      vertex 55.6379 8.78146 3.3
      vertex 50.6341 8.78146 3.3
      vertex 50.6803 8.87905 3.3
    endloop
  endfacet
  facet normal 0 0 -1
    outer loop
      vertex 55.6934 8.68887 3.3
      vertex 50.5786 8.68887 3.3
      vertex 50.6341 8.78146 3.3
    endloop
  endfacet
  facet normal 0 0 -1
    outer loop
      vertex 55.7577 8.60217 3.3
      vertex 50.5143 8.60217 3.3
      vertex 50.5786 8.68887 3.3
    endloop
  endfacet
  facet normal 0 0 -1
    outer loop
      vertex 55.8302 8.52218 3.3
      vertex 50.4418 8.52218 3.3
      vertex 50.5143 8.60217 3.3
    endloop
  endfacet
  facet normal 0 0 -1
    outer loop
      vertex 55.9102 8.44969 3.3
      vertex 50.3618 8.44969 3.3
      vertex 50.4418 8.52218 3.3
    endloop
  endfacet
  facet normal 0 0 -1
    outer loop
      vertex 55.9969 8.38538 3.3
      vertex 50.2751 8.38538 3.3
      vertex 50.3618 8.44969 3.3
    endloop
  endfacet
  facet normal -0 0 -1
    outer loop
      vertex 55.9969 8.38538 3.3
      vertex 50.1825 8.32989 3.3
      vertex 50.2751 8.38538 3.3
    endloop
  endfacet
  facet normal 0 0 -1
    outer loop
      vertex 56.0895 8.32989 3.3
      vertex 50.1825 8.32989 3.3
      vertex 55.9969 8.38538 3.3
    endloop
  endfacet
  facet normal 0 -0 -1
    outer loop
      vertex 50.1825 8.32989 3.3
      vertex 56.0895 8.32989 3.3
      vertex 50.085 8.28373 3.3
    endloop
  endfacet
  facet normal 0 -0 -1
    outer loop
      vertex 50.085 8.28373 3.3
      vertex 56.187 8.28373 3.3
      vertex 49.9833 8.24736 3.3
    endloop
  endfacet
  facet normal 0 0 -1
    outer loop
      vertex 64.608 3 3.3
      vertex 49.7718 8.2053 3.3
      vertex 49.8786 8.22114 3.3
    endloop
  endfacet
  facet normal 0 0 -1
    outer loop
      vertex 64.608 3 3.3
      vertex 49.664 8.2 3.3
      vertex 49.7718 8.2053 3.3
    endloop
  endfacet
  facet normal 0 0 -1
    outer loop
      vertex 64.608 3 3.3
      vertex 49.5562 8.2053 3.3
      vertex 49.664 8.2 3.3
    endloop
  endfacet
  facet normal 0 0 -1
    outer loop
      vertex 42.8278 8.2053 3.3
      vertex 49.5562 8.2053 3.3
      vertex 64.608 3 3.3
    endloop
  endfacet
  facet normal 0 0 -1
    outer loop
      vertex 49.5562 8.2053 3.3
      vertex 42.8278 8.2053 3.3
      vertex 49.4494 8.22114 3.3
    endloop
  endfacet
  facet normal 0 0 -1
    outer loop
      vertex 48.5693 9.19218 3.3
      vertex 43.82 9.3 3.3
      vertex 48.564 9.3 3.3
    endloop
  endfacet
  facet normal 0 0 -1
    outer loop
      vertex 43.8147 9.19218 3.3
      vertex 48.5693 9.19218 3.3
      vertex 48.5851 9.0854 3.3
    endloop
  endfacet
  facet normal 0 0 -1
    outer loop
      vertex 43.7989 9.0854 3.3
      vertex 48.5851 9.0854 3.3
      vertex 48.6114 8.98069 3.3
    endloop
  endfacet
  facet normal 0 0 -1
    outer loop
      vertex 43.7726 8.98069 3.3
      vertex 48.6114 8.98069 3.3
      vertex 48.6477 8.87905 3.3
    endloop
  endfacet
  facet normal 0 0 -1
    outer loop
      vertex 43.7363 8.87905 3.3
      vertex 48.6477 8.87905 3.3
      vertex 48.6939 8.78146 3.3
    endloop
  endfacet
  facet normal 0 0 -1
    outer loop
      vertex 43.6901 8.78146 3.3
      vertex 48.6939 8.78146 3.3
      vertex 48.7494 8.68887 3.3
    endloop
  endfacet
  facet normal 0 0 -1
    outer loop
      vertex 43.6346 8.68887 3.3
      vertex 48.7494 8.68887 3.3
      vertex 48.8137 8.60217 3.3
    endloop
  endfacet
  facet normal 0 0 -1
    outer loop
      vertex 43.5703 8.60217 3.3
      vertex 48.8137 8.60217 3.3
      vertex 48.8862 8.52218 3.3
    endloop
  endfacet
  facet normal 0 0 -1
    outer loop
      vertex 43.4978 8.52218 3.3
      vertex 48.8862 8.52218 3.3
      vertex 48.9662 8.44969 3.3
    endloop
  endfacet
  facet normal 0 0 -1
    outer loop
      vertex 43.4178 8.44969 3.3
      vertex 48.9662 8.44969 3.3
      vertex 49.0529 8.38538 3.3
    endloop
  endfacet
  facet normal 0 0 -1
    outer loop
      vertex 43.3311 8.38538 3.3
      vertex 49.0529 8.38538 3.3
      vertex 49.1455 8.32989 3.3
    endloop
  endfacet
  facet normal 0 0 -1
    outer loop
      vertex 43.2385 8.32989 3.3
      vertex 49.1455 8.32989 3.3
      vertex 49.243 8.28373 3.3
    endloop
  endfacet
  facet normal 0 0 -1
    outer loop
      vertex 43.141 8.28373 3.3
      vertex 49.243 8.28373 3.3
      vertex 49.3447 8.24736 3.3
    endloop
  endfacet
  facet normal 0 -0 -1
    outer loop
      vertex 42.9346 8.22114 3.3
      vertex 49.4494 8.22114 3.3
      vertex 42.8278 8.2053 3.3
    endloop
  endfacet
  facet normal 0 0 -1
    outer loop
      vertex 48.5693 9.19218 3.3
      vertex 43.8147 9.19218 3.3
      vertex 43.82 9.3 3.3
    endloop
  endfacet
  facet normal 0 0 -1
    outer loop
      vertex 48.5851 9.0854 3.3
      vertex 43.7989 9.0854 3.3
      vertex 43.8147 9.19218 3.3
    endloop
  endfacet
  facet normal 0 0 -1
    outer loop
      vertex 48.6114 8.98069 3.3
      vertex 43.7726 8.98069 3.3
      vertex 43.7989 9.0854 3.3
    endloop
  endfacet
  facet normal 0 0 -1
    outer loop
      vertex 48.6477 8.87905 3.3
      vertex 43.7363 8.87905 3.3
      vertex 43.7726 8.98069 3.3
    endloop
  endfacet
  facet normal 0 0 -1
    outer loop
      vertex 48.6939 8.78146 3.3
      vertex 43.6901 8.78146 3.3
      vertex 43.7363 8.87905 3.3
    endloop
  endfacet
  facet normal 0 0 -1
    outer loop
      vertex 48.7494 8.68887 3.3
      vertex 43.6346 8.68887 3.3
      vertex 43.6901 8.78146 3.3
    endloop
  endfacet
  facet normal 0 0 -1
    outer loop
      vertex 48.8137 8.60217 3.3
      vertex 43.5703 8.60217 3.3
      vertex 43.6346 8.68887 3.3
    endloop
  endfacet
  facet normal 0 0 -1
    outer loop
      vertex 48.8862 8.52218 3.3
      vertex 43.4978 8.52218 3.3
      vertex 43.5703 8.60217 3.3
    endloop
  endfacet
  facet normal 0 0 -1
    outer loop
      vertex 48.9662 8.44969 3.3
      vertex 43.4178 8.44969 3.3
      vertex 43.4978 8.52218 3.3
    endloop
  endfacet
  facet normal 0 0 -1
    outer loop
      vertex 49.0529 8.38538 3.3
      vertex 43.3311 8.38538 3.3
      vertex 43.4178 8.44969 3.3
    endloop
  endfacet
  facet normal 0 0 -1
    outer loop
      vertex 49.1455 8.32989 3.3
      vertex 43.2385 8.32989 3.3
      vertex 43.3311 8.38538 3.3
    endloop
  endfacet
  facet normal 0 0 -1
    outer loop
      vertex 49.243 8.28373 3.3
      vertex 43.141 8.28373 3.3
      vertex 43.2385 8.32989 3.3
    endloop
  endfacet
  facet normal 0 0 -1
    outer loop
      vertex 49.3447 8.24736 3.3
      vertex 43.0393 8.24736 3.3
      vertex 43.141 8.28373 3.3
    endloop
  endfacet
  facet normal -0 0 -1
    outer loop
      vertex 49.3447 8.24736 3.3
      vertex 42.9346 8.22114 3.3
      vertex 43.0393 8.24736 3.3
    endloop
  endfacet
  facet normal 0 0 -1
    outer loop
      vertex 49.4494 8.22114 3.3
      vertex 42.9346 8.22114 3.3
      vertex 49.3447 8.24736 3.3
    endloop
  endfacet
  facet normal 0 0 -1
    outer loop
      vertex 64.608 3 3.3
      vertex 42.72 8.2 3.3
      vertex 42.8278 8.2053 3.3
    endloop
  endfacet
  facet normal 0 0 -1
    outer loop
      vertex 64.608 3 3.3
      vertex 42.6122 8.2053 3.3
      vertex 42.72 8.2 3.3
    endloop
  endfacet
  facet normal 0 0 -1
    outer loop
      vertex 35.8838 8.2053 3.3
      vertex 42.6122 8.2053 3.3
      vertex 64.608 3 3.3
    endloop
  endfacet
  facet normal 0 0 -1
    outer loop
      vertex 41.6253 9.19218 3.3
      vertex 36.876 9.3 3.3
      vertex 41.62 9.3 3.3
    endloop
  endfacet
  facet normal 0 0 -1
    outer loop
      vertex 36.8707 9.19218 3.3
      vertex 41.6253 9.19218 3.3
      vertex 41.6411 9.0854 3.3
    endloop
  endfacet
  facet normal 0 0 -1
    outer loop
      vertex 36.8549 9.0854 3.3
      vertex 41.6411 9.0854 3.3
      vertex 41.6674 8.98069 3.3
    endloop
  endfacet
  facet normal 0 0 -1
    outer loop
      vertex 36.8286 8.98069 3.3
      vertex 41.6674 8.98069 3.3
      vertex 41.7037 8.87905 3.3
    endloop
  endfacet
  facet normal 0 0 -1
    outer loop
      vertex 36.7923 8.87905 3.3
      vertex 41.7037 8.87905 3.3
      vertex 41.7499 8.78146 3.3
    endloop
  endfacet
  facet normal 0 0 -1
    outer loop
      vertex 36.7461 8.78146 3.3
      vertex 41.7499 8.78146 3.3
      vertex 41.8054 8.68887 3.3
    endloop
  endfacet
  facet normal 0 0 -1
    outer loop
      vertex 36.6906 8.68887 3.3
      vertex 41.8054 8.68887 3.3
      vertex 41.8697 8.60217 3.3
    endloop
  endfacet
  facet normal 0 0 -1
    outer loop
      vertex 36.6263 8.60217 3.3
      vertex 41.8697 8.60217 3.3
      vertex 41.9422 8.52218 3.3
    endloop
  endfacet
  facet normal 0 0 -1
    outer loop
      vertex 36.5538 8.52218 3.3
      vertex 41.9422 8.52218 3.3
      vertex 42.0222 8.44969 3.3
    endloop
  endfacet
  facet normal 0 0 -1
    outer loop
      vertex 36.4738 8.44969 3.3
      vertex 42.0222 8.44969 3.3
      vertex 42.1089 8.38538 3.3
    endloop
  endfacet
  facet normal 0 0 -1
    outer loop
      vertex 36.3871 8.38538 3.3
      vertex 42.1089 8.38538 3.3
      vertex 42.2015 8.32989 3.3
    endloop
  endfacet
  facet normal 0 0 -1
    outer loop
      vertex 36.2945 8.32989 3.3
      vertex 42.2015 8.32989 3.3
      vertex 42.299 8.28373 3.3
    endloop
  endfacet
  facet normal 0 0 -1
    outer loop
      vertex 36.197 8.28373 3.3
      vertex 42.299 8.28373 3.3
      vertex 42.4007 8.24736 3.3
    endloop
  endfacet
  facet normal 0 0 -1
    outer loop
      vertex 36.0953 8.24736 3.3
      vertex 42.4007 8.24736 3.3
      vertex 42.5054 8.22114 3.3
    endloop
  endfacet
  facet normal 0 0 -1
    outer loop
      vertex 42.6122 8.2053 3.3
      vertex 35.8838 8.2053 3.3
      vertex 42.5054 8.22114 3.3
    endloop
  endfacet
  facet normal 0 0 -1
    outer loop
      vertex 41.6253 9.19218 3.3
      vertex 36.8707 9.19218 3.3
      vertex 36.876 9.3 3.3
    endloop
  endfacet
  facet normal 0 0 -1
    outer loop
      vertex 41.6411 9.0854 3.3
      vertex 36.8549 9.0854 3.3
      vertex 36.8707 9.19218 3.3
    endloop
  endfacet
  facet normal 0 0 -1
    outer loop
      vertex 41.6674 8.98069 3.3
      vertex 36.8286 8.98069 3.3
      vertex 36.8549 9.0854 3.3
    endloop
  endfacet
  facet normal 0 0 -1
    outer loop
      vertex 41.7037 8.87905 3.3
      vertex 36.7923 8.87905 3.3
      vertex 36.8286 8.98069 3.3
    endloop
  endfacet
  facet normal 0 0 -1
    outer loop
      vertex 41.7499 8.78146 3.3
      vertex 36.7461 8.78146 3.3
      vertex 36.7923 8.87905 3.3
    endloop
  endfacet
  facet normal 0 0 -1
    outer loop
      vertex 41.8054 8.68887 3.3
      vertex 36.6906 8.68887 3.3
      vertex 36.7461 8.78146 3.3
    endloop
  endfacet
  facet normal 0 0 -1
    outer loop
      vertex 41.8697 8.60217 3.3
      vertex 36.6263 8.60217 3.3
      vertex 36.6906 8.68887 3.3
    endloop
  endfacet
  facet normal 0 0 -1
    outer loop
      vertex 41.9422 8.52218 3.3
      vertex 36.5538 8.52218 3.3
      vertex 36.6263 8.60217 3.3
    endloop
  endfacet
  facet normal 0 0 -1
    outer loop
      vertex 42.0222 8.44969 3.3
      vertex 36.4738 8.44969 3.3
      vertex 36.5538 8.52218 3.3
    endloop
  endfacet
  facet normal 0 0 -1
    outer loop
      vertex 42.1089 8.38538 3.3
      vertex 36.3871 8.38538 3.3
      vertex 36.4738 8.44969 3.3
    endloop
  endfacet
  facet normal 0 0 -1
    outer loop
      vertex 42.2015 8.32989 3.3
      vertex 36.2945 8.32989 3.3
      vertex 36.3871 8.38538 3.3
    endloop
  endfacet
  facet normal 0 0 -1
    outer loop
      vertex 42.299 8.28373 3.3
      vertex 36.197 8.28373 3.3
      vertex 36.2945 8.32989 3.3
    endloop
  endfacet
  facet normal 0 0 -1
    outer loop
      vertex 42.4007 8.24736 3.3
      vertex 36.0953 8.24736 3.3
      vertex 36.197 8.28373 3.3
    endloop
  endfacet
  facet normal 0 0 -1
    outer loop
      vertex 42.5054 8.22114 3.3
      vertex 35.9906 8.22114 3.3
      vertex 36.0953 8.24736 3.3
    endloop
  endfacet
  facet normal -0 0 -1
    outer loop
      vertex 42.5054 8.22114 3.3
      vertex 35.8838 8.2053 3.3
      vertex 35.9906 8.22114 3.3
    endloop
  endfacet
  facet normal 0 0 -1
    outer loop
      vertex 64.608 3 3.3
      vertex 35.776 8.2 3.3
      vertex 35.8838 8.2053 3.3
    endloop
  endfacet
  facet normal 0 0 -1
    outer loop
      vertex 28.832 8.2 3.3
      vertex 35.776 8.2 3.3
      vertex 64.608 3 3.3
    endloop
  endfacet
  facet normal 0 0 -1
    outer loop
      vertex 35.776 8.2 3.3
      vertex 28.832 8.2 3.3
      vertex 35.6682 8.2053 3.3
    endloop
  endfacet
  facet normal 0 0 -1
    outer loop
      vertex 34.6813 9.19218 3.3
      vertex 29.932 9.3 3.3
      vertex 34.676 9.3 3.3
    endloop
  endfacet
  facet normal 0 0 -1
    outer loop
      vertex 29.9267 9.19218 3.3
      vertex 34.6813 9.19218 3.3
      vertex 34.6971 9.0854 3.3
    endloop
  endfacet
  facet normal 0 0 -1
    outer loop
      vertex 29.9109 9.0854 3.3
      vertex 34.6971 9.0854 3.3
      vertex 34.7234 8.98069 3.3
    endloop
  endfacet
  facet normal 0 0 -1
    outer loop
      vertex 29.8846 8.98069 3.3
      vertex 34.7234 8.98069 3.3
      vertex 34.7597 8.87905 3.3
    endloop
  endfacet
  facet normal 0 0 -1
    outer loop
      vertex 29.8483 8.87905 3.3
      vertex 34.7597 8.87905 3.3
      vertex 34.8059 8.78146 3.3
    endloop
  endfacet
  facet normal 0 0 -1
    outer loop
      vertex 29.8021 8.78146 3.3
      vertex 34.8059 8.78146 3.3
      vertex 34.8614 8.68887 3.3
    endloop
  endfacet
  facet normal 0 0 -1
    outer loop
      vertex 29.7466 8.68887 3.3
      vertex 34.8614 8.68887 3.3
      vertex 34.9257 8.60217 3.3
    endloop
  endfacet
  facet normal 0 0 -1
    outer loop
      vertex 29.6823 8.60217 3.3
      vertex 34.9257 8.60217 3.3
      vertex 34.9982 8.52218 3.3
    endloop
  endfacet
  facet normal 0 0 -1
    outer loop
      vertex 29.6098 8.52218 3.3
      vertex 34.9982 8.52218 3.3
      vertex 35.0782 8.44969 3.3
    endloop
  endfacet
  facet normal 0 0 -1
    outer loop
      vertex 29.5298 8.44969 3.3
      vertex 35.0782 8.44969 3.3
      vertex 35.1649 8.38538 3.3
    endloop
  endfacet
  facet normal 0 0 -1
    outer loop
      vertex 29.4431 8.38538 3.3
      vertex 35.1649 8.38538 3.3
      vertex 35.2575 8.32989 3.3
    endloop
  endfacet
  facet normal 0 0 -1
    outer loop
      vertex 29.3505 8.32989 3.3
      vertex 35.2575 8.32989 3.3
      vertex 35.355 8.28373 3.3
    endloop
  endfacet
  facet normal 0 0 -1
    outer loop
      vertex 29.253 8.28373 3.3
      vertex 35.355 8.28373 3.3
      vertex 35.4567 8.24736 3.3
    endloop
  endfacet
  facet normal 0 0 -1
    outer loop
      vertex 29.1513 8.24736 3.3
      vertex 35.4567 8.24736 3.3
      vertex 35.5614 8.22114 3.3
    endloop
  endfacet
  facet normal 0 0 -1
    outer loop
      vertex 34.6813 9.19218 3.3
      vertex 29.9267 9.19218 3.3
      vertex 29.932 9.3 3.3
    endloop
  endfacet
  facet normal 0 -0 -1
    outer loop
      vertex 28.9398 8.2053 3.3
      vertex 35.6682 8.2053 3.3
      vertex 28.832 8.2 3.3
    endloop
  endfacet
  facet normal 0 0 -1
    outer loop
      vertex 34.6971 9.0854 3.3
      vertex 29.9109 9.0854 3.3
      vertex 29.9267 9.19218 3.3
    endloop
  endfacet
  facet normal 0 0 -1
    outer loop
      vertex 34.7234 8.98069 3.3
      vertex 29.8846 8.98069 3.3
      vertex 29.9109 9.0854 3.3
    endloop
  endfacet
  facet normal 0 0 -1
    outer loop
      vertex 34.7597 8.87905 3.3
      vertex 29.8483 8.87905 3.3
      vertex 29.8846 8.98069 3.3
    endloop
  endfacet
  facet normal 0 0 -1
    outer loop
      vertex 34.8059 8.78146 3.3
      vertex 29.8021 8.78146 3.3
      vertex 29.8483 8.87905 3.3
    endloop
  endfacet
  facet normal 0 0 -1
    outer loop
      vertex 34.8614 8.68887 3.3
      vertex 29.7466 8.68887 3.3
      vertex 29.8021 8.78146 3.3
    endloop
  endfacet
  facet normal 0 0 -1
    outer loop
      vertex 34.9257 8.60217 3.3
      vertex 29.6823 8.60217 3.3
      vertex 29.7466 8.68887 3.3
    endloop
  endfacet
  facet normal 0 0 -1
    outer loop
      vertex 34.9982 8.52218 3.3
      vertex 29.6098 8.52218 3.3
      vertex 29.6823 8.60217 3.3
    endloop
  endfacet
  facet normal 0 0 -1
    outer loop
      vertex 35.0782 8.44969 3.3
      vertex 29.5298 8.44969 3.3
      vertex 29.6098 8.52218 3.3
    endloop
  endfacet
  facet normal 0 0 -1
    outer loop
      vertex 35.1649 8.38538 3.3
      vertex 29.4431 8.38538 3.3
      vertex 29.5298 8.44969 3.3
    endloop
  endfacet
  facet normal 0 0 -1
    outer loop
      vertex 35.2575 8.32989 3.3
      vertex 29.3505 8.32989 3.3
      vertex 29.4431 8.38538 3.3
    endloop
  endfacet
  facet normal 0 0 -1
    outer loop
      vertex 35.355 8.28373 3.3
      vertex 29.253 8.28373 3.3
      vertex 29.3505 8.32989 3.3
    endloop
  endfacet
  facet normal 0 0 -1
    outer loop
      vertex 35.4567 8.24736 3.3
      vertex 29.1513 8.24736 3.3
      vertex 29.253 8.28373 3.3
    endloop
  endfacet
  facet normal 0 0 -1
    outer loop
      vertex 35.5614 8.22114 3.3
      vertex 29.0466 8.22114 3.3
      vertex 29.1513 8.24736 3.3
    endloop
  endfacet
  facet normal -0 0 -1
    outer loop
      vertex 35.5614 8.22114 3.3
      vertex 28.9398 8.2053 3.3
      vertex 29.0466 8.22114 3.3
    endloop
  endfacet
  facet normal 0 0 -1
    outer loop
      vertex 35.6682 8.2053 3.3
      vertex 28.9398 8.2053 3.3
      vertex 35.5614 8.22114 3.3
    endloop
  endfacet
  facet normal 0 0 -1
    outer loop
      vertex 0 3 3.3
      vertex 28.832 8.2 3.3
      vertex 64.608 3 3.3
    endloop
  endfacet
  facet normal 0 0 -1
    outer loop
      vertex 27.7373 9.19218 3.3
      vertex 22.988 9.3 3.3
      vertex 27.732 9.3 3.3
    endloop
  endfacet
  facet normal 0 0 -1
    outer loop
      vertex 22.9827 9.19218 3.3
      vertex 27.7373 9.19218 3.3
      vertex 27.7531 9.0854 3.3
    endloop
  endfacet
  facet normal 0 0 -1
    outer loop
      vertex 22.9669 9.0854 3.3
      vertex 27.7531 9.0854 3.3
      vertex 27.7794 8.98069 3.3
    endloop
  endfacet
  facet normal 0 0 -1
    outer loop
      vertex 22.9406 8.98069 3.3
      vertex 27.7794 8.98069 3.3
      vertex 27.8157 8.87905 3.3
    endloop
  endfacet
  facet normal 0 0 -1
    outer loop
      vertex 22.9043 8.87905 3.3
      vertex 27.8157 8.87905 3.3
      vertex 27.8619 8.78146 3.3
    endloop
  endfacet
  facet normal 0 0 -1
    outer loop
      vertex 22.8581 8.78146 3.3
      vertex 27.8619 8.78146 3.3
      vertex 27.9174 8.68887 3.3
    endloop
  endfacet
  facet normal 0 0 -1
    outer loop
      vertex 22.8026 8.68887 3.3
      vertex 27.9174 8.68887 3.3
      vertex 27.9817 8.60217 3.3
    endloop
  endfacet
  facet normal 0 0 -1
    outer loop
      vertex 22.7383 8.60217 3.3
      vertex 27.9817 8.60217 3.3
      vertex 28.0542 8.52218 3.3
    endloop
  endfacet
  facet normal 0 0 -1
    outer loop
      vertex 22.6658 8.52218 3.3
      vertex 28.0542 8.52218 3.3
      vertex 28.1342 8.44969 3.3
    endloop
  endfacet
  facet normal 0 0 -1
    outer loop
      vertex 22.5858 8.44969 3.3
      vertex 28.1342 8.44969 3.3
      vertex 28.2209 8.38538 3.3
    endloop
  endfacet
  facet normal 0 0 -1
    outer loop
      vertex 22.4991 8.38538 3.3
      vertex 28.2209 8.38538 3.3
      vertex 28.3135 8.32989 3.3
    endloop
  endfacet
  facet normal 0 0 -1
    outer loop
      vertex 22.4065 8.32989 3.3
      vertex 28.3135 8.32989 3.3
      vertex 28.411 8.28373 3.3
    endloop
  endfacet
  facet normal 0 0 -1
    outer loop
      vertex 22.309 8.28373 3.3
      vertex 28.411 8.28373 3.3
      vertex 28.5127 8.24736 3.3
    endloop
  endfacet
  facet normal 0 0 -1
    outer loop
      vertex 22.2073 8.24736 3.3
      vertex 28.5127 8.24736 3.3
      vertex 28.6174 8.22114 3.3
    endloop
  endfacet
  facet normal 0 0 -1
    outer loop
      vertex 27.7373 9.19218 3.3
      vertex 22.9827 9.19218 3.3
      vertex 22.988 9.3 3.3
    endloop
  endfacet
  facet normal 0 0 -1
    outer loop
      vertex 27.7531 9.0854 3.3
      vertex 22.9669 9.0854 3.3
      vertex 22.9827 9.19218 3.3
    endloop
  endfacet
  facet normal 0 0 -1
    outer loop
      vertex 27.7794 8.98069 3.3
      vertex 22.9406 8.98069 3.3
      vertex 22.9669 9.0854 3.3
    endloop
  endfacet
  facet normal 0 0 -1
    outer loop
      vertex 22.1026 8.22114 3.3
      vertex 28.6174 8.22114 3.3
      vertex 28.7242 8.2053 3.3
    endloop
  endfacet
  facet normal -0 0 -1
    outer loop
      vertex 28.832 8.2 3.3
      vertex 0 3 3.3
      vertex 28.7242 8.2053 3.3
    endloop
  endfacet
  facet normal 0 0 -1
    outer loop
      vertex 27.8157 8.87905 3.3
      vertex 22.9043 8.87905 3.3
      vertex 22.9406 8.98069 3.3
    endloop
  endfacet
  facet normal 0 0 -1
    outer loop
      vertex 27.8619 8.78146 3.3
      vertex 22.8581 8.78146 3.3
      vertex 22.9043 8.87905 3.3
    endloop
  endfacet
  facet normal 0 0 -1
    outer loop
      vertex 27.9174 8.68887 3.3
      vertex 22.8026 8.68887 3.3
      vertex 22.8581 8.78146 3.3
    endloop
  endfacet
  facet normal 0 0 -1
    outer loop
      vertex 27.9817 8.60217 3.3
      vertex 22.7383 8.60217 3.3
      vertex 22.8026 8.68887 3.3
    endloop
  endfacet
  facet normal 0 0 -1
    outer loop
      vertex 28.0542 8.52218 3.3
      vertex 22.6658 8.52218 3.3
      vertex 22.7383 8.60217 3.3
    endloop
  endfacet
  facet normal 0 0 -1
    outer loop
      vertex 28.1342 8.44969 3.3
      vertex 22.5858 8.44969 3.3
      vertex 22.6658 8.52218 3.3
    endloop
  endfacet
  facet normal 0 0 -1
    outer loop
      vertex 28.2209 8.38538 3.3
      vertex 22.4991 8.38538 3.3
      vertex 22.5858 8.44969 3.3
    endloop
  endfacet
  facet normal 0 0 -1
    outer loop
      vertex 28.3135 8.32989 3.3
      vertex 22.4065 8.32989 3.3
      vertex 22.4991 8.38538 3.3
    endloop
  endfacet
  facet normal 0 0 -1
    outer loop
      vertex 28.411 8.28373 3.3
      vertex 22.309 8.28373 3.3
      vertex 22.4065 8.32989 3.3
    endloop
  endfacet
  facet normal 0 0 -1
    outer loop
      vertex 28.5127 8.24736 3.3
      vertex 22.2073 8.24736 3.3
      vertex 22.309 8.28373 3.3
    endloop
  endfacet
  facet normal 0 0 -1
    outer loop
      vertex 28.6174 8.22114 3.3
      vertex 22.1026 8.22114 3.3
      vertex 22.2073 8.24736 3.3
    endloop
  endfacet
  facet normal 0 0 -1
    outer loop
      vertex 28.7242 8.2053 3.3
      vertex 21.9958 8.2053 3.3
      vertex 22.1026 8.22114 3.3
    endloop
  endfacet
  facet normal -0 0 -1
    outer loop
      vertex 28.7242 8.2053 3.3
      vertex 0 3 3.3
      vertex 21.9958 8.2053 3.3
    endloop
  endfacet
  facet normal 0 0 -1
    outer loop
      vertex 21.9958 8.2053 3.3
      vertex 0 3 3.3
      vertex 21.888 8.2 3.3
    endloop
  endfacet
  facet normal 0 0 -1
    outer loop
      vertex 20.7933 9.19218 3.3
      vertex 16.044 9.3 3.3
      vertex 20.788 9.3 3.3
    endloop
  endfacet
  facet normal 0 0 -1
    outer loop
      vertex 16.0387 9.19218 3.3
      vertex 20.7933 9.19218 3.3
      vertex 20.8091 9.0854 3.3
    endloop
  endfacet
  facet normal 0 0 -1
    outer loop
      vertex 16.0229 9.0854 3.3
      vertex 20.8091 9.0854 3.3
      vertex 20.8354 8.98069 3.3
    endloop
  endfacet
  facet normal 0 0 -1
    outer loop
      vertex 15.9966 8.98069 3.3
      vertex 20.8354 8.98069 3.3
      vertex 20.8717 8.87905 3.3
    endloop
  endfacet
  facet normal 0 0 -1
    outer loop
      vertex 15.9603 8.87905 3.3
      vertex 20.8717 8.87905 3.3
      vertex 20.9179 8.78146 3.3
    endloop
  endfacet
  facet normal 0 0 -1
    outer loop
      vertex 15.9141 8.78146 3.3
      vertex 20.9179 8.78146 3.3
      vertex 20.9734 8.68887 3.3
    endloop
  endfacet
  facet normal 0 0 -1
    outer loop
      vertex 15.8586 8.68887 3.3
      vertex 20.9734 8.68887 3.3
      vertex 21.0377 8.60217 3.3
    endloop
  endfacet
  facet normal 0 0 -1
    outer loop
      vertex 15.7943 8.60217 3.3
      vertex 21.0377 8.60217 3.3
      vertex 21.1102 8.52218 3.3
    endloop
  endfacet
  facet normal 0 0 -1
    outer loop
      vertex 15.7218 8.52218 3.3
      vertex 21.1102 8.52218 3.3
      vertex 21.1902 8.44969 3.3
    endloop
  endfacet
  facet normal 0 0 -1
    outer loop
      vertex 15.6418 8.44969 3.3
      vertex 21.1902 8.44969 3.3
      vertex 21.2769 8.38538 3.3
    endloop
  endfacet
  facet normal 0 0 -1
    outer loop
      vertex 15.5551 8.38538 3.3
      vertex 21.2769 8.38538 3.3
      vertex 21.3695 8.32989 3.3
    endloop
  endfacet
  facet normal 0 0 -1
    outer loop
      vertex 15.4625 8.32989 3.3
      vertex 21.3695 8.32989 3.3
      vertex 21.467 8.28373 3.3
    endloop
  endfacet
  facet normal 0 0 -1
    outer loop
      vertex 15.365 8.28373 3.3
      vertex 21.467 8.28373 3.3
      vertex 21.5687 8.24736 3.3
    endloop
  endfacet
  facet normal 0 0 -1
    outer loop
      vertex 15.2633 8.24736 3.3
      vertex 21.5687 8.24736 3.3
      vertex 21.6734 8.22114 3.3
    endloop
  endfacet
  facet normal 0 0 -1
    outer loop
      vertex 20.7933 9.19218 3.3
      vertex 16.0387 9.19218 3.3
      vertex 16.044 9.3 3.3
    endloop
  endfacet
  facet normal 0 0 -1
    outer loop
      vertex 20.8091 9.0854 3.3
      vertex 16.0229 9.0854 3.3
      vertex 16.0387 9.19218 3.3
    endloop
  endfacet
  facet normal 0 0 -1
    outer loop
      vertex 20.8354 8.98069 3.3
      vertex 15.9966 8.98069 3.3
      vertex 16.0229 9.0854 3.3
    endloop
  endfacet
  facet normal 0 0 -1
    outer loop
      vertex 15.1586 8.22114 3.3
      vertex 21.6734 8.22114 3.3
      vertex 21.7802 8.2053 3.3
    endloop
  endfacet
  facet normal 0 0 -1
    outer loop
      vertex 20.8717 8.87905 3.3
      vertex 15.9603 8.87905 3.3
      vertex 15.9966 8.98069 3.3
    endloop
  endfacet
  facet normal -0 0 -1
    outer loop
      vertex 21.888 8.2 3.3
      vertex 0 3 3.3
      vertex 21.7802 8.2053 3.3
    endloop
  endfacet
  facet normal 0 0 -1
    outer loop
      vertex 20.9179 8.78146 3.3
      vertex 15.9141 8.78146 3.3
      vertex 15.9603 8.87905 3.3
    endloop
  endfacet
  facet normal 0 0 -1
    outer loop
      vertex 20.9734 8.68887 3.3
      vertex 15.8586 8.68887 3.3
      vertex 15.9141 8.78146 3.3
    endloop
  endfacet
  facet normal 0 0 -1
    outer loop
      vertex 21.0377 8.60217 3.3
      vertex 15.7943 8.60217 3.3
      vertex 15.8586 8.68887 3.3
    endloop
  endfacet
  facet normal 0 0 -1
    outer loop
      vertex 21.1102 8.52218 3.3
      vertex 15.7218 8.52218 3.3
      vertex 15.7943 8.60217 3.3
    endloop
  endfacet
  facet normal 0 0 -1
    outer loop
      vertex 21.1902 8.44969 3.3
      vertex 15.6418 8.44969 3.3
      vertex 15.7218 8.52218 3.3
    endloop
  endfacet
  facet normal 0 0 -1
    outer loop
      vertex 21.2769 8.38538 3.3
      vertex 15.5551 8.38538 3.3
      vertex 15.6418 8.44969 3.3
    endloop
  endfacet
  facet normal 0 0 -1
    outer loop
      vertex 21.3695 8.32989 3.3
      vertex 15.4625 8.32989 3.3
      vertex 15.5551 8.38538 3.3
    endloop
  endfacet
  facet normal 0 0 -1
    outer loop
      vertex 21.467 8.28373 3.3
      vertex 15.365 8.28373 3.3
      vertex 15.4625 8.32989 3.3
    endloop
  endfacet
  facet normal 0 0 -1
    outer loop
      vertex 21.5687 8.24736 3.3
      vertex 15.2633 8.24736 3.3
      vertex 15.365 8.28373 3.3
    endloop
  endfacet
  facet normal 0 0 -1
    outer loop
      vertex 21.6734 8.22114 3.3
      vertex 15.1586 8.22114 3.3
      vertex 15.2633 8.24736 3.3
    endloop
  endfacet
  facet normal 0 -0 -1
    outer loop
      vertex 15.0518 8.2053 3.3
      vertex 21.7802 8.2053 3.3
      vertex 0 3 3.3
    endloop
  endfacet
  facet normal 0 0 -1
    outer loop
      vertex 21.7802 8.2053 3.3
      vertex 15.0518 8.2053 3.3
      vertex 15.1586 8.22114 3.3
    endloop
  endfacet
  facet normal 0 0 -1
    outer loop
      vertex 15.0518 8.2053 3.3
      vertex 0 3 3.3
      vertex 14.944 8.2 3.3
    endloop
  endfacet
  facet normal 0 0 -1
    outer loop
      vertex 13.8493 9.19218 3.3
      vertex 9.1 9.3 3.3
      vertex 13.844 9.3 3.3
    endloop
  endfacet
  facet normal 0 0 -1
    outer loop
      vertex 9.0947 9.19218 3.3
      vertex 13.8493 9.19218 3.3
      vertex 13.8651 9.0854 3.3
    endloop
  endfacet
  facet normal 0 0 -1
    outer loop
      vertex 9.07886 9.0854 3.3
      vertex 13.8651 9.0854 3.3
      vertex 13.8914 8.98069 3.3
    endloop
  endfacet
  facet normal 0 0 -1
    outer loop
      vertex 9.05263 8.98069 3.3
      vertex 13.8914 8.98069 3.3
      vertex 13.9277 8.87905 3.3
    endloop
  endfacet
  facet normal 0 0 -1
    outer loop
      vertex 9.01627 8.87905 3.3
      vertex 13.9277 8.87905 3.3
      vertex 13.9739 8.78146 3.3
    endloop
  endfacet
  facet normal 0 0 -1
    outer loop
      vertex 8.97011 8.78146 3.3
      vertex 13.9739 8.78146 3.3
      vertex 14.0294 8.68887 3.3
    endloop
  endfacet
  facet normal 0 0 -1
    outer loop
      vertex 8.91462 8.68887 3.3
      vertex 14.0294 8.68887 3.3
      vertex 14.0937 8.60217 3.3
    endloop
  endfacet
  facet normal 0 0 -1
    outer loop
      vertex 8.85031 8.60217 3.3
      vertex 14.0937 8.60217 3.3
      vertex 14.1662 8.52218 3.3
    endloop
  endfacet
  facet normal 0 0 -1
    outer loop
      vertex 8.77782 8.52218 3.3
      vertex 14.1662 8.52218 3.3
      vertex 14.2462 8.44969 3.3
    endloop
  endfacet
  facet normal 0 0 -1
    outer loop
      vertex 8.69783 8.44969 3.3
      vertex 14.2462 8.44969 3.3
      vertex 14.3329 8.38538 3.3
    endloop
  endfacet
  facet normal 0 0 -1
    outer loop
      vertex 8.61113 8.38538 3.3
      vertex 14.3329 8.38538 3.3
      vertex 14.4255 8.32989 3.3
    endloop
  endfacet
  facet normal 0 0 -1
    outer loop
      vertex 8.51854 8.32989 3.3
      vertex 14.4255 8.32989 3.3
      vertex 14.523 8.28373 3.3
    endloop
  endfacet
  facet normal 0 0 -1
    outer loop
      vertex 8.42095 8.28373 3.3
      vertex 14.523 8.28373 3.3
      vertex 14.6247 8.24736 3.3
    endloop
  endfacet
  facet normal 0 0 -1
    outer loop
      vertex 8.31931 8.24736 3.3
      vertex 14.6247 8.24736 3.3
      vertex 14.7294 8.22114 3.3
    endloop
  endfacet
  facet normal 0 0 -1
    outer loop
      vertex 13.8493 9.19218 3.3
      vertex 9.0947 9.19218 3.3
      vertex 9.1 9.3 3.3
    endloop
  endfacet
  facet normal 0 0 -1
    outer loop
      vertex 13.8651 9.0854 3.3
      vertex 9.07886 9.0854 3.3
      vertex 9.0947 9.19218 3.3
    endloop
  endfacet
  facet normal 0 0 -1
    outer loop
      vertex 13.8914 8.98069 3.3
      vertex 9.05263 8.98069 3.3
      vertex 9.07886 9.0854 3.3
    endloop
  endfacet
  facet normal 0 0 -1
    outer loop
      vertex 0 3 3.3
      vertex 14.7294 8.22114 3.3
      vertex 14.8362 8.2053 3.3
    endloop
  endfacet
  facet normal 0 0 -1
    outer loop
      vertex 13.9277 8.87905 3.3
      vertex 9.01627 8.87905 3.3
      vertex 9.05263 8.98069 3.3
    endloop
  endfacet
  facet normal 0 0 -1
    outer loop
      vertex 13.9739 8.78146 3.3
      vertex 8.97011 8.78146 3.3
      vertex 9.01627 8.87905 3.3
    endloop
  endfacet
  facet normal -0 0 -1
    outer loop
      vertex 14.944 8.2 3.3
      vertex 0 3 3.3
      vertex 14.8362 8.2053 3.3
    endloop
  endfacet
  facet normal 0 0 -1
    outer loop
      vertex 14.0294 8.68887 3.3
      vertex 8.91462 8.68887 3.3
      vertex 8.97011 8.78146 3.3
    endloop
  endfacet
  facet normal 0 0 -1
    outer loop
      vertex 14.0937 8.60217 3.3
      vertex 8.85031 8.60217 3.3
      vertex 8.91462 8.68887 3.3
    endloop
  endfacet
  facet normal 0 0 -1
    outer loop
      vertex 14.1662 8.52218 3.3
      vertex 8.77782 8.52218 3.3
      vertex 8.85031 8.60217 3.3
    endloop
  endfacet
  facet normal 0 0 -1
    outer loop
      vertex 14.2462 8.44969 3.3
      vertex 8.69783 8.44969 3.3
      vertex 8.77782 8.52218 3.3
    endloop
  endfacet
  facet normal 0 0 -1
    outer loop
      vertex 14.3329 8.38538 3.3
      vertex 8.61113 8.38538 3.3
      vertex 8.69783 8.44969 3.3
    endloop
  endfacet
  facet normal 0 0 -1
    outer loop
      vertex 14.4255 8.32989 3.3
      vertex 8.51854 8.32989 3.3
      vertex 8.61113 8.38538 3.3
    endloop
  endfacet
  facet normal -0 0 -1
    outer loop
      vertex 14.7294 8.22114 3.3
      vertex 0 3 3.3
      vertex 8.2146 8.22114 3.3
    endloop
  endfacet
  facet normal 0 0 -1
    outer loop
      vertex 14.523 8.28373 3.3
      vertex 8.42095 8.28373 3.3
      vertex 8.51854 8.32989 3.3
    endloop
  endfacet
  facet normal 0 0 -1
    outer loop
      vertex 14.6247 8.24736 3.3
      vertex 8.31931 8.24736 3.3
      vertex 8.42095 8.28373 3.3
    endloop
  endfacet
  facet normal 0 0 -1
    outer loop
      vertex 14.7294 8.22114 3.3
      vertex 8.2146 8.22114 3.3
      vertex 8.31931 8.24736 3.3
    endloop
  endfacet
  facet normal 0 0 -1
    outer loop
      vertex 8.2146 8.22114 3.3
      vertex 0 3 3.3
      vertex 8.10782 8.2053 3.3
    endloop
  endfacet
  facet normal 0 0 -1
    outer loop
      vertex 8.10782 8.2053 3.3
      vertex 0 3 3.3
      vertex 8 8.2 3.3
    endloop
  endfacet
  facet normal -0 0 -1
    outer loop
      vertex 6.9053 9.19218 3.3
      vertex 0 3 3.3
      vertex 6.9 9.3 3.3
    endloop
  endfacet
  facet normal -0 0 -1
    outer loop
      vertex 6.92114 9.0854 3.3
      vertex 0 3 3.3
      vertex 6.9053 9.19218 3.3
    endloop
  endfacet
  facet normal -0 0 -1
    outer loop
      vertex 6.94736 8.98069 3.3
      vertex 0 3 3.3
      vertex 6.92114 9.0854 3.3
    endloop
  endfacet
  facet normal -0 0 -1
    outer loop
      vertex 6.98373 8.87905 3.3
      vertex 0 3 3.3
      vertex 6.94736 8.98069 3.3
    endloop
  endfacet
  facet normal -0 0 -1
    outer loop
      vertex 7.02989 8.78146 3.3
      vertex 0 3 3.3
      vertex 6.98373 8.87905 3.3
    endloop
  endfacet
  facet normal -0 0 -1
    outer loop
      vertex 7.08538 8.68887 3.3
      vertex 0 3 3.3
      vertex 7.02989 8.78146 3.3
    endloop
  endfacet
  facet normal -0 0 -1
    outer loop
      vertex 7.14969 8.60217 3.3
      vertex 0 3 3.3
      vertex 7.08538 8.68887 3.3
    endloop
  endfacet
  facet normal -0 0 -1
    outer loop
      vertex 7.22218 8.52218 3.3
      vertex 0 3 3.3
      vertex 7.14969 8.60217 3.3
    endloop
  endfacet
  facet normal -0 0 -1
    outer loop
      vertex 7.30217 8.44969 3.3
      vertex 0 3 3.3
      vertex 7.22218 8.52218 3.3
    endloop
  endfacet
  facet normal -0 0 -1
    outer loop
      vertex 7.38887 8.38538 3.3
      vertex 0 3 3.3
      vertex 7.30217 8.44969 3.3
    endloop
  endfacet
  facet normal -0 0 -1
    outer loop
      vertex 7.48146 8.32989 3.3
      vertex 0 3 3.3
      vertex 7.38887 8.38538 3.3
    endloop
  endfacet
  facet normal -0 0 -1
    outer loop
      vertex 7.57905 8.28373 3.3
      vertex 0 3 3.3
      vertex 7.48146 8.32989 3.3
    endloop
  endfacet
  facet normal -0 0 -1
    outer loop
      vertex 7.68069 8.24736 3.3
      vertex 0 3 3.3
      vertex 7.57905 8.28373 3.3
    endloop
  endfacet
  facet normal -0 0 -1
    outer loop
      vertex 7.7854 8.22114 3.3
      vertex 0 3 3.3
      vertex 7.68069 8.24736 3.3
    endloop
  endfacet
  facet normal -0 0 -1
    outer loop
      vertex 7.89218 8.2053 3.3
      vertex 0 3 3.3
      vertex 7.7854 8.22114 3.3
    endloop
  endfacet
  facet normal -0 0 -1
    outer loop
      vertex 8 8.2 3.3
      vertex 0 3 3.3
      vertex 7.89218 8.2053 3.3
    endloop
  endfacet
  facet normal 0 0 -1
    outer loop
      vertex 57.7027 9.40782 3.3
      vertex 64.608 15.6 3.3
      vertex 57.708 9.3 3.3
    endloop
  endfacet
  facet normal 0 0 -1
    outer loop
      vertex 57.6869 9.5146 3.3
      vertex 64.608 15.6 3.3
      vertex 57.7027 9.40782 3.3
    endloop
  endfacet
  facet normal 0 0 -1
    outer loop
      vertex 57.6606 9.61931 3.3
      vertex 64.608 15.6 3.3
      vertex 57.6869 9.5146 3.3
    endloop
  endfacet
  facet normal 0 0 -1
    outer loop
      vertex 57.6243 9.72095 3.3
      vertex 64.608 15.6 3.3
      vertex 57.6606 9.61931 3.3
    endloop
  endfacet
  facet normal 0 0 -1
    outer loop
      vertex 57.5781 9.81854 3.3
      vertex 64.608 15.6 3.3
      vertex 57.6243 9.72095 3.3
    endloop
  endfacet
  facet normal 0 0 -1
    outer loop
      vertex 57.5226 9.91113 3.3
      vertex 64.608 15.6 3.3
      vertex 57.5781 9.81854 3.3
    endloop
  endfacet
  facet normal 0 0 -1
    outer loop
      vertex 57.4583 9.99783 3.3
      vertex 64.608 15.6 3.3
      vertex 57.5226 9.91113 3.3
    endloop
  endfacet
  facet normal 0 0 -1
    outer loop
      vertex 57.3858 10.0778 3.3
      vertex 64.608 15.6 3.3
      vertex 57.4583 9.99783 3.3
    endloop
  endfacet
  facet normal 0 0 -1
    outer loop
      vertex 57.3058 10.1503 3.3
      vertex 64.608 15.6 3.3
      vertex 57.3858 10.0778 3.3
    endloop
  endfacet
  facet normal 0 0 -1
    outer loop
      vertex 57.2191 10.2146 3.3
      vertex 64.608 15.6 3.3
      vertex 57.3058 10.1503 3.3
    endloop
  endfacet
  facet normal 0 0 -1
    outer loop
      vertex 57.1265 10.2701 3.3
      vertex 64.608 15.6 3.3
      vertex 57.2191 10.2146 3.3
    endloop
  endfacet
  facet normal 0 0 -1
    outer loop
      vertex 57.029 10.3163 3.3
      vertex 64.608 15.6 3.3
      vertex 57.1265 10.2701 3.3
    endloop
  endfacet
  facet normal 0 0 -1
    outer loop
      vertex 56.9273 10.3526 3.3
      vertex 64.608 15.6 3.3
      vertex 57.029 10.3163 3.3
    endloop
  endfacet
  facet normal 0 0 -1
    outer loop
      vertex 56.8226 10.3789 3.3
      vertex 64.608 15.6 3.3
      vertex 56.9273 10.3526 3.3
    endloop
  endfacet
  facet normal 0 0 -1
    outer loop
      vertex 56.7158 10.3947 3.3
      vertex 64.608 15.6 3.3
      vertex 56.8226 10.3789 3.3
    endloop
  endfacet
  facet normal 0 0 -1
    outer loop
      vertex 56.608 10.4 3.3
      vertex 64.608 15.6 3.3
      vertex 56.7158 10.3947 3.3
    endloop
  endfacet
  facet normal 0 0 -1
    outer loop
      vertex 56.5002 10.3947 3.3
      vertex 64.608 15.6 3.3
      vertex 56.608 10.4 3.3
    endloop
  endfacet
  facet normal 0 0 -1
    outer loop
      vertex 56.3934 10.3789 3.3
      vertex 64.608 15.6 3.3
      vertex 56.5002 10.3947 3.3
    endloop
  endfacet
  facet normal 0 0 -1
    outer loop
      vertex 49.8786 10.3789 3.3
      vertex 56.3934 10.3789 3.3
      vertex 56.2887 10.3526 3.3
    endloop
  endfacet
  facet normal 0 0 -1
    outer loop
      vertex 49.9833 10.3526 3.3
      vertex 56.2887 10.3526 3.3
      vertex 56.187 10.3163 3.3
    endloop
  endfacet
  facet normal 0 0 -1
    outer loop
      vertex 50.085 10.3163 3.3
      vertex 56.187 10.3163 3.3
      vertex 56.0895 10.2701 3.3
    endloop
  endfacet
  facet normal 0 0 -1
    outer loop
      vertex 50.1825 10.2701 3.3
      vertex 56.0895 10.2701 3.3
      vertex 55.9969 10.2146 3.3
    endloop
  endfacet
  facet normal 0 0 -1
    outer loop
      vertex 50.764 9.3 3.3
      vertex 55.5133 9.40782 3.3
      vertex 55.508 9.3 3.3
    endloop
  endfacet
  facet normal 0 0 -1
    outer loop
      vertex 50.7587 9.40782 3.3
      vertex 55.5133 9.40782 3.3
      vertex 50.764 9.3 3.3
    endloop
  endfacet
  facet normal 0 0 -1
    outer loop
      vertex 55.5133 9.40782 3.3
      vertex 50.7587 9.40782 3.3
      vertex 55.5291 9.5146 3.3
    endloop
  endfacet
  facet normal 0 0 -1
    outer loop
      vertex 50.7429 9.5146 3.3
      vertex 55.5291 9.5146 3.3
      vertex 50.7587 9.40782 3.3
    endloop
  endfacet
  facet normal 0 0 -1
    outer loop
      vertex 55.5291 9.5146 3.3
      vertex 50.7429 9.5146 3.3
      vertex 55.5554 9.61931 3.3
    endloop
  endfacet
  facet normal 0 0 -1
    outer loop
      vertex 50.7166 9.61931 3.3
      vertex 55.5554 9.61931 3.3
      vertex 50.7429 9.5146 3.3
    endloop
  endfacet
  facet normal 0 0 -1
    outer loop
      vertex 55.5554 9.61931 3.3
      vertex 50.7166 9.61931 3.3
      vertex 55.5917 9.72095 3.3
    endloop
  endfacet
  facet normal 0 0 -1
    outer loop
      vertex 50.6803 9.72095 3.3
      vertex 55.5917 9.72095 3.3
      vertex 50.7166 9.61931 3.3
    endloop
  endfacet
  facet normal 0 0 -1
    outer loop
      vertex 55.5917 9.72095 3.3
      vertex 50.6803 9.72095 3.3
      vertex 55.6379 9.81854 3.3
    endloop
  endfacet
  facet normal 0 0 -1
    outer loop
      vertex 50.6341 9.81854 3.3
      vertex 55.6379 9.81854 3.3
      vertex 50.6803 9.72095 3.3
    endloop
  endfacet
  facet normal 0 0 -1
    outer loop
      vertex 55.6379 9.81854 3.3
      vertex 50.6341 9.81854 3.3
      vertex 55.6934 9.91113 3.3
    endloop
  endfacet
  facet normal 0 0 -1
    outer loop
      vertex 50.5786 9.91113 3.3
      vertex 55.6934 9.91113 3.3
      vertex 50.6341 9.81854 3.3
    endloop
  endfacet
  facet normal 0 0 -1
    outer loop
      vertex 55.6934 9.91113 3.3
      vertex 50.5786 9.91113 3.3
      vertex 55.7577 9.99783 3.3
    endloop
  endfacet
  facet normal 0 0 -1
    outer loop
      vertex 50.5143 9.99783 3.3
      vertex 55.7577 9.99783 3.3
      vertex 50.5786 9.91113 3.3
    endloop
  endfacet
  facet normal 0 0 -1
    outer loop
      vertex 55.7577 9.99783 3.3
      vertex 50.5143 9.99783 3.3
      vertex 55.8302 10.0778 3.3
    endloop
  endfacet
  facet normal 0 0 -1
    outer loop
      vertex 50.4418 10.0778 3.3
      vertex 55.8302 10.0778 3.3
      vertex 50.5143 9.99783 3.3
    endloop
  endfacet
  facet normal 0 0 -1
    outer loop
      vertex 55.8302 10.0778 3.3
      vertex 50.4418 10.0778 3.3
      vertex 55.9102 10.1503 3.3
    endloop
  endfacet
  facet normal 0 0 -1
    outer loop
      vertex 50.3618 10.1503 3.3
      vertex 55.9102 10.1503 3.3
      vertex 50.4418 10.0778 3.3
    endloop
  endfacet
  facet normal 0 0 -1
    outer loop
      vertex 55.9102 10.1503 3.3
      vertex 50.3618 10.1503 3.3
      vertex 55.9969 10.2146 3.3
    endloop
  endfacet
  facet normal 0 0 -1
    outer loop
      vertex 50.2751 10.2146 3.3
      vertex 55.9969 10.2146 3.3
      vertex 50.3618 10.1503 3.3
    endloop
  endfacet
  facet normal 0 0 -1
    outer loop
      vertex 50.1825 10.2701 3.3
      vertex 55.9969 10.2146 3.3
      vertex 50.2751 10.2146 3.3
    endloop
  endfacet
  facet normal 0 0 -1
    outer loop
      vertex 56.0895 10.2701 3.3
      vertex 50.1825 10.2701 3.3
      vertex 50.085 10.3163 3.3
    endloop
  endfacet
  facet normal 0 0 -1
    outer loop
      vertex 56.187 10.3163 3.3
      vertex 50.085 10.3163 3.3
      vertex 49.9833 10.3526 3.3
    endloop
  endfacet
  facet normal 0 0 -1
    outer loop
      vertex 56.2887 10.3526 3.3
      vertex 49.9833 10.3526 3.3
      vertex 49.8786 10.3789 3.3
    endloop
  endfacet
  facet normal 0 0 -1
    outer loop
      vertex 56.3934 10.3789 3.3
      vertex 49.8786 10.3789 3.3
      vertex 64.608 15.6 3.3
    endloop
  endfacet
  facet normal 0 0 -1
    outer loop
      vertex 49.7718 10.3947 3.3
      vertex 64.608 15.6 3.3
      vertex 49.8786 10.3789 3.3
    endloop
  endfacet
  facet normal 0 0 -1
    outer loop
      vertex 49.664 10.4 3.3
      vertex 64.608 15.6 3.3
      vertex 49.7718 10.3947 3.3
    endloop
  endfacet
  facet normal 0 0 -1
    outer loop
      vertex 49.5562 10.3947 3.3
      vertex 64.608 15.6 3.3
      vertex 49.664 10.4 3.3
    endloop
  endfacet
  facet normal 0 0 -1
    outer loop
      vertex 42.8278 10.3947 3.3
      vertex 49.5562 10.3947 3.3
      vertex 49.4494 10.3789 3.3
    endloop
  endfacet
  facet normal 0 0 -1
    outer loop
      vertex 42.9346 10.3789 3.3
      vertex 49.4494 10.3789 3.3
      vertex 49.3447 10.3526 3.3
    endloop
  endfacet
  facet normal 0 0 -1
    outer loop
      vertex 43.82 9.3 3.3
      vertex 48.5693 9.40782 3.3
      vertex 48.564 9.3 3.3
    endloop
  endfacet
  facet normal 0 0 -1
    outer loop
      vertex 43.8147 9.40782 3.3
      vertex 48.5693 9.40782 3.3
      vertex 43.82 9.3 3.3
    endloop
  endfacet
  facet normal 0 0 -1
    outer loop
      vertex 48.5693 9.40782 3.3
      vertex 43.8147 9.40782 3.3
      vertex 48.5851 9.5146 3.3
    endloop
  endfacet
  facet normal 0 0 -1
    outer loop
      vertex 43.7989 9.5146 3.3
      vertex 48.5851 9.5146 3.3
      vertex 43.8147 9.40782 3.3
    endloop
  endfacet
  facet normal 0 0 -1
    outer loop
      vertex 48.5851 9.5146 3.3
      vertex 43.7989 9.5146 3.3
      vertex 48.6114 9.61931 3.3
    endloop
  endfacet
  facet normal 0 0 -1
    outer loop
      vertex 43.7726 9.61931 3.3
      vertex 48.6114 9.61931 3.3
      vertex 43.7989 9.5146 3.3
    endloop
  endfacet
  facet normal 0 0 -1
    outer loop
      vertex 48.6114 9.61931 3.3
      vertex 43.7726 9.61931 3.3
      vertex 48.6477 9.72095 3.3
    endloop
  endfacet
  facet normal 0 0 -1
    outer loop
      vertex 43.7363 9.72095 3.3
      vertex 48.6477 9.72095 3.3
      vertex 43.7726 9.61931 3.3
    endloop
  endfacet
  facet normal 0 0 -1
    outer loop
      vertex 48.6477 9.72095 3.3
      vertex 43.7363 9.72095 3.3
      vertex 48.6939 9.81854 3.3
    endloop
  endfacet
  facet normal 0 0 -1
    outer loop
      vertex 43.6901 9.81854 3.3
      vertex 48.6939 9.81854 3.3
      vertex 43.7363 9.72095 3.3
    endloop
  endfacet
  facet normal 0 0 -1
    outer loop
      vertex 48.6939 9.81854 3.3
      vertex 43.6901 9.81854 3.3
      vertex 48.7494 9.91113 3.3
    endloop
  endfacet
  facet normal 0 0 -1
    outer loop
      vertex 43.6346 9.91113 3.3
      vertex 48.7494 9.91113 3.3
      vertex 43.6901 9.81854 3.3
    endloop
  endfacet
  facet normal 0 0 -1
    outer loop
      vertex 48.7494 9.91113 3.3
      vertex 43.6346 9.91113 3.3
      vertex 48.8137 9.99783 3.3
    endloop
  endfacet
  facet normal 0 0 -1
    outer loop
      vertex 43.5703 9.99783 3.3
      vertex 48.8137 9.99783 3.3
      vertex 43.6346 9.91113 3.3
    endloop
  endfacet
  facet normal 0 0 -1
    outer loop
      vertex 48.8137 9.99783 3.3
      vertex 43.5703 9.99783 3.3
      vertex 48.8862 10.0778 3.3
    endloop
  endfacet
  facet normal 0 0 -1
    outer loop
      vertex 43.4978 10.0778 3.3
      vertex 48.8862 10.0778 3.3
      vertex 43.5703 9.99783 3.3
    endloop
  endfacet
  facet normal 0 0 -1
    outer loop
      vertex 48.8862 10.0778 3.3
      vertex 43.4978 10.0778 3.3
      vertex 48.9662 10.1503 3.3
    endloop
  endfacet
  facet normal 0 0 -1
    outer loop
      vertex 43.4178 10.1503 3.3
      vertex 48.9662 10.1503 3.3
      vertex 43.4978 10.0778 3.3
    endloop
  endfacet
  facet normal 0 0 -1
    outer loop
      vertex 48.9662 10.1503 3.3
      vertex 43.4178 10.1503 3.3
      vertex 49.0529 10.2146 3.3
    endloop
  endfacet
  facet normal 0 0 -1
    outer loop
      vertex 43.3311 10.2146 3.3
      vertex 49.0529 10.2146 3.3
      vertex 43.4178 10.1503 3.3
    endloop
  endfacet
  facet normal 0 0 -1
    outer loop
      vertex 49.0529 10.2146 3.3
      vertex 43.3311 10.2146 3.3
      vertex 49.1455 10.2701 3.3
    endloop
  endfacet
  facet normal 0 0 -1
    outer loop
      vertex 43.2385 10.2701 3.3
      vertex 49.1455 10.2701 3.3
      vertex 43.3311 10.2146 3.3
    endloop
  endfacet
  facet normal 0 0 -1
    outer loop
      vertex 49.1455 10.2701 3.3
      vertex 43.2385 10.2701 3.3
      vertex 49.243 10.3163 3.3
    endloop
  endfacet
  facet normal 0 0 -1
    outer loop
      vertex 43.141 10.3163 3.3
      vertex 49.243 10.3163 3.3
      vertex 43.2385 10.2701 3.3
    endloop
  endfacet
  facet normal 0 0 -1
    outer loop
      vertex 49.243 10.3163 3.3
      vertex 43.141 10.3163 3.3
      vertex 49.3447 10.3526 3.3
    endloop
  endfacet
  facet normal 0 0 -1
    outer loop
      vertex 43.0393 10.3526 3.3
      vertex 49.3447 10.3526 3.3
      vertex 43.141 10.3163 3.3
    endloop
  endfacet
  facet normal 0 0 -1
    outer loop
      vertex 42.9346 10.3789 3.3
      vertex 49.3447 10.3526 3.3
      vertex 43.0393 10.3526 3.3
    endloop
  endfacet
  facet normal 0 0 -1
    outer loop
      vertex 49.4494 10.3789 3.3
      vertex 42.9346 10.3789 3.3
      vertex 42.8278 10.3947 3.3
    endloop
  endfacet
  facet normal 0 0 -1
    outer loop
      vertex 49.5562 10.3947 3.3
      vertex 42.8278 10.3947 3.3
      vertex 64.608 15.6 3.3
    endloop
  endfacet
  facet normal 0 0 -1
    outer loop
      vertex 42.72 10.4 3.3
      vertex 64.608 15.6 3.3
      vertex 42.8278 10.3947 3.3
    endloop
  endfacet
  facet normal 0 0 -1
    outer loop
      vertex 42.6122 10.3947 3.3
      vertex 64.608 15.6 3.3
      vertex 42.72 10.4 3.3
    endloop
  endfacet
  facet normal 0 0 -1
    outer loop
      vertex 35.8838 10.3947 3.3
      vertex 42.6122 10.3947 3.3
      vertex 42.5054 10.3789 3.3
    endloop
  endfacet
  facet normal 0 0 -1
    outer loop
      vertex 36.876 9.3 3.3
      vertex 41.6253 9.40782 3.3
      vertex 41.62 9.3 3.3
    endloop
  endfacet
  facet normal 0 0 -1
    outer loop
      vertex 36.8707 9.40782 3.3
      vertex 41.6253 9.40782 3.3
      vertex 36.876 9.3 3.3
    endloop
  endfacet
  facet normal 0 0 -1
    outer loop
      vertex 41.6253 9.40782 3.3
      vertex 36.8707 9.40782 3.3
      vertex 41.6411 9.5146 3.3
    endloop
  endfacet
  facet normal 0 0 -1
    outer loop
      vertex 36.8549 9.5146 3.3
      vertex 41.6411 9.5146 3.3
      vertex 36.8707 9.40782 3.3
    endloop
  endfacet
  facet normal 0 0 -1
    outer loop
      vertex 41.6411 9.5146 3.3
      vertex 36.8549 9.5146 3.3
      vertex 41.6674 9.61931 3.3
    endloop
  endfacet
  facet normal 0 0 -1
    outer loop
      vertex 36.8286 9.61931 3.3
      vertex 41.6674 9.61931 3.3
      vertex 36.8549 9.5146 3.3
    endloop
  endfacet
  facet normal 0 0 -1
    outer loop
      vertex 41.6674 9.61931 3.3
      vertex 36.8286 9.61931 3.3
      vertex 41.7037 9.72095 3.3
    endloop
  endfacet
  facet normal 0 0 -1
    outer loop
      vertex 36.7923 9.72095 3.3
      vertex 41.7037 9.72095 3.3
      vertex 36.8286 9.61931 3.3
    endloop
  endfacet
  facet normal 0 0 -1
    outer loop
      vertex 41.7037 9.72095 3.3
      vertex 36.7923 9.72095 3.3
      vertex 41.7499 9.81854 3.3
    endloop
  endfacet
  facet normal 0 0 -1
    outer loop
      vertex 36.7461 9.81854 3.3
      vertex 41.7499 9.81854 3.3
      vertex 36.7923 9.72095 3.3
    endloop
  endfacet
  facet normal 0 0 -1
    outer loop
      vertex 41.7499 9.81854 3.3
      vertex 36.7461 9.81854 3.3
      vertex 41.8054 9.91113 3.3
    endloop
  endfacet
  facet normal 0 0 -1
    outer loop
      vertex 36.6906 9.91113 3.3
      vertex 41.8054 9.91113 3.3
      vertex 36.7461 9.81854 3.3
    endloop
  endfacet
  facet normal 0 0 -1
    outer loop
      vertex 41.8054 9.91113 3.3
      vertex 36.6906 9.91113 3.3
      vertex 41.8697 9.99783 3.3
    endloop
  endfacet
  facet normal 0 0 -1
    outer loop
      vertex 36.6263 9.99783 3.3
      vertex 41.8697 9.99783 3.3
      vertex 36.6906 9.91113 3.3
    endloop
  endfacet
  facet normal 0 0 -1
    outer loop
      vertex 41.8697 9.99783 3.3
      vertex 36.6263 9.99783 3.3
      vertex 41.9422 10.0778 3.3
    endloop
  endfacet
  facet normal 0 0 -1
    outer loop
      vertex 36.5538 10.0778 3.3
      vertex 41.9422 10.0778 3.3
      vertex 36.6263 9.99783 3.3
    endloop
  endfacet
  facet normal 0 0 -1
    outer loop
      vertex 41.9422 10.0778 3.3
      vertex 36.5538 10.0778 3.3
      vertex 42.0222 10.1503 3.3
    endloop
  endfacet
  facet normal 0 0 -1
    outer loop
      vertex 36.4738 10.1503 3.3
      vertex 42.0222 10.1503 3.3
      vertex 36.5538 10.0778 3.3
    endloop
  endfacet
  facet normal 0 0 -1
    outer loop
      vertex 42.0222 10.1503 3.3
      vertex 36.4738 10.1503 3.3
      vertex 42.1089 10.2146 3.3
    endloop
  endfacet
  facet normal 0 0 -1
    outer loop
      vertex 36.3871 10.2146 3.3
      vertex 42.1089 10.2146 3.3
      vertex 36.4738 10.1503 3.3
    endloop
  endfacet
  facet normal 0 0 -1
    outer loop
      vertex 42.1089 10.2146 3.3
      vertex 36.3871 10.2146 3.3
      vertex 42.2015 10.2701 3.3
    endloop
  endfacet
  facet normal 0 0 -1
    outer loop
      vertex 36.2945 10.2701 3.3
      vertex 42.2015 10.2701 3.3
      vertex 36.3871 10.2146 3.3
    endloop
  endfacet
  facet normal 0 0 -1
    outer loop
      vertex 42.2015 10.2701 3.3
      vertex 36.2945 10.2701 3.3
      vertex 42.299 10.3163 3.3
    endloop
  endfacet
  facet normal 0 0 -1
    outer loop
      vertex 36.197 10.3163 3.3
      vertex 42.299 10.3163 3.3
      vertex 36.2945 10.2701 3.3
    endloop
  endfacet
  facet normal 0 0 -1
    outer loop
      vertex 42.299 10.3163 3.3
      vertex 36.197 10.3163 3.3
      vertex 42.4007 10.3526 3.3
    endloop
  endfacet
  facet normal 0 0 -1
    outer loop
      vertex 36.0953 10.3526 3.3
      vertex 42.4007 10.3526 3.3
      vertex 36.197 10.3163 3.3
    endloop
  endfacet
  facet normal 0 0 -1
    outer loop
      vertex 42.4007 10.3526 3.3
      vertex 36.0953 10.3526 3.3
      vertex 42.5054 10.3789 3.3
    endloop
  endfacet
  facet normal 0 0 -1
    outer loop
      vertex 35.9906 10.3789 3.3
      vertex 42.5054 10.3789 3.3
      vertex 36.0953 10.3526 3.3
    endloop
  endfacet
  facet normal 0 0 -1
    outer loop
      vertex 35.8838 10.3947 3.3
      vertex 42.5054 10.3789 3.3
      vertex 35.9906 10.3789 3.3
    endloop
  endfacet
  facet normal 0 0 -1
    outer loop
      vertex 42.6122 10.3947 3.3
      vertex 35.8838 10.3947 3.3
      vertex 64.608 15.6 3.3
    endloop
  endfacet
  facet normal 0 0 -1
    outer loop
      vertex 35.776 10.4 3.3
      vertex 64.608 15.6 3.3
      vertex 35.8838 10.3947 3.3
    endloop
  endfacet
  facet normal 0 0 -1
    outer loop
      vertex 28.832 10.4 3.3
      vertex 35.776 10.4 3.3
      vertex 35.6682 10.3947 3.3
    endloop
  endfacet
  facet normal 0 0 -1
    outer loop
      vertex 28.9398 10.3947 3.3
      vertex 35.6682 10.3947 3.3
      vertex 35.5614 10.3789 3.3
    endloop
  endfacet
  facet normal 0 0 -1
    outer loop
      vertex 29.932 9.3 3.3
      vertex 34.6813 9.40782 3.3
      vertex 34.676 9.3 3.3
    endloop
  endfacet
  facet normal 0 0 -1
    outer loop
      vertex 29.9267 9.40782 3.3
      vertex 34.6813 9.40782 3.3
      vertex 29.932 9.3 3.3
    endloop
  endfacet
  facet normal 0 0 -1
    outer loop
      vertex 34.6813 9.40782 3.3
      vertex 29.9267 9.40782 3.3
      vertex 34.6971 9.5146 3.3
    endloop
  endfacet
  facet normal 0 0 -1
    outer loop
      vertex 29.9109 9.5146 3.3
      vertex 34.6971 9.5146 3.3
      vertex 29.9267 9.40782 3.3
    endloop
  endfacet
  facet normal 0 0 -1
    outer loop
      vertex 34.6971 9.5146 3.3
      vertex 29.9109 9.5146 3.3
      vertex 34.7234 9.61931 3.3
    endloop
  endfacet
  facet normal 0 0 -1
    outer loop
      vertex 29.8846 9.61931 3.3
      vertex 34.7234 9.61931 3.3
      vertex 29.9109 9.5146 3.3
    endloop
  endfacet
  facet normal 0 0 -1
    outer loop
      vertex 34.7234 9.61931 3.3
      vertex 29.8846 9.61931 3.3
      vertex 34.7597 9.72095 3.3
    endloop
  endfacet
  facet normal 0 0 -1
    outer loop
      vertex 29.8483 9.72095 3.3
      vertex 34.7597 9.72095 3.3
      vertex 29.8846 9.61931 3.3
    endloop
  endfacet
  facet normal 0 0 -1
    outer loop
      vertex 34.7597 9.72095 3.3
      vertex 29.8483 9.72095 3.3
      vertex 34.8059 9.81854 3.3
    endloop
  endfacet
  facet normal 0 0 -1
    outer loop
      vertex 29.8021 9.81854 3.3
      vertex 34.8059 9.81854 3.3
      vertex 29.8483 9.72095 3.3
    endloop
  endfacet
  facet normal 0 0 -1
    outer loop
      vertex 34.8059 9.81854 3.3
      vertex 29.8021 9.81854 3.3
      vertex 34.8614 9.91113 3.3
    endloop
  endfacet
  facet normal 0 0 -1
    outer loop
      vertex 29.7466 9.91113 3.3
      vertex 34.8614 9.91113 3.3
      vertex 29.8021 9.81854 3.3
    endloop
  endfacet
  facet normal 0 0 -1
    outer loop
      vertex 34.8614 9.91113 3.3
      vertex 29.7466 9.91113 3.3
      vertex 34.9257 9.99783 3.3
    endloop
  endfacet
  facet normal 0 0 -1
    outer loop
      vertex 29.6823 9.99783 3.3
      vertex 34.9257 9.99783 3.3
      vertex 29.7466 9.91113 3.3
    endloop
  endfacet
  facet normal 0 0 -1
    outer loop
      vertex 34.9257 9.99783 3.3
      vertex 29.6823 9.99783 3.3
      vertex 34.9982 10.0778 3.3
    endloop
  endfacet
  facet normal 0 0 -1
    outer loop
      vertex 29.6098 10.0778 3.3
      vertex 34.9982 10.0778 3.3
      vertex 29.6823 9.99783 3.3
    endloop
  endfacet
  facet normal 0 0 -1
    outer loop
      vertex 34.9982 10.0778 3.3
      vertex 29.6098 10.0778 3.3
      vertex 35.0782 10.1503 3.3
    endloop
  endfacet
  facet normal 0 0 -1
    outer loop
      vertex 29.5298 10.1503 3.3
      vertex 35.0782 10.1503 3.3
      vertex 29.6098 10.0778 3.3
    endloop
  endfacet
  facet normal 0 0 -1
    outer loop
      vertex 35.0782 10.1503 3.3
      vertex 29.5298 10.1503 3.3
      vertex 35.1649 10.2146 3.3
    endloop
  endfacet
  facet normal 0 0 -1
    outer loop
      vertex 29.4431 10.2146 3.3
      vertex 35.1649 10.2146 3.3
      vertex 29.5298 10.1503 3.3
    endloop
  endfacet
  facet normal 0 0 -1
    outer loop
      vertex 35.1649 10.2146 3.3
      vertex 29.4431 10.2146 3.3
      vertex 35.2575 10.2701 3.3
    endloop
  endfacet
  facet normal 0 0 -1
    outer loop
      vertex 29.3505 10.2701 3.3
      vertex 35.2575 10.2701 3.3
      vertex 29.4431 10.2146 3.3
    endloop
  endfacet
  facet normal 0 0 -1
    outer loop
      vertex 35.2575 10.2701 3.3
      vertex 29.3505 10.2701 3.3
      vertex 35.355 10.3163 3.3
    endloop
  endfacet
  facet normal 0 0 -1
    outer loop
      vertex 29.253 10.3163 3.3
      vertex 35.355 10.3163 3.3
      vertex 29.3505 10.2701 3.3
    endloop
  endfacet
  facet normal 0 0 -1
    outer loop
      vertex 35.355 10.3163 3.3
      vertex 29.253 10.3163 3.3
      vertex 35.4567 10.3526 3.3
    endloop
  endfacet
  facet normal 0 0 -1
    outer loop
      vertex 29.1513 10.3526 3.3
      vertex 35.4567 10.3526 3.3
      vertex 29.253 10.3163 3.3
    endloop
  endfacet
  facet normal 0 0 -1
    outer loop
      vertex 35.4567 10.3526 3.3
      vertex 29.1513 10.3526 3.3
      vertex 35.5614 10.3789 3.3
    endloop
  endfacet
  facet normal 0 0 -1
    outer loop
      vertex 29.0466 10.3789 3.3
      vertex 35.5614 10.3789 3.3
      vertex 29.1513 10.3526 3.3
    endloop
  endfacet
  facet normal 0 0 -1
    outer loop
      vertex 28.9398 10.3947 3.3
      vertex 35.5614 10.3789 3.3
      vertex 29.0466 10.3789 3.3
    endloop
  endfacet
  facet normal 0 0 -1
    outer loop
      vertex 35.6682 10.3947 3.3
      vertex 28.9398 10.3947 3.3
      vertex 28.832 10.4 3.3
    endloop
  endfacet
  facet normal 0 0 -1
    outer loop
      vertex 35.776 10.4 3.3
      vertex 28.832 10.4 3.3
      vertex 64.608 15.6 3.3
    endloop
  endfacet
  facet normal 0 0 -1
    outer loop
      vertex 0 15.6 3.3
      vertex 28.832 10.4 3.3
      vertex 28.7242 10.3947 3.3
    endloop
  endfacet
  facet normal 0 0 -1
    outer loop
      vertex 22.988 9.3 3.3
      vertex 27.7373 9.40782 3.3
      vertex 27.732 9.3 3.3
    endloop
  endfacet
  facet normal 0 0 -1
    outer loop
      vertex 22.9827 9.40782 3.3
      vertex 27.7373 9.40782 3.3
      vertex 22.988 9.3 3.3
    endloop
  endfacet
  facet normal 0 0 -1
    outer loop
      vertex 27.7373 9.40782 3.3
      vertex 22.9827 9.40782 3.3
      vertex 27.7531 9.5146 3.3
    endloop
  endfacet
  facet normal 0 0 -1
    outer loop
      vertex 22.9669 9.5146 3.3
      vertex 27.7531 9.5146 3.3
      vertex 22.9827 9.40782 3.3
    endloop
  endfacet
  facet normal 0 0 -1
    outer loop
      vertex 27.7531 9.5146 3.3
      vertex 22.9669 9.5146 3.3
      vertex 27.7794 9.61931 3.3
    endloop
  endfacet
  facet normal 0 0 -1
    outer loop
      vertex 22.9406 9.61931 3.3
      vertex 27.7794 9.61931 3.3
      vertex 22.9669 9.5146 3.3
    endloop
  endfacet
  facet normal 0 0 -1
    outer loop
      vertex 27.7794 9.61931 3.3
      vertex 22.9406 9.61931 3.3
      vertex 27.8157 9.72095 3.3
    endloop
  endfacet
  facet normal 0 0 -1
    outer loop
      vertex 22.9043 9.72095 3.3
      vertex 27.8157 9.72095 3.3
      vertex 22.9406 9.61931 3.3
    endloop
  endfacet
  facet normal 0 0 -1
    outer loop
      vertex 27.8157 9.72095 3.3
      vertex 22.9043 9.72095 3.3
      vertex 27.8619 9.81854 3.3
    endloop
  endfacet
  facet normal 0 0 -1
    outer loop
      vertex 22.8581 9.81854 3.3
      vertex 27.8619 9.81854 3.3
      vertex 22.9043 9.72095 3.3
    endloop
  endfacet
  facet normal 0 0 -1
    outer loop
      vertex 27.8619 9.81854 3.3
      vertex 22.8581 9.81854 3.3
      vertex 27.9174 9.91113 3.3
    endloop
  endfacet
  facet normal 0 0 -1
    outer loop
      vertex 22.8026 9.91113 3.3
      vertex 27.9174 9.91113 3.3
      vertex 22.8581 9.81854 3.3
    endloop
  endfacet
  facet normal 0 0 -1
    outer loop
      vertex 27.9174 9.91113 3.3
      vertex 22.8026 9.91113 3.3
      vertex 27.9817 9.99783 3.3
    endloop
  endfacet
  facet normal 0 0 -1
    outer loop
      vertex 22.7383 9.99783 3.3
      vertex 27.9817 9.99783 3.3
      vertex 22.8026 9.91113 3.3
    endloop
  endfacet
  facet normal 0 0 -1
    outer loop
      vertex 27.9817 9.99783 3.3
      vertex 22.7383 9.99783 3.3
      vertex 28.0542 10.0778 3.3
    endloop
  endfacet
  facet normal 0 0 -1
    outer loop
      vertex 22.6658 10.0778 3.3
      vertex 28.0542 10.0778 3.3
      vertex 22.7383 9.99783 3.3
    endloop
  endfacet
  facet normal 0 0 -1
    outer loop
      vertex 28.0542 10.0778 3.3
      vertex 22.6658 10.0778 3.3
      vertex 28.1342 10.1503 3.3
    endloop
  endfacet
  facet normal 0 0 -1
    outer loop
      vertex 22.5858 10.1503 3.3
      vertex 28.1342 10.1503 3.3
      vertex 22.6658 10.0778 3.3
    endloop
  endfacet
  facet normal 0 0 -1
    outer loop
      vertex 28.1342 10.1503 3.3
      vertex 22.5858 10.1503 3.3
      vertex 28.2209 10.2146 3.3
    endloop
  endfacet
  facet normal 0 0 -1
    outer loop
      vertex 22.4991 10.2146 3.3
      vertex 28.2209 10.2146 3.3
      vertex 22.5858 10.1503 3.3
    endloop
  endfacet
  facet normal 0 0 -1
    outer loop
      vertex 28.2209 10.2146 3.3
      vertex 22.4991 10.2146 3.3
      vertex 28.3135 10.2701 3.3
    endloop
  endfacet
  facet normal 0 0 -1
    outer loop
      vertex 22.4065 10.2701 3.3
      vertex 28.3135 10.2701 3.3
      vertex 22.4991 10.2146 3.3
    endloop
  endfacet
  facet normal 0 0 -1
    outer loop
      vertex 28.3135 10.2701 3.3
      vertex 22.4065 10.2701 3.3
      vertex 28.411 10.3163 3.3
    endloop
  endfacet
  facet normal 0 0 -1
    outer loop
      vertex 22.309 10.3163 3.3
      vertex 28.411 10.3163 3.3
      vertex 22.4065 10.2701 3.3
    endloop
  endfacet
  facet normal 0 0 -1
    outer loop
      vertex 28.411 10.3163 3.3
      vertex 22.309 10.3163 3.3
      vertex 28.5127 10.3526 3.3
    endloop
  endfacet
  facet normal 0 0 -1
    outer loop
      vertex 22.2073 10.3526 3.3
      vertex 28.5127 10.3526 3.3
      vertex 22.309 10.3163 3.3
    endloop
  endfacet
  facet normal 0 0 -1
    outer loop
      vertex 28.5127 10.3526 3.3
      vertex 22.2073 10.3526 3.3
      vertex 28.6174 10.3789 3.3
    endloop
  endfacet
  facet normal 0 0 -1
    outer loop
      vertex 22.1026 10.3789 3.3
      vertex 28.6174 10.3789 3.3
      vertex 22.2073 10.3526 3.3
    endloop
  endfacet
  facet normal 0 0 -1
    outer loop
      vertex 28.6174 10.3789 3.3
      vertex 22.1026 10.3789 3.3
      vertex 28.7242 10.3947 3.3
    endloop
  endfacet
  facet normal 0 0 -1
    outer loop
      vertex 21.9958 10.3947 3.3
      vertex 28.7242 10.3947 3.3
      vertex 22.1026 10.3789 3.3
    endloop
  endfacet
  facet normal 0 0 -1
    outer loop
      vertex 0 15.6 3.3
      vertex 28.7242 10.3947 3.3
      vertex 21.9958 10.3947 3.3
    endloop
  endfacet
  facet normal 0 0 -1
    outer loop
      vertex 0 15.6 3.3
      vertex 21.9958 10.3947 3.3
      vertex 21.888 10.4 3.3
    endloop
  endfacet
  facet normal 0 0 -1
    outer loop
      vertex 0 15.6 3.3
      vertex 21.888 10.4 3.3
      vertex 21.7802 10.3947 3.3
    endloop
  endfacet
  facet normal 0 0 -1
    outer loop
      vertex 16.044 9.3 3.3
      vertex 20.7933 9.40782 3.3
      vertex 20.788 9.3 3.3
    endloop
  endfacet
  facet normal 0 0 -1
    outer loop
      vertex 16.0387 9.40782 3.3
      vertex 20.7933 9.40782 3.3
      vertex 16.044 9.3 3.3
    endloop
  endfacet
  facet normal 0 0 -1
    outer loop
      vertex 20.7933 9.40782 3.3
      vertex 16.0387 9.40782 3.3
      vertex 20.8091 9.5146 3.3
    endloop
  endfacet
  facet normal 0 0 -1
    outer loop
      vertex 16.0229 9.5146 3.3
      vertex 20.8091 9.5146 3.3
      vertex 16.0387 9.40782 3.3
    endloop
  endfacet
  facet normal 0 0 -1
    outer loop
      vertex 20.8091 9.5146 3.3
      vertex 16.0229 9.5146 3.3
      vertex 20.8354 9.61931 3.3
    endloop
  endfacet
  facet normal 0 0 -1
    outer loop
      vertex 15.9966 9.61931 3.3
      vertex 20.8354 9.61931 3.3
      vertex 16.0229 9.5146 3.3
    endloop
  endfacet
  facet normal 0 0 -1
    outer loop
      vertex 20.8354 9.61931 3.3
      vertex 15.9966 9.61931 3.3
      vertex 20.8717 9.72095 3.3
    endloop
  endfacet
  facet normal 0 0 -1
    outer loop
      vertex 15.9603 9.72095 3.3
      vertex 20.8717 9.72095 3.3
      vertex 15.9966 9.61931 3.3
    endloop
  endfacet
  facet normal 0 0 -1
    outer loop
      vertex 20.8717 9.72095 3.3
      vertex 15.9603 9.72095 3.3
      vertex 20.9179 9.81854 3.3
    endloop
  endfacet
  facet normal 0 0 -1
    outer loop
      vertex 15.9141 9.81854 3.3
      vertex 20.9179 9.81854 3.3
      vertex 15.9603 9.72095 3.3
    endloop
  endfacet
  facet normal 0 0 -1
    outer loop
      vertex 20.9179 9.81854 3.3
      vertex 15.9141 9.81854 3.3
      vertex 20.9734 9.91113 3.3
    endloop
  endfacet
  facet normal 0 0 -1
    outer loop
      vertex 15.8586 9.91113 3.3
      vertex 20.9734 9.91113 3.3
      vertex 15.9141 9.81854 3.3
    endloop
  endfacet
  facet normal 0 0 -1
    outer loop
      vertex 20.9734 9.91113 3.3
      vertex 15.8586 9.91113 3.3
      vertex 21.0377 9.99783 3.3
    endloop
  endfacet
  facet normal 0 0 -1
    outer loop
      vertex 15.7943 9.99783 3.3
      vertex 21.0377 9.99783 3.3
      vertex 15.8586 9.91113 3.3
    endloop
  endfacet
  facet normal 0 0 -1
    outer loop
      vertex 21.0377 9.99783 3.3
      vertex 15.7943 9.99783 3.3
      vertex 21.1102 10.0778 3.3
    endloop
  endfacet
  facet normal 0 0 -1
    outer loop
      vertex 15.7218 10.0778 3.3
      vertex 21.1102 10.0778 3.3
      vertex 15.7943 9.99783 3.3
    endloop
  endfacet
  facet normal 0 0 -1
    outer loop
      vertex 21.1102 10.0778 3.3
      vertex 15.7218 10.0778 3.3
      vertex 21.1902 10.1503 3.3
    endloop
  endfacet
  facet normal 0 0 -1
    outer loop
      vertex 15.6418 10.1503 3.3
      vertex 21.1902 10.1503 3.3
      vertex 15.7218 10.0778 3.3
    endloop
  endfacet
  facet normal 0 0 -1
    outer loop
      vertex 21.1902 10.1503 3.3
      vertex 15.6418 10.1503 3.3
      vertex 21.2769 10.2146 3.3
    endloop
  endfacet
  facet normal 0 0 -1
    outer loop
      vertex 15.5551 10.2146 3.3
      vertex 21.2769 10.2146 3.3
      vertex 15.6418 10.1503 3.3
    endloop
  endfacet
  facet normal 0 0 -1
    outer loop
      vertex 21.2769 10.2146 3.3
      vertex 15.5551 10.2146 3.3
      vertex 21.3695 10.2701 3.3
    endloop
  endfacet
  facet normal 0 0 -1
    outer loop
      vertex 15.4625 10.2701 3.3
      vertex 21.3695 10.2701 3.3
      vertex 15.5551 10.2146 3.3
    endloop
  endfacet
  facet normal 0 0 -1
    outer loop
      vertex 21.3695 10.2701 3.3
      vertex 15.4625 10.2701 3.3
      vertex 21.467 10.3163 3.3
    endloop
  endfacet
  facet normal 0 0 -1
    outer loop
      vertex 15.365 10.3163 3.3
      vertex 21.467 10.3163 3.3
      vertex 15.4625 10.2701 3.3
    endloop
  endfacet
  facet normal 0 0 -1
    outer loop
      vertex 21.467 10.3163 3.3
      vertex 15.365 10.3163 3.3
      vertex 21.5687 10.3526 3.3
    endloop
  endfacet
  facet normal 0 0 -1
    outer loop
      vertex 15.2633 10.3526 3.3
      vertex 21.5687 10.3526 3.3
      vertex 15.365 10.3163 3.3
    endloop
  endfacet
  facet normal 0 0 -1
    outer loop
      vertex 21.5687 10.3526 3.3
      vertex 15.2633 10.3526 3.3
      vertex 21.6734 10.3789 3.3
    endloop
  endfacet
  facet normal 0 0 -1
    outer loop
      vertex 15.1586 10.3789 3.3
      vertex 21.6734 10.3789 3.3
      vertex 15.2633 10.3526 3.3
    endloop
  endfacet
  facet normal 0 0 -1
    outer loop
      vertex 21.6734 10.3789 3.3
      vertex 15.1586 10.3789 3.3
      vertex 21.7802 10.3947 3.3
    endloop
  endfacet
  facet normal 0 0 -1
    outer loop
      vertex 15.0518 10.3947 3.3
      vertex 21.7802 10.3947 3.3
      vertex 15.1586 10.3789 3.3
    endloop
  endfacet
  facet normal 0 0 -1
    outer loop
      vertex 21.7802 10.3947 3.3
      vertex 15.0518 10.3947 3.3
      vertex 0 15.6 3.3
    endloop
  endfacet
  facet normal 0 0 -1
    outer loop
      vertex 0 15.6 3.3
      vertex 15.0518 10.3947 3.3
      vertex 14.944 10.4 3.3
    endloop
  endfacet
  facet normal 0 0 -1
    outer loop
      vertex 0 15.6 3.3
      vertex 14.944 10.4 3.3
      vertex 14.8362 10.3947 3.3
    endloop
  endfacet
  facet normal 0 0 -1
    outer loop
      vertex 9.1 9.3 3.3
      vertex 13.8493 9.40782 3.3
      vertex 13.844 9.3 3.3
    endloop
  endfacet
  facet normal 0 0 -1
    outer loop
      vertex 9.0947 9.40782 3.3
      vertex 13.8493 9.40782 3.3
      vertex 9.1 9.3 3.3
    endloop
  endfacet
  facet normal 0 0 -1
    outer loop
      vertex 13.8493 9.40782 3.3
      vertex 9.0947 9.40782 3.3
      vertex 13.8651 9.5146 3.3
    endloop
  endfacet
  facet normal 0 0 -1
    outer loop
      vertex 9.07886 9.5146 3.3
      vertex 13.8651 9.5146 3.3
      vertex 9.0947 9.40782 3.3
    endloop
  endfacet
  facet normal 0 0 -1
    outer loop
      vertex 13.8651 9.5146 3.3
      vertex 9.07886 9.5146 3.3
      vertex 13.8914 9.61931 3.3
    endloop
  endfacet
  facet normal 0 0 -1
    outer loop
      vertex 9.05263 9.61931 3.3
      vertex 13.8914 9.61931 3.3
      vertex 9.07886 9.5146 3.3
    endloop
  endfacet
  facet normal 0 0 -1
    outer loop
      vertex 13.8914 9.61931 3.3
      vertex 9.05263 9.61931 3.3
      vertex 13.9277 9.72095 3.3
    endloop
  endfacet
  facet normal 0 0 -1
    outer loop
      vertex 9.01627 9.72095 3.3
      vertex 13.9277 9.72095 3.3
      vertex 9.05263 9.61931 3.3
    endloop
  endfacet
  facet normal 0 0 -1
    outer loop
      vertex 13.9277 9.72095 3.3
      vertex 9.01627 9.72095 3.3
      vertex 13.9739 9.81854 3.3
    endloop
  endfacet
  facet normal 0 0 -1
    outer loop
      vertex 8.97011 9.81854 3.3
      vertex 13.9739 9.81854 3.3
      vertex 9.01627 9.72095 3.3
    endloop
  endfacet
  facet normal 0 0 -1
    outer loop
      vertex 13.9739 9.81854 3.3
      vertex 8.97011 9.81854 3.3
      vertex 14.0294 9.91113 3.3
    endloop
  endfacet
  facet normal 0 0 -1
    outer loop
      vertex 8.91462 9.91113 3.3
      vertex 14.0294 9.91113 3.3
      vertex 8.97011 9.81854 3.3
    endloop
  endfacet
  facet normal 0 0 -1
    outer loop
      vertex 14.0294 9.91113 3.3
      vertex 8.91462 9.91113 3.3
      vertex 14.0937 9.99783 3.3
    endloop
  endfacet
  facet normal 0 0 -1
    outer loop
      vertex 8.85031 9.99783 3.3
      vertex 14.0937 9.99783 3.3
      vertex 8.91462 9.91113 3.3
    endloop
  endfacet
  facet normal 0 0 -1
    outer loop
      vertex 14.0937 9.99783 3.3
      vertex 8.85031 9.99783 3.3
      vertex 14.1662 10.0778 3.3
    endloop
  endfacet
  facet normal 0 0 -1
    outer loop
      vertex 8.77782 10.0778 3.3
      vertex 14.1662 10.0778 3.3
      vertex 8.85031 9.99783 3.3
    endloop
  endfacet
  facet normal 0 0 -1
    outer loop
      vertex 14.1662 10.0778 3.3
      vertex 8.77782 10.0778 3.3
      vertex 14.2462 10.1503 3.3
    endloop
  endfacet
  facet normal 0 0 -1
    outer loop
      vertex 8.69783 10.1503 3.3
      vertex 14.2462 10.1503 3.3
      vertex 8.77782 10.0778 3.3
    endloop
  endfacet
  facet normal 0 0 -1
    outer loop
      vertex 14.2462 10.1503 3.3
      vertex 8.69783 10.1503 3.3
      vertex 14.3329 10.2146 3.3
    endloop
  endfacet
  facet normal 0 0 -1
    outer loop
      vertex 8.61113 10.2146 3.3
      vertex 14.3329 10.2146 3.3
      vertex 8.69783 10.1503 3.3
    endloop
  endfacet
  facet normal 0 0 -1
    outer loop
      vertex 14.3329 10.2146 3.3
      vertex 8.61113 10.2146 3.3
      vertex 14.4255 10.2701 3.3
    endloop
  endfacet
  facet normal 0 0 -1
    outer loop
      vertex 8.51854 10.2701 3.3
      vertex 14.4255 10.2701 3.3
      vertex 8.61113 10.2146 3.3
    endloop
  endfacet
  facet normal 0 0 -1
    outer loop
      vertex 14.4255 10.2701 3.3
      vertex 8.51854 10.2701 3.3
      vertex 14.523 10.3163 3.3
    endloop
  endfacet
  facet normal 0 0 -1
    outer loop
      vertex 8.42095 10.3163 3.3
      vertex 14.523 10.3163 3.3
      vertex 8.51854 10.2701 3.3
    endloop
  endfacet
  facet normal 0 0 -1
    outer loop
      vertex 14.523 10.3163 3.3
      vertex 8.42095 10.3163 3.3
      vertex 14.6247 10.3526 3.3
    endloop
  endfacet
  facet normal 0 0 -1
    outer loop
      vertex 8.31931 10.3526 3.3
      vertex 14.6247 10.3526 3.3
      vertex 8.42095 10.3163 3.3
    endloop
  endfacet
  facet normal 0 0 -1
    outer loop
      vertex 14.6247 10.3526 3.3
      vertex 8.31931 10.3526 3.3
      vertex 14.7294 10.3789 3.3
    endloop
  endfacet
  facet normal 0 0 -1
    outer loop
      vertex 8.2146 10.3789 3.3
      vertex 14.7294 10.3789 3.3
      vertex 8.31931 10.3526 3.3
    endloop
  endfacet
  facet normal 0 0 -1
    outer loop
      vertex 0 15.6 3.3
      vertex 14.7294 10.3789 3.3
      vertex 8.2146 10.3789 3.3
    endloop
  endfacet
  facet normal 0 0 -1
    outer loop
      vertex 14.7294 10.3789 3.3
      vertex 0 15.6 3.3
      vertex 14.8362 10.3947 3.3
    endloop
  endfacet
  facet normal 0 0 -1
    outer loop
      vertex 0 15.6 3.3
      vertex 8.2146 10.3789 3.3
      vertex 8.10782 10.3947 3.3
    endloop
  endfacet
  facet normal 0 0 -1
    outer loop
      vertex 0 15.6 3.3
      vertex 8.10782 10.3947 3.3
      vertex 8 10.4 3.3
    endloop
  endfacet
  facet normal 0 0 -1
    outer loop
      vertex 0 15.6 3.3
      vertex 8 10.4 3.3
      vertex 7.89218 10.3947 3.3
    endloop
  endfacet
  facet normal 0 0 -1
    outer loop
      vertex 0 15.6 3.3
      vertex 6.9 9.3 3.3
      vertex 0 3 3.3
    endloop
  endfacet
  facet normal 0 0 -1
    outer loop
      vertex 6.9 9.3 3.3
      vertex 0 15.6 3.3
      vertex 6.9053 9.40782 3.3
    endloop
  endfacet
  facet normal 0 0 -1
    outer loop
      vertex 6.9053 9.40782 3.3
      vertex 0 15.6 3.3
      vertex 6.92114 9.5146 3.3
    endloop
  endfacet
  facet normal 0 0 -1
    outer loop
      vertex 6.92114 9.5146 3.3
      vertex 0 15.6 3.3
      vertex 6.94736 9.61931 3.3
    endloop
  endfacet
  facet normal 0 0 -1
    outer loop
      vertex 6.94736 9.61931 3.3
      vertex 0 15.6 3.3
      vertex 6.98373 9.72095 3.3
    endloop
  endfacet
  facet normal 0 0 -1
    outer loop
      vertex 6.98373 9.72095 3.3
      vertex 0 15.6 3.3
      vertex 7.02989 9.81854 3.3
    endloop
  endfacet
  facet normal 0 0 -1
    outer loop
      vertex 7.02989 9.81854 3.3
      vertex 0 15.6 3.3
      vertex 7.08538 9.91113 3.3
    endloop
  endfacet
  facet normal 0 0 -1
    outer loop
      vertex 7.08538 9.91113 3.3
      vertex 0 15.6 3.3
      vertex 7.14969 9.99783 3.3
    endloop
  endfacet
  facet normal 0 0 -1
    outer loop
      vertex 28.832 10.4 3.3
      vertex 0 15.6 3.3
      vertex 64.608 15.6 3.3
    endloop
  endfacet
  facet normal 0 0 -1
    outer loop
      vertex 7.7854 10.3789 3.3
      vertex 0 15.6 3.3
      vertex 7.89218 10.3947 3.3
    endloop
  endfacet
  facet normal 0 0 -1
    outer loop
      vertex 7.68069 10.3526 3.3
      vertex 0 15.6 3.3
      vertex 7.7854 10.3789 3.3
    endloop
  endfacet
  facet normal 0 0 -1
    outer loop
      vertex 7.57905 10.3163 3.3
      vertex 0 15.6 3.3
      vertex 7.68069 10.3526 3.3
    endloop
  endfacet
  facet normal 0 0 -1
    outer loop
      vertex 7.48146 10.2701 3.3
      vertex 0 15.6 3.3
      vertex 7.57905 10.3163 3.3
    endloop
  endfacet
  facet normal 0 0 -1
    outer loop
      vertex 7.38887 10.2146 3.3
      vertex 0 15.6 3.3
      vertex 7.48146 10.2701 3.3
    endloop
  endfacet
  facet normal 0 0 -1
    outer loop
      vertex 7.30217 10.1503 3.3
      vertex 0 15.6 3.3
      vertex 7.38887 10.2146 3.3
    endloop
  endfacet
  facet normal 0 0 -1
    outer loop
      vertex 7.22218 10.0778 3.3
      vertex 0 15.6 3.3
      vertex 7.30217 10.1503 3.3
    endloop
  endfacet
  facet normal 0 0 -1
    outer loop
      vertex 7.14969 9.99783 3.3
      vertex 0 15.6 3.3
      vertex 7.22218 10.0778 3.3
    endloop
  endfacet
  facet normal 0 -1 0
    outer loop
      vertex 0 15.6 0
      vertex 64.608 15.6 3.3
      vertex 0 15.6 3.3
    endloop
  endfacet
  facet normal 0 -1 -0
    outer loop
      vertex 64.608 15.6 3.3
      vertex 0 15.6 0
      vertex 64.608 15.6 0
    endloop
  endfacet
  facet normal 0 1 -0
    outer loop
      vertex 64.608 3 0
      vertex 0 3 3.3
      vertex 64.608 3 3.3
    endloop
  endfacet
  facet normal 0 1 0
    outer loop
      vertex 0 3 3.3
      vertex 64.608 3 0
      vertex 0 3 0
    endloop
  endfacet
endsolid OpenSCAD_Model
