solid OpenSCAD_Model
  facet normal -0.989176 -0.146737 0
    outer loop
      vertex 9.0947 8.40782 3.3
      vertex 9.07886 8.5146 11.4
      vertex 9.07886 8.5146 3.3
    endloop
  endfacet
  facet normal -0.989176 -0.146737 0
    outer loop
      vertex 9.07886 8.5146 11.4
      vertex 9.0947 8.40782 3.3
      vertex 9.0947 8.40782 11.4
    endloop
  endfacet
  facet normal -0.998794 -0.0490967 0
    outer loop
      vertex 9.1 8.3 3.3
      vertex 9.0947 8.40782 11.4
      vertex 9.0947 8.40782 3.3
    endloop
  endfacet
  facet normal -0.998794 -0.0490967 0
    outer loop
      vertex 9.0947 8.40782 11.4
      vertex 9.1 8.3 3.3
      vertex 9.1 8.3 11.4
    endloop
  endfacet
  facet normal -0.970028 -0.242993 0
    outer loop
      vertex 9.07886 8.5146 3.3
      vertex 9.05263 8.61931 11.4
      vertex 9.05263 8.61931 3.3
    endloop
  endfacet
  facet normal -0.970028 -0.242993 0
    outer loop
      vertex 9.05263 8.61931 11.4
      vertex 9.07886 8.5146 3.3
      vertex 9.07886 8.5146 11.4
    endloop
  endfacet
  facet normal 0.97005 -0.242906 0
    outer loop
      vertex 6.92114 8.5146 11.4
      vertex 6.94736 8.61931 3.3
      vertex 6.94736 8.61931 11.4
    endloop
  endfacet
  facet normal 0.97005 -0.242906 0
    outer loop
      vertex 6.94736 8.61931 3.3
      vertex 6.92114 8.5146 11.4
      vertex 6.92114 8.5146 3.3
    endloop
  endfacet
  facet normal 0.427581 -0.903977 0
    outer loop
      vertex 7.48146 9.27011 3.3
      vertex 7.57905 9.31627 11.4
      vertex 7.48146 9.27011 11.4
    endloop
  endfacet
  facet normal 0.427581 -0.903977 0
    outer loop
      vertex 7.57905 9.31627 11.4
      vertex 7.48146 9.27011 3.3
      vertex 7.57905 9.31627 3.3
    endloop
  endfacet
  facet normal -0.336829 -0.941566 0
    outer loop
      vertex 8.31931 9.35263 3.3
      vertex 8.42095 9.31627 11.4
      vertex 8.31931 9.35263 11.4
    endloop
  endfacet
  facet normal -0.336829 -0.941566 -0
    outer loop
      vertex 8.42095 9.31627 11.4
      vertex 8.31931 9.35263 3.3
      vertex 8.42095 9.31627 3.3
    endloop
  endfacet
  facet normal -0.146737 -0.989176 0
    outer loop
      vertex 8.10782 9.3947 3.3
      vertex 8.2146 9.37886 11.4
      vertex 8.10782 9.3947 11.4
    endloop
  endfacet
  facet normal -0.146737 -0.989176 -0
    outer loop
      vertex 8.2146 9.37886 11.4
      vertex 8.10782 9.3947 3.3
      vertex 8.2146 9.37886 3.3
    endloop
  endfacet
  facet normal 0.51406 -0.857754 0
    outer loop
      vertex 7.38887 9.21462 3.3
      vertex 7.48146 9.27011 11.4
      vertex 7.38887 9.21462 11.4
    endloop
  endfacet
  facet normal 0.51406 -0.857754 0
    outer loop
      vertex 7.48146 9.27011 11.4
      vertex 7.38887 9.21462 3.3
      vertex 7.48146 9.27011 3.3
    endloop
  endfacet
  facet normal -0.998794 0.0490967 0
    outer loop
      vertex 9.0947 8.19218 3.3
      vertex 9.1 8.3 11.4
      vertex 9.1 8.3 3.3
    endloop
  endfacet
  facet normal -0.998794 0.0490967 0
    outer loop
      vertex 9.1 8.3 11.4
      vertex 9.0947 8.19218 3.3
      vertex 9.0947 8.19218 11.4
    endloop
  endfacet
  facet normal -0.242906 0.97005 0
    outer loop
      vertex 8.31931 7.24736 3.3
      vertex 8.2146 7.22114 11.4
      vertex 8.31931 7.24736 11.4
    endloop
  endfacet
  facet normal -0.242906 0.97005 0
    outer loop
      vertex 8.2146 7.22114 11.4
      vertex 8.31931 7.24736 3.3
      vertex 8.2146 7.22114 3.3
    endloop
  endfacet
  facet normal 0.0490967 -0.998794 0
    outer loop
      vertex 7.89218 9.3947 3.3
      vertex 8 9.4 11.4
      vertex 7.89218 9.3947 11.4
    endloop
  endfacet
  facet normal 0.0490967 -0.998794 0
    outer loop
      vertex 8 9.4 11.4
      vertex 7.89218 9.3947 3.3
      vertex 8 9.4 3.3
    endloop
  endfacet
  facet normal 0.989176 0.146737 0
    outer loop
      vertex 6.92114 8.0854 11.4
      vertex 6.9053 8.19218 3.3
      vertex 6.9053 8.19218 11.4
    endloop
  endfacet
  facet normal 0.989176 0.146737 0
    outer loop
      vertex 6.9053 8.19218 3.3
      vertex 6.92114 8.0854 11.4
      vertex 6.92114 8.0854 3.3
    endloop
  endfacet
  facet normal 0.740991 -0.671515 0
    outer loop
      vertex 7.14969 8.99783 11.4
      vertex 7.22218 9.07782 3.3
      vertex 7.22218 9.07782 11.4
    endloop
  endfacet
  facet normal 0.740991 -0.671515 0
    outer loop
      vertex 7.22218 9.07782 3.3
      vertex 7.14969 8.99783 11.4
      vertex 7.14969 8.99783 3.3
    endloop
  endfacet
  facet normal 0.242906 0.97005 -0
    outer loop
      vertex 7.7854 7.22114 3.3
      vertex 7.68069 7.24736 11.4
      vertex 7.7854 7.22114 11.4
    endloop
  endfacet
  facet normal 0.242906 0.97005 0
    outer loop
      vertex 7.68069 7.24736 11.4
      vertex 7.7854 7.22114 3.3
      vertex 7.68069 7.24736 3.3
    endloop
  endfacet
  facet normal -0.427581 0.903977 0
    outer loop
      vertex 8.51854 7.32989 3.3
      vertex 8.42095 7.28373 11.4
      vertex 8.51854 7.32989 11.4
    endloop
  endfacet
  facet normal -0.427581 0.903977 0
    outer loop
      vertex 8.42095 7.28373 11.4
      vertex 8.51854 7.32989 3.3
      vertex 8.42095 7.28373 3.3
    endloop
  endfacet
  facet normal 0.595752 0.803168 -0
    outer loop
      vertex 7.38887 7.38538 3.3
      vertex 7.30217 7.44969 11.4
      vertex 7.38887 7.38538 11.4
    endloop
  endfacet
  facet normal 0.595752 0.803168 0
    outer loop
      vertex 7.30217 7.44969 11.4
      vertex 7.38887 7.38538 3.3
      vertex 7.30217 7.44969 3.3
    endloop
  endfacet
  facet normal -0.146737 0.989176 0
    outer loop
      vertex 8.2146 7.22114 3.3
      vertex 8.10782 7.2053 11.4
      vertex 8.2146 7.22114 11.4
    endloop
  endfacet
  facet normal -0.146737 0.989176 0
    outer loop
      vertex 8.10782 7.2053 11.4
      vertex 8.2146 7.22114 3.3
      vertex 8.10782 7.2053 3.3
    endloop
  endfacet
  facet normal 0.146737 -0.989176 0
    outer loop
      vertex 7.7854 9.37886 3.3
      vertex 7.89218 9.3947 11.4
      vertex 7.7854 9.37886 11.4
    endloop
  endfacet
  facet normal 0.146737 -0.989176 0
    outer loop
      vertex 7.89218 9.3947 11.4
      vertex 7.7854 9.37886 3.3
      vertex 7.89218 9.3947 3.3
    endloop
  endfacet
  facet normal 0.989176 -0.146737 0
    outer loop
      vertex 6.9053 8.40782 11.4
      vertex 6.92114 8.5146 3.3
      vertex 6.92114 8.5146 11.4
    endloop
  endfacet
  facet normal 0.989176 -0.146737 0
    outer loop
      vertex 6.92114 8.5146 3.3
      vertex 6.9053 8.40782 11.4
      vertex 6.9053 8.40782 3.3
    endloop
  endfacet
  facet normal -0.903977 0.427581 0
    outer loop
      vertex 8.97011 7.78146 3.3
      vertex 9.01627 7.87905 11.4
      vertex 9.01627 7.87905 3.3
    endloop
  endfacet
  facet normal -0.903977 0.427581 0
    outer loop
      vertex 9.01627 7.87905 11.4
      vertex 8.97011 7.78146 3.3
      vertex 8.97011 7.78146 11.4
    endloop
  endfacet
  facet normal 0.671515 0.740991 -0
    outer loop
      vertex 7.30217 7.44969 3.3
      vertex 7.22218 7.52218 11.4
      vertex 7.30217 7.44969 11.4
    endloop
  endfacet
  facet normal 0.671515 0.740991 0
    outer loop
      vertex 7.22218 7.52218 11.4
      vertex 7.30217 7.44969 3.3
      vertex 7.22218 7.52218 3.3
    endloop
  endfacet
  facet normal -0.740991 -0.671515 0
    outer loop
      vertex 8.85031 8.99783 3.3
      vertex 8.77782 9.07782 11.4
      vertex 8.77782 9.07782 3.3
    endloop
  endfacet
  facet normal -0.740991 -0.671515 0
    outer loop
      vertex 8.77782 9.07782 11.4
      vertex 8.85031 8.99783 3.3
      vertex 8.85031 8.99783 11.4
    endloop
  endfacet
  facet normal 0.242993 -0.970028 0
    outer loop
      vertex 7.68069 9.35263 3.3
      vertex 7.7854 9.37886 11.4
      vertex 7.68069 9.35263 11.4
    endloop
  endfacet
  facet normal 0.242993 -0.970028 0
    outer loop
      vertex 7.7854 9.37886 11.4
      vertex 7.68069 9.35263 3.3
      vertex 7.7854 9.37886 3.3
    endloop
  endfacet
  facet normal -0.427581 -0.903977 0
    outer loop
      vertex 8.42095 9.31627 3.3
      vertex 8.51854 9.27011 11.4
      vertex 8.42095 9.31627 11.4
    endloop
  endfacet
  facet normal -0.427581 -0.903977 -0
    outer loop
      vertex 8.51854 9.27011 11.4
      vertex 8.42095 9.31627 3.3
      vertex 8.51854 9.27011 3.3
    endloop
  endfacet
  facet normal -0.0490967 0.998794 0
    outer loop
      vertex 8.10782 7.2053 3.3
      vertex 8 7.2 11.4
      vertex 8.10782 7.2053 11.4
    endloop
  endfacet
  facet normal -0.0490967 0.998794 0
    outer loop
      vertex 8 7.2 11.4
      vertex 8.10782 7.2053 3.3
      vertex 8 7.2 3.3
    endloop
  endfacet
  facet normal 0.146737 0.989176 -0
    outer loop
      vertex 7.89218 7.2053 3.3
      vertex 7.7854 7.22114 11.4
      vertex 7.89218 7.2053 11.4
    endloop
  endfacet
  facet normal 0.146737 0.989176 0
    outer loop
      vertex 7.7854 7.22114 11.4
      vertex 7.89218 7.2053 3.3
      vertex 7.7854 7.22114 3.3
    endloop
  endfacet
  facet normal 0.903977 -0.427581 0
    outer loop
      vertex 6.98373 8.72095 11.4
      vertex 7.02989 8.81854 3.3
      vertex 7.02989 8.81854 11.4
    endloop
  endfacet
  facet normal 0.903977 -0.427581 0
    outer loop
      vertex 7.02989 8.81854 3.3
      vertex 6.98373 8.72095 11.4
      vertex 6.98373 8.72095 3.3
    endloop
  endfacet
  facet normal -0.803168 -0.595752 0
    outer loop
      vertex 8.91462 8.91113 3.3
      vertex 8.85031 8.99783 11.4
      vertex 8.85031 8.99783 3.3
    endloop
  endfacet
  facet normal -0.803168 -0.595752 0
    outer loop
      vertex 8.85031 8.99783 11.4
      vertex 8.91462 8.91113 3.3
      vertex 8.91462 8.91113 11.4
    endloop
  endfacet
  facet normal 0.803168 0.595752 0
    outer loop
      vertex 7.14969 7.60217 11.4
      vertex 7.08538 7.68887 3.3
      vertex 7.08538 7.68887 11.4
    endloop
  endfacet
  facet normal 0.803168 0.595752 0
    outer loop
      vertex 7.08538 7.68887 3.3
      vertex 7.14969 7.60217 11.4
      vertex 7.14969 7.60217 3.3
    endloop
  endfacet
  facet normal 0.740991 0.671515 0
    outer loop
      vertex 7.22218 7.52218 11.4
      vertex 7.14969 7.60217 3.3
      vertex 7.14969 7.60217 11.4
    endloop
  endfacet
  facet normal 0.740991 0.671515 0
    outer loop
      vertex 7.14969 7.60217 3.3
      vertex 7.22218 7.52218 11.4
      vertex 7.22218 7.52218 3.3
    endloop
  endfacet
  facet normal 0.336911 0.941536 -0
    outer loop
      vertex 7.68069 7.24736 3.3
      vertex 7.57905 7.28373 11.4
      vertex 7.68069 7.24736 11.4
    endloop
  endfacet
  facet normal 0.336911 0.941536 0
    outer loop
      vertex 7.57905 7.28373 11.4
      vertex 7.68069 7.24736 3.3
      vertex 7.57905 7.28373 3.3
    endloop
  endfacet
  facet normal 0.998794 -0.0490967 0
    outer loop
      vertex 6.9 8.3 11.4
      vertex 6.9053 8.40782 3.3
      vertex 6.9053 8.40782 11.4
    endloop
  endfacet
  facet normal 0.998794 -0.0490967 0
    outer loop
      vertex 6.9053 8.40782 3.3
      vertex 6.9 8.3 11.4
      vertex 6.9 8.3 3.3
    endloop
  endfacet
  facet normal -0.336911 0.941536 0
    outer loop
      vertex 8.42095 7.28373 3.3
      vertex 8.31931 7.24736 11.4
      vertex 8.42095 7.28373 11.4
    endloop
  endfacet
  facet normal -0.336911 0.941536 0
    outer loop
      vertex 8.31931 7.24736 11.4
      vertex 8.42095 7.28373 3.3
      vertex 8.31931 7.24736 3.3
    endloop
  endfacet
  facet normal -0.970028 0.242993 0
    outer loop
      vertex 9.05263 7.98069 3.3
      vertex 9.07886 8.0854 11.4
      vertex 9.07886 8.0854 3.3
    endloop
  endfacet
  facet normal -0.970028 0.242993 0
    outer loop
      vertex 9.07886 8.0854 11.4
      vertex 9.05263 7.98069 3.3
      vertex 9.05263 7.98069 11.4
    endloop
  endfacet
  facet normal -0.941566 0.336829 0
    outer loop
      vertex 9.01627 7.87905 3.3
      vertex 9.05263 7.98069 11.4
      vertex 9.05263 7.98069 3.3
    endloop
  endfacet
  facet normal -0.941566 0.336829 0
    outer loop
      vertex 9.05263 7.98069 11.4
      vertex 9.01627 7.87905 3.3
      vertex 9.01627 7.87905 11.4
    endloop
  endfacet
  facet normal -0.0490967 -0.998794 0
    outer loop
      vertex 8 9.4 3.3
      vertex 8.10782 9.3947 11.4
      vertex 8 9.4 11.4
    endloop
  endfacet
  facet normal -0.0490967 -0.998794 -0
    outer loop
      vertex 8.10782 9.3947 11.4
      vertex 8 9.4 3.3
      vertex 8.10782 9.3947 3.3
    endloop
  endfacet
  facet normal -0.740991 0.671515 0
    outer loop
      vertex 8.77782 7.52218 3.3
      vertex 8.85031 7.60217 11.4
      vertex 8.85031 7.60217 3.3
    endloop
  endfacet
  facet normal -0.740991 0.671515 0
    outer loop
      vertex 8.85031 7.60217 11.4
      vertex 8.77782 7.52218 3.3
      vertex 8.77782 7.52218 11.4
    endloop
  endfacet
  facet normal 0.595752 -0.803168 0
    outer loop
      vertex 7.30217 9.15031 3.3
      vertex 7.38887 9.21462 11.4
      vertex 7.30217 9.15031 11.4
    endloop
  endfacet
  facet normal 0.595752 -0.803168 0
    outer loop
      vertex 7.38887 9.21462 11.4
      vertex 7.30217 9.15031 3.3
      vertex 7.38887 9.21462 3.3
    endloop
  endfacet
  facet normal -0.51406 -0.857754 0
    outer loop
      vertex 8.51854 9.27011 3.3
      vertex 8.61113 9.21462 11.4
      vertex 8.51854 9.27011 11.4
    endloop
  endfacet
  facet normal -0.51406 -0.857754 -0
    outer loop
      vertex 8.61113 9.21462 11.4
      vertex 8.51854 9.27011 3.3
      vertex 8.61113 9.21462 3.3
    endloop
  endfacet
  facet normal -0.242993 -0.970028 0
    outer loop
      vertex 8.2146 9.37886 3.3
      vertex 8.31931 9.35263 11.4
      vertex 8.2146 9.37886 11.4
    endloop
  endfacet
  facet normal -0.242993 -0.970028 -0
    outer loop
      vertex 8.31931 9.35263 11.4
      vertex 8.2146 9.37886 3.3
      vertex 8.31931 9.35263 3.3
    endloop
  endfacet
  facet normal -0.941566 -0.336829 0
    outer loop
      vertex 9.05263 8.61931 3.3
      vertex 9.01627 8.72095 11.4
      vertex 9.01627 8.72095 3.3
    endloop
  endfacet
  facet normal -0.941566 -0.336829 0
    outer loop
      vertex 9.01627 8.72095 11.4
      vertex 9.05263 8.61931 3.3
      vertex 9.05263 8.61931 11.4
    endloop
  endfacet
  facet normal -0.595752 -0.803168 0
    outer loop
      vertex 8.61113 9.21462 3.3
      vertex 8.69783 9.15031 11.4
      vertex 8.61113 9.21462 11.4
    endloop
  endfacet
  facet normal -0.595752 -0.803168 -0
    outer loop
      vertex 8.69783 9.15031 11.4
      vertex 8.61113 9.21462 3.3
      vertex 8.69783 9.15031 3.3
    endloop
  endfacet
  facet normal -0.671515 0.740991 0
    outer loop
      vertex 8.77782 7.52218 3.3
      vertex 8.69783 7.44969 11.4
      vertex 8.77782 7.52218 11.4
    endloop
  endfacet
  facet normal -0.671515 0.740991 0
    outer loop
      vertex 8.69783 7.44969 11.4
      vertex 8.77782 7.52218 3.3
      vertex 8.69783 7.44969 3.3
    endloop
  endfacet
  facet normal 0.97005 0.242906 0
    outer loop
      vertex 6.94736 7.98069 11.4
      vertex 6.92114 8.0854 3.3
      vertex 6.92114 8.0854 11.4
    endloop
  endfacet
  facet normal 0.97005 0.242906 0
    outer loop
      vertex 6.92114 8.0854 3.3
      vertex 6.94736 7.98069 11.4
      vertex 6.94736 7.98069 3.3
    endloop
  endfacet
  facet normal -0.903977 -0.427581 0
    outer loop
      vertex 9.01627 8.72095 3.3
      vertex 8.97011 8.81854 11.4
      vertex 8.97011 8.81854 3.3
    endloop
  endfacet
  facet normal -0.903977 -0.427581 0
    outer loop
      vertex 8.97011 8.81854 11.4
      vertex 9.01627 8.72095 3.3
      vertex 9.01627 8.72095 11.4
    endloop
  endfacet
  facet normal -0.989176 0.146737 0
    outer loop
      vertex 9.07886 8.0854 3.3
      vertex 9.0947 8.19218 11.4
      vertex 9.0947 8.19218 3.3
    endloop
  endfacet
  facet normal -0.989176 0.146737 0
    outer loop
      vertex 9.0947 8.19218 11.4
      vertex 9.07886 8.0854 3.3
      vertex 9.07886 8.0854 11.4
    endloop
  endfacet
  facet normal -0.857754 -0.51406 0
    outer loop
      vertex 8.97011 8.81854 3.3
      vertex 8.91462 8.91113 11.4
      vertex 8.91462 8.91113 3.3
    endloop
  endfacet
  facet normal -0.857754 -0.51406 0
    outer loop
      vertex 8.91462 8.91113 11.4
      vertex 8.97011 8.81854 3.3
      vertex 8.97011 8.81854 11.4
    endloop
  endfacet
  facet normal 0.336829 -0.941566 0
    outer loop
      vertex 7.57905 9.31627 3.3
      vertex 7.68069 9.35263 11.4
      vertex 7.57905 9.31627 11.4
    endloop
  endfacet
  facet normal 0.336829 -0.941566 0
    outer loop
      vertex 7.68069 9.35263 11.4
      vertex 7.57905 9.31627 3.3
      vertex 7.68069 9.35263 3.3
    endloop
  endfacet
  facet normal -0.857754 0.51406 0
    outer loop
      vertex 8.91462 7.68887 3.3
      vertex 8.97011 7.78146 11.4
      vertex 8.97011 7.78146 3.3
    endloop
  endfacet
  facet normal -0.857754 0.51406 0
    outer loop
      vertex 8.97011 7.78146 11.4
      vertex 8.91462 7.68887 3.3
      vertex 8.91462 7.68887 11.4
    endloop
  endfacet
  facet normal -0.671515 -0.740991 0
    outer loop
      vertex 8.69783 9.15031 3.3
      vertex 8.77782 9.07782 11.4
      vertex 8.69783 9.15031 11.4
    endloop
  endfacet
  facet normal -0.671515 -0.740991 -0
    outer loop
      vertex 8.77782 9.07782 11.4
      vertex 8.69783 9.15031 3.3
      vertex 8.77782 9.07782 3.3
    endloop
  endfacet
  facet normal 0.671515 -0.740991 0
    outer loop
      vertex 7.22218 9.07782 3.3
      vertex 7.30217 9.15031 11.4
      vertex 7.22218 9.07782 11.4
    endloop
  endfacet
  facet normal 0.671515 -0.740991 0
    outer loop
      vertex 7.30217 9.15031 11.4
      vertex 7.22218 9.07782 3.3
      vertex 7.30217 9.15031 3.3
    endloop
  endfacet
  facet normal 0.0490967 0.998794 -0
    outer loop
      vertex 8 7.2 3.3
      vertex 7.89218 7.2053 11.4
      vertex 8 7.2 11.4
    endloop
  endfacet
  facet normal 0.0490967 0.998794 0
    outer loop
      vertex 7.89218 7.2053 11.4
      vertex 8 7.2 3.3
      vertex 7.89218 7.2053 3.3
    endloop
  endfacet
  facet normal -0.595752 0.803168 0
    outer loop
      vertex 8.69783 7.44969 3.3
      vertex 8.61113 7.38538 11.4
      vertex 8.69783 7.44969 11.4
    endloop
  endfacet
  facet normal -0.595752 0.803168 0
    outer loop
      vertex 8.61113 7.38538 11.4
      vertex 8.69783 7.44969 3.3
      vertex 8.61113 7.38538 3.3
    endloop
  endfacet
  facet normal 0.857754 -0.51406 0
    outer loop
      vertex 7.02989 8.81854 11.4
      vertex 7.08538 8.91113 3.3
      vertex 7.08538 8.91113 11.4
    endloop
  endfacet
  facet normal 0.857754 -0.51406 0
    outer loop
      vertex 7.08538 8.91113 3.3
      vertex 7.02989 8.81854 11.4
      vertex 7.02989 8.81854 3.3
    endloop
  endfacet
  facet normal 0.903977 0.427581 0
    outer loop
      vertex 7.02989 7.78146 11.4
      vertex 6.98373 7.87905 3.3
      vertex 6.98373 7.87905 11.4
    endloop
  endfacet
  facet normal 0.903977 0.427581 0
    outer loop
      vertex 6.98373 7.87905 3.3
      vertex 7.02989 7.78146 11.4
      vertex 7.02989 7.78146 3.3
    endloop
  endfacet
  facet normal 0.998794 0.0490967 0
    outer loop
      vertex 6.9053 8.19218 11.4
      vertex 6.9 8.3 3.3
      vertex 6.9 8.3 11.4
    endloop
  endfacet
  facet normal 0.998794 0.0490967 0
    outer loop
      vertex 6.9 8.3 3.3
      vertex 6.9053 8.19218 11.4
      vertex 6.9053 8.19218 3.3
    endloop
  endfacet
  facet normal -0.51406 0.857754 0
    outer loop
      vertex 8.61113 7.38538 3.3
      vertex 8.51854 7.32989 11.4
      vertex 8.61113 7.38538 11.4
    endloop
  endfacet
  facet normal -0.51406 0.857754 0
    outer loop
      vertex 8.51854 7.32989 11.4
      vertex 8.61113 7.38538 3.3
      vertex 8.51854 7.32989 3.3
    endloop
  endfacet
  facet normal -0.803168 0.595752 0
    outer loop
      vertex 8.85031 7.60217 3.3
      vertex 8.91462 7.68887 11.4
      vertex 8.91462 7.68887 3.3
    endloop
  endfacet
  facet normal -0.803168 0.595752 0
    outer loop
      vertex 8.91462 7.68887 11.4
      vertex 8.85031 7.60217 3.3
      vertex 8.85031 7.60217 11.4
    endloop
  endfacet
  facet normal 0.857754 0.51406 0
    outer loop
      vertex 7.08538 7.68887 11.4
      vertex 7.02989 7.78146 3.3
      vertex 7.02989 7.78146 11.4
    endloop
  endfacet
  facet normal 0.857754 0.51406 0
    outer loop
      vertex 7.02989 7.78146 3.3
      vertex 7.08538 7.68887 11.4
      vertex 7.08538 7.68887 3.3
    endloop
  endfacet
  facet normal 0.941536 0.336911 0
    outer loop
      vertex 6.98373 7.87905 11.4
      vertex 6.94736 7.98069 3.3
      vertex 6.94736 7.98069 11.4
    endloop
  endfacet
  facet normal 0.941536 0.336911 0
    outer loop
      vertex 6.94736 7.98069 3.3
      vertex 6.98373 7.87905 11.4
      vertex 6.98373 7.87905 3.3
    endloop
  endfacet
  facet normal 0.51406 0.857754 -0
    outer loop
      vertex 7.48146 7.32989 3.3
      vertex 7.38887 7.38538 11.4
      vertex 7.48146 7.32989 11.4
    endloop
  endfacet
  facet normal 0.51406 0.857754 0
    outer loop
      vertex 7.38887 7.38538 11.4
      vertex 7.48146 7.32989 3.3
      vertex 7.38887 7.38538 3.3
    endloop
  endfacet
  facet normal 0.803168 -0.595752 0
    outer loop
      vertex 7.08538 8.91113 11.4
      vertex 7.14969 8.99783 3.3
      vertex 7.14969 8.99783 11.4
    endloop
  endfacet
  facet normal 0.803168 -0.595752 0
    outer loop
      vertex 7.14969 8.99783 3.3
      vertex 7.08538 8.91113 11.4
      vertex 7.08538 8.91113 3.3
    endloop
  endfacet
  facet normal 0.427581 0.903977 -0
    outer loop
      vertex 7.57905 7.28373 3.3
      vertex 7.48146 7.32989 11.4
      vertex 7.57905 7.28373 11.4
    endloop
  endfacet
  facet normal 0.427581 0.903977 0
    outer loop
      vertex 7.48146 7.32989 11.4
      vertex 7.57905 7.28373 3.3
      vertex 7.48146 7.32989 3.3
    endloop
  endfacet
  facet normal 0.941536 -0.336911 0
    outer loop
      vertex 6.94736 8.61931 11.4
      vertex 6.98373 8.72095 3.3
      vertex 6.98373 8.72095 11.4
    endloop
  endfacet
  facet normal 0.941536 -0.336911 0
    outer loop
      vertex 6.98373 8.72095 3.3
      vertex 6.94736 8.61931 11.4
      vertex 6.94736 8.61931 3.3
    endloop
  endfacet
  facet normal -0.989229 -0.146374 0
    outer loop
      vertex 37.0947 8.40782 3.3
      vertex 37.0789 8.5146 11.4
      vertex 37.0789 8.5146 3.3
    endloop
  endfacet
  facet normal -0.989229 -0.146374 0
    outer loop
      vertex 37.0789 8.5146 11.4
      vertex 37.0947 8.40782 3.3
      vertex 37.0947 8.40782 11.4
    endloop
  endfacet
  facet normal -0.998794 -0.0490967 0
    outer loop
      vertex 37.1 8.3 3.3
      vertex 37.0947 8.40782 11.4
      vertex 37.0947 8.40782 3.3
    endloop
  endfacet
  facet normal -0.998794 -0.0490967 0
    outer loop
      vertex 37.0947 8.40782 11.4
      vertex 37.1 8.3 3.3
      vertex 37.1 8.3 11.4
    endloop
  endfacet
  facet normal -0.969875 -0.243603 0
    outer loop
      vertex 37.0789 8.5146 3.3
      vertex 37.0526 8.61931 11.4
      vertex 37.0526 8.61931 3.3
    endloop
  endfacet
  facet normal -0.969875 -0.243603 0
    outer loop
      vertex 37.0526 8.61931 11.4
      vertex 37.0789 8.5146 3.3
      vertex 37.0789 8.5146 11.4
    endloop
  endfacet
  facet normal 0.969875 -0.243603 0
    outer loop
      vertex 34.9211 8.5146 11.4
      vertex 34.9474 8.61931 3.3
      vertex 34.9474 8.61931 11.4
    endloop
  endfacet
  facet normal 0.969875 -0.243603 0
    outer loop
      vertex 34.9474 8.61931 3.3
      vertex 34.9211 8.5146 11.4
      vertex 34.9211 8.5146 3.3
    endloop
  endfacet
  facet normal 0.427903 -0.903825 0
    outer loop
      vertex 35.4815 9.27011 3.3
      vertex 35.579 9.31627 11.4
      vertex 35.4815 9.27011 11.4
    endloop
  endfacet
  facet normal 0.427903 -0.903825 0
    outer loop
      vertex 35.579 9.31627 11.4
      vertex 35.4815 9.27011 3.3
      vertex 35.579 9.31627 3.3
    endloop
  endfacet
  facet normal -0.336653 -0.941629 0
    outer loop
      vertex 36.3193 9.35263 3.3
      vertex 36.421 9.31627 11.4
      vertex 36.3193 9.35263 11.4
    endloop
  endfacet
  facet normal -0.336653 -0.941629 -0
    outer loop
      vertex 36.421 9.31627 11.4
      vertex 36.3193 9.35263 3.3
      vertex 36.421 9.31627 3.3
    endloop
  endfacet
  facet normal -0.14671 -0.98918 0
    outer loop
      vertex 36.1078 9.3947 3.3
      vertex 36.2146 9.37886 11.4
      vertex 36.1078 9.3947 11.4
    endloop
  endfacet
  facet normal -0.14671 -0.98918 -0
    outer loop
      vertex 36.2146 9.37886 11.4
      vertex 36.1078 9.3947 3.3
      vertex 36.2146 9.37886 3.3
    endloop
  endfacet
  facet normal 0.514019 -0.857779 0
    outer loop
      vertex 35.3889 9.21462 3.3
      vertex 35.4815 9.27011 11.4
      vertex 35.3889 9.21462 11.4
    endloop
  endfacet
  facet normal 0.514019 -0.857779 0
    outer loop
      vertex 35.4815 9.27011 11.4
      vertex 35.3889 9.21462 3.3
      vertex 35.4815 9.27011 3.3
    endloop
  endfacet
  facet normal -0.998794 0.0490967 0
    outer loop
      vertex 37.0947 8.19218 3.3
      vertex 37.1 8.3 11.4
      vertex 37.1 8.3 3.3
    endloop
  endfacet
  facet normal -0.998794 0.0490967 0
    outer loop
      vertex 37.1 8.3 11.4
      vertex 37.0947 8.19218 3.3
      vertex 37.0947 8.19218 11.4
    endloop
  endfacet
  facet normal -0.242928 0.970044 0
    outer loop
      vertex 36.3193 7.24736 3.3
      vertex 36.2146 7.22114 11.4
      vertex 36.3193 7.24736 11.4
    endloop
  endfacet
  facet normal -0.242928 0.970044 0
    outer loop
      vertex 36.2146 7.22114 11.4
      vertex 36.3193 7.24736 3.3
      vertex 36.2146 7.22114 3.3
    endloop
  endfacet
  facet normal 0.0491058 -0.998794 0
    outer loop
      vertex 35.8922 9.3947 3.3
      vertex 36 9.4 11.4
      vertex 35.8922 9.3947 11.4
    endloop
  endfacet
  facet normal 0.0491058 -0.998794 0
    outer loop
      vertex 36 9.4 11.4
      vertex 35.8922 9.3947 3.3
      vertex 36 9.4 3.3
    endloop
  endfacet
  facet normal 0.989229 0.146374 0
    outer loop
      vertex 34.9211 8.0854 11.4
      vertex 34.9053 8.19218 3.3
      vertex 34.9053 8.19218 11.4
    endloop
  endfacet
  facet normal 0.989229 0.146374 0
    outer loop
      vertex 34.9053 8.19218 3.3
      vertex 34.9211 8.0854 11.4
      vertex 34.9211 8.0854 3.3
    endloop
  endfacet
  facet normal 0.740945 -0.671566 0
    outer loop
      vertex 35.1497 8.99783 11.4
      vertex 35.2222 9.07782 3.3
      vertex 35.2222 9.07782 11.4
    endloop
  endfacet
  facet normal 0.740945 -0.671566 0
    outer loop
      vertex 35.2222 9.07782 3.3
      vertex 35.1497 8.99783 11.4
      vertex 35.1497 8.99783 3.3
    endloop
  endfacet
  facet normal 0.242928 0.970044 -0
    outer loop
      vertex 35.7854 7.22114 3.3
      vertex 35.6807 7.24736 11.4
      vertex 35.7854 7.22114 11.4
    endloop
  endfacet
  facet normal 0.242928 0.970044 0
    outer loop
      vertex 35.6807 7.24736 11.4
      vertex 35.7854 7.22114 3.3
      vertex 35.6807 7.24736 3.3
    endloop
  endfacet
  facet normal -0.427903 0.903825 0
    outer loop
      vertex 36.5185 7.32989 3.3
      vertex 36.421 7.28373 11.4
      vertex 36.5185 7.32989 11.4
    endloop
  endfacet
  facet normal -0.427903 0.903825 0
    outer loop
      vertex 36.421 7.28373 11.4
      vertex 36.5185 7.32989 3.3
      vertex 36.421 7.28373 3.3
    endloop
  endfacet
  facet normal 0.671469 -0.741033 0
    outer loop
      vertex 35.2222 9.07782 3.3
      vertex 35.3022 9.15031 11.4
      vertex 35.2222 9.07782 11.4
    endloop
  endfacet
  facet normal 0.671469 -0.741033 0
    outer loop
      vertex 35.3022 9.15031 11.4
      vertex 35.2222 9.07782 3.3
      vertex 35.3022 9.15031 3.3
    endloop
  endfacet
  facet normal 0.595752 0.803168 -0
    outer loop
      vertex 35.3889 7.38538 3.3
      vertex 35.3022 7.44969 11.4
      vertex 35.3889 7.38538 11.4
    endloop
  endfacet
  facet normal 0.595752 0.803168 0
    outer loop
      vertex 35.3022 7.44969 11.4
      vertex 35.3889 7.38538 3.3
      vertex 35.3022 7.44969 3.3
    endloop
  endfacet
  facet normal -0.14671 0.98918 0
    outer loop
      vertex 36.2146 7.22114 3.3
      vertex 36.1078 7.2053 11.4
      vertex 36.2146 7.22114 11.4
    endloop
  endfacet
  facet normal -0.14671 0.98918 0
    outer loop
      vertex 36.1078 7.2053 11.4
      vertex 36.2146 7.22114 3.3
      vertex 36.1078 7.2053 3.3
    endloop
  endfacet
  facet normal 0.14671 -0.98918 0
    outer loop
      vertex 35.7854 9.37886 3.3
      vertex 35.8922 9.3947 11.4
      vertex 35.7854 9.37886 11.4
    endloop
  endfacet
  facet normal 0.14671 -0.98918 0
    outer loop
      vertex 35.8922 9.3947 11.4
      vertex 35.7854 9.37886 3.3
      vertex 35.8922 9.3947 3.3
    endloop
  endfacet
  facet normal 0.989229 -0.146374 0
    outer loop
      vertex 34.9053 8.40782 11.4
      vertex 34.9211 8.5146 3.3
      vertex 34.9211 8.5146 11.4
    endloop
  endfacet
  facet normal 0.989229 -0.146374 0
    outer loop
      vertex 34.9211 8.5146 3.3
      vertex 34.9053 8.40782 11.4
      vertex 34.9053 8.40782 3.3
    endloop
  endfacet
  facet normal -0.903834 0.427883 0
    outer loop
      vertex 36.9701 7.78146 3.3
      vertex 37.0163 7.87905 11.4
      vertex 37.0163 7.87905 3.3
    endloop
  endfacet
  facet normal -0.903834 0.427883 0
    outer loop
      vertex 37.0163 7.87905 11.4
      vertex 36.9701 7.78146 3.3
      vertex 36.9701 7.78146 11.4
    endloop
  endfacet
  facet normal 0.671469 0.741033 -0
    outer loop
      vertex 35.3022 7.44969 3.3
      vertex 35.2222 7.52218 11.4
      vertex 35.3022 7.44969 11.4
    endloop
  endfacet
  facet normal 0.671469 0.741033 0
    outer loop
      vertex 35.2222 7.52218 11.4
      vertex 35.3022 7.44969 3.3
      vertex 35.2222 7.52218 3.3
    endloop
  endfacet
  facet normal -0.740945 -0.671566 0
    outer loop
      vertex 36.8503 8.99783 3.3
      vertex 36.7778 9.07782 11.4
      vertex 36.7778 9.07782 3.3
    endloop
  endfacet
  facet normal -0.740945 -0.671566 0
    outer loop
      vertex 36.7778 9.07782 11.4
      vertex 36.8503 8.99783 3.3
      vertex 36.8503 8.99783 11.4
    endloop
  endfacet
  facet normal 0.243015 -0.970022 0
    outer loop
      vertex 35.6807 9.35263 3.3
      vertex 35.7854 9.37886 11.4
      vertex 35.6807 9.35263 11.4
    endloop
  endfacet
  facet normal 0.243015 -0.970022 0
    outer loop
      vertex 35.7854 9.37886 11.4
      vertex 35.6807 9.35263 3.3
      vertex 35.7854 9.37886 3.3
    endloop
  endfacet
  facet normal -0.427903 -0.903825 0
    outer loop
      vertex 36.421 9.31627 3.3
      vertex 36.5185 9.27011 11.4
      vertex 36.421 9.31627 11.4
    endloop
  endfacet
  facet normal -0.427903 -0.903825 -0
    outer loop
      vertex 36.5185 9.27011 11.4
      vertex 36.421 9.31627 3.3
      vertex 36.5185 9.27011 3.3
    endloop
  endfacet
  facet normal -0.0491058 0.998794 0
    outer loop
      vertex 36.1078 7.2053 3.3
      vertex 36 7.2 11.4
      vertex 36.1078 7.2053 11.4
    endloop
  endfacet
  facet normal -0.0491058 0.998794 0
    outer loop
      vertex 36 7.2 11.4
      vertex 36.1078 7.2053 3.3
      vertex 36 7.2 3.3
    endloop
  endfacet
  facet normal 0.14671 0.98918 -0
    outer loop
      vertex 35.8922 7.2053 3.3
      vertex 35.7854 7.22114 11.4
      vertex 35.8922 7.2053 11.4
    endloop
  endfacet
  facet normal 0.14671 0.98918 0
    outer loop
      vertex 35.7854 7.22114 11.4
      vertex 35.8922 7.2053 3.3
      vertex 35.7854 7.22114 3.3
    endloop
  endfacet
  facet normal 0.903834 -0.427883 0
    outer loop
      vertex 34.9837 8.72095 11.4
      vertex 35.0299 8.81854 3.3
      vertex 35.0299 8.81854 11.4
    endloop
  endfacet
  facet normal 0.903834 -0.427883 0
    outer loop
      vertex 35.0299 8.81854 3.3
      vertex 34.9837 8.72095 11.4
      vertex 34.9837 8.72095 3.3
    endloop
  endfacet
  facet normal -0.803212 -0.595693 0
    outer loop
      vertex 36.9146 8.91113 3.3
      vertex 36.8503 8.99783 11.4
      vertex 36.8503 8.99783 3.3
    endloop
  endfacet
  facet normal -0.803212 -0.595693 0
    outer loop
      vertex 36.8503 8.99783 11.4
      vertex 36.9146 8.91113 3.3
      vertex 36.9146 8.91113 11.4
    endloop
  endfacet
  facet normal 0.803212 0.595693 0
    outer loop
      vertex 35.1497 7.60217 11.4
      vertex 35.0854 7.68887 3.3
      vertex 35.0854 7.68887 11.4
    endloop
  endfacet
  facet normal 0.803212 0.595693 0
    outer loop
      vertex 35.0854 7.68887 3.3
      vertex 35.1497 7.60217 11.4
      vertex 35.1497 7.60217 3.3
    endloop
  endfacet
  facet normal 0.740945 0.671566 0
    outer loop
      vertex 35.2222 7.52218 11.4
      vertex 35.1497 7.60217 3.3
      vertex 35.1497 7.60217 11.4
    endloop
  endfacet
  facet normal 0.740945 0.671566 0
    outer loop
      vertex 35.1497 7.60217 3.3
      vertex 35.2222 7.52218 11.4
      vertex 35.2222 7.52218 3.3
    endloop
  endfacet
  facet normal 0.336735 0.941599 -0
    outer loop
      vertex 35.6807 7.24736 3.3
      vertex 35.579 7.28373 11.4
      vertex 35.6807 7.24736 11.4
    endloop
  endfacet
  facet normal 0.336735 0.941599 0
    outer loop
      vertex 35.579 7.28373 11.4
      vertex 35.6807 7.24736 3.3
      vertex 35.579 7.28373 3.3
    endloop
  endfacet
  facet normal 0.998794 -0.0490967 0
    outer loop
      vertex 34.9 8.3 11.4
      vertex 34.9053 8.40782 3.3
      vertex 34.9053 8.40782 11.4
    endloop
  endfacet
  facet normal 0.998794 -0.0490967 0
    outer loop
      vertex 34.9053 8.40782 3.3
      vertex 34.9 8.3 11.4
      vertex 34.9 8.3 3.3
    endloop
  endfacet
  facet normal -0.336735 0.941599 0
    outer loop
      vertex 36.421 7.28373 3.3
      vertex 36.3193 7.24736 11.4
      vertex 36.421 7.28373 11.4
    endloop
  endfacet
  facet normal -0.336735 0.941599 0
    outer loop
      vertex 36.3193 7.24736 11.4
      vertex 36.421 7.28373 3.3
      vertex 36.3193 7.24736 3.3
    endloop
  endfacet
  facet normal -0.969875 0.243603 0
    outer loop
      vertex 37.0526 7.98069 3.3
      vertex 37.0789 8.0854 11.4
      vertex 37.0789 8.0854 3.3
    endloop
  endfacet
  facet normal -0.969875 0.243603 0
    outer loop
      vertex 37.0789 8.0854 11.4
      vertex 37.0526 7.98069 3.3
      vertex 37.0526 7.98069 11.4
    endloop
  endfacet
  facet normal -0.941742 0.336336 0
    outer loop
      vertex 37.0163 7.87905 3.3
      vertex 37.0526 7.98069 11.4
      vertex 37.0526 7.98069 3.3
    endloop
  endfacet
  facet normal -0.941742 0.336336 0
    outer loop
      vertex 37.0526 7.98069 11.4
      vertex 37.0163 7.87905 3.3
      vertex 37.0163 7.87905 11.4
    endloop
  endfacet
  facet normal -0.0491058 -0.998794 0
    outer loop
      vertex 36 9.4 3.3
      vertex 36.1078 9.3947 11.4
      vertex 36 9.4 11.4
    endloop
  endfacet
  facet normal -0.0491058 -0.998794 -0
    outer loop
      vertex 36.1078 9.3947 11.4
      vertex 36 9.4 3.3
      vertex 36.1078 9.3947 3.3
    endloop
  endfacet
  facet normal 0.595752 -0.803168 0
    outer loop
      vertex 35.3022 9.15031 3.3
      vertex 35.3889 9.21462 11.4
      vertex 35.3022 9.15031 11.4
    endloop
  endfacet
  facet normal 0.595752 -0.803168 0
    outer loop
      vertex 35.3889 9.21462 11.4
      vertex 35.3022 9.15031 3.3
      vertex 35.3889 9.21462 3.3
    endloop
  endfacet
  facet normal -0.514019 -0.857779 0
    outer loop
      vertex 36.5185 9.27011 3.3
      vertex 36.6111 9.21462 11.4
      vertex 36.5185 9.27011 11.4
    endloop
  endfacet
  facet normal -0.514019 -0.857779 -0
    outer loop
      vertex 36.6111 9.21462 11.4
      vertex 36.5185 9.27011 3.3
      vertex 36.6111 9.21462 3.3
    endloop
  endfacet
  facet normal -0.243015 -0.970022 0
    outer loop
      vertex 36.2146 9.37886 3.3
      vertex 36.3193 9.35263 11.4
      vertex 36.2146 9.37886 11.4
    endloop
  endfacet
  facet normal -0.243015 -0.970022 -0
    outer loop
      vertex 36.3193 9.35263 11.4
      vertex 36.2146 9.37886 3.3
      vertex 36.3193 9.35263 3.3
    endloop
  endfacet
  facet normal -0.941742 -0.336336 0
    outer loop
      vertex 37.0526 8.61931 3.3
      vertex 37.0163 8.72095 11.4
      vertex 37.0163 8.72095 3.3
    endloop
  endfacet
  facet normal -0.941742 -0.336336 0
    outer loop
      vertex 37.0163 8.72095 11.4
      vertex 37.0526 8.61931 3.3
      vertex 37.0526 8.61931 11.4
    endloop
  endfacet
  facet normal -0.595752 -0.803168 0
    outer loop
      vertex 36.6111 9.21462 3.3
      vertex 36.6978 9.15031 11.4
      vertex 36.6111 9.21462 11.4
    endloop
  endfacet
  facet normal -0.595752 -0.803168 -0
    outer loop
      vertex 36.6978 9.15031 11.4
      vertex 36.6111 9.21462 3.3
      vertex 36.6978 9.15031 3.3
    endloop
  endfacet
  facet normal -0.671469 0.741033 0
    outer loop
      vertex 36.7778 7.52218 3.3
      vertex 36.6978 7.44969 11.4
      vertex 36.7778 7.52218 11.4
    endloop
  endfacet
  facet normal -0.671469 0.741033 0
    outer loop
      vertex 36.6978 7.44969 11.4
      vertex 36.7778 7.52218 3.3
      vertex 36.6978 7.44969 3.3
    endloop
  endfacet
  facet normal 0.969875 0.243603 0
    outer loop
      vertex 34.9474 7.98069 11.4
      vertex 34.9211 8.0854 3.3
      vertex 34.9211 8.0854 11.4
    endloop
  endfacet
  facet normal 0.969875 0.243603 0
    outer loop
      vertex 34.9211 8.0854 3.3
      vertex 34.9474 7.98069 11.4
      vertex 34.9474 7.98069 3.3
    endloop
  endfacet
  facet normal -0.903834 -0.427883 0
    outer loop
      vertex 37.0163 8.72095 3.3
      vertex 36.9701 8.81854 11.4
      vertex 36.9701 8.81854 3.3
    endloop
  endfacet
  facet normal -0.903834 -0.427883 0
    outer loop
      vertex 36.9701 8.81854 11.4
      vertex 37.0163 8.72095 3.3
      vertex 37.0163 8.72095 11.4
    endloop
  endfacet
  facet normal -0.989229 0.146374 0
    outer loop
      vertex 37.0789 8.0854 3.3
      vertex 37.0947 8.19218 11.4
      vertex 37.0947 8.19218 3.3
    endloop
  endfacet
  facet normal -0.989229 0.146374 0
    outer loop
      vertex 37.0947 8.19218 11.4
      vertex 37.0789 8.0854 3.3
      vertex 37.0789 8.0854 11.4
    endloop
  endfacet
  facet normal -0.857714 -0.514128 0
    outer loop
      vertex 36.9701 8.81854 3.3
      vertex 36.9146 8.91113 11.4
      vertex 36.9146 8.91113 3.3
    endloop
  endfacet
  facet normal -0.857714 -0.514128 0
    outer loop
      vertex 36.9146 8.91113 11.4
      vertex 36.9701 8.81854 3.3
      vertex 36.9701 8.81854 11.4
    endloop
  endfacet
  facet normal 0.336653 -0.941629 0
    outer loop
      vertex 35.579 9.31627 3.3
      vertex 35.6807 9.35263 11.4
      vertex 35.579 9.31627 11.4
    endloop
  endfacet
  facet normal 0.336653 -0.941629 0
    outer loop
      vertex 35.6807 9.35263 11.4
      vertex 35.579 9.31627 3.3
      vertex 35.6807 9.35263 3.3
    endloop
  endfacet
  facet normal -0.857714 0.514128 0
    outer loop
      vertex 36.9146 7.68887 3.3
      vertex 36.9701 7.78146 11.4
      vertex 36.9701 7.78146 3.3
    endloop
  endfacet
  facet normal -0.857714 0.514128 0
    outer loop
      vertex 36.9701 7.78146 11.4
      vertex 36.9146 7.68887 3.3
      vertex 36.9146 7.68887 11.4
    endloop
  endfacet
  facet normal -0.671469 -0.741033 0
    outer loop
      vertex 36.6978 9.15031 3.3
      vertex 36.7778 9.07782 11.4
      vertex 36.6978 9.15031 11.4
    endloop
  endfacet
  facet normal -0.671469 -0.741033 -0
    outer loop
      vertex 36.7778 9.07782 11.4
      vertex 36.6978 9.15031 3.3
      vertex 36.7778 9.07782 3.3
    endloop
  endfacet
  facet normal 0.0491058 0.998794 -0
    outer loop
      vertex 36 7.2 3.3
      vertex 35.8922 7.2053 11.4
      vertex 36 7.2 11.4
    endloop
  endfacet
  facet normal 0.0491058 0.998794 0
    outer loop
      vertex 35.8922 7.2053 11.4
      vertex 36 7.2 3.3
      vertex 35.8922 7.2053 3.3
    endloop
  endfacet
  facet normal -0.595752 0.803168 0
    outer loop
      vertex 36.6978 7.44969 3.3
      vertex 36.6111 7.38538 11.4
      vertex 36.6978 7.44969 11.4
    endloop
  endfacet
  facet normal -0.595752 0.803168 0
    outer loop
      vertex 36.6111 7.38538 11.4
      vertex 36.6978 7.44969 3.3
      vertex 36.6111 7.38538 3.3
    endloop
  endfacet
  facet normal 0.857714 -0.514128 0
    outer loop
      vertex 35.0299 8.81854 11.4
      vertex 35.0854 8.91113 3.3
      vertex 35.0854 8.91113 11.4
    endloop
  endfacet
  facet normal 0.857714 -0.514128 0
    outer loop
      vertex 35.0854 8.91113 3.3
      vertex 35.0299 8.81854 11.4
      vertex 35.0299 8.81854 3.3
    endloop
  endfacet
  facet normal 0.903834 0.427883 0
    outer loop
      vertex 35.0299 7.78146 11.4
      vertex 34.9837 7.87905 3.3
      vertex 34.9837 7.87905 11.4
    endloop
  endfacet
  facet normal 0.903834 0.427883 0
    outer loop
      vertex 34.9837 7.87905 3.3
      vertex 35.0299 7.78146 11.4
      vertex 35.0299 7.78146 3.3
    endloop
  endfacet
  facet normal 0.998794 0.0490967 0
    outer loop
      vertex 34.9053 8.19218 11.4
      vertex 34.9 8.3 3.3
      vertex 34.9 8.3 11.4
    endloop
  endfacet
  facet normal 0.998794 0.0490967 0
    outer loop
      vertex 34.9 8.3 3.3
      vertex 34.9053 8.19218 11.4
      vertex 34.9053 8.19218 3.3
    endloop
  endfacet
  facet normal -0.514019 0.857779 0
    outer loop
      vertex 36.6111 7.38538 3.3
      vertex 36.5185 7.32989 11.4
      vertex 36.6111 7.38538 11.4
    endloop
  endfacet
  facet normal -0.514019 0.857779 0
    outer loop
      vertex 36.5185 7.32989 11.4
      vertex 36.6111 7.38538 3.3
      vertex 36.5185 7.32989 3.3
    endloop
  endfacet
  facet normal -0.803212 0.595693 0
    outer loop
      vertex 36.8503 7.60217 3.3
      vertex 36.9146 7.68887 11.4
      vertex 36.9146 7.68887 3.3
    endloop
  endfacet
  facet normal -0.803212 0.595693 0
    outer loop
      vertex 36.9146 7.68887 11.4
      vertex 36.8503 7.60217 3.3
      vertex 36.8503 7.60217 11.4
    endloop
  endfacet
  facet normal 0.857714 0.514128 0
    outer loop
      vertex 35.0854 7.68887 11.4
      vertex 35.0299 7.78146 3.3
      vertex 35.0299 7.78146 11.4
    endloop
  endfacet
  facet normal 0.857714 0.514128 0
    outer loop
      vertex 35.0299 7.78146 3.3
      vertex 35.0854 7.68887 11.4
      vertex 35.0854 7.68887 3.3
    endloop
  endfacet
  facet normal 0.941742 0.336336 0
    outer loop
      vertex 34.9837 7.87905 11.4
      vertex 34.9474 7.98069 3.3
      vertex 34.9474 7.98069 11.4
    endloop
  endfacet
  facet normal 0.941742 0.336336 0
    outer loop
      vertex 34.9474 7.98069 3.3
      vertex 34.9837 7.87905 11.4
      vertex 34.9837 7.87905 3.3
    endloop
  endfacet
  facet normal -0.740945 0.671566 0
    outer loop
      vertex 36.7778 7.52218 3.3
      vertex 36.8503 7.60217 11.4
      vertex 36.8503 7.60217 3.3
    endloop
  endfacet
  facet normal -0.740945 0.671566 0
    outer loop
      vertex 36.8503 7.60217 11.4
      vertex 36.7778 7.52218 3.3
      vertex 36.7778 7.52218 11.4
    endloop
  endfacet
  facet normal 0.514019 0.857779 -0
    outer loop
      vertex 35.4815 7.32989 3.3
      vertex 35.3889 7.38538 11.4
      vertex 35.4815 7.32989 11.4
    endloop
  endfacet
  facet normal 0.514019 0.857779 0
    outer loop
      vertex 35.3889 7.38538 11.4
      vertex 35.4815 7.32989 3.3
      vertex 35.3889 7.38538 3.3
    endloop
  endfacet
  facet normal 0.803212 -0.595693 0
    outer loop
      vertex 35.0854 8.91113 11.4
      vertex 35.1497 8.99783 3.3
      vertex 35.1497 8.99783 11.4
    endloop
  endfacet
  facet normal 0.803212 -0.595693 0
    outer loop
      vertex 35.1497 8.99783 3.3
      vertex 35.0854 8.91113 11.4
      vertex 35.0854 8.91113 3.3
    endloop
  endfacet
  facet normal 0.427903 0.903825 -0
    outer loop
      vertex 35.579 7.28373 3.3
      vertex 35.4815 7.32989 11.4
      vertex 35.579 7.28373 11.4
    endloop
  endfacet
  facet normal 0.427903 0.903825 0
    outer loop
      vertex 35.4815 7.32989 11.4
      vertex 35.579 7.28373 3.3
      vertex 35.4815 7.32989 3.3
    endloop
  endfacet
  facet normal 0.941742 -0.336336 0
    outer loop
      vertex 34.9474 8.61931 11.4
      vertex 34.9837 8.72095 3.3
      vertex 34.9837 8.72095 11.4
    endloop
  endfacet
  facet normal 0.941742 -0.336336 0
    outer loop
      vertex 34.9837 8.72095 3.3
      vertex 34.9474 8.61931 11.4
      vertex 34.9474 8.61931 3.3
    endloop
  endfacet
  facet normal -0.989229 -0.146374 0
    outer loop
      vertex 65.0947 8.40782 3.3
      vertex 65.0789 8.5146 11.4
      vertex 65.0789 8.5146 3.3
    endloop
  endfacet
  facet normal -0.989229 -0.146374 0
    outer loop
      vertex 65.0789 8.5146 11.4
      vertex 65.0947 8.40782 3.3
      vertex 65.0947 8.40782 11.4
    endloop
  endfacet
  facet normal -0.998794 -0.0490967 0
    outer loop
      vertex 65.1 8.3 3.3
      vertex 65.0947 8.40782 11.4
      vertex 65.0947 8.40782 3.3
    endloop
  endfacet
  facet normal -0.998794 -0.0490967 0
    outer loop
      vertex 65.0947 8.40782 11.4
      vertex 65.1 8.3 3.3
      vertex 65.1 8.3 11.4
    endloop
  endfacet
  facet normal -0.969875 -0.243603 0
    outer loop
      vertex 65.0789 8.5146 3.3
      vertex 65.0526 8.61931 11.4
      vertex 65.0526 8.61931 3.3
    endloop
  endfacet
  facet normal -0.969875 -0.243603 0
    outer loop
      vertex 65.0526 8.61931 11.4
      vertex 65.0789 8.5146 3.3
      vertex 65.0789 8.5146 11.4
    endloop
  endfacet
  facet normal 0.969875 -0.243603 0
    outer loop
      vertex 62.9211 8.5146 11.4
      vertex 62.9474 8.61931 3.3
      vertex 62.9474 8.61931 11.4
    endloop
  endfacet
  facet normal 0.969875 -0.243603 0
    outer loop
      vertex 62.9474 8.61931 3.3
      vertex 62.9211 8.5146 11.4
      vertex 62.9211 8.5146 3.3
    endloop
  endfacet
  facet normal 0.427903 -0.903825 0
    outer loop
      vertex 63.4815 9.27011 3.3
      vertex 63.579 9.31627 11.4
      vertex 63.4815 9.27011 11.4
    endloop
  endfacet
  facet normal 0.427903 -0.903825 0
    outer loop
      vertex 63.579 9.31627 11.4
      vertex 63.4815 9.27011 3.3
      vertex 63.579 9.31627 3.3
    endloop
  endfacet
  facet normal -0.336653 -0.941629 0
    outer loop
      vertex 64.3193 9.35263 3.3
      vertex 64.421 9.31627 11.4
      vertex 64.3193 9.35263 11.4
    endloop
  endfacet
  facet normal -0.336653 -0.941629 -0
    outer loop
      vertex 64.421 9.31627 11.4
      vertex 64.3193 9.35263 3.3
      vertex 64.421 9.31627 3.3
    endloop
  endfacet
  facet normal -0.14671 -0.98918 0
    outer loop
      vertex 64.1078 9.3947 3.3
      vertex 64.2146 9.37886 11.4
      vertex 64.1078 9.3947 11.4
    endloop
  endfacet
  facet normal -0.14671 -0.98918 -0
    outer loop
      vertex 64.2146 9.37886 11.4
      vertex 64.1078 9.3947 3.3
      vertex 64.2146 9.37886 3.3
    endloop
  endfacet
  facet normal 0.514019 -0.857779 0
    outer loop
      vertex 63.3889 9.21462 3.3
      vertex 63.4815 9.27011 11.4
      vertex 63.3889 9.21462 11.4
    endloop
  endfacet
  facet normal 0.514019 -0.857779 0
    outer loop
      vertex 63.4815 9.27011 11.4
      vertex 63.3889 9.21462 3.3
      vertex 63.4815 9.27011 3.3
    endloop
  endfacet
  facet normal -0.998794 0.0490967 0
    outer loop
      vertex 65.0947 8.19218 3.3
      vertex 65.1 8.3 11.4
      vertex 65.1 8.3 3.3
    endloop
  endfacet
  facet normal -0.998794 0.0490967 0
    outer loop
      vertex 65.1 8.3 11.4
      vertex 65.0947 8.19218 3.3
      vertex 65.0947 8.19218 11.4
    endloop
  endfacet
  facet normal -0.242928 0.970044 0
    outer loop
      vertex 64.3193 7.24736 3.3
      vertex 64.2146 7.22114 11.4
      vertex 64.3193 7.24736 11.4
    endloop
  endfacet
  facet normal -0.242928 0.970044 0
    outer loop
      vertex 64.2146 7.22114 11.4
      vertex 64.3193 7.24736 3.3
      vertex 64.2146 7.22114 3.3
    endloop
  endfacet
  facet normal 0.0491058 -0.998794 0
    outer loop
      vertex 63.8922 9.3947 3.3
      vertex 64 9.4 11.4
      vertex 63.8922 9.3947 11.4
    endloop
  endfacet
  facet normal 0.0491058 -0.998794 0
    outer loop
      vertex 64 9.4 11.4
      vertex 63.8922 9.3947 3.3
      vertex 64 9.4 3.3
    endloop
  endfacet
  facet normal 0.989229 0.146374 0
    outer loop
      vertex 62.9211 8.0854 11.4
      vertex 62.9053 8.19218 3.3
      vertex 62.9053 8.19218 11.4
    endloop
  endfacet
  facet normal 0.989229 0.146374 0
    outer loop
      vertex 62.9053 8.19218 3.3
      vertex 62.9211 8.0854 11.4
      vertex 62.9211 8.0854 3.3
    endloop
  endfacet
  facet normal 0.740945 -0.671566 0
    outer loop
      vertex 63.1497 8.99783 11.4
      vertex 63.2222 9.07782 3.3
      vertex 63.2222 9.07782 11.4
    endloop
  endfacet
  facet normal 0.740945 -0.671566 0
    outer loop
      vertex 63.2222 9.07782 3.3
      vertex 63.1497 8.99783 11.4
      vertex 63.1497 8.99783 3.3
    endloop
  endfacet
  facet normal 0.242928 0.970044 -0
    outer loop
      vertex 63.7854 7.22114 3.3
      vertex 63.6807 7.24736 11.4
      vertex 63.7854 7.22114 11.4
    endloop
  endfacet
  facet normal 0.242928 0.970044 0
    outer loop
      vertex 63.6807 7.24736 11.4
      vertex 63.7854 7.22114 3.3
      vertex 63.6807 7.24736 3.3
    endloop
  endfacet
  facet normal -0.427903 0.903825 0
    outer loop
      vertex 64.5185 7.32989 3.3
      vertex 64.421 7.28373 11.4
      vertex 64.5185 7.32989 11.4
    endloop
  endfacet
  facet normal -0.427903 0.903825 0
    outer loop
      vertex 64.421 7.28373 11.4
      vertex 64.5185 7.32989 3.3
      vertex 64.421 7.28373 3.3
    endloop
  endfacet
  facet normal 0.671469 -0.741033 0
    outer loop
      vertex 63.2222 9.07782 3.3
      vertex 63.3022 9.15031 11.4
      vertex 63.2222 9.07782 11.4
    endloop
  endfacet
  facet normal 0.671469 -0.741033 0
    outer loop
      vertex 63.3022 9.15031 11.4
      vertex 63.2222 9.07782 3.3
      vertex 63.3022 9.15031 3.3
    endloop
  endfacet
  facet normal 0.595752 0.803168 -0
    outer loop
      vertex 63.3889 7.38538 3.3
      vertex 63.3022 7.44969 11.4
      vertex 63.3889 7.38538 11.4
    endloop
  endfacet
  facet normal 0.595752 0.803168 0
    outer loop
      vertex 63.3022 7.44969 11.4
      vertex 63.3889 7.38538 3.3
      vertex 63.3022 7.44969 3.3
    endloop
  endfacet
  facet normal -0.14671 0.98918 0
    outer loop
      vertex 64.2146 7.22114 3.3
      vertex 64.1078 7.2053 11.4
      vertex 64.2146 7.22114 11.4
    endloop
  endfacet
  facet normal -0.14671 0.98918 0
    outer loop
      vertex 64.1078 7.2053 11.4
      vertex 64.2146 7.22114 3.3
      vertex 64.1078 7.2053 3.3
    endloop
  endfacet
  facet normal 0.14671 -0.98918 0
    outer loop
      vertex 63.7854 9.37886 3.3
      vertex 63.8922 9.3947 11.4
      vertex 63.7854 9.37886 11.4
    endloop
  endfacet
  facet normal 0.14671 -0.98918 0
    outer loop
      vertex 63.8922 9.3947 11.4
      vertex 63.7854 9.37886 3.3
      vertex 63.8922 9.3947 3.3
    endloop
  endfacet
  facet normal 0.989229 -0.146374 0
    outer loop
      vertex 62.9053 8.40782 11.4
      vertex 62.9211 8.5146 3.3
      vertex 62.9211 8.5146 11.4
    endloop
  endfacet
  facet normal 0.989229 -0.146374 0
    outer loop
      vertex 62.9211 8.5146 3.3
      vertex 62.9053 8.40782 11.4
      vertex 62.9053 8.40782 3.3
    endloop
  endfacet
  facet normal -0.903834 0.427883 0
    outer loop
      vertex 64.9701 7.78146 3.3
      vertex 65.0163 7.87905 11.4
      vertex 65.0163 7.87905 3.3
    endloop
  endfacet
  facet normal -0.903834 0.427883 0
    outer loop
      vertex 65.0163 7.87905 11.4
      vertex 64.9701 7.78146 3.3
      vertex 64.9701 7.78146 11.4
    endloop
  endfacet
  facet normal 0.671469 0.741033 -0
    outer loop
      vertex 63.3022 7.44969 3.3
      vertex 63.2222 7.52218 11.4
      vertex 63.3022 7.44969 11.4
    endloop
  endfacet
  facet normal 0.671469 0.741033 0
    outer loop
      vertex 63.2222 7.52218 11.4
      vertex 63.3022 7.44969 3.3
      vertex 63.2222 7.52218 3.3
    endloop
  endfacet
  facet normal -0.740945 -0.671566 0
    outer loop
      vertex 64.8503 8.99783 3.3
      vertex 64.7778 9.07782 11.4
      vertex 64.7778 9.07782 3.3
    endloop
  endfacet
  facet normal -0.740945 -0.671566 0
    outer loop
      vertex 64.7778 9.07782 11.4
      vertex 64.8503 8.99783 3.3
      vertex 64.8503 8.99783 11.4
    endloop
  endfacet
  facet normal 0.243015 -0.970022 0
    outer loop
      vertex 63.6807 9.35263 3.3
      vertex 63.7854 9.37886 11.4
      vertex 63.6807 9.35263 11.4
    endloop
  endfacet
  facet normal 0.243015 -0.970022 0
    outer loop
      vertex 63.7854 9.37886 11.4
      vertex 63.6807 9.35263 3.3
      vertex 63.7854 9.37886 3.3
    endloop
  endfacet
  facet normal -0.427903 -0.903825 0
    outer loop
      vertex 64.421 9.31627 3.3
      vertex 64.5185 9.27011 11.4
      vertex 64.421 9.31627 11.4
    endloop
  endfacet
  facet normal -0.427903 -0.903825 -0
    outer loop
      vertex 64.5185 9.27011 11.4
      vertex 64.421 9.31627 3.3
      vertex 64.5185 9.27011 3.3
    endloop
  endfacet
  facet normal -0.0491058 0.998794 0
    outer loop
      vertex 64.1078 7.2053 3.3
      vertex 64 7.2 11.4
      vertex 64.1078 7.2053 11.4
    endloop
  endfacet
  facet normal -0.0491058 0.998794 0
    outer loop
      vertex 64 7.2 11.4
      vertex 64.1078 7.2053 3.3
      vertex 64 7.2 3.3
    endloop
  endfacet
  facet normal 0.14671 0.98918 -0
    outer loop
      vertex 63.8922 7.2053 3.3
      vertex 63.7854 7.22114 11.4
      vertex 63.8922 7.2053 11.4
    endloop
  endfacet
  facet normal 0.14671 0.98918 0
    outer loop
      vertex 63.7854 7.22114 11.4
      vertex 63.8922 7.2053 3.3
      vertex 63.7854 7.22114 3.3
    endloop
  endfacet
  facet normal 0.903834 -0.427883 0
    outer loop
      vertex 62.9837 8.72095 11.4
      vertex 63.0299 8.81854 3.3
      vertex 63.0299 8.81854 11.4
    endloop
  endfacet
  facet normal 0.903834 -0.427883 0
    outer loop
      vertex 63.0299 8.81854 3.3
      vertex 62.9837 8.72095 11.4
      vertex 62.9837 8.72095 3.3
    endloop
  endfacet
  facet normal -0.803212 -0.595693 0
    outer loop
      vertex 64.9146 8.91113 3.3
      vertex 64.8503 8.99783 11.4
      vertex 64.8503 8.99783 3.3
    endloop
  endfacet
  facet normal -0.803212 -0.595693 0
    outer loop
      vertex 64.8503 8.99783 11.4
      vertex 64.9146 8.91113 3.3
      vertex 64.9146 8.91113 11.4
    endloop
  endfacet
  facet normal 0.803212 0.595693 0
    outer loop
      vertex 63.1497 7.60217 11.4
      vertex 63.0854 7.68887 3.3
      vertex 63.0854 7.68887 11.4
    endloop
  endfacet
  facet normal 0.803212 0.595693 0
    outer loop
      vertex 63.0854 7.68887 3.3
      vertex 63.1497 7.60217 11.4
      vertex 63.1497 7.60217 3.3
    endloop
  endfacet
  facet normal 0.740945 0.671566 0
    outer loop
      vertex 63.2222 7.52218 11.4
      vertex 63.1497 7.60217 3.3
      vertex 63.1497 7.60217 11.4
    endloop
  endfacet
  facet normal 0.740945 0.671566 0
    outer loop
      vertex 63.1497 7.60217 3.3
      vertex 63.2222 7.52218 11.4
      vertex 63.2222 7.52218 3.3
    endloop
  endfacet
  facet normal 0.336735 0.941599 -0
    outer loop
      vertex 63.6807 7.24736 3.3
      vertex 63.579 7.28373 11.4
      vertex 63.6807 7.24736 11.4
    endloop
  endfacet
  facet normal 0.336735 0.941599 0
    outer loop
      vertex 63.579 7.28373 11.4
      vertex 63.6807 7.24736 3.3
      vertex 63.579 7.28373 3.3
    endloop
  endfacet
  facet normal 0.998794 -0.0490967 0
    outer loop
      vertex 62.9 8.3 11.4
      vertex 62.9053 8.40782 3.3
      vertex 62.9053 8.40782 11.4
    endloop
  endfacet
  facet normal 0.998794 -0.0490967 0
    outer loop
      vertex 62.9053 8.40782 3.3
      vertex 62.9 8.3 11.4
      vertex 62.9 8.3 3.3
    endloop
  endfacet
  facet normal -0.336735 0.941599 0
    outer loop
      vertex 64.421 7.28373 3.3
      vertex 64.3193 7.24736 11.4
      vertex 64.421 7.28373 11.4
    endloop
  endfacet
  facet normal -0.336735 0.941599 0
    outer loop
      vertex 64.3193 7.24736 11.4
      vertex 64.421 7.28373 3.3
      vertex 64.3193 7.24736 3.3
    endloop
  endfacet
  facet normal -0.969875 0.243603 0
    outer loop
      vertex 65.0526 7.98069 3.3
      vertex 65.0789 8.0854 11.4
      vertex 65.0789 8.0854 3.3
    endloop
  endfacet
  facet normal -0.969875 0.243603 0
    outer loop
      vertex 65.0789 8.0854 11.4
      vertex 65.0526 7.98069 3.3
      vertex 65.0526 7.98069 11.4
    endloop
  endfacet
  facet normal -0.941742 0.336336 0
    outer loop
      vertex 65.0163 7.87905 3.3
      vertex 65.0526 7.98069 11.4
      vertex 65.0526 7.98069 3.3
    endloop
  endfacet
  facet normal -0.941742 0.336336 0
    outer loop
      vertex 65.0526 7.98069 11.4
      vertex 65.0163 7.87905 3.3
      vertex 65.0163 7.87905 11.4
    endloop
  endfacet
  facet normal -0.0491058 -0.998794 0
    outer loop
      vertex 64 9.4 3.3
      vertex 64.1078 9.3947 11.4
      vertex 64 9.4 11.4
    endloop
  endfacet
  facet normal -0.0491058 -0.998794 -0
    outer loop
      vertex 64.1078 9.3947 11.4
      vertex 64 9.4 3.3
      vertex 64.1078 9.3947 3.3
    endloop
  endfacet
  facet normal 0.595752 -0.803168 0
    outer loop
      vertex 63.3022 9.15031 3.3
      vertex 63.3889 9.21462 11.4
      vertex 63.3022 9.15031 11.4
    endloop
  endfacet
  facet normal 0.595752 -0.803168 0
    outer loop
      vertex 63.3889 9.21462 11.4
      vertex 63.3022 9.15031 3.3
      vertex 63.3889 9.21462 3.3
    endloop
  endfacet
  facet normal -0.514019 -0.857779 0
    outer loop
      vertex 64.5185 9.27011 3.3
      vertex 64.6111 9.21462 11.4
      vertex 64.5185 9.27011 11.4
    endloop
  endfacet
  facet normal -0.514019 -0.857779 -0
    outer loop
      vertex 64.6111 9.21462 11.4
      vertex 64.5185 9.27011 3.3
      vertex 64.6111 9.21462 3.3
    endloop
  endfacet
  facet normal -0.243015 -0.970022 0
    outer loop
      vertex 64.2146 9.37886 3.3
      vertex 64.3193 9.35263 11.4
      vertex 64.2146 9.37886 11.4
    endloop
  endfacet
  facet normal -0.243015 -0.970022 -0
    outer loop
      vertex 64.3193 9.35263 11.4
      vertex 64.2146 9.37886 3.3
      vertex 64.3193 9.35263 3.3
    endloop
  endfacet
  facet normal -0.941742 -0.336336 0
    outer loop
      vertex 65.0526 8.61931 3.3
      vertex 65.0163 8.72095 11.4
      vertex 65.0163 8.72095 3.3
    endloop
  endfacet
  facet normal -0.941742 -0.336336 0
    outer loop
      vertex 65.0163 8.72095 11.4
      vertex 65.0526 8.61931 3.3
      vertex 65.0526 8.61931 11.4
    endloop
  endfacet
  facet normal -0.595752 -0.803168 0
    outer loop
      vertex 64.6111 9.21462 3.3
      vertex 64.6978 9.15031 11.4
      vertex 64.6111 9.21462 11.4
    endloop
  endfacet
  facet normal -0.595752 -0.803168 -0
    outer loop
      vertex 64.6978 9.15031 11.4
      vertex 64.6111 9.21462 3.3
      vertex 64.6978 9.15031 3.3
    endloop
  endfacet
  facet normal -0.671469 0.741033 0
    outer loop
      vertex 64.7778 7.52218 3.3
      vertex 64.6978 7.44969 11.4
      vertex 64.7778 7.52218 11.4
    endloop
  endfacet
  facet normal -0.671469 0.741033 0
    outer loop
      vertex 64.6978 7.44969 11.4
      vertex 64.7778 7.52218 3.3
      vertex 64.6978 7.44969 3.3
    endloop
  endfacet
  facet normal 0.969875 0.243603 0
    outer loop
      vertex 62.9474 7.98069 11.4
      vertex 62.9211 8.0854 3.3
      vertex 62.9211 8.0854 11.4
    endloop
  endfacet
  facet normal 0.969875 0.243603 0
    outer loop
      vertex 62.9211 8.0854 3.3
      vertex 62.9474 7.98069 11.4
      vertex 62.9474 7.98069 3.3
    endloop
  endfacet
  facet normal -0.903834 -0.427883 0
    outer loop
      vertex 65.0163 8.72095 3.3
      vertex 64.9701 8.81854 11.4
      vertex 64.9701 8.81854 3.3
    endloop
  endfacet
  facet normal -0.903834 -0.427883 0
    outer loop
      vertex 64.9701 8.81854 11.4
      vertex 65.0163 8.72095 3.3
      vertex 65.0163 8.72095 11.4
    endloop
  endfacet
  facet normal -0.989229 0.146374 0
    outer loop
      vertex 65.0789 8.0854 3.3
      vertex 65.0947 8.19218 11.4
      vertex 65.0947 8.19218 3.3
    endloop
  endfacet
  facet normal -0.989229 0.146374 0
    outer loop
      vertex 65.0947 8.19218 11.4
      vertex 65.0789 8.0854 3.3
      vertex 65.0789 8.0854 11.4
    endloop
  endfacet
  facet normal -0.857714 -0.514128 0
    outer loop
      vertex 64.9701 8.81854 3.3
      vertex 64.9146 8.91113 11.4
      vertex 64.9146 8.91113 3.3
    endloop
  endfacet
  facet normal -0.857714 -0.514128 0
    outer loop
      vertex 64.9146 8.91113 11.4
      vertex 64.9701 8.81854 3.3
      vertex 64.9701 8.81854 11.4
    endloop
  endfacet
  facet normal 0.336653 -0.941629 0
    outer loop
      vertex 63.579 9.31627 3.3
      vertex 63.6807 9.35263 11.4
      vertex 63.579 9.31627 11.4
    endloop
  endfacet
  facet normal 0.336653 -0.941629 0
    outer loop
      vertex 63.6807 9.35263 11.4
      vertex 63.579 9.31627 3.3
      vertex 63.6807 9.35263 3.3
    endloop
  endfacet
  facet normal -0.857714 0.514128 0
    outer loop
      vertex 64.9146 7.68887 3.3
      vertex 64.9701 7.78146 11.4
      vertex 64.9701 7.78146 3.3
    endloop
  endfacet
  facet normal -0.857714 0.514128 0
    outer loop
      vertex 64.9701 7.78146 11.4
      vertex 64.9146 7.68887 3.3
      vertex 64.9146 7.68887 11.4
    endloop
  endfacet
  facet normal -0.671469 -0.741033 0
    outer loop
      vertex 64.6978 9.15031 3.3
      vertex 64.7778 9.07782 11.4
      vertex 64.6978 9.15031 11.4
    endloop
  endfacet
  facet normal -0.671469 -0.741033 -0
    outer loop
      vertex 64.7778 9.07782 11.4
      vertex 64.6978 9.15031 3.3
      vertex 64.7778 9.07782 3.3
    endloop
  endfacet
  facet normal 0.0491058 0.998794 -0
    outer loop
      vertex 64 7.2 3.3
      vertex 63.8922 7.2053 11.4
      vertex 64 7.2 11.4
    endloop
  endfacet
  facet normal 0.0491058 0.998794 0
    outer loop
      vertex 63.8922 7.2053 11.4
      vertex 64 7.2 3.3
      vertex 63.8922 7.2053 3.3
    endloop
  endfacet
  facet normal -0.595752 0.803168 0
    outer loop
      vertex 64.6978 7.44969 3.3
      vertex 64.6111 7.38538 11.4
      vertex 64.6978 7.44969 11.4
    endloop
  endfacet
  facet normal -0.595752 0.803168 0
    outer loop
      vertex 64.6111 7.38538 11.4
      vertex 64.6978 7.44969 3.3
      vertex 64.6111 7.38538 3.3
    endloop
  endfacet
  facet normal 0.857714 -0.514128 0
    outer loop
      vertex 63.0299 8.81854 11.4
      vertex 63.0854 8.91113 3.3
      vertex 63.0854 8.91113 11.4
    endloop
  endfacet
  facet normal 0.857714 -0.514128 0
    outer loop
      vertex 63.0854 8.91113 3.3
      vertex 63.0299 8.81854 11.4
      vertex 63.0299 8.81854 3.3
    endloop
  endfacet
  facet normal 0.803212 -0.595693 0
    outer loop
      vertex 63.0854 8.91113 11.4
      vertex 63.1497 8.99783 3.3
      vertex 63.1497 8.99783 11.4
    endloop
  endfacet
  facet normal 0.803212 -0.595693 0
    outer loop
      vertex 63.1497 8.99783 3.3
      vertex 63.0854 8.91113 11.4
      vertex 63.0854 8.91113 3.3
    endloop
  endfacet
  facet normal 0.903834 0.427883 0
    outer loop
      vertex 63.0299 7.78146 11.4
      vertex 62.9837 7.87905 3.3
      vertex 62.9837 7.87905 11.4
    endloop
  endfacet
  facet normal 0.903834 0.427883 0
    outer loop
      vertex 62.9837 7.87905 3.3
      vertex 63.0299 7.78146 11.4
      vertex 63.0299 7.78146 3.3
    endloop
  endfacet
  facet normal 0.998794 0.0490967 0
    outer loop
      vertex 62.9053 8.19218 11.4
      vertex 62.9 8.3 3.3
      vertex 62.9 8.3 11.4
    endloop
  endfacet
  facet normal 0.998794 0.0490967 0
    outer loop
      vertex 62.9 8.3 3.3
      vertex 62.9053 8.19218 11.4
      vertex 62.9053 8.19218 3.3
    endloop
  endfacet
  facet normal -0.514019 0.857779 0
    outer loop
      vertex 64.6111 7.38538 3.3
      vertex 64.5185 7.32989 11.4
      vertex 64.6111 7.38538 11.4
    endloop
  endfacet
  facet normal -0.514019 0.857779 0
    outer loop
      vertex 64.5185 7.32989 11.4
      vertex 64.6111 7.38538 3.3
      vertex 64.5185 7.32989 3.3
    endloop
  endfacet
  facet normal -0.803212 0.595693 0
    outer loop
      vertex 64.8503 7.60217 3.3
      vertex 64.9146 7.68887 11.4
      vertex 64.9146 7.68887 3.3
    endloop
  endfacet
  facet normal -0.803212 0.595693 0
    outer loop
      vertex 64.9146 7.68887 11.4
      vertex 64.8503 7.60217 3.3
      vertex 64.8503 7.60217 11.4
    endloop
  endfacet
  facet normal 0.857714 0.514128 0
    outer loop
      vertex 63.0854 7.68887 11.4
      vertex 63.0299 7.78146 3.3
      vertex 63.0299 7.78146 11.4
    endloop
  endfacet
  facet normal 0.857714 0.514128 0
    outer loop
      vertex 63.0299 7.78146 3.3
      vertex 63.0854 7.68887 11.4
      vertex 63.0854 7.68887 3.3
    endloop
  endfacet
  facet normal 0.941742 0.336336 0
    outer loop
      vertex 62.9837 7.87905 11.4
      vertex 62.9474 7.98069 3.3
      vertex 62.9474 7.98069 11.4
    endloop
  endfacet
  facet normal 0.941742 0.336336 0
    outer loop
      vertex 62.9474 7.98069 3.3
      vertex 62.9837 7.87905 11.4
      vertex 62.9837 7.87905 3.3
    endloop
  endfacet
  facet normal -0.740945 0.671566 0
    outer loop
      vertex 64.7778 7.52218 3.3
      vertex 64.8503 7.60217 11.4
      vertex 64.8503 7.60217 3.3
    endloop
  endfacet
  facet normal -0.740945 0.671566 0
    outer loop
      vertex 64.8503 7.60217 11.4
      vertex 64.7778 7.52218 3.3
      vertex 64.7778 7.52218 11.4
    endloop
  endfacet
  facet normal 0.514019 0.857779 -0
    outer loop
      vertex 63.4815 7.32989 3.3
      vertex 63.3889 7.38538 11.4
      vertex 63.4815 7.32989 11.4
    endloop
  endfacet
  facet normal 0.514019 0.857779 0
    outer loop
      vertex 63.3889 7.38538 11.4
      vertex 63.4815 7.32989 3.3
      vertex 63.3889 7.38538 3.3
    endloop
  endfacet
  facet normal 0.427903 0.903825 -0
    outer loop
      vertex 63.579 7.28373 3.3
      vertex 63.4815 7.32989 11.4
      vertex 63.579 7.28373 11.4
    endloop
  endfacet
  facet normal 0.427903 0.903825 0
    outer loop
      vertex 63.4815 7.32989 11.4
      vertex 63.579 7.28373 3.3
      vertex 63.4815 7.32989 3.3
    endloop
  endfacet
  facet normal 0.941742 -0.336336 0
    outer loop
      vertex 62.9474 8.61931 11.4
      vertex 62.9837 8.72095 3.3
      vertex 62.9837 8.72095 11.4
    endloop
  endfacet
  facet normal 0.941742 -0.336336 0
    outer loop
      vertex 62.9837 8.72095 3.3
      vertex 62.9474 8.61931 11.4
      vertex 62.9474 8.61931 3.3
    endloop
  endfacet
  facet normal -0.989229 -0.146374 0
    outer loop
      vertex 93.0947 8.40782 3.3
      vertex 93.0789 8.5146 11.4
      vertex 93.0789 8.5146 3.3
    endloop
  endfacet
  facet normal -0.989229 -0.146374 0
    outer loop
      vertex 93.0789 8.5146 11.4
      vertex 93.0947 8.40782 3.3
      vertex 93.0947 8.40782 11.4
    endloop
  endfacet
  facet normal -0.998794 -0.0490967 0
    outer loop
      vertex 93.1 8.3 3.3
      vertex 93.0947 8.40782 11.4
      vertex 93.0947 8.40782 3.3
    endloop
  endfacet
  facet normal -0.998794 -0.0490967 0
    outer loop
      vertex 93.0947 8.40782 11.4
      vertex 93.1 8.3 3.3
      vertex 93.1 8.3 11.4
    endloop
  endfacet
  facet normal -0.969875 -0.243603 0
    outer loop
      vertex 93.0789 8.5146 3.3
      vertex 93.0526 8.61931 11.4
      vertex 93.0526 8.61931 3.3
    endloop
  endfacet
  facet normal -0.969875 -0.243603 0
    outer loop
      vertex 93.0526 8.61931 11.4
      vertex 93.0789 8.5146 3.3
      vertex 93.0789 8.5146 11.4
    endloop
  endfacet
  facet normal 0.969875 -0.243603 0
    outer loop
      vertex 90.9211 8.5146 11.4
      vertex 90.9474 8.61931 3.3
      vertex 90.9474 8.61931 11.4
    endloop
  endfacet
  facet normal 0.969875 -0.243603 0
    outer loop
      vertex 90.9474 8.61931 3.3
      vertex 90.9211 8.5146 11.4
      vertex 90.9211 8.5146 3.3
    endloop
  endfacet
  facet normal 0.427903 -0.903825 0
    outer loop
      vertex 91.4815 9.27011 3.3
      vertex 91.579 9.31627 11.4
      vertex 91.4815 9.27011 11.4
    endloop
  endfacet
  facet normal 0.427903 -0.903825 0
    outer loop
      vertex 91.579 9.31627 11.4
      vertex 91.4815 9.27011 3.3
      vertex 91.579 9.31627 3.3
    endloop
  endfacet
  facet normal -0.336653 -0.941629 0
    outer loop
      vertex 92.3193 9.35263 3.3
      vertex 92.421 9.31627 11.4
      vertex 92.3193 9.35263 11.4
    endloop
  endfacet
  facet normal -0.336653 -0.941629 -0
    outer loop
      vertex 92.421 9.31627 11.4
      vertex 92.3193 9.35263 3.3
      vertex 92.421 9.31627 3.3
    endloop
  endfacet
  facet normal -0.14671 -0.98918 0
    outer loop
      vertex 92.1078 9.3947 3.3
      vertex 92.2146 9.37886 11.4
      vertex 92.1078 9.3947 11.4
    endloop
  endfacet
  facet normal -0.14671 -0.98918 -0
    outer loop
      vertex 92.2146 9.37886 11.4
      vertex 92.1078 9.3947 3.3
      vertex 92.2146 9.37886 3.3
    endloop
  endfacet
  facet normal 0.514019 -0.857779 0
    outer loop
      vertex 91.3889 9.21462 3.3
      vertex 91.4815 9.27011 11.4
      vertex 91.3889 9.21462 11.4
    endloop
  endfacet
  facet normal 0.514019 -0.857779 0
    outer loop
      vertex 91.4815 9.27011 11.4
      vertex 91.3889 9.21462 3.3
      vertex 91.4815 9.27011 3.3
    endloop
  endfacet
  facet normal -0.998794 0.0490967 0
    outer loop
      vertex 93.0947 8.19218 3.3
      vertex 93.1 8.3 11.4
      vertex 93.1 8.3 3.3
    endloop
  endfacet
  facet normal -0.998794 0.0490967 0
    outer loop
      vertex 93.1 8.3 11.4
      vertex 93.0947 8.19218 3.3
      vertex 93.0947 8.19218 11.4
    endloop
  endfacet
  facet normal -0.242928 0.970044 0
    outer loop
      vertex 92.3193 7.24736 3.3
      vertex 92.2146 7.22114 11.4
      vertex 92.3193 7.24736 11.4
    endloop
  endfacet
  facet normal -0.242928 0.970044 0
    outer loop
      vertex 92.2146 7.22114 11.4
      vertex 92.3193 7.24736 3.3
      vertex 92.2146 7.22114 3.3
    endloop
  endfacet
  facet normal 0.0491058 -0.998794 0
    outer loop
      vertex 91.8922 9.3947 3.3
      vertex 92 9.4 11.4
      vertex 91.8922 9.3947 11.4
    endloop
  endfacet
  facet normal 0.0491058 -0.998794 0
    outer loop
      vertex 92 9.4 11.4
      vertex 91.8922 9.3947 3.3
      vertex 92 9.4 3.3
    endloop
  endfacet
  facet normal 0.595752 -0.803168 0
    outer loop
      vertex 91.3022 9.15031 3.3
      vertex 91.3889 9.21462 11.4
      vertex 91.3022 9.15031 11.4
    endloop
  endfacet
  facet normal 0.595752 -0.803168 0
    outer loop
      vertex 91.3889 9.21462 11.4
      vertex 91.3022 9.15031 3.3
      vertex 91.3889 9.21462 3.3
    endloop
  endfacet
  facet normal 0.989229 0.146374 0
    outer loop
      vertex 90.9211 8.0854 11.4
      vertex 90.9053 8.19218 3.3
      vertex 90.9053 8.19218 11.4
    endloop
  endfacet
  facet normal 0.989229 0.146374 0
    outer loop
      vertex 90.9053 8.19218 3.3
      vertex 90.9211 8.0854 11.4
      vertex 90.9211 8.0854 3.3
    endloop
  endfacet
  facet normal 0.740945 -0.671566 0
    outer loop
      vertex 91.1497 8.99783 11.4
      vertex 91.2222 9.07782 3.3
      vertex 91.2222 9.07782 11.4
    endloop
  endfacet
  facet normal 0.740945 -0.671566 0
    outer loop
      vertex 91.2222 9.07782 3.3
      vertex 91.1497 8.99783 11.4
      vertex 91.1497 8.99783 3.3
    endloop
  endfacet
  facet normal 0.242928 0.970044 -0
    outer loop
      vertex 91.7854 7.22114 3.3
      vertex 91.6807 7.24736 11.4
      vertex 91.7854 7.22114 11.4
    endloop
  endfacet
  facet normal 0.242928 0.970044 0
    outer loop
      vertex 91.6807 7.24736 11.4
      vertex 91.7854 7.22114 3.3
      vertex 91.6807 7.24736 3.3
    endloop
  endfacet
  facet normal -0.427903 0.903825 0
    outer loop
      vertex 92.5185 7.32989 3.3
      vertex 92.421 7.28373 11.4
      vertex 92.5185 7.32989 11.4
    endloop
  endfacet
  facet normal -0.427903 0.903825 0
    outer loop
      vertex 92.421 7.28373 11.4
      vertex 92.5185 7.32989 3.3
      vertex 92.421 7.28373 3.3
    endloop
  endfacet
  facet normal 0.595752 0.803168 -0
    outer loop
      vertex 91.3889 7.38538 3.3
      vertex 91.3022 7.44969 11.4
      vertex 91.3889 7.38538 11.4
    endloop
  endfacet
  facet normal 0.595752 0.803168 0
    outer loop
      vertex 91.3022 7.44969 11.4
      vertex 91.3889 7.38538 3.3
      vertex 91.3022 7.44969 3.3
    endloop
  endfacet
  facet normal -0.14671 0.98918 0
    outer loop
      vertex 92.2146 7.22114 3.3
      vertex 92.1078 7.2053 11.4
      vertex 92.2146 7.22114 11.4
    endloop
  endfacet
  facet normal -0.14671 0.98918 0
    outer loop
      vertex 92.1078 7.2053 11.4
      vertex 92.2146 7.22114 3.3
      vertex 92.1078 7.2053 3.3
    endloop
  endfacet
  facet normal 0.14671 -0.98918 0
    outer loop
      vertex 91.7854 9.37886 3.3
      vertex 91.8922 9.3947 11.4
      vertex 91.7854 9.37886 11.4
    endloop
  endfacet
  facet normal 0.14671 -0.98918 0
    outer loop
      vertex 91.8922 9.3947 11.4
      vertex 91.7854 9.37886 3.3
      vertex 91.8922 9.3947 3.3
    endloop
  endfacet
  facet normal 0.989229 -0.146374 0
    outer loop
      vertex 90.9053 8.40782 11.4
      vertex 90.9211 8.5146 3.3
      vertex 90.9211 8.5146 11.4
    endloop
  endfacet
  facet normal 0.989229 -0.146374 0
    outer loop
      vertex 90.9211 8.5146 3.3
      vertex 90.9053 8.40782 11.4
      vertex 90.9053 8.40782 3.3
    endloop
  endfacet
  facet normal -0.903834 0.427883 0
    outer loop
      vertex 92.9701 7.78146 3.3
      vertex 93.0163 7.87905 11.4
      vertex 93.0163 7.87905 3.3
    endloop
  endfacet
  facet normal -0.903834 0.427883 0
    outer loop
      vertex 93.0163 7.87905 11.4
      vertex 92.9701 7.78146 3.3
      vertex 92.9701 7.78146 11.4
    endloop
  endfacet
  facet normal 0.671469 0.741033 -0
    outer loop
      vertex 91.3022 7.44969 3.3
      vertex 91.2222 7.52218 11.4
      vertex 91.3022 7.44969 11.4
    endloop
  endfacet
  facet normal 0.671469 0.741033 0
    outer loop
      vertex 91.2222 7.52218 11.4
      vertex 91.3022 7.44969 3.3
      vertex 91.2222 7.52218 3.3
    endloop
  endfacet
  facet normal -0.740945 -0.671566 0
    outer loop
      vertex 92.8503 8.99783 3.3
      vertex 92.7778 9.07782 11.4
      vertex 92.7778 9.07782 3.3
    endloop
  endfacet
  facet normal -0.740945 -0.671566 0
    outer loop
      vertex 92.7778 9.07782 11.4
      vertex 92.8503 8.99783 3.3
      vertex 92.8503 8.99783 11.4
    endloop
  endfacet
  facet normal 0.243015 -0.970022 0
    outer loop
      vertex 91.6807 9.35263 3.3
      vertex 91.7854 9.37886 11.4
      vertex 91.6807 9.35263 11.4
    endloop
  endfacet
  facet normal 0.243015 -0.970022 0
    outer loop
      vertex 91.7854 9.37886 11.4
      vertex 91.6807 9.35263 3.3
      vertex 91.7854 9.37886 3.3
    endloop
  endfacet
  facet normal -0.427903 -0.903825 0
    outer loop
      vertex 92.421 9.31627 3.3
      vertex 92.5185 9.27011 11.4
      vertex 92.421 9.31627 11.4
    endloop
  endfacet
  facet normal -0.427903 -0.903825 -0
    outer loop
      vertex 92.5185 9.27011 11.4
      vertex 92.421 9.31627 3.3
      vertex 92.5185 9.27011 3.3
    endloop
  endfacet
  facet normal -0.0491058 0.998794 0
    outer loop
      vertex 92.1078 7.2053 3.3
      vertex 92 7.2 11.4
      vertex 92.1078 7.2053 11.4
    endloop
  endfacet
  facet normal -0.0491058 0.998794 0
    outer loop
      vertex 92 7.2 11.4
      vertex 92.1078 7.2053 3.3
      vertex 92 7.2 3.3
    endloop
  endfacet
  facet normal 0.14671 0.98918 -0
    outer loop
      vertex 91.8922 7.2053 3.3
      vertex 91.7854 7.22114 11.4
      vertex 91.8922 7.2053 11.4
    endloop
  endfacet
  facet normal 0.14671 0.98918 0
    outer loop
      vertex 91.7854 7.22114 11.4
      vertex 91.8922 7.2053 3.3
      vertex 91.7854 7.22114 3.3
    endloop
  endfacet
  facet normal 0.903834 -0.427883 0
    outer loop
      vertex 90.9837 8.72095 11.4
      vertex 91.0299 8.81854 3.3
      vertex 91.0299 8.81854 11.4
    endloop
  endfacet
  facet normal 0.903834 -0.427883 0
    outer loop
      vertex 91.0299 8.81854 3.3
      vertex 90.9837 8.72095 11.4
      vertex 90.9837 8.72095 3.3
    endloop
  endfacet
  facet normal -0.803212 -0.595693 0
    outer loop
      vertex 92.9146 8.91113 3.3
      vertex 92.8503 8.99783 11.4
      vertex 92.8503 8.99783 3.3
    endloop
  endfacet
  facet normal -0.803212 -0.595693 0
    outer loop
      vertex 92.8503 8.99783 11.4
      vertex 92.9146 8.91113 3.3
      vertex 92.9146 8.91113 11.4
    endloop
  endfacet
  facet normal 0.803212 0.595693 0
    outer loop
      vertex 91.1497 7.60217 11.4
      vertex 91.0854 7.68887 3.3
      vertex 91.0854 7.68887 11.4
    endloop
  endfacet
  facet normal 0.803212 0.595693 0
    outer loop
      vertex 91.0854 7.68887 3.3
      vertex 91.1497 7.60217 11.4
      vertex 91.1497 7.60217 3.3
    endloop
  endfacet
  facet normal 0.740945 0.671566 0
    outer loop
      vertex 91.2222 7.52218 11.4
      vertex 91.1497 7.60217 3.3
      vertex 91.1497 7.60217 11.4
    endloop
  endfacet
  facet normal 0.740945 0.671566 0
    outer loop
      vertex 91.1497 7.60217 3.3
      vertex 91.2222 7.52218 11.4
      vertex 91.2222 7.52218 3.3
    endloop
  endfacet
  facet normal 0.336735 0.941599 -0
    outer loop
      vertex 91.6807 7.24736 3.3
      vertex 91.579 7.28373 11.4
      vertex 91.6807 7.24736 11.4
    endloop
  endfacet
  facet normal 0.336735 0.941599 0
    outer loop
      vertex 91.579 7.28373 11.4
      vertex 91.6807 7.24736 3.3
      vertex 91.579 7.28373 3.3
    endloop
  endfacet
  facet normal 0.998794 -0.0490967 0
    outer loop
      vertex 90.9 8.3 11.4
      vertex 90.9053 8.40782 3.3
      vertex 90.9053 8.40782 11.4
    endloop
  endfacet
  facet normal 0.998794 -0.0490967 0
    outer loop
      vertex 90.9053 8.40782 3.3
      vertex 90.9 8.3 11.4
      vertex 90.9 8.3 3.3
    endloop
  endfacet
  facet normal -0.336735 0.941599 0
    outer loop
      vertex 92.421 7.28373 3.3
      vertex 92.3193 7.24736 11.4
      vertex 92.421 7.28373 11.4
    endloop
  endfacet
  facet normal -0.336735 0.941599 0
    outer loop
      vertex 92.3193 7.24736 11.4
      vertex 92.421 7.28373 3.3
      vertex 92.3193 7.24736 3.3
    endloop
  endfacet
  facet normal -0.969875 0.243603 0
    outer loop
      vertex 93.0526 7.98069 3.3
      vertex 93.0789 8.0854 11.4
      vertex 93.0789 8.0854 3.3
    endloop
  endfacet
  facet normal -0.969875 0.243603 0
    outer loop
      vertex 93.0789 8.0854 11.4
      vertex 93.0526 7.98069 3.3
      vertex 93.0526 7.98069 11.4
    endloop
  endfacet
  facet normal -0.941742 0.336336 0
    outer loop
      vertex 93.0163 7.87905 3.3
      vertex 93.0526 7.98069 11.4
      vertex 93.0526 7.98069 3.3
    endloop
  endfacet
  facet normal -0.941742 0.336336 0
    outer loop
      vertex 93.0526 7.98069 11.4
      vertex 93.0163 7.87905 3.3
      vertex 93.0163 7.87905 11.4
    endloop
  endfacet
  facet normal -0.0491058 -0.998794 0
    outer loop
      vertex 92 9.4 3.3
      vertex 92.1078 9.3947 11.4
      vertex 92 9.4 11.4
    endloop
  endfacet
  facet normal -0.0491058 -0.998794 -0
    outer loop
      vertex 92.1078 9.3947 11.4
      vertex 92 9.4 3.3
      vertex 92.1078 9.3947 3.3
    endloop
  endfacet
  facet normal -0.740945 0.671566 0
    outer loop
      vertex 92.7778 7.52218 3.3
      vertex 92.8503 7.60217 11.4
      vertex 92.8503 7.60217 3.3
    endloop
  endfacet
  facet normal -0.740945 0.671566 0
    outer loop
      vertex 92.8503 7.60217 11.4
      vertex 92.7778 7.52218 3.3
      vertex 92.7778 7.52218 11.4
    endloop
  endfacet
  facet normal -0.514019 -0.857779 0
    outer loop
      vertex 92.5185 9.27011 3.3
      vertex 92.6111 9.21462 11.4
      vertex 92.5185 9.27011 11.4
    endloop
  endfacet
  facet normal -0.514019 -0.857779 -0
    outer loop
      vertex 92.6111 9.21462 11.4
      vertex 92.5185 9.27011 3.3
      vertex 92.6111 9.21462 3.3
    endloop
  endfacet
  facet normal -0.243015 -0.970022 0
    outer loop
      vertex 92.2146 9.37886 3.3
      vertex 92.3193 9.35263 11.4
      vertex 92.2146 9.37886 11.4
    endloop
  endfacet
  facet normal -0.243015 -0.970022 -0
    outer loop
      vertex 92.3193 9.35263 11.4
      vertex 92.2146 9.37886 3.3
      vertex 92.3193 9.35263 3.3
    endloop
  endfacet
  facet normal -0.941742 -0.336336 0
    outer loop
      vertex 93.0526 8.61931 3.3
      vertex 93.0163 8.72095 11.4
      vertex 93.0163 8.72095 3.3
    endloop
  endfacet
  facet normal -0.941742 -0.336336 0
    outer loop
      vertex 93.0163 8.72095 11.4
      vertex 93.0526 8.61931 3.3
      vertex 93.0526 8.61931 11.4
    endloop
  endfacet
  facet normal -0.595752 -0.803168 0
    outer loop
      vertex 92.6111 9.21462 3.3
      vertex 92.6978 9.15031 11.4
      vertex 92.6111 9.21462 11.4
    endloop
  endfacet
  facet normal -0.595752 -0.803168 -0
    outer loop
      vertex 92.6978 9.15031 11.4
      vertex 92.6111 9.21462 3.3
      vertex 92.6978 9.15031 3.3
    endloop
  endfacet
  facet normal -0.671469 0.741033 0
    outer loop
      vertex 92.7778 7.52218 3.3
      vertex 92.6978 7.44969 11.4
      vertex 92.7778 7.52218 11.4
    endloop
  endfacet
  facet normal -0.671469 0.741033 0
    outer loop
      vertex 92.6978 7.44969 11.4
      vertex 92.7778 7.52218 3.3
      vertex 92.6978 7.44969 3.3
    endloop
  endfacet
  facet normal 0.969875 0.243603 0
    outer loop
      vertex 90.9474 7.98069 11.4
      vertex 90.9211 8.0854 3.3
      vertex 90.9211 8.0854 11.4
    endloop
  endfacet
  facet normal 0.969875 0.243603 0
    outer loop
      vertex 90.9211 8.0854 3.3
      vertex 90.9474 7.98069 11.4
      vertex 90.9474 7.98069 3.3
    endloop
  endfacet
  facet normal -0.903834 -0.427883 0
    outer loop
      vertex 93.0163 8.72095 3.3
      vertex 92.9701 8.81854 11.4
      vertex 92.9701 8.81854 3.3
    endloop
  endfacet
  facet normal -0.903834 -0.427883 0
    outer loop
      vertex 92.9701 8.81854 11.4
      vertex 93.0163 8.72095 3.3
      vertex 93.0163 8.72095 11.4
    endloop
  endfacet
  facet normal -0.989229 0.146374 0
    outer loop
      vertex 93.0789 8.0854 3.3
      vertex 93.0947 8.19218 11.4
      vertex 93.0947 8.19218 3.3
    endloop
  endfacet
  facet normal -0.989229 0.146374 0
    outer loop
      vertex 93.0947 8.19218 11.4
      vertex 93.0789 8.0854 3.3
      vertex 93.0789 8.0854 11.4
    endloop
  endfacet
  facet normal -0.857714 -0.514128 0
    outer loop
      vertex 92.9701 8.81854 3.3
      vertex 92.9146 8.91113 11.4
      vertex 92.9146 8.91113 3.3
    endloop
  endfacet
  facet normal -0.857714 -0.514128 0
    outer loop
      vertex 92.9146 8.91113 11.4
      vertex 92.9701 8.81854 3.3
      vertex 92.9701 8.81854 11.4
    endloop
  endfacet
  facet normal 0.336653 -0.941629 0
    outer loop
      vertex 91.579 9.31627 3.3
      vertex 91.6807 9.35263 11.4
      vertex 91.579 9.31627 11.4
    endloop
  endfacet
  facet normal 0.336653 -0.941629 0
    outer loop
      vertex 91.6807 9.35263 11.4
      vertex 91.579 9.31627 3.3
      vertex 91.6807 9.35263 3.3
    endloop
  endfacet
  facet normal -0.857714 0.514128 0
    outer loop
      vertex 92.9146 7.68887 3.3
      vertex 92.9701 7.78146 11.4
      vertex 92.9701 7.78146 3.3
    endloop
  endfacet
  facet normal -0.857714 0.514128 0
    outer loop
      vertex 92.9701 7.78146 11.4
      vertex 92.9146 7.68887 3.3
      vertex 92.9146 7.68887 11.4
    endloop
  endfacet
  facet normal -0.671469 -0.741033 0
    outer loop
      vertex 92.6978 9.15031 3.3
      vertex 92.7778 9.07782 11.4
      vertex 92.6978 9.15031 11.4
    endloop
  endfacet
  facet normal -0.671469 -0.741033 -0
    outer loop
      vertex 92.7778 9.07782 11.4
      vertex 92.6978 9.15031 3.3
      vertex 92.7778 9.07782 3.3
    endloop
  endfacet
  facet normal 0.671469 -0.741033 0
    outer loop
      vertex 91.2222 9.07782 3.3
      vertex 91.3022 9.15031 11.4
      vertex 91.2222 9.07782 11.4
    endloop
  endfacet
  facet normal 0.671469 -0.741033 0
    outer loop
      vertex 91.3022 9.15031 11.4
      vertex 91.2222 9.07782 3.3
      vertex 91.3022 9.15031 3.3
    endloop
  endfacet
  facet normal 0.0491058 0.998794 -0
    outer loop
      vertex 92 7.2 3.3
      vertex 91.8922 7.2053 11.4
      vertex 92 7.2 11.4
    endloop
  endfacet
  facet normal 0.0491058 0.998794 0
    outer loop
      vertex 91.8922 7.2053 11.4
      vertex 92 7.2 3.3
      vertex 91.8922 7.2053 3.3
    endloop
  endfacet
  facet normal -0.595752 0.803168 0
    outer loop
      vertex 92.6978 7.44969 3.3
      vertex 92.6111 7.38538 11.4
      vertex 92.6978 7.44969 11.4
    endloop
  endfacet
  facet normal -0.595752 0.803168 0
    outer loop
      vertex 92.6111 7.38538 11.4
      vertex 92.6978 7.44969 3.3
      vertex 92.6111 7.38538 3.3
    endloop
  endfacet
  facet normal 0.857714 -0.514128 0
    outer loop
      vertex 91.0299 8.81854 11.4
      vertex 91.0854 8.91113 3.3
      vertex 91.0854 8.91113 11.4
    endloop
  endfacet
  facet normal 0.857714 -0.514128 0
    outer loop
      vertex 91.0854 8.91113 3.3
      vertex 91.0299 8.81854 11.4
      vertex 91.0299 8.81854 3.3
    endloop
  endfacet
  facet normal 0.903834 0.427883 0
    outer loop
      vertex 91.0299 7.78146 11.4
      vertex 90.9837 7.87905 3.3
      vertex 90.9837 7.87905 11.4
    endloop
  endfacet
  facet normal 0.903834 0.427883 0
    outer loop
      vertex 90.9837 7.87905 3.3
      vertex 91.0299 7.78146 11.4
      vertex 91.0299 7.78146 3.3
    endloop
  endfacet
  facet normal 0.998794 0.0490967 0
    outer loop
      vertex 90.9053 8.19218 11.4
      vertex 90.9 8.3 3.3
      vertex 90.9 8.3 11.4
    endloop
  endfacet
  facet normal 0.998794 0.0490967 0
    outer loop
      vertex 90.9 8.3 3.3
      vertex 90.9053 8.19218 11.4
      vertex 90.9053 8.19218 3.3
    endloop
  endfacet
  facet normal -0.514019 0.857779 0
    outer loop
      vertex 92.6111 7.38538 3.3
      vertex 92.5185 7.32989 11.4
      vertex 92.6111 7.38538 11.4
    endloop
  endfacet
  facet normal -0.514019 0.857779 0
    outer loop
      vertex 92.5185 7.32989 11.4
      vertex 92.6111 7.38538 3.3
      vertex 92.5185 7.32989 3.3
    endloop
  endfacet
  facet normal -0.803212 0.595693 0
    outer loop
      vertex 92.8503 7.60217 3.3
      vertex 92.9146 7.68887 11.4
      vertex 92.9146 7.68887 3.3
    endloop
  endfacet
  facet normal -0.803212 0.595693 0
    outer loop
      vertex 92.9146 7.68887 11.4
      vertex 92.8503 7.60217 3.3
      vertex 92.8503 7.60217 11.4
    endloop
  endfacet
  facet normal 0.857714 0.514128 0
    outer loop
      vertex 91.0854 7.68887 11.4
      vertex 91.0299 7.78146 3.3
      vertex 91.0299 7.78146 11.4
    endloop
  endfacet
  facet normal 0.857714 0.514128 0
    outer loop
      vertex 91.0299 7.78146 3.3
      vertex 91.0854 7.68887 11.4
      vertex 91.0854 7.68887 3.3
    endloop
  endfacet
  facet normal 0.941742 0.336336 0
    outer loop
      vertex 90.9837 7.87905 11.4
      vertex 90.9474 7.98069 3.3
      vertex 90.9474 7.98069 11.4
    endloop
  endfacet
  facet normal 0.941742 0.336336 0
    outer loop
      vertex 90.9474 7.98069 3.3
      vertex 90.9837 7.87905 11.4
      vertex 90.9837 7.87905 3.3
    endloop
  endfacet
  facet normal 0.514019 0.857779 -0
    outer loop
      vertex 91.4815 7.32989 3.3
      vertex 91.3889 7.38538 11.4
      vertex 91.4815 7.32989 11.4
    endloop
  endfacet
  facet normal 0.514019 0.857779 0
    outer loop
      vertex 91.3889 7.38538 11.4
      vertex 91.4815 7.32989 3.3
      vertex 91.3889 7.38538 3.3
    endloop
  endfacet
  facet normal 0.803212 -0.595693 0
    outer loop
      vertex 91.0854 8.91113 11.4
      vertex 91.1497 8.99783 3.3
      vertex 91.1497 8.99783 11.4
    endloop
  endfacet
  facet normal 0.803212 -0.595693 0
    outer loop
      vertex 91.1497 8.99783 3.3
      vertex 91.0854 8.91113 11.4
      vertex 91.0854 8.91113 3.3
    endloop
  endfacet
  facet normal 0.427903 0.903825 -0
    outer loop
      vertex 91.579 7.28373 3.3
      vertex 91.4815 7.32989 11.4
      vertex 91.579 7.28373 11.4
    endloop
  endfacet
  facet normal 0.427903 0.903825 0
    outer loop
      vertex 91.4815 7.32989 11.4
      vertex 91.579 7.28373 3.3
      vertex 91.4815 7.32989 3.3
    endloop
  endfacet
  facet normal 0.941742 -0.336336 0
    outer loop
      vertex 90.9474 8.61931 11.4
      vertex 90.9837 8.72095 3.3
      vertex 90.9837 8.72095 11.4
    endloop
  endfacet
  facet normal 0.941742 -0.336336 0
    outer loop
      vertex 90.9837 8.72095 3.3
      vertex 90.9474 8.61931 11.4
      vertex 90.9474 8.61931 3.3
    endloop
  endfacet
  facet normal -0.988959 -0.148186 0
    outer loop
      vertex 121.095 8.40782 3.3
      vertex 121.079 8.5146 11.4
      vertex 121.079 8.5146 3.3
    endloop
  endfacet
  facet normal -0.988959 -0.148186 0
    outer loop
      vertex 121.079 8.5146 11.4
      vertex 121.095 8.40782 3.3
      vertex 121.095 8.40782 11.4
    endloop
  endfacet
  facet normal -0.998926 -0.0463238 0
    outer loop
      vertex 121.1 8.3 3.3
      vertex 121.095 8.40782 11.4
      vertex 121.095 8.40782 3.3
    endloop
  endfacet
  facet normal -0.998926 -0.0463238 0
    outer loop
      vertex 121.095 8.40782 11.4
      vertex 121.1 8.3 3.3
      vertex 121.1 8.3 11.4
    endloop
  endfacet
  facet normal -0.970528 -0.240987 0
    outer loop
      vertex 121.079 8.5146 3.3
      vertex 121.053 8.61931 11.4
      vertex 121.053 8.61931 3.3
    endloop
  endfacet
  facet normal -0.970528 -0.240987 0
    outer loop
      vertex 121.053 8.61931 11.4
      vertex 121.079 8.5146 3.3
      vertex 121.079 8.5146 11.4
    endloop
  endfacet
  facet normal 0.970528 -0.240987 0
    outer loop
      vertex 118.921 8.5146 11.4
      vertex 118.947 8.61931 3.3
      vertex 118.947 8.61931 11.4
    endloop
  endfacet
  facet normal 0.970528 -0.240987 0
    outer loop
      vertex 118.947 8.61931 3.3
      vertex 118.921 8.5146 11.4
      vertex 118.921 8.5146 3.3
    endloop
  endfacet
  facet normal 0.426117 -0.904668 0
    outer loop
      vertex 119.481 9.27011 3.3
      vertex 119.579 9.31627 11.4
      vertex 119.481 9.27011 11.4
    endloop
  endfacet
  facet normal 0.426117 -0.904668 0
    outer loop
      vertex 119.579 9.31627 11.4
      vertex 119.481 9.27011 3.3
      vertex 119.579 9.31627 3.3
    endloop
  endfacet
  facet normal -0.335775 -0.941942 0
    outer loop
      vertex 120.319 9.35263 3.3
      vertex 120.421 9.31627 11.4
      vertex 120.319 9.35263 11.4
    endloop
  endfacet
  facet normal -0.335775 -0.941942 -0
    outer loop
      vertex 120.421 9.31627 11.4
      vertex 120.319 9.35263 3.3
      vertex 120.421 9.31627 3.3
    endloop
  endfacet
  facet normal -0.146441 -0.989219 0
    outer loop
      vertex 120.108 9.3947 3.3
      vertex 120.215 9.37886 11.4
      vertex 120.108 9.3947 11.4
    endloop
  endfacet
  facet normal -0.146441 -0.989219 -0
    outer loop
      vertex 120.215 9.37886 11.4
      vertex 120.108 9.3947 3.3
      vertex 120.215 9.37886 3.3
    endloop
  endfacet
  facet normal 0.516479 -0.8563 0
    outer loop
      vertex 119.389 9.21462 3.3
      vertex 119.481 9.27011 11.4
      vertex 119.389 9.21462 11.4
    endloop
  endfacet
  facet normal 0.516479 -0.8563 0
    outer loop
      vertex 119.481 9.27011 11.4
      vertex 119.389 9.21462 3.3
      vertex 119.481 9.27011 3.3
    endloop
  endfacet
  facet normal -0.998926 0.0463238 0
    outer loop
      vertex 121.095 8.19218 3.3
      vertex 121.1 8.3 11.4
      vertex 121.1 8.3 3.3
    endloop
  endfacet
  facet normal -0.998926 0.0463238 0
    outer loop
      vertex 121.1 8.3 11.4
      vertex 121.095 8.19218 3.3
      vertex 121.095 8.19218 11.4
    endloop
  endfacet
  facet normal -0.244466 0.969658 0
    outer loop
      vertex 120.319 7.24736 3.3
      vertex 120.215 7.22114 11.4
      vertex 120.319 7.24736 11.4
    endloop
  endfacet
  facet normal -0.244466 0.969658 0
    outer loop
      vertex 120.215 7.22114 11.4
      vertex 120.319 7.24736 3.3
      vertex 120.215 7.22114 3.3
    endloop
  endfacet
  facet normal 0.0490151 -0.998798 0
    outer loop
      vertex 119.892 9.3947 3.3
      vertex 120 9.4 11.4
      vertex 119.892 9.3947 11.4
    endloop
  endfacet
  facet normal 0.0490151 -0.998798 0
    outer loop
      vertex 120 9.4 11.4
      vertex 119.892 9.3947 3.3
      vertex 120 9.4 3.3
    endloop
  endfacet
  facet normal 0.594425 -0.804151 0
    outer loop
      vertex 119.302 9.15031 3.3
      vertex 119.389 9.21462 11.4
      vertex 119.302 9.15031 11.4
    endloop
  endfacet
  facet normal 0.594425 -0.804151 0
    outer loop
      vertex 119.389 9.21462 11.4
      vertex 119.302 9.15031 3.3
      vertex 119.389 9.21462 3.3
    endloop
  endfacet
  facet normal 0.988959 0.148186 0
    outer loop
      vertex 118.921 8.0854 11.4
      vertex 118.905 8.19218 3.3
      vertex 118.905 8.19218 11.4
    endloop
  endfacet
  facet normal 0.988959 0.148186 0
    outer loop
      vertex 118.905 8.19218 3.3
      vertex 118.921 8.0854 11.4
      vertex 118.921 8.0854 3.3
    endloop
  endfacet
  facet normal 0.743253 -0.669011 0
    outer loop
      vertex 119.15 8.99783 11.4
      vertex 119.222 9.07782 3.3
      vertex 119.222 9.07782 11.4
    endloop
  endfacet
  facet normal 0.743253 -0.669011 0
    outer loop
      vertex 119.222 9.07782 3.3
      vertex 119.15 8.99783 11.4
      vertex 119.15 8.99783 3.3
    endloop
  endfacet
  facet normal 0.244466 0.969658 -0
    outer loop
      vertex 119.785 7.22114 3.3
      vertex 119.681 7.24736 11.4
      vertex 119.785 7.22114 11.4
    endloop
  endfacet
  facet normal 0.244466 0.969658 0
    outer loop
      vertex 119.681 7.24736 11.4
      vertex 119.785 7.22114 3.3
      vertex 119.681 7.24736 3.3
    endloop
  endfacet
  facet normal -0.426117 0.904668 0
    outer loop
      vertex 120.519 7.32989 3.3
      vertex 120.421 7.28373 11.4
      vertex 120.519 7.32989 11.4
    endloop
  endfacet
  facet normal -0.426117 0.904668 0
    outer loop
      vertex 120.421 7.28373 11.4
      vertex 120.519 7.32989 3.3
      vertex 120.421 7.28373 3.3
    endloop
  endfacet
  facet normal 0.594425 0.804151 -0
    outer loop
      vertex 119.389 7.38538 3.3
      vertex 119.302 7.44969 11.4
      vertex 119.389 7.38538 11.4
    endloop
  endfacet
  facet normal 0.594425 0.804151 0
    outer loop
      vertex 119.302 7.44969 11.4
      vertex 119.389 7.38538 3.3
      vertex 119.302 7.44969 3.3
    endloop
  endfacet
  facet normal -0.146441 0.989219 0
    outer loop
      vertex 120.215 7.22114 3.3
      vertex 120.108 7.2053 11.4
      vertex 120.215 7.22114 11.4
    endloop
  endfacet
  facet normal -0.146441 0.989219 0
    outer loop
      vertex 120.108 7.2053 11.4
      vertex 120.215 7.22114 3.3
      vertex 120.108 7.2053 3.3
    endloop
  endfacet
  facet normal 0.146441 -0.989219 0
    outer loop
      vertex 119.785 9.37886 3.3
      vertex 119.892 9.3947 11.4
      vertex 119.785 9.37886 11.4
    endloop
  endfacet
  facet normal 0.146441 -0.989219 0
    outer loop
      vertex 119.892 9.3947 11.4
      vertex 119.785 9.37886 3.3
      vertex 119.892 9.3947 3.3
    endloop
  endfacet
  facet normal 0.988959 -0.148186 0
    outer loop
      vertex 118.905 8.40782 11.4
      vertex 118.921 8.5146 3.3
      vertex 118.921 8.5146 11.4
    endloop
  endfacet
  facet normal 0.988959 -0.148186 0
    outer loop
      vertex 118.921 8.5146 3.3
      vertex 118.905 8.40782 11.4
      vertex 118.905 8.40782 3.3
    endloop
  endfacet
  facet normal -0.90455 0.426368 0
    outer loop
      vertex 120.97 7.78146 3.3
      vertex 121.016 7.87905 11.4
      vertex 121.016 7.87905 3.3
    endloop
  endfacet
  facet normal -0.90455 0.426368 0
    outer loop
      vertex 121.016 7.87905 11.4
      vertex 120.97 7.78146 3.3
      vertex 120.97 7.78146 11.4
    endloop
  endfacet
  facet normal 0.671469 0.741033 -0
    outer loop
      vertex 119.302 7.44969 3.3
      vertex 119.222 7.52218 11.4
      vertex 119.302 7.44969 11.4
    endloop
  endfacet
  facet normal 0.671469 0.741033 0
    outer loop
      vertex 119.222 7.52218 11.4
      vertex 119.302 7.44969 3.3
      vertex 119.222 7.52218 3.3
    endloop
  endfacet
  facet normal -0.743253 -0.669011 0
    outer loop
      vertex 120.85 8.99783 3.3
      vertex 120.778 9.07782 11.4
      vertex 120.778 9.07782 3.3
    endloop
  endfacet
  facet normal -0.743253 -0.669011 0
    outer loop
      vertex 120.778 9.07782 11.4
      vertex 120.85 8.99783 3.3
      vertex 120.85 8.99783 11.4
    endloop
  endfacet
  facet normal 0.244553 -0.969636 0
    outer loop
      vertex 119.681 9.35263 3.3
      vertex 119.785 9.37886 11.4
      vertex 119.681 9.35263 11.4
    endloop
  endfacet
  facet normal 0.244553 -0.969636 0
    outer loop
      vertex 119.785 9.37886 11.4
      vertex 119.681 9.35263 3.3
      vertex 119.785 9.37886 3.3
    endloop
  endfacet
  facet normal -0.426117 -0.904668 0
    outer loop
      vertex 120.421 9.31627 3.3
      vertex 120.519 9.27011 11.4
      vertex 120.421 9.31627 11.4
    endloop
  endfacet
  facet normal -0.426117 -0.904668 -0
    outer loop
      vertex 120.519 9.27011 11.4
      vertex 120.421 9.31627 3.3
      vertex 120.519 9.27011 3.3
    endloop
  endfacet
  facet normal -0.0490151 0.998798 0
    outer loop
      vertex 120.108 7.2053 3.3
      vertex 120 7.2 11.4
      vertex 120.108 7.2053 11.4
    endloop
  endfacet
  facet normal -0.0490151 0.998798 0
    outer loop
      vertex 120 7.2 11.4
      vertex 120.108 7.2053 3.3
      vertex 120 7.2 3.3
    endloop
  endfacet
  facet normal 0.146441 0.989219 -0
    outer loop
      vertex 119.892 7.2053 3.3
      vertex 119.785 7.22114 11.4
      vertex 119.892 7.2053 11.4
    endloop
  endfacet
  facet normal 0.146441 0.989219 0
    outer loop
      vertex 119.785 7.22114 11.4
      vertex 119.892 7.2053 3.3
      vertex 119.785 7.22114 3.3
    endloop
  endfacet
  facet normal 0.90455 -0.426368 0
    outer loop
      vertex 118.984 8.72095 11.4
      vertex 119.03 8.81854 3.3
      vertex 119.03 8.81854 11.4
    endloop
  endfacet
  facet normal 0.90455 -0.426368 0
    outer loop
      vertex 119.03 8.81854 3.3
      vertex 118.984 8.72095 11.4
      vertex 118.984 8.72095 3.3
    endloop
  endfacet
  facet normal -0.800111 -0.599852 0
    outer loop
      vertex 120.915 8.91113 3.3
      vertex 120.85 8.99783 11.4
      vertex 120.85 8.99783 3.3
    endloop
  endfacet
  facet normal -0.800111 -0.599852 0
    outer loop
      vertex 120.85 8.99783 11.4
      vertex 120.915 8.91113 3.3
      vertex 120.915 8.91113 11.4
    endloop
  endfacet
  facet normal 0.800111 0.599852 0
    outer loop
      vertex 119.15 7.60217 11.4
      vertex 119.085 7.68887 3.3
      vertex 119.085 7.68887 11.4
    endloop
  endfacet
  facet normal 0.800111 0.599852 0
    outer loop
      vertex 119.085 7.68887 3.3
      vertex 119.15 7.60217 11.4
      vertex 119.15 7.60217 3.3
    endloop
  endfacet
  facet normal 0.743253 0.669011 0
    outer loop
      vertex 119.222 7.52218 11.4
      vertex 119.15 7.60217 3.3
      vertex 119.15 7.60217 11.4
    endloop
  endfacet
  facet normal 0.743253 0.669011 0
    outer loop
      vertex 119.15 7.60217 3.3
      vertex 119.222 7.52218 11.4
      vertex 119.222 7.52218 3.3
    endloop
  endfacet
  facet normal 0.335857 0.941913 -0
    outer loop
      vertex 119.681 7.24736 3.3
      vertex 119.579 7.28373 11.4
      vertex 119.681 7.24736 11.4
    endloop
  endfacet
  facet normal 0.335857 0.941913 0
    outer loop
      vertex 119.579 7.28373 11.4
      vertex 119.681 7.24736 3.3
      vertex 119.579 7.28373 3.3
    endloop
  endfacet
  facet normal 0.998926 -0.0463238 0
    outer loop
      vertex 118.9 8.3 11.4
      vertex 118.905 8.40782 3.3
      vertex 118.905 8.40782 11.4
    endloop
  endfacet
  facet normal 0.998926 -0.0463238 0
    outer loop
      vertex 118.905 8.40782 3.3
      vertex 118.9 8.3 11.4
      vertex 118.9 8.3 3.3
    endloop
  endfacet
  facet normal -0.335857 0.941913 0
    outer loop
      vertex 120.421 7.28373 3.3
      vertex 120.319 7.24736 11.4
      vertex 120.421 7.28373 11.4
    endloop
  endfacet
  facet normal -0.335857 0.941913 0
    outer loop
      vertex 120.319 7.24736 11.4
      vertex 120.421 7.28373 3.3
      vertex 120.319 7.24736 3.3
    endloop
  endfacet
  facet normal -0.970528 0.240987 0
    outer loop
      vertex 121.053 7.98069 3.3
      vertex 121.079 8.0854 11.4
      vertex 121.079 8.0854 3.3
    endloop
  endfacet
  facet normal -0.970528 0.240987 0
    outer loop
      vertex 121.079 8.0854 11.4
      vertex 121.053 7.98069 3.3
      vertex 121.053 7.98069 11.4
    endloop
  endfacet
  facet normal -0.939675 0.34207 0
    outer loop
      vertex 121.016 7.87905 3.3
      vertex 121.053 7.98069 11.4
      vertex 121.053 7.98069 3.3
    endloop
  endfacet
  facet normal -0.939675 0.34207 0
    outer loop
      vertex 121.053 7.98069 11.4
      vertex 121.016 7.87905 3.3
      vertex 121.016 7.87905 11.4
    endloop
  endfacet
  facet normal -0.0490151 -0.998798 0
    outer loop
      vertex 120 9.4 3.3
      vertex 120.108 9.3947 11.4
      vertex 120 9.4 11.4
    endloop
  endfacet
  facet normal -0.0490151 -0.998798 -0
    outer loop
      vertex 120.108 9.3947 11.4
      vertex 120 9.4 3.3
      vertex 120.108 9.3947 3.3
    endloop
  endfacet
  facet normal -0.516479 -0.8563 0
    outer loop
      vertex 120.519 9.27011 3.3
      vertex 120.611 9.21462 11.4
      vertex 120.519 9.27011 11.4
    endloop
  endfacet
  facet normal -0.516479 -0.8563 -0
    outer loop
      vertex 120.611 9.21462 11.4
      vertex 120.519 9.27011 3.3
      vertex 120.611 9.21462 3.3
    endloop
  endfacet
  facet normal -0.244553 -0.969636 0
    outer loop
      vertex 120.215 9.37886 3.3
      vertex 120.319 9.35263 11.4
      vertex 120.215 9.37886 11.4
    endloop
  endfacet
  facet normal -0.244553 -0.969636 -0
    outer loop
      vertex 120.319 9.35263 11.4
      vertex 120.215 9.37886 3.3
      vertex 120.319 9.35263 3.3
    endloop
  endfacet
  facet normal -0.939675 -0.34207 0
    outer loop
      vertex 121.053 8.61931 3.3
      vertex 121.016 8.72095 11.4
      vertex 121.016 8.72095 3.3
    endloop
  endfacet
  facet normal -0.939675 -0.34207 0
    outer loop
      vertex 121.016 8.72095 11.4
      vertex 121.053 8.61931 3.3
      vertex 121.053 8.61931 11.4
    endloop
  endfacet
  facet normal -0.594425 -0.804151 0
    outer loop
      vertex 120.611 9.21462 3.3
      vertex 120.698 9.15031 11.4
      vertex 120.611 9.21462 11.4
    endloop
  endfacet
  facet normal -0.594425 -0.804151 -0
    outer loop
      vertex 120.698 9.15031 11.4
      vertex 120.611 9.21462 3.3
      vertex 120.698 9.15031 3.3
    endloop
  endfacet
  facet normal -0.671469 0.741033 0
    outer loop
      vertex 120.778 7.52218 3.3
      vertex 120.698 7.44969 11.4
      vertex 120.778 7.52218 11.4
    endloop
  endfacet
  facet normal -0.671469 0.741033 0
    outer loop
      vertex 120.698 7.44969 11.4
      vertex 120.778 7.52218 3.3
      vertex 120.698 7.44969 3.3
    endloop
  endfacet
  facet normal 0.970528 0.240987 0
    outer loop
      vertex 118.947 7.98069 11.4
      vertex 118.921 8.0854 3.3
      vertex 118.921 8.0854 11.4
    endloop
  endfacet
  facet normal 0.970528 0.240987 0
    outer loop
      vertex 118.921 8.0854 3.3
      vertex 118.947 7.98069 11.4
      vertex 118.947 7.98069 3.3
    endloop
  endfacet
  facet normal -0.90455 -0.426368 0
    outer loop
      vertex 121.016 8.72095 3.3
      vertex 120.97 8.81854 11.4
      vertex 120.97 8.81854 3.3
    endloop
  endfacet
  facet normal -0.90455 -0.426368 0
    outer loop
      vertex 120.97 8.81854 11.4
      vertex 121.016 8.72095 3.3
      vertex 121.016 8.72095 11.4
    endloop
  endfacet
  facet normal -0.988959 0.148186 0
    outer loop
      vertex 121.079 8.0854 3.3
      vertex 121.095 8.19218 11.4
      vertex 121.095 8.19218 3.3
    endloop
  endfacet
  facet normal -0.988959 0.148186 0
    outer loop
      vertex 121.095 8.19218 11.4
      vertex 121.079 8.0854 3.3
      vertex 121.079 8.0854 11.4
    endloop
  endfacet
  facet normal -0.859754 -0.510708 0
    outer loop
      vertex 120.97 8.81854 3.3
      vertex 120.915 8.91113 11.4
      vertex 120.915 8.91113 3.3
    endloop
  endfacet
  facet normal -0.859754 -0.510708 0
    outer loop
      vertex 120.915 8.91113 11.4
      vertex 120.97 8.81854 3.3
      vertex 120.97 8.81854 11.4
    endloop
  endfacet
  facet normal 0.335775 -0.941942 0
    outer loop
      vertex 119.579 9.31627 3.3
      vertex 119.681 9.35263 11.4
      vertex 119.579 9.31627 11.4
    endloop
  endfacet
  facet normal 0.335775 -0.941942 0
    outer loop
      vertex 119.681 9.35263 11.4
      vertex 119.579 9.31627 3.3
      vertex 119.681 9.35263 3.3
    endloop
  endfacet
  facet normal -0.859754 0.510708 0
    outer loop
      vertex 120.915 7.68887 3.3
      vertex 120.97 7.78146 11.4
      vertex 120.97 7.78146 3.3
    endloop
  endfacet
  facet normal -0.859754 0.510708 0
    outer loop
      vertex 120.97 7.78146 11.4
      vertex 120.915 7.68887 3.3
      vertex 120.915 7.68887 11.4
    endloop
  endfacet
  facet normal -0.671469 -0.741033 0
    outer loop
      vertex 120.698 9.15031 3.3
      vertex 120.778 9.07782 11.4
      vertex 120.698 9.15031 11.4
    endloop
  endfacet
  facet normal -0.671469 -0.741033 -0
    outer loop
      vertex 120.778 9.07782 11.4
      vertex 120.698 9.15031 3.3
      vertex 120.778 9.07782 3.3
    endloop
  endfacet
  facet normal 0.671469 -0.741033 0
    outer loop
      vertex 119.222 9.07782 3.3
      vertex 119.302 9.15031 11.4
      vertex 119.222 9.07782 11.4
    endloop
  endfacet
  facet normal 0.671469 -0.741033 0
    outer loop
      vertex 119.302 9.15031 11.4
      vertex 119.222 9.07782 3.3
      vertex 119.302 9.15031 3.3
    endloop
  endfacet
  facet normal 0.0490151 0.998798 -0
    outer loop
      vertex 120 7.2 3.3
      vertex 119.892 7.2053 11.4
      vertex 120 7.2 11.4
    endloop
  endfacet
  facet normal 0.0490151 0.998798 0
    outer loop
      vertex 119.892 7.2053 11.4
      vertex 120 7.2 3.3
      vertex 119.892 7.2053 3.3
    endloop
  endfacet
  facet normal -0.594425 0.804151 0
    outer loop
      vertex 120.698 7.44969 3.3
      vertex 120.611 7.38538 11.4
      vertex 120.698 7.44969 11.4
    endloop
  endfacet
  facet normal -0.594425 0.804151 0
    outer loop
      vertex 120.611 7.38538 11.4
      vertex 120.698 7.44969 3.3
      vertex 120.611 7.38538 3.3
    endloop
  endfacet
  facet normal 0.859754 -0.510708 0
    outer loop
      vertex 119.03 8.81854 11.4
      vertex 119.085 8.91113 3.3
      vertex 119.085 8.91113 11.4
    endloop
  endfacet
  facet normal 0.859754 -0.510708 0
    outer loop
      vertex 119.085 8.91113 3.3
      vertex 119.03 8.81854 11.4
      vertex 119.03 8.81854 3.3
    endloop
  endfacet
  facet normal 0.90455 0.426368 0
    outer loop
      vertex 119.03 7.78146 11.4
      vertex 118.984 7.87905 3.3
      vertex 118.984 7.87905 11.4
    endloop
  endfacet
  facet normal 0.90455 0.426368 0
    outer loop
      vertex 118.984 7.87905 3.3
      vertex 119.03 7.78146 11.4
      vertex 119.03 7.78146 3.3
    endloop
  endfacet
  facet normal 0.998926 0.0463238 0
    outer loop
      vertex 118.905 8.19218 11.4
      vertex 118.9 8.3 3.3
      vertex 118.9 8.3 11.4
    endloop
  endfacet
  facet normal 0.998926 0.0463238 0
    outer loop
      vertex 118.9 8.3 3.3
      vertex 118.905 8.19218 11.4
      vertex 118.905 8.19218 3.3
    endloop
  endfacet
  facet normal -0.516479 0.8563 0
    outer loop
      vertex 120.611 7.38538 3.3
      vertex 120.519 7.32989 11.4
      vertex 120.611 7.38538 11.4
    endloop
  endfacet
  facet normal -0.516479 0.8563 0
    outer loop
      vertex 120.519 7.32989 11.4
      vertex 120.611 7.38538 3.3
      vertex 120.519 7.32989 3.3
    endloop
  endfacet
  facet normal -0.800111 0.599852 0
    outer loop
      vertex 120.85 7.60217 3.3
      vertex 120.915 7.68887 11.4
      vertex 120.915 7.68887 3.3
    endloop
  endfacet
  facet normal -0.800111 0.599852 0
    outer loop
      vertex 120.915 7.68887 11.4
      vertex 120.85 7.60217 3.3
      vertex 120.85 7.60217 11.4
    endloop
  endfacet
  facet normal 0.859754 0.510708 0
    outer loop
      vertex 119.085 7.68887 11.4
      vertex 119.03 7.78146 3.3
      vertex 119.03 7.78146 11.4
    endloop
  endfacet
  facet normal 0.859754 0.510708 0
    outer loop
      vertex 119.03 7.78146 3.3
      vertex 119.085 7.68887 11.4
      vertex 119.085 7.68887 3.3
    endloop
  endfacet
  facet normal 0.939675 0.34207 0
    outer loop
      vertex 118.984 7.87905 11.4
      vertex 118.947 7.98069 3.3
      vertex 118.947 7.98069 11.4
    endloop
  endfacet
  facet normal 0.939675 0.34207 0
    outer loop
      vertex 118.947 7.98069 3.3
      vertex 118.984 7.87905 11.4
      vertex 118.984 7.87905 3.3
    endloop
  endfacet
  facet normal -0.743253 0.669011 0
    outer loop
      vertex 120.778 7.52218 3.3
      vertex 120.85 7.60217 11.4
      vertex 120.85 7.60217 3.3
    endloop
  endfacet
  facet normal -0.743253 0.669011 0
    outer loop
      vertex 120.85 7.60217 11.4
      vertex 120.778 7.52218 3.3
      vertex 120.778 7.52218 11.4
    endloop
  endfacet
  facet normal 0.516479 0.8563 -0
    outer loop
      vertex 119.481 7.32989 3.3
      vertex 119.389 7.38538 11.4
      vertex 119.481 7.32989 11.4
    endloop
  endfacet
  facet normal 0.516479 0.8563 0
    outer loop
      vertex 119.389 7.38538 11.4
      vertex 119.481 7.32989 3.3
      vertex 119.389 7.38538 3.3
    endloop
  endfacet
  facet normal 0.800111 -0.599852 0
    outer loop
      vertex 119.085 8.91113 11.4
      vertex 119.15 8.99783 3.3
      vertex 119.15 8.99783 11.4
    endloop
  endfacet
  facet normal 0.800111 -0.599852 0
    outer loop
      vertex 119.15 8.99783 3.3
      vertex 119.085 8.91113 11.4
      vertex 119.085 8.91113 3.3
    endloop
  endfacet
  facet normal 0.426117 0.904668 -0
    outer loop
      vertex 119.579 7.28373 3.3
      vertex 119.481 7.32989 11.4
      vertex 119.579 7.28373 11.4
    endloop
  endfacet
  facet normal 0.426117 0.904668 0
    outer loop
      vertex 119.481 7.32989 11.4
      vertex 119.579 7.28373 3.3
      vertex 119.481 7.32989 3.3
    endloop
  endfacet
  facet normal 0.939675 -0.34207 0
    outer loop
      vertex 118.947 8.61931 11.4
      vertex 118.984 8.72095 3.3
      vertex 118.984 8.72095 11.4
    endloop
  endfacet
  facet normal 0.939675 -0.34207 0
    outer loop
      vertex 118.984 8.72095 3.3
      vertex 118.947 8.61931 11.4
      vertex 118.947 8.61931 3.3
    endloop
  endfacet
  facet normal -0.988959 -0.148186 0
    outer loop
      vertex 149.095 8.40782 3.3
      vertex 149.079 8.5146 11.4
      vertex 149.079 8.5146 3.3
    endloop
  endfacet
  facet normal -0.988959 -0.148186 0
    outer loop
      vertex 149.079 8.5146 11.4
      vertex 149.095 8.40782 3.3
      vertex 149.095 8.40782 11.4
    endloop
  endfacet
  facet normal -0.998926 -0.0463238 0
    outer loop
      vertex 149.1 8.3 3.3
      vertex 149.095 8.40782 11.4
      vertex 149.095 8.40782 3.3
    endloop
  endfacet
  facet normal -0.998926 -0.0463238 0
    outer loop
      vertex 149.095 8.40782 11.4
      vertex 149.1 8.3 3.3
      vertex 149.1 8.3 11.4
    endloop
  endfacet
  facet normal -0.970528 -0.240987 0
    outer loop
      vertex 149.079 8.5146 3.3
      vertex 149.053 8.61931 11.4
      vertex 149.053 8.61931 3.3
    endloop
  endfacet
  facet normal -0.970528 -0.240987 0
    outer loop
      vertex 149.053 8.61931 11.4
      vertex 149.079 8.5146 3.3
      vertex 149.079 8.5146 11.4
    endloop
  endfacet
  facet normal 0.970528 -0.240987 0
    outer loop
      vertex 146.921 8.5146 11.4
      vertex 146.947 8.61931 3.3
      vertex 146.947 8.61931 11.4
    endloop
  endfacet
  facet normal 0.970528 -0.240987 0
    outer loop
      vertex 146.947 8.61931 3.3
      vertex 146.921 8.5146 11.4
      vertex 146.921 8.5146 3.3
    endloop
  endfacet
  facet normal 0.426117 -0.904668 0
    outer loop
      vertex 147.481 9.27011 3.3
      vertex 147.579 9.31627 11.4
      vertex 147.481 9.27011 11.4
    endloop
  endfacet
  facet normal 0.426117 -0.904668 0
    outer loop
      vertex 147.579 9.31627 11.4
      vertex 147.481 9.27011 3.3
      vertex 147.579 9.31627 3.3
    endloop
  endfacet
  facet normal -0.335775 -0.941942 0
    outer loop
      vertex 148.319 9.35263 3.3
      vertex 148.421 9.31627 11.4
      vertex 148.319 9.35263 11.4
    endloop
  endfacet
  facet normal -0.335775 -0.941942 -0
    outer loop
      vertex 148.421 9.31627 11.4
      vertex 148.319 9.35263 3.3
      vertex 148.421 9.31627 3.3
    endloop
  endfacet
  facet normal -0.146441 -0.989219 0
    outer loop
      vertex 148.108 9.3947 3.3
      vertex 148.215 9.37886 11.4
      vertex 148.108 9.3947 11.4
    endloop
  endfacet
  facet normal -0.146441 -0.989219 -0
    outer loop
      vertex 148.215 9.37886 11.4
      vertex 148.108 9.3947 3.3
      vertex 148.215 9.37886 3.3
    endloop
  endfacet
  facet normal 0.516479 -0.8563 0
    outer loop
      vertex 147.389 9.21462 3.3
      vertex 147.481 9.27011 11.4
      vertex 147.389 9.21462 11.4
    endloop
  endfacet
  facet normal 0.516479 -0.8563 0
    outer loop
      vertex 147.481 9.27011 11.4
      vertex 147.389 9.21462 3.3
      vertex 147.481 9.27011 3.3
    endloop
  endfacet
  facet normal -0.998926 0.0463238 0
    outer loop
      vertex 149.095 8.19218 3.3
      vertex 149.1 8.3 11.4
      vertex 149.1 8.3 3.3
    endloop
  endfacet
  facet normal -0.998926 0.0463238 0
    outer loop
      vertex 149.1 8.3 11.4
      vertex 149.095 8.19218 3.3
      vertex 149.095 8.19218 11.4
    endloop
  endfacet
  facet normal -0.244466 0.969658 0
    outer loop
      vertex 148.319 7.24736 3.3
      vertex 148.215 7.22114 11.4
      vertex 148.319 7.24736 11.4
    endloop
  endfacet
  facet normal -0.244466 0.969658 0
    outer loop
      vertex 148.215 7.22114 11.4
      vertex 148.319 7.24736 3.3
      vertex 148.215 7.22114 3.3
    endloop
  endfacet
  facet normal 0.0490151 -0.998798 0
    outer loop
      vertex 147.892 9.3947 3.3
      vertex 148 9.4 11.4
      vertex 147.892 9.3947 11.4
    endloop
  endfacet
  facet normal 0.0490151 -0.998798 0
    outer loop
      vertex 148 9.4 11.4
      vertex 147.892 9.3947 3.3
      vertex 148 9.4 3.3
    endloop
  endfacet
  facet normal 0.988959 0.148186 0
    outer loop
      vertex 146.921 8.0854 11.4
      vertex 146.905 8.19218 3.3
      vertex 146.905 8.19218 11.4
    endloop
  endfacet
  facet normal 0.988959 0.148186 0
    outer loop
      vertex 146.905 8.19218 3.3
      vertex 146.921 8.0854 11.4
      vertex 146.921 8.0854 3.3
    endloop
  endfacet
  facet normal 0.743253 -0.669011 0
    outer loop
      vertex 147.15 8.99783 11.4
      vertex 147.222 9.07782 3.3
      vertex 147.222 9.07782 11.4
    endloop
  endfacet
  facet normal 0.743253 -0.669011 0
    outer loop
      vertex 147.222 9.07782 3.3
      vertex 147.15 8.99783 11.4
      vertex 147.15 8.99783 3.3
    endloop
  endfacet
  facet normal 0.244466 0.969658 -0
    outer loop
      vertex 147.785 7.22114 3.3
      vertex 147.681 7.24736 11.4
      vertex 147.785 7.22114 11.4
    endloop
  endfacet
  facet normal 0.244466 0.969658 0
    outer loop
      vertex 147.681 7.24736 11.4
      vertex 147.785 7.22114 3.3
      vertex 147.681 7.24736 3.3
    endloop
  endfacet
  facet normal -0.426117 0.904668 0
    outer loop
      vertex 148.519 7.32989 3.3
      vertex 148.421 7.28373 11.4
      vertex 148.519 7.32989 11.4
    endloop
  endfacet
  facet normal -0.426117 0.904668 0
    outer loop
      vertex 148.421 7.28373 11.4
      vertex 148.519 7.32989 3.3
      vertex 148.421 7.28373 3.3
    endloop
  endfacet
  facet normal 0.671469 -0.741033 0
    outer loop
      vertex 147.222 9.07782 3.3
      vertex 147.302 9.15031 11.4
      vertex 147.222 9.07782 11.4
    endloop
  endfacet
  facet normal 0.671469 -0.741033 0
    outer loop
      vertex 147.302 9.15031 11.4
      vertex 147.222 9.07782 3.3
      vertex 147.302 9.15031 3.3
    endloop
  endfacet
  facet normal 0.594425 0.804151 -0
    outer loop
      vertex 147.389 7.38538 3.3
      vertex 147.302 7.44969 11.4
      vertex 147.389 7.38538 11.4
    endloop
  endfacet
  facet normal 0.594425 0.804151 0
    outer loop
      vertex 147.302 7.44969 11.4
      vertex 147.389 7.38538 3.3
      vertex 147.302 7.44969 3.3
    endloop
  endfacet
  facet normal -0.146441 0.989219 0
    outer loop
      vertex 148.215 7.22114 3.3
      vertex 148.108 7.2053 11.4
      vertex 148.215 7.22114 11.4
    endloop
  endfacet
  facet normal -0.146441 0.989219 0
    outer loop
      vertex 148.108 7.2053 11.4
      vertex 148.215 7.22114 3.3
      vertex 148.108 7.2053 3.3
    endloop
  endfacet
  facet normal 0.146441 -0.989219 0
    outer loop
      vertex 147.785 9.37886 3.3
      vertex 147.892 9.3947 11.4
      vertex 147.785 9.37886 11.4
    endloop
  endfacet
  facet normal 0.146441 -0.989219 0
    outer loop
      vertex 147.892 9.3947 11.4
      vertex 147.785 9.37886 3.3
      vertex 147.892 9.3947 3.3
    endloop
  endfacet
  facet normal 0.988959 -0.148186 0
    outer loop
      vertex 146.905 8.40782 11.4
      vertex 146.921 8.5146 3.3
      vertex 146.921 8.5146 11.4
    endloop
  endfacet
  facet normal 0.988959 -0.148186 0
    outer loop
      vertex 146.921 8.5146 3.3
      vertex 146.905 8.40782 11.4
      vertex 146.905 8.40782 3.3
    endloop
  endfacet
  facet normal -0.90455 0.426368 0
    outer loop
      vertex 148.97 7.78146 3.3
      vertex 149.016 7.87905 11.4
      vertex 149.016 7.87905 3.3
    endloop
  endfacet
  facet normal -0.90455 0.426368 0
    outer loop
      vertex 149.016 7.87905 11.4
      vertex 148.97 7.78146 3.3
      vertex 148.97 7.78146 11.4
    endloop
  endfacet
  facet normal 0.671469 0.741033 -0
    outer loop
      vertex 147.302 7.44969 3.3
      vertex 147.222 7.52218 11.4
      vertex 147.302 7.44969 11.4
    endloop
  endfacet
  facet normal 0.671469 0.741033 0
    outer loop
      vertex 147.222 7.52218 11.4
      vertex 147.302 7.44969 3.3
      vertex 147.222 7.52218 3.3
    endloop
  endfacet
  facet normal -0.743253 -0.669011 0
    outer loop
      vertex 148.85 8.99783 3.3
      vertex 148.778 9.07782 11.4
      vertex 148.778 9.07782 3.3
    endloop
  endfacet
  facet normal -0.743253 -0.669011 0
    outer loop
      vertex 148.778 9.07782 11.4
      vertex 148.85 8.99783 3.3
      vertex 148.85 8.99783 11.4
    endloop
  endfacet
  facet normal 0.244553 -0.969636 0
    outer loop
      vertex 147.681 9.35263 3.3
      vertex 147.785 9.37886 11.4
      vertex 147.681 9.35263 11.4
    endloop
  endfacet
  facet normal 0.244553 -0.969636 0
    outer loop
      vertex 147.785 9.37886 11.4
      vertex 147.681 9.35263 3.3
      vertex 147.785 9.37886 3.3
    endloop
  endfacet
  facet normal -0.426117 -0.904668 0
    outer loop
      vertex 148.421 9.31627 3.3
      vertex 148.519 9.27011 11.4
      vertex 148.421 9.31627 11.4
    endloop
  endfacet
  facet normal -0.426117 -0.904668 -0
    outer loop
      vertex 148.519 9.27011 11.4
      vertex 148.421 9.31627 3.3
      vertex 148.519 9.27011 3.3
    endloop
  endfacet
  facet normal -0.0490151 0.998798 0
    outer loop
      vertex 148.108 7.2053 3.3
      vertex 148 7.2 11.4
      vertex 148.108 7.2053 11.4
    endloop
  endfacet
  facet normal -0.0490151 0.998798 0
    outer loop
      vertex 148 7.2 11.4
      vertex 148.108 7.2053 3.3
      vertex 148 7.2 3.3
    endloop
  endfacet
  facet normal 0.146441 0.989219 -0
    outer loop
      vertex 147.892 7.2053 3.3
      vertex 147.785 7.22114 11.4
      vertex 147.892 7.2053 11.4
    endloop
  endfacet
  facet normal 0.146441 0.989219 0
    outer loop
      vertex 147.785 7.22114 11.4
      vertex 147.892 7.2053 3.3
      vertex 147.785 7.22114 3.3
    endloop
  endfacet
  facet normal 0.90455 -0.426368 0
    outer loop
      vertex 146.984 8.72095 11.4
      vertex 147.03 8.81854 3.3
      vertex 147.03 8.81854 11.4
    endloop
  endfacet
  facet normal 0.90455 -0.426368 0
    outer loop
      vertex 147.03 8.81854 3.3
      vertex 146.984 8.72095 11.4
      vertex 146.984 8.72095 3.3
    endloop
  endfacet
  facet normal -0.800111 -0.599852 0
    outer loop
      vertex 148.915 8.91113 3.3
      vertex 148.85 8.99783 11.4
      vertex 148.85 8.99783 3.3
    endloop
  endfacet
  facet normal -0.800111 -0.599852 0
    outer loop
      vertex 148.85 8.99783 11.4
      vertex 148.915 8.91113 3.3
      vertex 148.915 8.91113 11.4
    endloop
  endfacet
  facet normal 0.800111 0.599852 0
    outer loop
      vertex 147.15 7.60217 11.4
      vertex 147.085 7.68887 3.3
      vertex 147.085 7.68887 11.4
    endloop
  endfacet
  facet normal 0.800111 0.599852 0
    outer loop
      vertex 147.085 7.68887 3.3
      vertex 147.15 7.60217 11.4
      vertex 147.15 7.60217 3.3
    endloop
  endfacet
  facet normal 0.743253 0.669011 0
    outer loop
      vertex 147.222 7.52218 11.4
      vertex 147.15 7.60217 3.3
      vertex 147.15 7.60217 11.4
    endloop
  endfacet
  facet normal 0.743253 0.669011 0
    outer loop
      vertex 147.15 7.60217 3.3
      vertex 147.222 7.52218 11.4
      vertex 147.222 7.52218 3.3
    endloop
  endfacet
  facet normal 0.335857 0.941913 -0
    outer loop
      vertex 147.681 7.24736 3.3
      vertex 147.579 7.28373 11.4
      vertex 147.681 7.24736 11.4
    endloop
  endfacet
  facet normal 0.335857 0.941913 0
    outer loop
      vertex 147.579 7.28373 11.4
      vertex 147.681 7.24736 3.3
      vertex 147.579 7.28373 3.3
    endloop
  endfacet
  facet normal 0.998926 -0.0463238 0
    outer loop
      vertex 146.9 8.3 11.4
      vertex 146.905 8.40782 3.3
      vertex 146.905 8.40782 11.4
    endloop
  endfacet
  facet normal 0.998926 -0.0463238 0
    outer loop
      vertex 146.905 8.40782 3.3
      vertex 146.9 8.3 11.4
      vertex 146.9 8.3 3.3
    endloop
  endfacet
  facet normal -0.335857 0.941913 0
    outer loop
      vertex 148.421 7.28373 3.3
      vertex 148.319 7.24736 11.4
      vertex 148.421 7.28373 11.4
    endloop
  endfacet
  facet normal -0.335857 0.941913 0
    outer loop
      vertex 148.319 7.24736 11.4
      vertex 148.421 7.28373 3.3
      vertex 148.319 7.24736 3.3
    endloop
  endfacet
  facet normal -0.970528 0.240987 0
    outer loop
      vertex 149.053 7.98069 3.3
      vertex 149.079 8.0854 11.4
      vertex 149.079 8.0854 3.3
    endloop
  endfacet
  facet normal -0.970528 0.240987 0
    outer loop
      vertex 149.079 8.0854 11.4
      vertex 149.053 7.98069 3.3
      vertex 149.053 7.98069 11.4
    endloop
  endfacet
  facet normal -0.939675 0.34207 0
    outer loop
      vertex 149.016 7.87905 3.3
      vertex 149.053 7.98069 11.4
      vertex 149.053 7.98069 3.3
    endloop
  endfacet
  facet normal -0.939675 0.34207 0
    outer loop
      vertex 149.053 7.98069 11.4
      vertex 149.016 7.87905 3.3
      vertex 149.016 7.87905 11.4
    endloop
  endfacet
  facet normal -0.0490151 -0.998798 0
    outer loop
      vertex 148 9.4 3.3
      vertex 148.108 9.3947 11.4
      vertex 148 9.4 11.4
    endloop
  endfacet
  facet normal -0.0490151 -0.998798 -0
    outer loop
      vertex 148.108 9.3947 11.4
      vertex 148 9.4 3.3
      vertex 148.108 9.3947 3.3
    endloop
  endfacet
  facet normal -0.743253 0.669011 0
    outer loop
      vertex 148.778 7.52218 3.3
      vertex 148.85 7.60217 11.4
      vertex 148.85 7.60217 3.3
    endloop
  endfacet
  facet normal -0.743253 0.669011 0
    outer loop
      vertex 148.85 7.60217 11.4
      vertex 148.778 7.52218 3.3
      vertex 148.778 7.52218 11.4
    endloop
  endfacet
  facet normal 0.594425 -0.804151 0
    outer loop
      vertex 147.302 9.15031 3.3
      vertex 147.389 9.21462 11.4
      vertex 147.302 9.15031 11.4
    endloop
  endfacet
  facet normal 0.594425 -0.804151 0
    outer loop
      vertex 147.389 9.21462 11.4
      vertex 147.302 9.15031 3.3
      vertex 147.389 9.21462 3.3
    endloop
  endfacet
  facet normal -0.516479 -0.8563 0
    outer loop
      vertex 148.519 9.27011 3.3
      vertex 148.611 9.21462 11.4
      vertex 148.519 9.27011 11.4
    endloop
  endfacet
  facet normal -0.516479 -0.8563 -0
    outer loop
      vertex 148.611 9.21462 11.4
      vertex 148.519 9.27011 3.3
      vertex 148.611 9.21462 3.3
    endloop
  endfacet
  facet normal -0.244553 -0.969636 0
    outer loop
      vertex 148.215 9.37886 3.3
      vertex 148.319 9.35263 11.4
      vertex 148.215 9.37886 11.4
    endloop
  endfacet
  facet normal -0.244553 -0.969636 -0
    outer loop
      vertex 148.319 9.35263 11.4
      vertex 148.215 9.37886 3.3
      vertex 148.319 9.35263 3.3
    endloop
  endfacet
  facet normal -0.939675 -0.34207 0
    outer loop
      vertex 149.053 8.61931 3.3
      vertex 149.016 8.72095 11.4
      vertex 149.016 8.72095 3.3
    endloop
  endfacet
  facet normal -0.939675 -0.34207 0
    outer loop
      vertex 149.016 8.72095 11.4
      vertex 149.053 8.61931 3.3
      vertex 149.053 8.61931 11.4
    endloop
  endfacet
  facet normal -0.594425 -0.804151 0
    outer loop
      vertex 148.611 9.21462 3.3
      vertex 148.698 9.15031 11.4
      vertex 148.611 9.21462 11.4
    endloop
  endfacet
  facet normal -0.594425 -0.804151 -0
    outer loop
      vertex 148.698 9.15031 11.4
      vertex 148.611 9.21462 3.3
      vertex 148.698 9.15031 3.3
    endloop
  endfacet
  facet normal -0.671469 0.741033 0
    outer loop
      vertex 148.778 7.52218 3.3
      vertex 148.698 7.44969 11.4
      vertex 148.778 7.52218 11.4
    endloop
  endfacet
  facet normal -0.671469 0.741033 0
    outer loop
      vertex 148.698 7.44969 11.4
      vertex 148.778 7.52218 3.3
      vertex 148.698 7.44969 3.3
    endloop
  endfacet
  facet normal 0.970528 0.240987 0
    outer loop
      vertex 146.947 7.98069 11.4
      vertex 146.921 8.0854 3.3
      vertex 146.921 8.0854 11.4
    endloop
  endfacet
  facet normal 0.970528 0.240987 0
    outer loop
      vertex 146.921 8.0854 3.3
      vertex 146.947 7.98069 11.4
      vertex 146.947 7.98069 3.3
    endloop
  endfacet
  facet normal -0.90455 -0.426368 0
    outer loop
      vertex 149.016 8.72095 3.3
      vertex 148.97 8.81854 11.4
      vertex 148.97 8.81854 3.3
    endloop
  endfacet
  facet normal -0.90455 -0.426368 0
    outer loop
      vertex 148.97 8.81854 11.4
      vertex 149.016 8.72095 3.3
      vertex 149.016 8.72095 11.4
    endloop
  endfacet
  facet normal -0.988959 0.148186 0
    outer loop
      vertex 149.079 8.0854 3.3
      vertex 149.095 8.19218 11.4
      vertex 149.095 8.19218 3.3
    endloop
  endfacet
  facet normal -0.988959 0.148186 0
    outer loop
      vertex 149.095 8.19218 11.4
      vertex 149.079 8.0854 3.3
      vertex 149.079 8.0854 11.4
    endloop
  endfacet
  facet normal -0.859754 -0.510708 0
    outer loop
      vertex 148.97 8.81854 3.3
      vertex 148.915 8.91113 11.4
      vertex 148.915 8.91113 3.3
    endloop
  endfacet
  facet normal -0.859754 -0.510708 0
    outer loop
      vertex 148.915 8.91113 11.4
      vertex 148.97 8.81854 3.3
      vertex 148.97 8.81854 11.4
    endloop
  endfacet
  facet normal 0.335775 -0.941942 0
    outer loop
      vertex 147.579 9.31627 3.3
      vertex 147.681 9.35263 11.4
      vertex 147.579 9.31627 11.4
    endloop
  endfacet
  facet normal 0.335775 -0.941942 0
    outer loop
      vertex 147.681 9.35263 11.4
      vertex 147.579 9.31627 3.3
      vertex 147.681 9.35263 3.3
    endloop
  endfacet
  facet normal -0.859754 0.510708 0
    outer loop
      vertex 148.915 7.68887 3.3
      vertex 148.97 7.78146 11.4
      vertex 148.97 7.78146 3.3
    endloop
  endfacet
  facet normal -0.859754 0.510708 0
    outer loop
      vertex 148.97 7.78146 11.4
      vertex 148.915 7.68887 3.3
      vertex 148.915 7.68887 11.4
    endloop
  endfacet
  facet normal -0.671469 -0.741033 0
    outer loop
      vertex 148.698 9.15031 3.3
      vertex 148.778 9.07782 11.4
      vertex 148.698 9.15031 11.4
    endloop
  endfacet
  facet normal -0.671469 -0.741033 -0
    outer loop
      vertex 148.778 9.07782 11.4
      vertex 148.698 9.15031 3.3
      vertex 148.778 9.07782 3.3
    endloop
  endfacet
  facet normal 0.0490151 0.998798 -0
    outer loop
      vertex 148 7.2 3.3
      vertex 147.892 7.2053 11.4
      vertex 148 7.2 11.4
    endloop
  endfacet
  facet normal 0.0490151 0.998798 0
    outer loop
      vertex 147.892 7.2053 11.4
      vertex 148 7.2 3.3
      vertex 147.892 7.2053 3.3
    endloop
  endfacet
  facet normal -0.594425 0.804151 0
    outer loop
      vertex 148.698 7.44969 3.3
      vertex 148.611 7.38538 11.4
      vertex 148.698 7.44969 11.4
    endloop
  endfacet
  facet normal -0.594425 0.804151 0
    outer loop
      vertex 148.611 7.38538 11.4
      vertex 148.698 7.44969 3.3
      vertex 148.611 7.38538 3.3
    endloop
  endfacet
  facet normal 0.859754 -0.510708 0
    outer loop
      vertex 147.03 8.81854 11.4
      vertex 147.085 8.91113 3.3
      vertex 147.085 8.91113 11.4
    endloop
  endfacet
  facet normal 0.859754 -0.510708 0
    outer loop
      vertex 147.085 8.91113 3.3
      vertex 147.03 8.81854 11.4
      vertex 147.03 8.81854 3.3
    endloop
  endfacet
  facet normal 0.90455 0.426368 0
    outer loop
      vertex 147.03 7.78146 11.4
      vertex 146.984 7.87905 3.3
      vertex 146.984 7.87905 11.4
    endloop
  endfacet
  facet normal 0.90455 0.426368 0
    outer loop
      vertex 146.984 7.87905 3.3
      vertex 147.03 7.78146 11.4
      vertex 147.03 7.78146 3.3
    endloop
  endfacet
  facet normal 0.998926 0.0463238 0
    outer loop
      vertex 146.905 8.19218 11.4
      vertex 146.9 8.3 3.3
      vertex 146.9 8.3 11.4
    endloop
  endfacet
  facet normal 0.998926 0.0463238 0
    outer loop
      vertex 146.9 8.3 3.3
      vertex 146.905 8.19218 11.4
      vertex 146.905 8.19218 3.3
    endloop
  endfacet
  facet normal -0.516479 0.8563 0
    outer loop
      vertex 148.611 7.38538 3.3
      vertex 148.519 7.32989 11.4
      vertex 148.611 7.38538 11.4
    endloop
  endfacet
  facet normal -0.516479 0.8563 0
    outer loop
      vertex 148.519 7.32989 11.4
      vertex 148.611 7.38538 3.3
      vertex 148.519 7.32989 3.3
    endloop
  endfacet
  facet normal -0.800111 0.599852 0
    outer loop
      vertex 148.85 7.60217 3.3
      vertex 148.915 7.68887 11.4
      vertex 148.915 7.68887 3.3
    endloop
  endfacet
  facet normal -0.800111 0.599852 0
    outer loop
      vertex 148.915 7.68887 11.4
      vertex 148.85 7.60217 3.3
      vertex 148.85 7.60217 11.4
    endloop
  endfacet
  facet normal 0.859754 0.510708 0
    outer loop
      vertex 147.085 7.68887 11.4
      vertex 147.03 7.78146 3.3
      vertex 147.03 7.78146 11.4
    endloop
  endfacet
  facet normal 0.859754 0.510708 0
    outer loop
      vertex 147.03 7.78146 3.3
      vertex 147.085 7.68887 11.4
      vertex 147.085 7.68887 3.3
    endloop
  endfacet
  facet normal 0.939675 0.34207 0
    outer loop
      vertex 146.984 7.87905 11.4
      vertex 146.947 7.98069 3.3
      vertex 146.947 7.98069 11.4
    endloop
  endfacet
  facet normal 0.939675 0.34207 0
    outer loop
      vertex 146.947 7.98069 3.3
      vertex 146.984 7.87905 11.4
      vertex 146.984 7.87905 3.3
    endloop
  endfacet
  facet normal 0.516479 0.8563 -0
    outer loop
      vertex 147.481 7.32989 3.3
      vertex 147.389 7.38538 11.4
      vertex 147.481 7.32989 11.4
    endloop
  endfacet
  facet normal 0.516479 0.8563 0
    outer loop
      vertex 147.389 7.38538 11.4
      vertex 147.481 7.32989 3.3
      vertex 147.389 7.38538 3.3
    endloop
  endfacet
  facet normal 0.800111 -0.599852 0
    outer loop
      vertex 147.085 8.91113 11.4
      vertex 147.15 8.99783 3.3
      vertex 147.15 8.99783 11.4
    endloop
  endfacet
  facet normal 0.800111 -0.599852 0
    outer loop
      vertex 147.15 8.99783 3.3
      vertex 147.085 8.91113 11.4
      vertex 147.085 8.91113 3.3
    endloop
  endfacet
  facet normal 0.426117 0.904668 -0
    outer loop
      vertex 147.579 7.28373 3.3
      vertex 147.481 7.32989 11.4
      vertex 147.579 7.28373 11.4
    endloop
  endfacet
  facet normal 0.426117 0.904668 0
    outer loop
      vertex 147.481 7.32989 11.4
      vertex 147.579 7.28373 3.3
      vertex 147.481 7.32989 3.3
    endloop
  endfacet
  facet normal 0.939675 -0.34207 0
    outer loop
      vertex 146.947 8.61931 11.4
      vertex 146.984 8.72095 3.3
      vertex 146.984 8.72095 11.4
    endloop
  endfacet
  facet normal 0.939675 -0.34207 0
    outer loop
      vertex 146.984 8.72095 3.3
      vertex 146.947 8.61931 11.4
      vertex 146.947 8.61931 3.3
    endloop
  endfacet
  facet normal -0.988959 -0.148186 0
    outer loop
      vertex 177.095 8.40782 3.3
      vertex 177.079 8.5146 11.4
      vertex 177.079 8.5146 3.3
    endloop
  endfacet
  facet normal -0.988959 -0.148186 0
    outer loop
      vertex 177.079 8.5146 11.4
      vertex 177.095 8.40782 3.3
      vertex 177.095 8.40782 11.4
    endloop
  endfacet
  facet normal -0.998926 -0.0463238 0
    outer loop
      vertex 177.1 8.3 3.3
      vertex 177.095 8.40782 11.4
      vertex 177.095 8.40782 3.3
    endloop
  endfacet
  facet normal -0.998926 -0.0463238 0
    outer loop
      vertex 177.095 8.40782 11.4
      vertex 177.1 8.3 3.3
      vertex 177.1 8.3 11.4
    endloop
  endfacet
  facet normal -0.970528 -0.240987 0
    outer loop
      vertex 177.079 8.5146 3.3
      vertex 177.053 8.61931 11.4
      vertex 177.053 8.61931 3.3
    endloop
  endfacet
  facet normal -0.970528 -0.240987 0
    outer loop
      vertex 177.053 8.61931 11.4
      vertex 177.079 8.5146 3.3
      vertex 177.079 8.5146 11.4
    endloop
  endfacet
  facet normal 0.970528 -0.240987 0
    outer loop
      vertex 174.921 8.5146 11.4
      vertex 174.947 8.61931 3.3
      vertex 174.947 8.61931 11.4
    endloop
  endfacet
  facet normal 0.970528 -0.240987 0
    outer loop
      vertex 174.947 8.61931 3.3
      vertex 174.921 8.5146 11.4
      vertex 174.921 8.5146 3.3
    endloop
  endfacet
  facet normal 0.426117 -0.904668 0
    outer loop
      vertex 175.481 9.27011 3.3
      vertex 175.579 9.31627 11.4
      vertex 175.481 9.27011 11.4
    endloop
  endfacet
  facet normal 0.426117 -0.904668 0
    outer loop
      vertex 175.579 9.31627 11.4
      vertex 175.481 9.27011 3.3
      vertex 175.579 9.31627 3.3
    endloop
  endfacet
  facet normal -0.335775 -0.941942 0
    outer loop
      vertex 176.319 9.35263 3.3
      vertex 176.421 9.31627 11.4
      vertex 176.319 9.35263 11.4
    endloop
  endfacet
  facet normal -0.335775 -0.941942 -0
    outer loop
      vertex 176.421 9.31627 11.4
      vertex 176.319 9.35263 3.3
      vertex 176.421 9.31627 3.3
    endloop
  endfacet
  facet normal -0.146441 -0.989219 0
    outer loop
      vertex 176.108 9.3947 3.3
      vertex 176.215 9.37886 11.4
      vertex 176.108 9.3947 11.4
    endloop
  endfacet
  facet normal -0.146441 -0.989219 -0
    outer loop
      vertex 176.215 9.37886 11.4
      vertex 176.108 9.3947 3.3
      vertex 176.215 9.37886 3.3
    endloop
  endfacet
  facet normal 0.516479 -0.8563 0
    outer loop
      vertex 175.389 9.21462 3.3
      vertex 175.481 9.27011 11.4
      vertex 175.389 9.21462 11.4
    endloop
  endfacet
  facet normal 0.516479 -0.8563 0
    outer loop
      vertex 175.481 9.27011 11.4
      vertex 175.389 9.21462 3.3
      vertex 175.481 9.27011 3.3
    endloop
  endfacet
  facet normal -0.998926 0.0463238 0
    outer loop
      vertex 177.095 8.19218 3.3
      vertex 177.1 8.3 11.4
      vertex 177.1 8.3 3.3
    endloop
  endfacet
  facet normal -0.998926 0.0463238 0
    outer loop
      vertex 177.1 8.3 11.4
      vertex 177.095 8.19218 3.3
      vertex 177.095 8.19218 11.4
    endloop
  endfacet
  facet normal -0.244466 0.969658 0
    outer loop
      vertex 176.319 7.24736 3.3
      vertex 176.215 7.22114 11.4
      vertex 176.319 7.24736 11.4
    endloop
  endfacet
  facet normal -0.244466 0.969658 0
    outer loop
      vertex 176.215 7.22114 11.4
      vertex 176.319 7.24736 3.3
      vertex 176.215 7.22114 3.3
    endloop
  endfacet
  facet normal 0.0490151 -0.998798 0
    outer loop
      vertex 175.892 9.3947 3.3
      vertex 176 9.4 11.4
      vertex 175.892 9.3947 11.4
    endloop
  endfacet
  facet normal 0.0490151 -0.998798 0
    outer loop
      vertex 176 9.4 11.4
      vertex 175.892 9.3947 3.3
      vertex 176 9.4 3.3
    endloop
  endfacet
  facet normal 0.594425 -0.804151 0
    outer loop
      vertex 175.302 9.15031 3.3
      vertex 175.389 9.21462 11.4
      vertex 175.302 9.15031 11.4
    endloop
  endfacet
  facet normal 0.594425 -0.804151 0
    outer loop
      vertex 175.389 9.21462 11.4
      vertex 175.302 9.15031 3.3
      vertex 175.389 9.21462 3.3
    endloop
  endfacet
  facet normal 0.988959 0.148186 0
    outer loop
      vertex 174.921 8.0854 11.4
      vertex 174.905 8.19218 3.3
      vertex 174.905 8.19218 11.4
    endloop
  endfacet
  facet normal 0.988959 0.148186 0
    outer loop
      vertex 174.905 8.19218 3.3
      vertex 174.921 8.0854 11.4
      vertex 174.921 8.0854 3.3
    endloop
  endfacet
  facet normal 0.743253 -0.669011 0
    outer loop
      vertex 175.15 8.99783 11.4
      vertex 175.222 9.07782 3.3
      vertex 175.222 9.07782 11.4
    endloop
  endfacet
  facet normal 0.743253 -0.669011 0
    outer loop
      vertex 175.222 9.07782 3.3
      vertex 175.15 8.99783 11.4
      vertex 175.15 8.99783 3.3
    endloop
  endfacet
  facet normal 0.244466 0.969658 -0
    outer loop
      vertex 175.785 7.22114 3.3
      vertex 175.681 7.24736 11.4
      vertex 175.785 7.22114 11.4
    endloop
  endfacet
  facet normal 0.244466 0.969658 0
    outer loop
      vertex 175.681 7.24736 11.4
      vertex 175.785 7.22114 3.3
      vertex 175.681 7.24736 3.3
    endloop
  endfacet
  facet normal -0.426117 0.904668 0
    outer loop
      vertex 176.519 7.32989 3.3
      vertex 176.421 7.28373 11.4
      vertex 176.519 7.32989 11.4
    endloop
  endfacet
  facet normal -0.426117 0.904668 0
    outer loop
      vertex 176.421 7.28373 11.4
      vertex 176.519 7.32989 3.3
      vertex 176.421 7.28373 3.3
    endloop
  endfacet
  facet normal 0.594425 0.804151 -0
    outer loop
      vertex 175.389 7.38538 3.3
      vertex 175.302 7.44969 11.4
      vertex 175.389 7.38538 11.4
    endloop
  endfacet
  facet normal 0.594425 0.804151 0
    outer loop
      vertex 175.302 7.44969 11.4
      vertex 175.389 7.38538 3.3
      vertex 175.302 7.44969 3.3
    endloop
  endfacet
  facet normal -0.146441 0.989219 0
    outer loop
      vertex 176.215 7.22114 3.3
      vertex 176.108 7.2053 11.4
      vertex 176.215 7.22114 11.4
    endloop
  endfacet
  facet normal -0.146441 0.989219 0
    outer loop
      vertex 176.108 7.2053 11.4
      vertex 176.215 7.22114 3.3
      vertex 176.108 7.2053 3.3
    endloop
  endfacet
  facet normal 0.146441 -0.989219 0
    outer loop
      vertex 175.785 9.37886 3.3
      vertex 175.892 9.3947 11.4
      vertex 175.785 9.37886 11.4
    endloop
  endfacet
  facet normal 0.146441 -0.989219 0
    outer loop
      vertex 175.892 9.3947 11.4
      vertex 175.785 9.37886 3.3
      vertex 175.892 9.3947 3.3
    endloop
  endfacet
  facet normal 0.988959 -0.148186 0
    outer loop
      vertex 174.905 8.40782 11.4
      vertex 174.921 8.5146 3.3
      vertex 174.921 8.5146 11.4
    endloop
  endfacet
  facet normal 0.988959 -0.148186 0
    outer loop
      vertex 174.921 8.5146 3.3
      vertex 174.905 8.40782 11.4
      vertex 174.905 8.40782 3.3
    endloop
  endfacet
  facet normal -0.90455 0.426368 0
    outer loop
      vertex 176.97 7.78146 3.3
      vertex 177.016 7.87905 11.4
      vertex 177.016 7.87905 3.3
    endloop
  endfacet
  facet normal -0.90455 0.426368 0
    outer loop
      vertex 177.016 7.87905 11.4
      vertex 176.97 7.78146 3.3
      vertex 176.97 7.78146 11.4
    endloop
  endfacet
  facet normal 0.671469 0.741033 -0
    outer loop
      vertex 175.302 7.44969 3.3
      vertex 175.222 7.52218 11.4
      vertex 175.302 7.44969 11.4
    endloop
  endfacet
  facet normal 0.671469 0.741033 0
    outer loop
      vertex 175.222 7.52218 11.4
      vertex 175.302 7.44969 3.3
      vertex 175.222 7.52218 3.3
    endloop
  endfacet
  facet normal -0.743253 -0.669011 0
    outer loop
      vertex 176.85 8.99783 3.3
      vertex 176.778 9.07782 11.4
      vertex 176.778 9.07782 3.3
    endloop
  endfacet
  facet normal -0.743253 -0.669011 0
    outer loop
      vertex 176.778 9.07782 11.4
      vertex 176.85 8.99783 3.3
      vertex 176.85 8.99783 11.4
    endloop
  endfacet
  facet normal 0.244553 -0.969636 0
    outer loop
      vertex 175.681 9.35263 3.3
      vertex 175.785 9.37886 11.4
      vertex 175.681 9.35263 11.4
    endloop
  endfacet
  facet normal 0.244553 -0.969636 0
    outer loop
      vertex 175.785 9.37886 11.4
      vertex 175.681 9.35263 3.3
      vertex 175.785 9.37886 3.3
    endloop
  endfacet
  facet normal -0.426117 -0.904668 0
    outer loop
      vertex 176.421 9.31627 3.3
      vertex 176.519 9.27011 11.4
      vertex 176.421 9.31627 11.4
    endloop
  endfacet
  facet normal -0.426117 -0.904668 -0
    outer loop
      vertex 176.519 9.27011 11.4
      vertex 176.421 9.31627 3.3
      vertex 176.519 9.27011 3.3
    endloop
  endfacet
  facet normal -0.0490151 0.998798 0
    outer loop
      vertex 176.108 7.2053 3.3
      vertex 176 7.2 11.4
      vertex 176.108 7.2053 11.4
    endloop
  endfacet
  facet normal -0.0490151 0.998798 0
    outer loop
      vertex 176 7.2 11.4
      vertex 176.108 7.2053 3.3
      vertex 176 7.2 3.3
    endloop
  endfacet
  facet normal 0.146441 0.989219 -0
    outer loop
      vertex 175.892 7.2053 3.3
      vertex 175.785 7.22114 11.4
      vertex 175.892 7.2053 11.4
    endloop
  endfacet
  facet normal 0.146441 0.989219 0
    outer loop
      vertex 175.785 7.22114 11.4
      vertex 175.892 7.2053 3.3
      vertex 175.785 7.22114 3.3
    endloop
  endfacet
  facet normal 0.90455 -0.426368 0
    outer loop
      vertex 174.984 8.72095 11.4
      vertex 175.03 8.81854 3.3
      vertex 175.03 8.81854 11.4
    endloop
  endfacet
  facet normal 0.90455 -0.426368 0
    outer loop
      vertex 175.03 8.81854 3.3
      vertex 174.984 8.72095 11.4
      vertex 174.984 8.72095 3.3
    endloop
  endfacet
  facet normal -0.800111 -0.599852 0
    outer loop
      vertex 176.915 8.91113 3.3
      vertex 176.85 8.99783 11.4
      vertex 176.85 8.99783 3.3
    endloop
  endfacet
  facet normal -0.800111 -0.599852 0
    outer loop
      vertex 176.85 8.99783 11.4
      vertex 176.915 8.91113 3.3
      vertex 176.915 8.91113 11.4
    endloop
  endfacet
  facet normal 0.800111 0.599852 0
    outer loop
      vertex 175.15 7.60217 11.4
      vertex 175.085 7.68887 3.3
      vertex 175.085 7.68887 11.4
    endloop
  endfacet
  facet normal 0.800111 0.599852 0
    outer loop
      vertex 175.085 7.68887 3.3
      vertex 175.15 7.60217 11.4
      vertex 175.15 7.60217 3.3
    endloop
  endfacet
  facet normal 0.743253 0.669011 0
    outer loop
      vertex 175.222 7.52218 11.4
      vertex 175.15 7.60217 3.3
      vertex 175.15 7.60217 11.4
    endloop
  endfacet
  facet normal 0.743253 0.669011 0
    outer loop
      vertex 175.15 7.60217 3.3
      vertex 175.222 7.52218 11.4
      vertex 175.222 7.52218 3.3
    endloop
  endfacet
  facet normal 0.335857 0.941913 -0
    outer loop
      vertex 175.681 7.24736 3.3
      vertex 175.579 7.28373 11.4
      vertex 175.681 7.24736 11.4
    endloop
  endfacet
  facet normal 0.335857 0.941913 0
    outer loop
      vertex 175.579 7.28373 11.4
      vertex 175.681 7.24736 3.3
      vertex 175.579 7.28373 3.3
    endloop
  endfacet
  facet normal 0.998926 -0.0463238 0
    outer loop
      vertex 174.9 8.3 11.4
      vertex 174.905 8.40782 3.3
      vertex 174.905 8.40782 11.4
    endloop
  endfacet
  facet normal 0.998926 -0.0463238 0
    outer loop
      vertex 174.905 8.40782 3.3
      vertex 174.9 8.3 11.4
      vertex 174.9 8.3 3.3
    endloop
  endfacet
  facet normal -0.335857 0.941913 0
    outer loop
      vertex 176.421 7.28373 3.3
      vertex 176.319 7.24736 11.4
      vertex 176.421 7.28373 11.4
    endloop
  endfacet
  facet normal -0.335857 0.941913 0
    outer loop
      vertex 176.319 7.24736 11.4
      vertex 176.421 7.28373 3.3
      vertex 176.319 7.24736 3.3
    endloop
  endfacet
  facet normal -0.970528 0.240987 0
    outer loop
      vertex 177.053 7.98069 3.3
      vertex 177.079 8.0854 11.4
      vertex 177.079 8.0854 3.3
    endloop
  endfacet
  facet normal -0.970528 0.240987 0
    outer loop
      vertex 177.079 8.0854 11.4
      vertex 177.053 7.98069 3.3
      vertex 177.053 7.98069 11.4
    endloop
  endfacet
  facet normal -0.939675 0.34207 0
    outer loop
      vertex 177.016 7.87905 3.3
      vertex 177.053 7.98069 11.4
      vertex 177.053 7.98069 3.3
    endloop
  endfacet
  facet normal -0.939675 0.34207 0
    outer loop
      vertex 177.053 7.98069 11.4
      vertex 177.016 7.87905 3.3
      vertex 177.016 7.87905 11.4
    endloop
  endfacet
  facet normal -0.0490151 -0.998798 0
    outer loop
      vertex 176 9.4 3.3
      vertex 176.108 9.3947 11.4
      vertex 176 9.4 11.4
    endloop
  endfacet
  facet normal -0.0490151 -0.998798 -0
    outer loop
      vertex 176.108 9.3947 11.4
      vertex 176 9.4 3.3
      vertex 176.108 9.3947 3.3
    endloop
  endfacet
  facet normal -0.743253 0.669011 0
    outer loop
      vertex 176.778 7.52218 3.3
      vertex 176.85 7.60217 11.4
      vertex 176.85 7.60217 3.3
    endloop
  endfacet
  facet normal -0.743253 0.669011 0
    outer loop
      vertex 176.85 7.60217 11.4
      vertex 176.778 7.52218 3.3
      vertex 176.778 7.52218 11.4
    endloop
  endfacet
  facet normal -0.516479 -0.8563 0
    outer loop
      vertex 176.519 9.27011 3.3
      vertex 176.611 9.21462 11.4
      vertex 176.519 9.27011 11.4
    endloop
  endfacet
  facet normal -0.516479 -0.8563 -0
    outer loop
      vertex 176.611 9.21462 11.4
      vertex 176.519 9.27011 3.3
      vertex 176.611 9.21462 3.3
    endloop
  endfacet
  facet normal -0.244553 -0.969636 0
    outer loop
      vertex 176.215 9.37886 3.3
      vertex 176.319 9.35263 11.4
      vertex 176.215 9.37886 11.4
    endloop
  endfacet
  facet normal -0.244553 -0.969636 -0
    outer loop
      vertex 176.319 9.35263 11.4
      vertex 176.215 9.37886 3.3
      vertex 176.319 9.35263 3.3
    endloop
  endfacet
  facet normal -0.939675 -0.34207 0
    outer loop
      vertex 177.053 8.61931 3.3
      vertex 177.016 8.72095 11.4
      vertex 177.016 8.72095 3.3
    endloop
  endfacet
  facet normal -0.939675 -0.34207 0
    outer loop
      vertex 177.016 8.72095 11.4
      vertex 177.053 8.61931 3.3
      vertex 177.053 8.61931 11.4
    endloop
  endfacet
  facet normal -0.594425 -0.804151 0
    outer loop
      vertex 176.611 9.21462 3.3
      vertex 176.698 9.15031 11.4
      vertex 176.611 9.21462 11.4
    endloop
  endfacet
  facet normal -0.594425 -0.804151 -0
    outer loop
      vertex 176.698 9.15031 11.4
      vertex 176.611 9.21462 3.3
      vertex 176.698 9.15031 3.3
    endloop
  endfacet
  facet normal -0.671469 0.741033 0
    outer loop
      vertex 176.778 7.52218 3.3
      vertex 176.698 7.44969 11.4
      vertex 176.778 7.52218 11.4
    endloop
  endfacet
  facet normal -0.671469 0.741033 0
    outer loop
      vertex 176.698 7.44969 11.4
      vertex 176.778 7.52218 3.3
      vertex 176.698 7.44969 3.3
    endloop
  endfacet
  facet normal 0.970528 0.240987 0
    outer loop
      vertex 174.947 7.98069 11.4
      vertex 174.921 8.0854 3.3
      vertex 174.921 8.0854 11.4
    endloop
  endfacet
  facet normal 0.970528 0.240987 0
    outer loop
      vertex 174.921 8.0854 3.3
      vertex 174.947 7.98069 11.4
      vertex 174.947 7.98069 3.3
    endloop
  endfacet
  facet normal -0.90455 -0.426368 0
    outer loop
      vertex 177.016 8.72095 3.3
      vertex 176.97 8.81854 11.4
      vertex 176.97 8.81854 3.3
    endloop
  endfacet
  facet normal -0.90455 -0.426368 0
    outer loop
      vertex 176.97 8.81854 11.4
      vertex 177.016 8.72095 3.3
      vertex 177.016 8.72095 11.4
    endloop
  endfacet
  facet normal -0.988959 0.148186 0
    outer loop
      vertex 177.079 8.0854 3.3
      vertex 177.095 8.19218 11.4
      vertex 177.095 8.19218 3.3
    endloop
  endfacet
  facet normal -0.988959 0.148186 0
    outer loop
      vertex 177.095 8.19218 11.4
      vertex 177.079 8.0854 3.3
      vertex 177.079 8.0854 11.4
    endloop
  endfacet
  facet normal -0.859754 -0.510708 0
    outer loop
      vertex 176.97 8.81854 3.3
      vertex 176.915 8.91113 11.4
      vertex 176.915 8.91113 3.3
    endloop
  endfacet
  facet normal -0.859754 -0.510708 0
    outer loop
      vertex 176.915 8.91113 11.4
      vertex 176.97 8.81854 3.3
      vertex 176.97 8.81854 11.4
    endloop
  endfacet
  facet normal 0.335775 -0.941942 0
    outer loop
      vertex 175.579 9.31627 3.3
      vertex 175.681 9.35263 11.4
      vertex 175.579 9.31627 11.4
    endloop
  endfacet
  facet normal 0.335775 -0.941942 0
    outer loop
      vertex 175.681 9.35263 11.4
      vertex 175.579 9.31627 3.3
      vertex 175.681 9.35263 3.3
    endloop
  endfacet
  facet normal -0.859754 0.510708 0
    outer loop
      vertex 176.915 7.68887 3.3
      vertex 176.97 7.78146 11.4
      vertex 176.97 7.78146 3.3
    endloop
  endfacet
  facet normal -0.859754 0.510708 0
    outer loop
      vertex 176.97 7.78146 11.4
      vertex 176.915 7.68887 3.3
      vertex 176.915 7.68887 11.4
    endloop
  endfacet
  facet normal -0.671469 -0.741033 0
    outer loop
      vertex 176.698 9.15031 3.3
      vertex 176.778 9.07782 11.4
      vertex 176.698 9.15031 11.4
    endloop
  endfacet
  facet normal -0.671469 -0.741033 -0
    outer loop
      vertex 176.778 9.07782 11.4
      vertex 176.698 9.15031 3.3
      vertex 176.778 9.07782 3.3
    endloop
  endfacet
  facet normal 0.671469 -0.741033 0
    outer loop
      vertex 175.222 9.07782 3.3
      vertex 175.302 9.15031 11.4
      vertex 175.222 9.07782 11.4
    endloop
  endfacet
  facet normal 0.671469 -0.741033 0
    outer loop
      vertex 175.302 9.15031 11.4
      vertex 175.222 9.07782 3.3
      vertex 175.302 9.15031 3.3
    endloop
  endfacet
  facet normal 0.0490151 0.998798 -0
    outer loop
      vertex 176 7.2 3.3
      vertex 175.892 7.2053 11.4
      vertex 176 7.2 11.4
    endloop
  endfacet
  facet normal 0.0490151 0.998798 0
    outer loop
      vertex 175.892 7.2053 11.4
      vertex 176 7.2 3.3
      vertex 175.892 7.2053 3.3
    endloop
  endfacet
  facet normal -0.594425 0.804151 0
    outer loop
      vertex 176.698 7.44969 3.3
      vertex 176.611 7.38538 11.4
      vertex 176.698 7.44969 11.4
    endloop
  endfacet
  facet normal -0.594425 0.804151 0
    outer loop
      vertex 176.611 7.38538 11.4
      vertex 176.698 7.44969 3.3
      vertex 176.611 7.38538 3.3
    endloop
  endfacet
  facet normal 0.859754 -0.510708 0
    outer loop
      vertex 175.03 8.81854 11.4
      vertex 175.085 8.91113 3.3
      vertex 175.085 8.91113 11.4
    endloop
  endfacet
  facet normal 0.859754 -0.510708 0
    outer loop
      vertex 175.085 8.91113 3.3
      vertex 175.03 8.81854 11.4
      vertex 175.03 8.81854 3.3
    endloop
  endfacet
  facet normal 0.90455 0.426368 0
    outer loop
      vertex 175.03 7.78146 11.4
      vertex 174.984 7.87905 3.3
      vertex 174.984 7.87905 11.4
    endloop
  endfacet
  facet normal 0.90455 0.426368 0
    outer loop
      vertex 174.984 7.87905 3.3
      vertex 175.03 7.78146 11.4
      vertex 175.03 7.78146 3.3
    endloop
  endfacet
  facet normal 0.998926 0.0463238 0
    outer loop
      vertex 174.905 8.19218 11.4
      vertex 174.9 8.3 3.3
      vertex 174.9 8.3 11.4
    endloop
  endfacet
  facet normal 0.998926 0.0463238 0
    outer loop
      vertex 174.9 8.3 3.3
      vertex 174.905 8.19218 11.4
      vertex 174.905 8.19218 3.3
    endloop
  endfacet
  facet normal -0.516479 0.8563 0
    outer loop
      vertex 176.611 7.38538 3.3
      vertex 176.519 7.32989 11.4
      vertex 176.611 7.38538 11.4
    endloop
  endfacet
  facet normal -0.516479 0.8563 0
    outer loop
      vertex 176.519 7.32989 11.4
      vertex 176.611 7.38538 3.3
      vertex 176.519 7.32989 3.3
    endloop
  endfacet
  facet normal -0.800111 0.599852 0
    outer loop
      vertex 176.85 7.60217 3.3
      vertex 176.915 7.68887 11.4
      vertex 176.915 7.68887 3.3
    endloop
  endfacet
  facet normal -0.800111 0.599852 0
    outer loop
      vertex 176.915 7.68887 11.4
      vertex 176.85 7.60217 3.3
      vertex 176.85 7.60217 11.4
    endloop
  endfacet
  facet normal 0.859754 0.510708 0
    outer loop
      vertex 175.085 7.68887 11.4
      vertex 175.03 7.78146 3.3
      vertex 175.03 7.78146 11.4
    endloop
  endfacet
  facet normal 0.859754 0.510708 0
    outer loop
      vertex 175.03 7.78146 3.3
      vertex 175.085 7.68887 11.4
      vertex 175.085 7.68887 3.3
    endloop
  endfacet
  facet normal 0.939675 0.34207 0
    outer loop
      vertex 174.984 7.87905 11.4
      vertex 174.947 7.98069 3.3
      vertex 174.947 7.98069 11.4
    endloop
  endfacet
  facet normal 0.939675 0.34207 0
    outer loop
      vertex 174.947 7.98069 3.3
      vertex 174.984 7.87905 11.4
      vertex 174.984 7.87905 3.3
    endloop
  endfacet
  facet normal 0.516479 0.8563 -0
    outer loop
      vertex 175.481 7.32989 3.3
      vertex 175.389 7.38538 11.4
      vertex 175.481 7.32989 11.4
    endloop
  endfacet
  facet normal 0.516479 0.8563 0
    outer loop
      vertex 175.389 7.38538 11.4
      vertex 175.481 7.32989 3.3
      vertex 175.389 7.38538 3.3
    endloop
  endfacet
  facet normal 0.800111 -0.599852 0
    outer loop
      vertex 175.085 8.91113 11.4
      vertex 175.15 8.99783 3.3
      vertex 175.15 8.99783 11.4
    endloop
  endfacet
  facet normal 0.800111 -0.599852 0
    outer loop
      vertex 175.15 8.99783 3.3
      vertex 175.085 8.91113 11.4
      vertex 175.085 8.91113 3.3
    endloop
  endfacet
  facet normal 0.426117 0.904668 -0
    outer loop
      vertex 175.579 7.28373 3.3
      vertex 175.481 7.32989 11.4
      vertex 175.579 7.28373 11.4
    endloop
  endfacet
  facet normal 0.426117 0.904668 0
    outer loop
      vertex 175.481 7.32989 11.4
      vertex 175.579 7.28373 3.3
      vertex 175.481 7.32989 3.3
    endloop
  endfacet
  facet normal 0.939675 -0.34207 0
    outer loop
      vertex 174.947 8.61931 11.4
      vertex 174.984 8.72095 3.3
      vertex 174.984 8.72095 11.4
    endloop
  endfacet
  facet normal 0.939675 -0.34207 0
    outer loop
      vertex 174.984 8.72095 3.3
      vertex 174.947 8.61931 11.4
      vertex 174.947 8.61931 3.3
    endloop
  endfacet
  facet normal -0.988959 -0.148186 0
    outer loop
      vertex 205.095 8.40782 3.3
      vertex 205.079 8.5146 11.4
      vertex 205.079 8.5146 3.3
    endloop
  endfacet
  facet normal -0.988959 -0.148186 0
    outer loop
      vertex 205.079 8.5146 11.4
      vertex 205.095 8.40782 3.3
      vertex 205.095 8.40782 11.4
    endloop
  endfacet
  facet normal -0.998926 -0.0463238 0
    outer loop
      vertex 205.1 8.3 3.3
      vertex 205.095 8.40782 11.4
      vertex 205.095 8.40782 3.3
    endloop
  endfacet
  facet normal -0.998926 -0.0463238 0
    outer loop
      vertex 205.095 8.40782 11.4
      vertex 205.1 8.3 3.3
      vertex 205.1 8.3 11.4
    endloop
  endfacet
  facet normal -0.970528 -0.240987 0
    outer loop
      vertex 205.079 8.5146 3.3
      vertex 205.053 8.61931 11.4
      vertex 205.053 8.61931 3.3
    endloop
  endfacet
  facet normal -0.970528 -0.240987 0
    outer loop
      vertex 205.053 8.61931 11.4
      vertex 205.079 8.5146 3.3
      vertex 205.079 8.5146 11.4
    endloop
  endfacet
  facet normal 0.970528 -0.240987 0
    outer loop
      vertex 202.921 8.5146 11.4
      vertex 202.947 8.61931 3.3
      vertex 202.947 8.61931 11.4
    endloop
  endfacet
  facet normal 0.970528 -0.240987 0
    outer loop
      vertex 202.947 8.61931 3.3
      vertex 202.921 8.5146 11.4
      vertex 202.921 8.5146 3.3
    endloop
  endfacet
  facet normal 0.426117 -0.904668 0
    outer loop
      vertex 203.481 9.27011 3.3
      vertex 203.579 9.31627 11.4
      vertex 203.481 9.27011 11.4
    endloop
  endfacet
  facet normal 0.426117 -0.904668 0
    outer loop
      vertex 203.579 9.31627 11.4
      vertex 203.481 9.27011 3.3
      vertex 203.579 9.31627 3.3
    endloop
  endfacet
  facet normal -0.335775 -0.941942 0
    outer loop
      vertex 204.319 9.35263 3.3
      vertex 204.421 9.31627 11.4
      vertex 204.319 9.35263 11.4
    endloop
  endfacet
  facet normal -0.335775 -0.941942 -0
    outer loop
      vertex 204.421 9.31627 11.4
      vertex 204.319 9.35263 3.3
      vertex 204.421 9.31627 3.3
    endloop
  endfacet
  facet normal -0.146441 -0.989219 0
    outer loop
      vertex 204.108 9.3947 3.3
      vertex 204.215 9.37886 11.4
      vertex 204.108 9.3947 11.4
    endloop
  endfacet
  facet normal -0.146441 -0.989219 -0
    outer loop
      vertex 204.215 9.37886 11.4
      vertex 204.108 9.3947 3.3
      vertex 204.215 9.37886 3.3
    endloop
  endfacet
  facet normal 0.516479 -0.8563 0
    outer loop
      vertex 203.389 9.21462 3.3
      vertex 203.481 9.27011 11.4
      vertex 203.389 9.21462 11.4
    endloop
  endfacet
  facet normal 0.516479 -0.8563 0
    outer loop
      vertex 203.481 9.27011 11.4
      vertex 203.389 9.21462 3.3
      vertex 203.481 9.27011 3.3
    endloop
  endfacet
  facet normal -0.998926 0.0463238 0
    outer loop
      vertex 205.095 8.19218 3.3
      vertex 205.1 8.3 11.4
      vertex 205.1 8.3 3.3
    endloop
  endfacet
  facet normal -0.998926 0.0463238 0
    outer loop
      vertex 205.1 8.3 11.4
      vertex 205.095 8.19218 3.3
      vertex 205.095 8.19218 11.4
    endloop
  endfacet
  facet normal -0.244466 0.969658 0
    outer loop
      vertex 204.319 7.24736 3.3
      vertex 204.215 7.22114 11.4
      vertex 204.319 7.24736 11.4
    endloop
  endfacet
  facet normal -0.244466 0.969658 0
    outer loop
      vertex 204.215 7.22114 11.4
      vertex 204.319 7.24736 3.3
      vertex 204.215 7.22114 3.3
    endloop
  endfacet
  facet normal 0.0490151 -0.998798 0
    outer loop
      vertex 203.892 9.3947 3.3
      vertex 204 9.4 11.4
      vertex 203.892 9.3947 11.4
    endloop
  endfacet
  facet normal 0.0490151 -0.998798 0
    outer loop
      vertex 204 9.4 11.4
      vertex 203.892 9.3947 3.3
      vertex 204 9.4 3.3
    endloop
  endfacet
  facet normal 0.988959 0.148186 0
    outer loop
      vertex 202.921 8.0854 11.4
      vertex 202.905 8.19218 3.3
      vertex 202.905 8.19218 11.4
    endloop
  endfacet
  facet normal 0.988959 0.148186 0
    outer loop
      vertex 202.905 8.19218 3.3
      vertex 202.921 8.0854 11.4
      vertex 202.921 8.0854 3.3
    endloop
  endfacet
  facet normal 0.743253 -0.669011 0
    outer loop
      vertex 203.15 8.99783 11.4
      vertex 203.222 9.07782 3.3
      vertex 203.222 9.07782 11.4
    endloop
  endfacet
  facet normal 0.743253 -0.669011 0
    outer loop
      vertex 203.222 9.07782 3.3
      vertex 203.15 8.99783 11.4
      vertex 203.15 8.99783 3.3
    endloop
  endfacet
  facet normal 0.244466 0.969658 -0
    outer loop
      vertex 203.785 7.22114 3.3
      vertex 203.681 7.24736 11.4
      vertex 203.785 7.22114 11.4
    endloop
  endfacet
  facet normal 0.244466 0.969658 0
    outer loop
      vertex 203.681 7.24736 11.4
      vertex 203.785 7.22114 3.3
      vertex 203.681 7.24736 3.3
    endloop
  endfacet
  facet normal -0.426117 0.904668 0
    outer loop
      vertex 204.519 7.32989 3.3
      vertex 204.421 7.28373 11.4
      vertex 204.519 7.32989 11.4
    endloop
  endfacet
  facet normal -0.426117 0.904668 0
    outer loop
      vertex 204.421 7.28373 11.4
      vertex 204.519 7.32989 3.3
      vertex 204.421 7.28373 3.3
    endloop
  endfacet
  facet normal 0.594425 0.804151 -0
    outer loop
      vertex 203.389 7.38538 3.3
      vertex 203.302 7.44969 11.4
      vertex 203.389 7.38538 11.4
    endloop
  endfacet
  facet normal 0.594425 0.804151 0
    outer loop
      vertex 203.302 7.44969 11.4
      vertex 203.389 7.38538 3.3
      vertex 203.302 7.44969 3.3
    endloop
  endfacet
  facet normal -0.146441 0.989219 0
    outer loop
      vertex 204.215 7.22114 3.3
      vertex 204.108 7.2053 11.4
      vertex 204.215 7.22114 11.4
    endloop
  endfacet
  facet normal -0.146441 0.989219 0
    outer loop
      vertex 204.108 7.2053 11.4
      vertex 204.215 7.22114 3.3
      vertex 204.108 7.2053 3.3
    endloop
  endfacet
  facet normal 0.146441 -0.989219 0
    outer loop
      vertex 203.785 9.37886 3.3
      vertex 203.892 9.3947 11.4
      vertex 203.785 9.37886 11.4
    endloop
  endfacet
  facet normal 0.146441 -0.989219 0
    outer loop
      vertex 203.892 9.3947 11.4
      vertex 203.785 9.37886 3.3
      vertex 203.892 9.3947 3.3
    endloop
  endfacet
  facet normal 0.988959 -0.148186 0
    outer loop
      vertex 202.905 8.40782 11.4
      vertex 202.921 8.5146 3.3
      vertex 202.921 8.5146 11.4
    endloop
  endfacet
  facet normal 0.988959 -0.148186 0
    outer loop
      vertex 202.921 8.5146 3.3
      vertex 202.905 8.40782 11.4
      vertex 202.905 8.40782 3.3
    endloop
  endfacet
  facet normal -0.90455 0.426368 0
    outer loop
      vertex 204.97 7.78146 3.3
      vertex 205.016 7.87905 11.4
      vertex 205.016 7.87905 3.3
    endloop
  endfacet
  facet normal -0.90455 0.426368 0
    outer loop
      vertex 205.016 7.87905 11.4
      vertex 204.97 7.78146 3.3
      vertex 204.97 7.78146 11.4
    endloop
  endfacet
  facet normal 0.671469 0.741033 -0
    outer loop
      vertex 203.302 7.44969 3.3
      vertex 203.222 7.52218 11.4
      vertex 203.302 7.44969 11.4
    endloop
  endfacet
  facet normal 0.671469 0.741033 0
    outer loop
      vertex 203.222 7.52218 11.4
      vertex 203.302 7.44969 3.3
      vertex 203.222 7.52218 3.3
    endloop
  endfacet
  facet normal -0.743253 -0.669011 0
    outer loop
      vertex 204.85 8.99783 3.3
      vertex 204.778 9.07782 11.4
      vertex 204.778 9.07782 3.3
    endloop
  endfacet
  facet normal -0.743253 -0.669011 0
    outer loop
      vertex 204.778 9.07782 11.4
      vertex 204.85 8.99783 3.3
      vertex 204.85 8.99783 11.4
    endloop
  endfacet
  facet normal 0.244553 -0.969636 0
    outer loop
      vertex 203.681 9.35263 3.3
      vertex 203.785 9.37886 11.4
      vertex 203.681 9.35263 11.4
    endloop
  endfacet
  facet normal 0.244553 -0.969636 0
    outer loop
      vertex 203.785 9.37886 11.4
      vertex 203.681 9.35263 3.3
      vertex 203.785 9.37886 3.3
    endloop
  endfacet
  facet normal -0.426117 -0.904668 0
    outer loop
      vertex 204.421 9.31627 3.3
      vertex 204.519 9.27011 11.4
      vertex 204.421 9.31627 11.4
    endloop
  endfacet
  facet normal -0.426117 -0.904668 -0
    outer loop
      vertex 204.519 9.27011 11.4
      vertex 204.421 9.31627 3.3
      vertex 204.519 9.27011 3.3
    endloop
  endfacet
  facet normal -0.0490151 0.998798 0
    outer loop
      vertex 204.108 7.2053 3.3
      vertex 204 7.2 11.4
      vertex 204.108 7.2053 11.4
    endloop
  endfacet
  facet normal -0.0490151 0.998798 0
    outer loop
      vertex 204 7.2 11.4
      vertex 204.108 7.2053 3.3
      vertex 204 7.2 3.3
    endloop
  endfacet
  facet normal 0.146441 0.989219 -0
    outer loop
      vertex 203.892 7.2053 3.3
      vertex 203.785 7.22114 11.4
      vertex 203.892 7.2053 11.4
    endloop
  endfacet
  facet normal 0.146441 0.989219 0
    outer loop
      vertex 203.785 7.22114 11.4
      vertex 203.892 7.2053 3.3
      vertex 203.785 7.22114 3.3
    endloop
  endfacet
  facet normal 0.90455 -0.426368 0
    outer loop
      vertex 202.984 8.72095 11.4
      vertex 203.03 8.81854 3.3
      vertex 203.03 8.81854 11.4
    endloop
  endfacet
  facet normal 0.90455 -0.426368 0
    outer loop
      vertex 203.03 8.81854 3.3
      vertex 202.984 8.72095 11.4
      vertex 202.984 8.72095 3.3
    endloop
  endfacet
  facet normal -0.800111 -0.599852 0
    outer loop
      vertex 204.915 8.91113 3.3
      vertex 204.85 8.99783 11.4
      vertex 204.85 8.99783 3.3
    endloop
  endfacet
  facet normal -0.800111 -0.599852 0
    outer loop
      vertex 204.85 8.99783 11.4
      vertex 204.915 8.91113 3.3
      vertex 204.915 8.91113 11.4
    endloop
  endfacet
  facet normal 0.800111 0.599852 0
    outer loop
      vertex 203.15 7.60217 11.4
      vertex 203.085 7.68887 3.3
      vertex 203.085 7.68887 11.4
    endloop
  endfacet
  facet normal 0.800111 0.599852 0
    outer loop
      vertex 203.085 7.68887 3.3
      vertex 203.15 7.60217 11.4
      vertex 203.15 7.60217 3.3
    endloop
  endfacet
  facet normal 0.743253 0.669011 0
    outer loop
      vertex 203.222 7.52218 11.4
      vertex 203.15 7.60217 3.3
      vertex 203.15 7.60217 11.4
    endloop
  endfacet
  facet normal 0.743253 0.669011 0
    outer loop
      vertex 203.15 7.60217 3.3
      vertex 203.222 7.52218 11.4
      vertex 203.222 7.52218 3.3
    endloop
  endfacet
  facet normal 0.335857 0.941913 -0
    outer loop
      vertex 203.681 7.24736 3.3
      vertex 203.579 7.28373 11.4
      vertex 203.681 7.24736 11.4
    endloop
  endfacet
  facet normal 0.335857 0.941913 0
    outer loop
      vertex 203.579 7.28373 11.4
      vertex 203.681 7.24736 3.3
      vertex 203.579 7.28373 3.3
    endloop
  endfacet
  facet normal 0.998926 -0.0463238 0
    outer loop
      vertex 202.9 8.3 11.4
      vertex 202.905 8.40782 3.3
      vertex 202.905 8.40782 11.4
    endloop
  endfacet
  facet normal 0.998926 -0.0463238 0
    outer loop
      vertex 202.905 8.40782 3.3
      vertex 202.9 8.3 11.4
      vertex 202.9 8.3 3.3
    endloop
  endfacet
  facet normal -0.335857 0.941913 0
    outer loop
      vertex 204.421 7.28373 3.3
      vertex 204.319 7.24736 11.4
      vertex 204.421 7.28373 11.4
    endloop
  endfacet
  facet normal -0.335857 0.941913 0
    outer loop
      vertex 204.319 7.24736 11.4
      vertex 204.421 7.28373 3.3
      vertex 204.319 7.24736 3.3
    endloop
  endfacet
  facet normal -0.970528 0.240987 0
    outer loop
      vertex 205.053 7.98069 3.3
      vertex 205.079 8.0854 11.4
      vertex 205.079 8.0854 3.3
    endloop
  endfacet
  facet normal -0.970528 0.240987 0
    outer loop
      vertex 205.079 8.0854 11.4
      vertex 205.053 7.98069 3.3
      vertex 205.053 7.98069 11.4
    endloop
  endfacet
  facet normal -0.939675 0.34207 0
    outer loop
      vertex 205.016 7.87905 3.3
      vertex 205.053 7.98069 11.4
      vertex 205.053 7.98069 3.3
    endloop
  endfacet
  facet normal -0.939675 0.34207 0
    outer loop
      vertex 205.053 7.98069 11.4
      vertex 205.016 7.87905 3.3
      vertex 205.016 7.87905 11.4
    endloop
  endfacet
  facet normal -0.0490151 -0.998798 0
    outer loop
      vertex 204 9.4 3.3
      vertex 204.108 9.3947 11.4
      vertex 204 9.4 11.4
    endloop
  endfacet
  facet normal -0.0490151 -0.998798 -0
    outer loop
      vertex 204.108 9.3947 11.4
      vertex 204 9.4 3.3
      vertex 204.108 9.3947 3.3
    endloop
  endfacet
  facet normal -0.743253 0.669011 0
    outer loop
      vertex 204.778 7.52218 3.3
      vertex 204.85 7.60217 11.4
      vertex 204.85 7.60217 3.3
    endloop
  endfacet
  facet normal -0.743253 0.669011 0
    outer loop
      vertex 204.85 7.60217 11.4
      vertex 204.778 7.52218 3.3
      vertex 204.778 7.52218 11.4
    endloop
  endfacet
  facet normal 0.594425 -0.804151 0
    outer loop
      vertex 203.302 9.15031 3.3
      vertex 203.389 9.21462 11.4
      vertex 203.302 9.15031 11.4
    endloop
  endfacet
  facet normal 0.594425 -0.804151 0
    outer loop
      vertex 203.389 9.21462 11.4
      vertex 203.302 9.15031 3.3
      vertex 203.389 9.21462 3.3
    endloop
  endfacet
  facet normal -0.516479 -0.8563 0
    outer loop
      vertex 204.519 9.27011 3.3
      vertex 204.611 9.21462 11.4
      vertex 204.519 9.27011 11.4
    endloop
  endfacet
  facet normal -0.516479 -0.8563 -0
    outer loop
      vertex 204.611 9.21462 11.4
      vertex 204.519 9.27011 3.3
      vertex 204.611 9.21462 3.3
    endloop
  endfacet
  facet normal -0.244553 -0.969636 0
    outer loop
      vertex 204.215 9.37886 3.3
      vertex 204.319 9.35263 11.4
      vertex 204.215 9.37886 11.4
    endloop
  endfacet
  facet normal -0.244553 -0.969636 -0
    outer loop
      vertex 204.319 9.35263 11.4
      vertex 204.215 9.37886 3.3
      vertex 204.319 9.35263 3.3
    endloop
  endfacet
  facet normal -0.939675 -0.34207 0
    outer loop
      vertex 205.053 8.61931 3.3
      vertex 205.016 8.72095 11.4
      vertex 205.016 8.72095 3.3
    endloop
  endfacet
  facet normal -0.939675 -0.34207 0
    outer loop
      vertex 205.016 8.72095 11.4
      vertex 205.053 8.61931 3.3
      vertex 205.053 8.61931 11.4
    endloop
  endfacet
  facet normal -0.594425 -0.804151 0
    outer loop
      vertex 204.611 9.21462 3.3
      vertex 204.698 9.15031 11.4
      vertex 204.611 9.21462 11.4
    endloop
  endfacet
  facet normal -0.594425 -0.804151 -0
    outer loop
      vertex 204.698 9.15031 11.4
      vertex 204.611 9.21462 3.3
      vertex 204.698 9.15031 3.3
    endloop
  endfacet
  facet normal -0.671469 0.741033 0
    outer loop
      vertex 204.778 7.52218 3.3
      vertex 204.698 7.44969 11.4
      vertex 204.778 7.52218 11.4
    endloop
  endfacet
  facet normal -0.671469 0.741033 0
    outer loop
      vertex 204.698 7.44969 11.4
      vertex 204.778 7.52218 3.3
      vertex 204.698 7.44969 3.3
    endloop
  endfacet
  facet normal 0.970528 0.240987 0
    outer loop
      vertex 202.947 7.98069 11.4
      vertex 202.921 8.0854 3.3
      vertex 202.921 8.0854 11.4
    endloop
  endfacet
  facet normal 0.970528 0.240987 0
    outer loop
      vertex 202.921 8.0854 3.3
      vertex 202.947 7.98069 11.4
      vertex 202.947 7.98069 3.3
    endloop
  endfacet
  facet normal -0.90455 -0.426368 0
    outer loop
      vertex 205.016 8.72095 3.3
      vertex 204.97 8.81854 11.4
      vertex 204.97 8.81854 3.3
    endloop
  endfacet
  facet normal -0.90455 -0.426368 0
    outer loop
      vertex 204.97 8.81854 11.4
      vertex 205.016 8.72095 3.3
      vertex 205.016 8.72095 11.4
    endloop
  endfacet
  facet normal -0.988959 0.148186 0
    outer loop
      vertex 205.079 8.0854 3.3
      vertex 205.095 8.19218 11.4
      vertex 205.095 8.19218 3.3
    endloop
  endfacet
  facet normal -0.988959 0.148186 0
    outer loop
      vertex 205.095 8.19218 11.4
      vertex 205.079 8.0854 3.3
      vertex 205.079 8.0854 11.4
    endloop
  endfacet
  facet normal -0.859754 -0.510708 0
    outer loop
      vertex 204.97 8.81854 3.3
      vertex 204.915 8.91113 11.4
      vertex 204.915 8.91113 3.3
    endloop
  endfacet
  facet normal -0.859754 -0.510708 0
    outer loop
      vertex 204.915 8.91113 11.4
      vertex 204.97 8.81854 3.3
      vertex 204.97 8.81854 11.4
    endloop
  endfacet
  facet normal 0.335775 -0.941942 0
    outer loop
      vertex 203.579 9.31627 3.3
      vertex 203.681 9.35263 11.4
      vertex 203.579 9.31627 11.4
    endloop
  endfacet
  facet normal 0.335775 -0.941942 0
    outer loop
      vertex 203.681 9.35263 11.4
      vertex 203.579 9.31627 3.3
      vertex 203.681 9.35263 3.3
    endloop
  endfacet
  facet normal -0.859754 0.510708 0
    outer loop
      vertex 204.915 7.68887 3.3
      vertex 204.97 7.78146 11.4
      vertex 204.97 7.78146 3.3
    endloop
  endfacet
  facet normal -0.859754 0.510708 0
    outer loop
      vertex 204.97 7.78146 11.4
      vertex 204.915 7.68887 3.3
      vertex 204.915 7.68887 11.4
    endloop
  endfacet
  facet normal -0.671469 -0.741033 0
    outer loop
      vertex 204.698 9.15031 3.3
      vertex 204.778 9.07782 11.4
      vertex 204.698 9.15031 11.4
    endloop
  endfacet
  facet normal -0.671469 -0.741033 -0
    outer loop
      vertex 204.778 9.07782 11.4
      vertex 204.698 9.15031 3.3
      vertex 204.778 9.07782 3.3
    endloop
  endfacet
  facet normal 0.671469 -0.741033 0
    outer loop
      vertex 203.222 9.07782 3.3
      vertex 203.302 9.15031 11.4
      vertex 203.222 9.07782 11.4
    endloop
  endfacet
  facet normal 0.671469 -0.741033 0
    outer loop
      vertex 203.302 9.15031 11.4
      vertex 203.222 9.07782 3.3
      vertex 203.302 9.15031 3.3
    endloop
  endfacet
  facet normal 0.0490151 0.998798 -0
    outer loop
      vertex 204 7.2 3.3
      vertex 203.892 7.2053 11.4
      vertex 204 7.2 11.4
    endloop
  endfacet
  facet normal 0.0490151 0.998798 0
    outer loop
      vertex 203.892 7.2053 11.4
      vertex 204 7.2 3.3
      vertex 203.892 7.2053 3.3
    endloop
  endfacet
  facet normal -0.594425 0.804151 0
    outer loop
      vertex 204.698 7.44969 3.3
      vertex 204.611 7.38538 11.4
      vertex 204.698 7.44969 11.4
    endloop
  endfacet
  facet normal -0.594425 0.804151 0
    outer loop
      vertex 204.611 7.38538 11.4
      vertex 204.698 7.44969 3.3
      vertex 204.611 7.38538 3.3
    endloop
  endfacet
  facet normal 0.859754 -0.510708 0
    outer loop
      vertex 203.03 8.81854 11.4
      vertex 203.085 8.91113 3.3
      vertex 203.085 8.91113 11.4
    endloop
  endfacet
  facet normal 0.859754 -0.510708 0
    outer loop
      vertex 203.085 8.91113 3.3
      vertex 203.03 8.81854 11.4
      vertex 203.03 8.81854 3.3
    endloop
  endfacet
  facet normal 0.90455 0.426368 0
    outer loop
      vertex 203.03 7.78146 11.4
      vertex 202.984 7.87905 3.3
      vertex 202.984 7.87905 11.4
    endloop
  endfacet
  facet normal 0.90455 0.426368 0
    outer loop
      vertex 202.984 7.87905 3.3
      vertex 203.03 7.78146 11.4
      vertex 203.03 7.78146 3.3
    endloop
  endfacet
  facet normal 0.998926 0.0463238 0
    outer loop
      vertex 202.905 8.19218 11.4
      vertex 202.9 8.3 3.3
      vertex 202.9 8.3 11.4
    endloop
  endfacet
  facet normal 0.998926 0.0463238 0
    outer loop
      vertex 202.9 8.3 3.3
      vertex 202.905 8.19218 11.4
      vertex 202.905 8.19218 3.3
    endloop
  endfacet
  facet normal -0.516479 0.8563 0
    outer loop
      vertex 204.611 7.38538 3.3
      vertex 204.519 7.32989 11.4
      vertex 204.611 7.38538 11.4
    endloop
  endfacet
  facet normal -0.516479 0.8563 0
    outer loop
      vertex 204.519 7.32989 11.4
      vertex 204.611 7.38538 3.3
      vertex 204.519 7.32989 3.3
    endloop
  endfacet
  facet normal -0.800111 0.599852 0
    outer loop
      vertex 204.85 7.60217 3.3
      vertex 204.915 7.68887 11.4
      vertex 204.915 7.68887 3.3
    endloop
  endfacet
  facet normal -0.800111 0.599852 0
    outer loop
      vertex 204.915 7.68887 11.4
      vertex 204.85 7.60217 3.3
      vertex 204.85 7.60217 11.4
    endloop
  endfacet
  facet normal 0.859754 0.510708 0
    outer loop
      vertex 203.085 7.68887 11.4
      vertex 203.03 7.78146 3.3
      vertex 203.03 7.78146 11.4
    endloop
  endfacet
  facet normal 0.859754 0.510708 0
    outer loop
      vertex 203.03 7.78146 3.3
      vertex 203.085 7.68887 11.4
      vertex 203.085 7.68887 3.3
    endloop
  endfacet
  facet normal 0.939675 0.34207 0
    outer loop
      vertex 202.984 7.87905 11.4
      vertex 202.947 7.98069 3.3
      vertex 202.947 7.98069 11.4
    endloop
  endfacet
  facet normal 0.939675 0.34207 0
    outer loop
      vertex 202.947 7.98069 3.3
      vertex 202.984 7.87905 11.4
      vertex 202.984 7.87905 3.3
    endloop
  endfacet
  facet normal 0.516479 0.8563 -0
    outer loop
      vertex 203.481 7.32989 3.3
      vertex 203.389 7.38538 11.4
      vertex 203.481 7.32989 11.4
    endloop
  endfacet
  facet normal 0.516479 0.8563 0
    outer loop
      vertex 203.389 7.38538 11.4
      vertex 203.481 7.32989 3.3
      vertex 203.389 7.38538 3.3
    endloop
  endfacet
  facet normal 0.800111 -0.599852 0
    outer loop
      vertex 203.085 8.91113 11.4
      vertex 203.15 8.99783 3.3
      vertex 203.15 8.99783 11.4
    endloop
  endfacet
  facet normal 0.800111 -0.599852 0
    outer loop
      vertex 203.15 8.99783 3.3
      vertex 203.085 8.91113 11.4
      vertex 203.085 8.91113 3.3
    endloop
  endfacet
  facet normal 0.426117 0.904668 -0
    outer loop
      vertex 203.579 7.28373 3.3
      vertex 203.481 7.32989 11.4
      vertex 203.579 7.28373 11.4
    endloop
  endfacet
  facet normal 0.426117 0.904668 0
    outer loop
      vertex 203.481 7.32989 11.4
      vertex 203.579 7.28373 3.3
      vertex 203.481 7.32989 3.3
    endloop
  endfacet
  facet normal 0.939675 -0.34207 0
    outer loop
      vertex 202.947 8.61931 11.4
      vertex 202.984 8.72095 3.3
      vertex 202.984 8.72095 11.4
    endloop
  endfacet
  facet normal 0.939675 -0.34207 0
    outer loop
      vertex 202.984 8.72095 3.3
      vertex 202.947 8.61931 11.4
      vertex 202.947 8.61931 3.3
    endloop
  endfacet
  facet normal -0.725492 -0.0356623 0.687306
    outer loop
      vertex 9.1 8.3 11.4
      vertex 9.95235 8.30567 12.3
      vertex 9.0947 8.40782 11.4
    endloop
  endfacet
  facet normal -0.725487 -0.0358265 0.687302
    outer loop
      vertex 9.95235 8.30567 12.3
      vertex 9.1 8.3 11.4
      vertex 9.95263 8.3 12.3
    endloop
  endfacet
  facet normal -0.106645 -0.718507 0.687295
    outer loop
      vertex 8.37532 10.2159 12.3
      vertex 8.19139 10.2432 12.3
      vertex 8.10782 9.3947 11.4
    endloop
  endfacet
  facet normal -0.487803 -0.538197 0.687308
    outer loop
      vertex 9.37651 9.68453 12.3
      vertex 9.23874 9.8094 12.3
      vertex 8.69783 9.15031 11.4
    endloop
  endfacet
  facet normal 0.704601 0.176492 0.687305
    outer loop
      vertex 6.13145 7.73318 12.3
      vertex 6.94736 7.98069 11.4
      vertex 6.08627 7.91355 12.3
    endloop
  endfacet
  facet normal -0.683906 -0.244701 0.687309
    outer loop
      vertex 9.86855 8.86682 12.3
      vertex 9.80591 9.04189 12.3
      vertex 9.05263 8.61931 11.4
    endloop
  endfacet
  facet normal -0.244226 0.684089 0.687296
    outer loop
      vertex 8.42095 7.28373 11.4
      vertex 8.74189 6.49409 12.3
      vertex 8.74724 6.496 12.3
    endloop
  endfacet
  facet normal -0.244721 0.683901 0.687307
    outer loop
      vertex 8.74189 6.49409 12.3
      vertex 8.42095 7.28373 11.4
      vertex 8.31931 7.24736 11.4
    endloop
  endfacet
  facet normal -0.65662 -0.310574 0.687309
    outer loop
      vertex 9.80157 9.05238 12.3
      vertex 9.72207 9.22046 12.3
      vertex 8.97011 8.81854 11.4
    endloop
  endfacet
  facet normal 0.718505 -0.106567 0.68731
    outer loop
      vertex 6.9053 8.40782 11.4
      vertex 6.08405 8.67532 12.3
      vertex 6.05677 8.49139 12.3
    endloop
  endfacet
  facet normal -0.244564 -0.683959 0.687305
    outer loop
      vertex 8.74724 10.104 12.3
      vertex 8.57217 10.1666 12.3
      vertex 8.42095 9.31627 11.4
    endloop
  endfacet
  facet normal -0.254436 -0.680615 0.687041
    outer loop
      vertex 8.31931 9.35263 11.4
      vertex 8.57217 10.1666 12.3
      vertex 8.56682 10.1686 12.3
    endloop
  endfacet
  facet normal -0.244665 -0.683932 0.687296
    outer loop
      vertex 8.57217 10.1666 12.3
      vertex 8.31931 9.35263 11.4
      vertex 8.42095 9.31627 11.4
    endloop
  endfacet
  facet normal -0.310574 0.65662 0.687309
    outer loop
      vertex 8.75238 6.49843 12.3
      vertex 8.92046 6.57793 12.3
      vertex 8.51854 7.32989 11.4
    endloop
  endfacet
  facet normal 0.432707 -0.583414 0.687309
    outer loop
      vertex 7.30217 9.15031 11.4
      vertex 6.91061 9.92017 12.3
      vertex 6.76126 9.8094 12.3
    endloop
  endfacet
  facet normal -0.704595 0.176502 0.687308
    outer loop
      vertex 9.05263 7.98069 11.4
      vertex 9.91511 7.91906 12.3
      vertex 9.07886 8.0854 11.4
    endloop
  endfacet
  facet normal -0.704601 0.17647 0.687311
    outer loop
      vertex 9.91511 7.91906 12.3
      vertex 9.05263 7.98069 11.4
      vertex 9.91373 7.91355 12.3
    endloop
  endfacet
  facet normal 0.487768 -0.538234 0.687304
    outer loop
      vertex 6.62349 9.68453 12.3
      vertex 7.22218 9.07782 11.4
      vertex 7.30217 9.15031 11.4
    endloop
  endfacet
  facet normal 0.487405 -0.538576 0.687293
    outer loop
      vertex 7.22218 9.07782 11.4
      vertex 6.62349 9.68453 12.3
      vertex 6.61928 9.68072 12.3
    endloop
  endfacet
  facet normal -0.0356261 0.725491 0.687309
    outer loop
      vertex 8.19139 6.35677 12.3
      vertex 8.10782 7.2053 11.4
      vertex 8.00567 6.34765 12.3
    endloop
  endfacet
  facet normal 0.623032 -0.373413 0.687309
    outer loop
      vertex 7.02989 8.81854 11.4
      vertex 6.37352 9.37995 12.3
      vertex 6.27793 9.22046 12.3
    endloop
  endfacet
  facet normal 0.244564 -0.683959 0.687305
    outer loop
      vertex 7.57905 9.31627 11.4
      vertex 7.42783 10.1666 12.3
      vertex 7.25276 10.104 12.3
    endloop
  endfacet
  facet normal -0.487405 0.538576 0.687293
    outer loop
      vertex 8.77782 7.52218 11.4
      vertex 9.37651 6.91547 12.3
      vertex 9.38072 6.91928 12.3
    endloop
  endfacet
  facet normal -0.487768 0.538234 0.687304
    outer loop
      vertex 9.37651 6.91547 12.3
      vertex 8.77782 7.52218 11.4
      vertex 8.69783 7.44969 11.4
    endloop
  endfacet
  facet normal -0.538576 -0.487405 0.687293
    outer loop
      vertex 8.77782 9.07782 11.4
      vertex 9.38453 9.67651 12.3
      vertex 9.38072 9.68072 12.3
    endloop
  endfacet
  facet normal -0.538234 -0.487768 0.687304
    outer loop
      vertex 9.38453 9.67651 12.3
      vertex 8.77782 9.07782 11.4
      vertex 8.85031 8.99783 11.4
    endloop
  endfacet
  facet normal -0.623016 0.373442 0.687308
    outer loop
      vertex 9.62647 7.22005 12.3
      vertex 9.72207 7.37954 12.3
      vertex 8.97011 7.78146 11.4
    endloop
  endfacet
  facet normal 0.373461 0.623008 0.687305
    outer loop
      vertex 7.07466 6.58085 12.3
      vertex 7.38887 7.38538 11.4
      vertex 6.91518 6.67645 12.3
    endloop
  endfacet
  facet normal 0.0356261 0.725491 0.687309
    outer loop
      vertex 7.99433 6.34765 12.3
      vertex 7.89218 7.2053 11.4
      vertex 7.80861 6.35677 12.3
    endloop
  endfacet
  facet normal -0.432707 -0.583414 0.687309
    outer loop
      vertex 9.23874 9.8094 12.3
      vertex 9.08939 9.92017 12.3
      vertex 8.69783 9.15031 11.4
    endloop
  endfacet
  facet normal -0.65662 0.310574 0.687309
    outer loop
      vertex 9.72207 7.37954 12.3
      vertex 9.80157 7.54762 12.3
      vertex 8.97011 7.78146 11.4
    endloop
  endfacet
  facet normal 0.718505 0.106567 0.68731
    outer loop
      vertex 6.08405 7.92468 12.3
      vertex 6.9053 8.19218 11.4
      vertex 6.05677 8.10861 12.3
    endloop
  endfacet
  facet normal -0.31058 0.656618 0.687308
    outer loop
      vertex 8.42095 7.28373 11.4
      vertex 8.75238 6.49843 12.3
      vertex 8.51854 7.32989 11.4
    endloop
  endfacet
  facet normal -0.310452 0.656676 0.687311
    outer loop
      vertex 8.75238 6.49843 12.3
      vertex 8.42095 7.28373 11.4
      vertex 8.74724 6.496 12.3
    endloop
  endfacet
  facet normal -0.718505 -0.106567 0.68731
    outer loop
      vertex 9.94323 8.49139 12.3
      vertex 9.91595 8.67532 12.3
      vertex 9.0947 8.40782 11.4
    endloop
  endfacet
  facet normal -0.107372 0.718367 0.687328
    outer loop
      vertex 8.2146 7.22114 11.4
      vertex 8.37532 6.38405 12.3
      vertex 8.38094 6.38489 12.3
    endloop
  endfacet
  facet normal -0.106584 0.718501 0.687311
    outer loop
      vertex 8.37532 6.38405 12.3
      vertex 8.2146 7.22114 11.4
      vertex 8.10782 7.2053 11.4
    endloop
  endfacet
  facet normal 0.725476 -0.035826 0.687314
    outer loop
      vertex 6.05649 8.48572 12.3
      vertex 6.9053 8.40782 11.4
      vertex 6.05677 8.49139 12.3
    endloop
  endfacet
  facet normal 0.725488 -0.0356621 0.68731
    outer loop
      vertex 6.9053 8.40782 11.4
      vertex 6.05649 8.48572 12.3
      vertex 6.9 8.3 11.4
    endloop
  endfacet
  facet normal -0.106567 0.718505 0.68731
    outer loop
      vertex 8.19139 6.35677 12.3
      vertex 8.37532 6.38405 12.3
      vertex 8.10782 7.2053 11.4
    endloop
  endfacet
  facet normal 0.538576 -0.487405 0.687293
    outer loop
      vertex 6.61547 9.67651 12.3
      vertex 7.22218 9.07782 11.4
      vertex 6.61928 9.68072 12.3
    endloop
  endfacet
  facet normal 0.538234 -0.487768 0.687304
    outer loop
      vertex 7.22218 9.07782 11.4
      vertex 6.61547 9.67651 12.3
      vertex 7.14969 8.99783 11.4
    endloop
  endfacet
  facet normal -0.583414 0.432707 0.687309
    outer loop
      vertex 9.5094 7.06126 12.3
      vertex 9.62017 7.21061 12.3
      vertex 8.85031 7.60217 11.4
    endloop
  endfacet
  facet normal -0.487803 0.538197 0.687308
    outer loop
      vertex 9.23874 6.7906 12.3
      vertex 9.37651 6.91547 12.3
      vertex 8.69783 7.44969 11.4
    endloop
  endfacet
  facet normal -0.656676 0.310452 0.687311
    outer loop
      vertex 9.01627 7.87905 11.4
      vertex 9.80157 7.54762 12.3
      vertex 9.804 7.55276 12.3
    endloop
  endfacet
  facet normal -0.656618 0.31058 0.687308
    outer loop
      vertex 9.80157 7.54762 12.3
      vertex 9.01627 7.87905 11.4
      vertex 8.97011 7.78146 11.4
    endloop
  endfacet
  facet normal 0.65662 -0.310574 0.687309
    outer loop
      vertex 7.02989 8.81854 11.4
      vertex 6.27793 9.22046 12.3
      vertex 6.19843 9.05238 12.3
    endloop
  endfacet
  facet normal 0.106584 0.718501 0.687311
    outer loop
      vertex 7.7854 7.22114 11.4
      vertex 7.62468 6.38405 12.3
      vertex 7.89218 7.2053 11.4
    endloop
  endfacet
  facet normal 0.107372 0.718367 0.687328
    outer loop
      vertex 7.62468 6.38405 12.3
      vertex 7.7854 7.22114 11.4
      vertex 7.61906 6.38489 12.3
    endloop
  endfacet
  facet normal -0.583414 -0.432707 0.687309
    outer loop
      vertex 9.62017 9.38939 12.3
      vertex 9.5094 9.53874 12.3
      vertex 8.85031 8.99783 11.4
    endloop
  endfacet
  facet normal -0.176492 0.704601 0.687305
    outer loop
      vertex 8.38645 6.38627 12.3
      vertex 8.56682 6.43145 12.3
      vertex 8.31931 7.24736 11.4
    endloop
  endfacet
  facet normal 0.432684 0.583436 0.687304
    outer loop
      vertex 6.91518 6.67645 12.3
      vertex 7.38887 7.38538 11.4
      vertex 6.76583 6.78721 12.3
    endloop
  endfacet
  facet normal -0.244703 0.683909 0.687305
    outer loop
      vertex 8.56682 6.43145 12.3
      vertex 8.74189 6.49409 12.3
      vertex 8.31931 7.24736 11.4
    endloop
  endfacet
  facet normal -0.704597 0.176491 0.687309
    outer loop
      vertex 9.86855 7.73318 12.3
      vertex 9.91373 7.91355 12.3
      vertex 9.05263 7.98069 11.4
    endloop
  endfacet
  facet normal 0.0383757 -0.725301 0.687361
    outer loop
      vertex 7.89218 9.3947 11.4
      vertex 7.81428 10.2435 12.3
      vertex 7.80861 10.2432 12.3
    endloop
  endfacet
  facet normal 0.0356623 -0.725492 0.687306
    outer loop
      vertex 7.81428 10.2435 12.3
      vertex 7.89218 9.3947 11.4
      vertex 8 9.4 11.4
    endloop
  endfacet
  facet normal 0.254436 -0.680615 0.687041
    outer loop
      vertex 7.42783 10.1666 12.3
      vertex 7.68069 9.35263 11.4
      vertex 7.43318 10.1686 12.3
    endloop
  endfacet
  facet normal 0.244665 -0.683932 0.687296
    outer loop
      vertex 7.68069 9.35263 11.4
      vertex 7.42783 10.1666 12.3
      vertex 7.57905 9.31627 11.4
    endloop
  endfacet
  facet normal 0.487803 0.538197 0.687308
    outer loop
      vertex 6.76126 6.7906 12.3
      vertex 7.30217 7.44969 11.4
      vertex 6.62349 6.91547 12.3
    endloop
  endfacet
  facet normal -0.725491 -0.0356261 0.687309
    outer loop
      vertex 9.95235 8.30567 12.3
      vertex 9.94323 8.49139 12.3
      vertex 9.0947 8.40782 11.4
    endloop
  endfacet
  facet normal -0.725489 0.0357635 0.687304
    outer loop
      vertex 9.1 8.3 11.4
      vertex 9.95235 8.29432 12.3
      vertex 9.95263 8.3 12.3
    endloop
  endfacet
  facet normal -0.725492 0.0356623 0.687306
    outer loop
      vertex 9.95235 8.29432 12.3
      vertex 9.1 8.3 11.4
      vertex 9.0947 8.19218 11.4
    endloop
  endfacet
  facet normal -0.718505 0.106567 0.68731
    outer loop
      vertex 9.91595 7.92468 12.3
      vertex 9.94323 8.10861 12.3
      vertex 9.0947 8.19218 11.4
    endloop
  endfacet
  facet normal 0.684089 -0.244226 0.687296
    outer loop
      vertex 6.19409 9.04189 12.3
      vertex 6.98373 8.72095 11.4
      vertex 6.196 9.04724 12.3
    endloop
  endfacet
  facet normal 0.683901 -0.244721 0.687307
    outer loop
      vertex 6.98373 8.72095 11.4
      vertex 6.19409 9.04189 12.3
      vertex 6.94736 8.61931 11.4
    endloop
  endfacet
  facet normal 0.583431 -0.43268 0.687311
    outer loop
      vertex 7.14969 8.99783 11.4
      vertex 6.49059 9.53874 12.3
      vertex 6.37983 9.38939 12.3
    endloop
  endfacet
  facet normal 0.725492 0.0356262 0.687307
    outer loop
      vertex 6.05649 8.11428 12.3
      vertex 6.9 8.3 11.4
      vertex 6.04737 8.3 12.3
    endloop
  endfacet
  facet normal 0.725492 -0.0356262 0.687307
    outer loop
      vertex 6.9 8.3 11.4
      vertex 6.05649 8.48572 12.3
      vertex 6.04737 8.3 12.3
    endloop
  endfacet
  facet normal -0.373524 -0.622957 0.687316
    outer loop
      vertex 9.07995 9.92647 12.3
      vertex 8.92046 10.0221 12.3
      vertex 8.51854 9.27011 11.4
    endloop
  endfacet
  facet normal 0.704601 -0.176492 0.687305
    outer loop
      vertex 6.94736 8.61931 11.4
      vertex 6.13145 8.86682 12.3
      vertex 6.08627 8.68645 12.3
    endloop
  endfacet
  facet normal 0.683909 -0.244703 0.687305
    outer loop
      vertex 6.94736 8.61931 11.4
      vertex 6.19409 9.04189 12.3
      vertex 6.13145 8.86682 12.3
    endloop
  endfacet
  facet normal 0.244703 0.683909 0.687305
    outer loop
      vertex 7.43318 6.43145 12.3
      vertex 7.68069 7.24736 11.4
      vertex 7.25811 6.49409 12.3
    endloop
  endfacet
  facet normal 0.432734 0.583393 0.687309
    outer loop
      vertex 7.30217 7.44969 11.4
      vertex 6.76583 6.78721 12.3
      vertex 7.38887 7.38538 11.4
    endloop
  endfacet
  facet normal 0.432749 0.583381 0.68731
    outer loop
      vertex 6.76583 6.78721 12.3
      vertex 7.30217 7.44969 11.4
      vertex 6.76126 6.7906 12.3
    endloop
  endfacet
  facet normal 0.656618 -0.31058 0.687308
    outer loop
      vertex 6.19843 9.05238 12.3
      vertex 6.98373 8.72095 11.4
      vertex 7.02989 8.81854 11.4
    endloop
  endfacet
  facet normal 0.656676 -0.310452 0.687311
    outer loop
      vertex 6.98373 8.72095 11.4
      vertex 6.19843 9.05238 12.3
      vertex 6.196 9.04724 12.3
    endloop
  endfacet
  facet normal 0.538234 0.487768 0.687304
    outer loop
      vertex 6.61547 6.92349 12.3
      vertex 7.22218 7.52218 11.4
      vertex 7.14969 7.60217 11.4
    endloop
  endfacet
  facet normal 0.538576 0.487405 0.687293
    outer loop
      vertex 7.22218 7.52218 11.4
      vertex 6.61547 6.92349 12.3
      vertex 6.61928 6.91928 12.3
    endloop
  endfacet
  facet normal -0.683923 0.244662 0.687306
    outer loop
      vertex 9.01627 7.87905 11.4
      vertex 9.80591 7.55811 12.3
      vertex 9.05263 7.98069 11.4
    endloop
  endfacet
  facet normal -0.684089 0.244226 0.687296
    outer loop
      vertex 9.80591 7.55811 12.3
      vertex 9.01627 7.87905 11.4
      vertex 9.804 7.55276 12.3
    endloop
  endfacet
  facet normal 0.538175 -0.487823 0.687311
    outer loop
      vertex 7.14969 8.99783 11.4
      vertex 6.61547 9.67651 12.3
      vertex 6.49059 9.53874 12.3
    endloop
  endfacet
  facet normal -0.538197 -0.487803 0.687308
    outer loop
      vertex 9.5094 9.53874 12.3
      vertex 9.38453 9.67651 12.3
      vertex 8.85031 8.99783 11.4
    endloop
  endfacet
  facet normal 0.244721 0.683901 0.687307
    outer loop
      vertex 7.57905 7.28373 11.4
      vertex 7.25811 6.49409 12.3
      vertex 7.68069 7.24736 11.4
    endloop
  endfacet
  facet normal 0.244226 0.684089 0.687296
    outer loop
      vertex 7.25811 6.49409 12.3
      vertex 7.57905 7.28373 11.4
      vertex 7.25276 6.496 12.3
    endloop
  endfacet
  facet normal -0.487405 -0.538576 0.687293
    outer loop
      vertex 9.37651 9.68453 12.3
      vertex 8.77782 9.07782 11.4
      vertex 9.38072 9.68072 12.3
    endloop
  endfacet
  facet normal -0.487768 -0.538234 0.687304
    outer loop
      vertex 8.77782 9.07782 11.4
      vertex 9.37651 9.68453 12.3
      vertex 8.69783 9.15031 11.4
    endloop
  endfacet
  facet normal 0.718501 0.106584 0.687311
    outer loop
      vertex 6.08405 7.92468 12.3
      vertex 6.92114 8.0854 11.4
      vertex 6.9053 8.19218 11.4
    endloop
  endfacet
  facet normal 0.718367 0.107372 0.687328
    outer loop
      vertex 6.92114 8.0854 11.4
      vertex 6.08405 7.92468 12.3
      vertex 6.08489 7.91906 12.3
    endloop
  endfacet
  facet normal -0.373394 0.623041 0.687311
    outer loop
      vertex 8.51854 7.32989 11.4
      vertex 8.92534 6.58085 12.3
      vertex 8.61113 7.38538 11.4
    endloop
  endfacet
  facet normal -0.372954 0.623293 0.687321
    outer loop
      vertex 8.92534 6.58085 12.3
      vertex 8.51854 7.32989 11.4
      vertex 8.92046 6.57793 12.3
    endloop
  endfacet
  facet normal 0.623045 0.373396 0.687307
    outer loop
      vertex 6.37352 7.22005 12.3
      vertex 7.08538 7.68887 11.4
      vertex 7.02989 7.78146 11.4
    endloop
  endfacet
  facet normal 0.622382 0.374452 0.687333
    outer loop
      vertex 7.08538 7.68887 11.4
      vertex 6.37352 7.22005 12.3
      vertex 6.37645 7.21518 12.3
    endloop
  endfacet
  facet normal 0.622382 -0.374452 0.687333
    outer loop
      vertex 6.37352 9.37995 12.3
      vertex 7.08538 8.91113 11.4
      vertex 6.37645 9.38482 12.3
    endloop
  endfacet
  facet normal 0.623045 -0.373396 0.687307
    outer loop
      vertex 7.08538 8.91113 11.4
      vertex 6.37352 9.37995 12.3
      vertex 7.02989 8.81854 11.4
    endloop
  endfacet
  facet normal -0.583979 -0.431915 0.687327
    outer loop
      vertex 9.62017 9.38939 12.3
      vertex 8.91462 8.91113 11.4
      vertex 9.62355 9.38482 12.3
    endloop
  endfacet
  facet normal -0.583396 -0.432736 0.687306
    outer loop
      vertex 8.91462 8.91113 11.4
      vertex 9.62017 9.38939 12.3
      vertex 8.85031 8.99783 11.4
    endloop
  endfacet
  facet normal 0.683901 0.244721 0.687307
    outer loop
      vertex 6.19409 7.55811 12.3
      vertex 6.98373 7.87905 11.4
      vertex 6.94736 7.98069 11.4
    endloop
  endfacet
  facet normal 0.684089 0.244226 0.687296
    outer loop
      vertex 6.98373 7.87905 11.4
      vertex 6.19409 7.55811 12.3
      vertex 6.196 7.55276 12.3
    endloop
  endfacet
  facet normal -0.725491 0.035628 0.687309
    outer loop
      vertex 9.94323 8.10861 12.3
      vertex 9.95235 8.29432 12.3
      vertex 9.0947 8.19218 11.4
    endloop
  endfacet
  facet normal -0.718501 0.106584 0.687311
    outer loop
      vertex 9.07886 8.0854 11.4
      vertex 9.91595 7.92468 12.3
      vertex 9.0947 8.19218 11.4
    endloop
  endfacet
  facet normal -0.718367 0.107372 0.687328
    outer loop
      vertex 9.91595 7.92468 12.3
      vertex 9.07886 8.0854 11.4
      vertex 9.91511 7.91906 12.3
    endloop
  endfacet
  facet normal -0.683906 0.244701 0.687309
    outer loop
      vertex 9.80591 7.55811 12.3
      vertex 9.86855 7.73318 12.3
      vertex 9.05263 7.98069 11.4
    endloop
  endfacet
  facet normal -0.623048 0.373398 0.687303
    outer loop
      vertex 8.91462 7.68887 11.4
      vertex 9.62647 7.22005 12.3
      vertex 8.97011 7.78146 11.4
    endloop
  endfacet
  facet normal -0.622968 0.373525 0.687306
    outer loop
      vertex 9.62647 7.22005 12.3
      vertex 8.91462 7.68887 11.4
      vertex 9.62355 7.21518 12.3
    endloop
  endfacet
  facet normal 0.431915 -0.583979 0.687327
    outer loop
      vertex 6.91061 9.92017 12.3
      vertex 7.38887 9.21462 11.4
      vertex 6.91518 9.92355 12.3
    endloop
  endfacet
  facet normal 0.432736 -0.583396 0.687306
    outer loop
      vertex 7.38887 9.21462 11.4
      vertex 6.91061 9.92017 12.3
      vertex 7.30217 9.15031 11.4
    endloop
  endfacet
  facet normal -0.0356623 0.725492 0.687306
    outer loop
      vertex 8 7.2 11.4
      vertex 8.00567 6.34765 12.3
      vertex 8.10782 7.2053 11.4
    endloop
  endfacet
  facet normal -0.0358265 0.725487 0.687302
    outer loop
      vertex 8.00567 6.34765 12.3
      vertex 8 7.2 11.4
      vertex 8 6.34737 12.3
    endloop
  endfacet
  facet normal 0.583396 -0.432736 0.687306
    outer loop
      vertex 6.37983 9.38939 12.3
      vertex 7.08538 8.91113 11.4
      vertex 7.14969 8.99783 11.4
    endloop
  endfacet
  facet normal 0.583979 -0.431915 0.687327
    outer loop
      vertex 7.08538 8.91113 11.4
      vertex 6.37983 9.38939 12.3
      vertex 6.37645 9.38482 12.3
    endloop
  endfacet
  facet normal 0.725488 0.0356621 0.68731
    outer loop
      vertex 6.05649 8.11428 12.3
      vertex 6.9053 8.19218 11.4
      vertex 6.9 8.3 11.4
    endloop
  endfacet
  facet normal 0.725476 0.035826 0.687314
    outer loop
      vertex 6.9053 8.19218 11.4
      vertex 6.05649 8.11428 12.3
      vertex 6.05677 8.10861 12.3
    endloop
  endfacet
  facet normal -0.0355487 -0.725507 0.687297
    outer loop
      vertex 8.18572 10.2435 12.3
      vertex 8 10.2526 12.3
      vertex 8 9.4 11.4
    endloop
  endfacet
  facet normal 0.106645 -0.718507 0.687295
    outer loop
      vertex 7.89218 9.3947 11.4
      vertex 7.80861 10.2432 12.3
      vertex 7.62468 10.2159 12.3
    endloop
  endfacet
  facet normal 0.487803 -0.538197 0.687308
    outer loop
      vertex 7.30217 9.15031 11.4
      vertex 6.76126 9.8094 12.3
      vertex 6.62349 9.68453 12.3
    endloop
  endfacet
  facet normal -0.623016 -0.373442 0.687308
    outer loop
      vertex 9.72207 9.22046 12.3
      vertex 9.62647 9.37995 12.3
      vertex 8.97011 8.81854 11.4
    endloop
  endfacet
  facet normal -0.622968 -0.373525 0.687306
    outer loop
      vertex 8.91462 8.91113 11.4
      vertex 9.62647 9.37995 12.3
      vertex 9.62355 9.38482 12.3
    endloop
  endfacet
  facet normal -0.623048 -0.373398 0.687303
    outer loop
      vertex 9.62647 9.37995 12.3
      vertex 8.91462 8.91113 11.4
      vertex 8.97011 8.81854 11.4
    endloop
  endfacet
  facet normal 0.166851 -0.707193 0.687051
    outer loop
      vertex 7.68069 9.35263 11.4
      vertex 7.43869 10.1699 12.3
      vertex 7.43318 10.1686 12.3
    endloop
  endfacet
  facet normal 0.176505 -0.704606 0.687297
    outer loop
      vertex 7.43869 10.1699 12.3
      vertex 7.68069 9.35263 11.4
      vertex 7.7854 9.37886 11.4
    endloop
  endfacet
  facet normal -0.538197 0.487803 0.687308
    outer loop
      vertex 9.38453 6.92349 12.3
      vertex 9.5094 7.06126 12.3
      vertex 8.85031 7.60217 11.4
    endloop
  endfacet
  facet normal -0.307276 -0.658083 0.687392
    outer loop
      vertex 8.42095 9.31627 11.4
      vertex 8.75238 10.1016 12.3
      vertex 8.74724 10.104 12.3
    endloop
  endfacet
  facet normal -0.310575 -0.656608 0.68732
    outer loop
      vertex 8.75238 10.1016 12.3
      vertex 8.42095 9.31627 11.4
      vertex 8.51854 9.27011 11.4
    endloop
  endfacet
  facet normal 0.310574 0.65662 0.687309
    outer loop
      vertex 7.24762 6.49843 12.3
      vertex 7.48146 7.32989 11.4
      vertex 7.07954 6.57793 12.3
    endloop
  endfacet
  facet normal 0.310569 -0.65661 0.687321
    outer loop
      vertex 7.48146 9.27011 11.4
      vertex 7.24762 10.1016 12.3
      vertex 7.07954 10.0221 12.3
    endloop
  endfacet
  facet normal 0.718367 -0.107372 0.687328
    outer loop
      vertex 6.08405 8.67532 12.3
      vertex 6.92114 8.5146 11.4
      vertex 6.08489 8.68094 12.3
    endloop
  endfacet
  facet normal 0.718501 -0.106584 0.687311
    outer loop
      vertex 6.92114 8.5146 11.4
      vertex 6.08405 8.67532 12.3
      vertex 6.9053 8.40782 11.4
    endloop
  endfacet
  facet normal 0.704604 -0.176471 0.687307
    outer loop
      vertex 6.08489 8.68094 12.3
      vertex 6.94736 8.61931 11.4
      vertex 6.08627 8.68645 12.3
    endloop
  endfacet
  facet normal 0.70461 -0.176438 0.68731
    outer loop
      vertex 6.94736 8.61931 11.4
      vertex 6.08489 8.68094 12.3
      vertex 6.92114 8.5146 11.4
    endloop
  endfacet
  facet normal -0.310569 -0.65661 0.687321
    outer loop
      vertex 8.92046 10.0221 12.3
      vertex 8.75238 10.1016 12.3
      vertex 8.51854 9.27011 11.4
    endloop
  endfacet
  facet normal 0.0358265 0.725487 0.687302
    outer loop
      vertex 8 7.2 11.4
      vertex 7.99433 6.34765 12.3
      vertex 8 6.34737 12.3
    endloop
  endfacet
  facet normal 0.0356623 0.725492 0.687306
    outer loop
      vertex 7.99433 6.34765 12.3
      vertex 8 7.2 11.4
      vertex 7.89218 7.2053 11.4
    endloop
  endfacet
  facet normal 0.538175 0.487823 0.687311
    outer loop
      vertex 6.61547 6.92349 12.3
      vertex 7.14969 7.60217 11.4
      vertex 6.49059 7.06126 12.3
    endloop
  endfacet
  facet normal -0.684089 -0.244226 0.687296
    outer loop
      vertex 9.01627 8.72095 11.4
      vertex 9.80591 9.04189 12.3
      vertex 9.804 9.04724 12.3
    endloop
  endfacet
  facet normal -0.683923 -0.244662 0.687306
    outer loop
      vertex 9.80591 9.04189 12.3
      vertex 9.01627 8.72095 11.4
      vertex 9.05263 8.61931 11.4
    endloop
  endfacet
  facet normal -0.0356623 -0.725492 0.687306
    outer loop
      vertex 8.10782 9.3947 11.4
      vertex 8.18572 10.2435 12.3
      vertex 8 9.4 11.4
    endloop
  endfacet
  facet normal -0.0383757 -0.725301 0.687361
    outer loop
      vertex 8.18572 10.2435 12.3
      vertex 8.10782 9.3947 11.4
      vertex 8.19139 10.2432 12.3
    endloop
  endfacet
  facet normal 0.0355487 -0.725507 0.687297
    outer loop
      vertex 8 9.4 11.4
      vertex 8 10.2526 12.3
      vertex 7.81428 10.2435 12.3
    endloop
  endfacet
  facet normal 0.373524 -0.622957 0.687316
    outer loop
      vertex 7.48146 9.27011 11.4
      vertex 7.07954 10.0221 12.3
      vertex 6.92005 9.92647 12.3
    endloop
  endfacet
  facet normal -0.432684 0.583436 0.687304
    outer loop
      vertex 9.08482 6.67645 12.3
      vertex 9.23417 6.78721 12.3
      vertex 8.61113 7.38538 11.4
    endloop
  endfacet
  facet normal 0.623032 0.373413 0.687309
    outer loop
      vertex 6.37352 7.22005 12.3
      vertex 7.02989 7.78146 11.4
      vertex 6.27793 7.37954 12.3
    endloop
  endfacet
  facet normal -0.373461 0.623008 0.687305
    outer loop
      vertex 8.92534 6.58085 12.3
      vertex 9.08482 6.67645 12.3
      vertex 8.61113 7.38538 11.4
    endloop
  endfacet
  facet normal -0.432749 0.583381 0.68731
    outer loop
      vertex 8.69783 7.44969 11.4
      vertex 9.23417 6.78721 12.3
      vertex 9.23874 6.7906 12.3
    endloop
  endfacet
  facet normal -0.432734 0.583393 0.687309
    outer loop
      vertex 9.23417 6.78721 12.3
      vertex 8.69783 7.44969 11.4
      vertex 8.61113 7.38538 11.4
    endloop
  endfacet
  facet normal 0.487768 0.538234 0.687304
    outer loop
      vertex 7.22218 7.52218 11.4
      vertex 6.62349 6.91547 12.3
      vertex 7.30217 7.44969 11.4
    endloop
  endfacet
  facet normal 0.487405 0.538576 0.687293
    outer loop
      vertex 6.62349 6.91547 12.3
      vertex 7.22218 7.52218 11.4
      vertex 6.61928 6.91928 12.3
    endloop
  endfacet
  facet normal 0.106567 0.718505 0.68731
    outer loop
      vertex 7.80861 6.35677 12.3
      vertex 7.89218 7.2053 11.4
      vertex 7.62468 6.38405 12.3
    endloop
  endfacet
  facet normal 0.583431 0.43268 0.687311
    outer loop
      vertex 6.49059 7.06126 12.3
      vertex 7.14969 7.60217 11.4
      vertex 6.37983 7.21061 12.3
    endloop
  endfacet
  facet normal 0.583396 0.432736 0.687306
    outer loop
      vertex 7.08538 7.68887 11.4
      vertex 6.37983 7.21061 12.3
      vertex 7.14969 7.60217 11.4
    endloop
  endfacet
  facet normal 0.583979 0.431915 0.687327
    outer loop
      vertex 6.37983 7.21061 12.3
      vertex 7.08538 7.68887 11.4
      vertex 6.37645 7.21518 12.3
    endloop
  endfacet
  facet normal -0.583979 0.431915 0.687327
    outer loop
      vertex 8.91462 7.68887 11.4
      vertex 9.62017 7.21061 12.3
      vertex 9.62355 7.21518 12.3
    endloop
  endfacet
  facet normal -0.583396 0.432736 0.687306
    outer loop
      vertex 9.62017 7.21061 12.3
      vertex 8.91462 7.68887 11.4
      vertex 8.85031 7.60217 11.4
    endloop
  endfacet
  facet normal 0.176492 0.704601 0.687305
    outer loop
      vertex 7.61355 6.38627 12.3
      vertex 7.68069 7.24736 11.4
      vertex 7.43318 6.43145 12.3
    endloop
  endfacet
  facet normal 0.373394 0.623041 0.687311
    outer loop
      vertex 7.07466 6.58085 12.3
      vertex 7.48146 7.32989 11.4
      vertex 7.38887 7.38538 11.4
    endloop
  endfacet
  facet normal 0.372954 0.623293 0.687321
    outer loop
      vertex 7.48146 7.32989 11.4
      vertex 7.07466 6.58085 12.3
      vertex 7.07954 6.57793 12.3
    endloop
  endfacet
  facet normal -0.656676 -0.310452 0.687311
    outer loop
      vertex 9.80157 9.05238 12.3
      vertex 9.01627 8.72095 11.4
      vertex 9.804 9.04724 12.3
    endloop
  endfacet
  facet normal -0.656618 -0.31058 0.687308
    outer loop
      vertex 9.01627 8.72095 11.4
      vertex 9.80157 9.05238 12.3
      vertex 8.97011 8.81854 11.4
    endloop
  endfacet
  facet normal -0.538234 0.487768 0.687304
    outer loop
      vertex 8.77782 7.52218 11.4
      vertex 9.38453 6.92349 12.3
      vertex 8.85031 7.60217 11.4
    endloop
  endfacet
  facet normal -0.538576 0.487405 0.687293
    outer loop
      vertex 9.38453 6.92349 12.3
      vertex 8.77782 7.52218 11.4
      vertex 9.38072 6.91928 12.3
    endloop
  endfacet
  facet normal -0.704597 -0.176491 0.687309
    outer loop
      vertex 9.91373 8.68645 12.3
      vertex 9.86855 8.86682 12.3
      vertex 9.05263 8.61931 11.4
    endloop
  endfacet
  facet normal 0.65662 0.310574 0.687309
    outer loop
      vertex 6.27793 7.37954 12.3
      vertex 7.02989 7.78146 11.4
      vertex 6.19843 7.54762 12.3
    endloop
  endfacet
  facet normal -0.176471 0.704604 0.687307
    outer loop
      vertex 8.31931 7.24736 11.4
      vertex 8.38094 6.38489 12.3
      vertex 8.38645 6.38627 12.3
    endloop
  endfacet
  facet normal -0.176438 0.70461 0.68731
    outer loop
      vertex 8.38094 6.38489 12.3
      vertex 8.31931 7.24736 11.4
      vertex 8.2146 7.22114 11.4
    endloop
  endfacet
  facet normal -0.176505 -0.704606 0.687297
    outer loop
      vertex 8.31931 9.35263 11.4
      vertex 8.56131 10.1699 12.3
      vertex 8.2146 9.37886 11.4
    endloop
  endfacet
  facet normal -0.166851 -0.707193 0.687051
    outer loop
      vertex 8.56131 10.1699 12.3
      vertex 8.31931 9.35263 11.4
      vertex 8.56682 10.1686 12.3
    endloop
  endfacet
  facet normal 0.31058 0.656618 0.687308
    outer loop
      vertex 7.24762 6.49843 12.3
      vertex 7.57905 7.28373 11.4
      vertex 7.48146 7.32989 11.4
    endloop
  endfacet
  facet normal 0.310452 0.656676 0.687311
    outer loop
      vertex 7.57905 7.28373 11.4
      vertex 7.24762 6.49843 12.3
      vertex 7.25276 6.496 12.3
    endloop
  endfacet
  facet normal 0.176438 0.70461 0.68731
    outer loop
      vertex 7.68069 7.24736 11.4
      vertex 7.61906 6.38489 12.3
      vertex 7.7854 7.22114 11.4
    endloop
  endfacet
  facet normal 0.176471 0.704604 0.687307
    outer loop
      vertex 7.61906 6.38489 12.3
      vertex 7.68069 7.24736 11.4
      vertex 7.61355 6.38627 12.3
    endloop
  endfacet
  facet normal -0.373525 -0.622968 0.687306
    outer loop
      vertex 9.07995 9.92647 12.3
      vertex 8.61113 9.21462 11.4
      vertex 9.08482 9.92355 12.3
    endloop
  endfacet
  facet normal -0.373398 -0.623048 0.687303
    outer loop
      vertex 8.61113 9.21462 11.4
      vertex 9.07995 9.92647 12.3
      vertex 8.51854 9.27011 11.4
    endloop
  endfacet
  facet normal -0.431915 -0.583979 0.687327
    outer loop
      vertex 8.61113 9.21462 11.4
      vertex 9.08939 9.92017 12.3
      vertex 9.08482 9.92355 12.3
    endloop
  endfacet
  facet normal -0.432736 -0.583396 0.687306
    outer loop
      vertex 9.08939 9.92017 12.3
      vertex 8.61113 9.21462 11.4
      vertex 8.69783 9.15031 11.4
    endloop
  endfacet
  facet normal 0.176566 -0.704585 0.687302
    outer loop
      vertex 7.7854 9.37886 11.4
      vertex 7.61906 10.2151 12.3
      vertex 7.43869 10.1699 12.3
    endloop
  endfacet
  facet normal 0.307276 -0.658083 0.687392
    outer loop
      vertex 7.24762 10.1016 12.3
      vertex 7.57905 9.31627 11.4
      vertex 7.25276 10.104 12.3
    endloop
  endfacet
  facet normal 0.310575 -0.656608 0.68732
    outer loop
      vertex 7.57905 9.31627 11.4
      vertex 7.24762 10.1016 12.3
      vertex 7.48146 9.27011 11.4
    endloop
  endfacet
  facet normal 0.102381 -0.719224 0.687193
    outer loop
      vertex 7.7854 9.37886 11.4
      vertex 7.62468 10.2159 12.3
      vertex 7.61906 10.2151 12.3
    endloop
  endfacet
  facet normal 0.106587 -0.71852 0.68729
    outer loop
      vertex 7.62468 10.2159 12.3
      vertex 7.7854 9.37886 11.4
      vertex 7.89218 9.3947 11.4
    endloop
  endfacet
  facet normal -0.176566 -0.704585 0.687302
    outer loop
      vertex 8.56131 10.1699 12.3
      vertex 8.38094 10.2151 12.3
      vertex 8.2146 9.37886 11.4
    endloop
  endfacet
  facet normal -0.106587 -0.71852 0.68729
    outer loop
      vertex 8.2146 9.37886 11.4
      vertex 8.37532 10.2159 12.3
      vertex 8.10782 9.3947 11.4
    endloop
  endfacet
  facet normal -0.102381 -0.719224 0.687193
    outer loop
      vertex 8.37532 10.2159 12.3
      vertex 8.2146 9.37886 11.4
      vertex 8.38094 10.2151 12.3
    endloop
  endfacet
  facet normal 0.683909 0.244703 0.687305
    outer loop
      vertex 6.19409 7.55811 12.3
      vertex 6.94736 7.98069 11.4
      vertex 6.13145 7.73318 12.3
    endloop
  endfacet
  facet normal 0.70461 0.176438 0.68731
    outer loop
      vertex 6.08489 7.91906 12.3
      vertex 6.94736 7.98069 11.4
      vertex 6.92114 8.0854 11.4
    endloop
  endfacet
  facet normal 0.704604 0.176471 0.687307
    outer loop
      vertex 6.94736 7.98069 11.4
      vertex 6.08489 7.91906 12.3
      vertex 6.08627 7.91355 12.3
    endloop
  endfacet
  facet normal -0.704601 -0.17647 0.687311
    outer loop
      vertex 9.05263 8.61931 11.4
      vertex 9.91511 8.68094 12.3
      vertex 9.91373 8.68645 12.3
    endloop
  endfacet
  facet normal -0.704595 -0.176502 0.687308
    outer loop
      vertex 9.91511 8.68094 12.3
      vertex 9.05263 8.61931 11.4
      vertex 9.07886 8.5146 11.4
    endloop
  endfacet
  facet normal -0.718367 -0.107372 0.687328
    outer loop
      vertex 9.07886 8.5146 11.4
      vertex 9.91595 8.67532 12.3
      vertex 9.91511 8.68094 12.3
    endloop
  endfacet
  facet normal -0.718501 -0.106584 0.687311
    outer loop
      vertex 9.91595 8.67532 12.3
      vertex 9.07886 8.5146 11.4
      vertex 9.0947 8.40782 11.4
    endloop
  endfacet
  facet normal 0.656618 0.31058 0.687308
    outer loop
      vertex 6.98373 7.87905 11.4
      vertex 6.19843 7.54762 12.3
      vertex 7.02989 7.78146 11.4
    endloop
  endfacet
  facet normal 0.656676 0.310452 0.687311
    outer loop
      vertex 6.19843 7.54762 12.3
      vertex 6.98373 7.87905 11.4
      vertex 6.196 7.55276 12.3
    endloop
  endfacet
  facet normal 0.373398 -0.623048 0.687303
    outer loop
      vertex 6.92005 9.92647 12.3
      vertex 7.38887 9.21462 11.4
      vertex 7.48146 9.27011 11.4
    endloop
  endfacet
  facet normal 0.373525 -0.622968 0.687306
    outer loop
      vertex 7.38887 9.21462 11.4
      vertex 6.92005 9.92647 12.3
      vertex 6.91518 9.92355 12.3
    endloop
  endfacet
  facet normal -0.725472 -0.0356613 0.687327
    outer loop
      vertex 37.1 8.3 11.4
      vertex 37.9524 8.30567 12.3
      vertex 37.0947 8.40782 11.4
    endloop
  endfacet
  facet normal -0.725727 -0.0255989 0.687506
    outer loop
      vertex 37.9524 8.30567 12.3
      vertex 37.1 8.3 11.4
      vertex 37.9526 8.3 12.3
    endloop
  endfacet
  facet normal -0.106662 -0.718503 0.687296
    outer loop
      vertex 36.3753 10.2159 12.3
      vertex 36.1914 10.2432 12.3
      vertex 36.1078 9.3947 11.4
    endloop
  endfacet
  facet normal -0.487745 -0.53825 0.687307
    outer loop
      vertex 37.3765 9.68453 12.3
      vertex 37.2387 9.8094 12.3
      vertex 36.6978 9.15031 11.4
    endloop
  endfacet
  facet normal 0.704647 0.176191 0.687335
    outer loop
      vertex 34.1314 7.73318 12.3
      vertex 34.9474 7.98069 11.4
      vertex 34.0863 7.91355 12.3
    endloop
  endfacet
  facet normal -0.683808 -0.244901 0.687336
    outer loop
      vertex 37.8686 8.86682 12.3
      vertex 37.8059 9.04189 12.3
      vertex 37.0526 8.61931 11.4
    endloop
  endfacet
  facet normal -0.246254 0.683322 0.687335
    outer loop
      vertex 36.421 7.28373 11.4
      vertex 36.7419 6.49409 12.3
      vertex 36.7472 6.496 12.3
    endloop
  endfacet
  facet normal -0.244596 0.683954 0.687298
    outer loop
      vertex 36.7419 6.49409 12.3
      vertex 36.421 7.28373 11.4
      vertex 36.3193 7.24736 11.4
    endloop
  endfacet
  facet normal -0.656607 -0.310568 0.687324
    outer loop
      vertex 37.8016 9.05238 12.3
      vertex 37.7221 9.22046 12.3
      vertex 36.9701 8.81854 11.4
    endloop
  endfacet
  facet normal 0.718507 -0.106645 0.687295
    outer loop
      vertex 34.9053 8.40782 11.4
      vertex 34.0841 8.67532 12.3
      vertex 34.0568 8.49139 12.3
    endloop
  endfacet
  facet normal -0.244654 -0.683938 0.687294
    outer loop
      vertex 36.7472 10.104 12.3
      vertex 36.5722 10.1666 12.3
      vertex 36.421 9.31627 11.4
    endloop
  endfacet
  facet normal -0.252343 -0.681327 0.687108
    outer loop
      vertex 36.3193 9.35263 11.4
      vertex 36.5722 10.1666 12.3
      vertex 36.5668 10.1686 12.3
    endloop
  endfacet
  facet normal -0.244535 -0.68397 0.687305
    outer loop
      vertex 36.5722 10.1666 12.3
      vertex 36.3193 9.35263 11.4
      vertex 36.421 9.31627 11.4
    endloop
  endfacet
  facet normal -0.310538 0.656623 0.687323
    outer loop
      vertex 36.7524 6.49843 12.3
      vertex 36.9205 6.57793 12.3
      vertex 36.5185 7.32989 11.4
    endloop
  endfacet
  facet normal 0.4328 -0.583344 0.687309
    outer loop
      vertex 35.3022 9.15031 11.4
      vertex 34.9106 9.92017 12.3
      vertex 34.7613 9.8094 12.3
    endloop
  endfacet
  facet normal -0.704514 0.176953 0.687276
    outer loop
      vertex 37.0526 7.98069 11.4
      vertex 37.9151 7.91906 12.3
      vertex 37.0789 8.0854 11.4
    endloop
  endfacet
  facet normal -0.704188 0.178923 0.687099
    outer loop
      vertex 37.9151 7.91906 12.3
      vertex 37.0526 7.98069 11.4
      vertex 37.9137 7.91355 12.3
    endloop
  endfacet
  facet normal 0.487733 -0.538263 0.687306
    outer loop
      vertex 34.6235 9.68453 12.3
      vertex 35.2222 9.07782 11.4
      vertex 35.3022 9.15031 11.4
    endloop
  endfacet
  facet normal 0.488029 -0.537984 0.687314
    outer loop
      vertex 35.2222 9.07782 11.4
      vertex 34.6235 9.68453 12.3
      vertex 34.6193 9.68072 12.3
    endloop
  endfacet
  facet normal -0.0356299 0.72549 0.68731
    outer loop
      vertex 36.1914 6.35677 12.3
      vertex 36.1078 7.2053 11.4
      vertex 36.0057 6.34765 12.3
    endloop
  endfacet
  facet normal 0.623004 -0.373435 0.687322
    outer loop
      vertex 35.0299 8.81854 11.4
      vertex 34.3735 9.37995 12.3
      vertex 34.2779 9.22046 12.3
    endloop
  endfacet
  facet normal 0.244654 -0.683938 0.687294
    outer loop
      vertex 35.579 9.31627 11.4
      vertex 35.4278 10.1666 12.3
      vertex 35.2528 10.104 12.3
    endloop
  endfacet
  facet normal -0.488029 0.537984 0.687314
    outer loop
      vertex 36.7778 7.52218 11.4
      vertex 37.3765 6.91547 12.3
      vertex 37.3807 6.91928 12.3
    endloop
  endfacet
  facet normal -0.487733 0.538263 0.687306
    outer loop
      vertex 37.3765 6.91547 12.3
      vertex 36.7778 7.52218 11.4
      vertex 36.6978 7.44969 11.4
    endloop
  endfacet
  facet normal -0.53923 -0.486716 0.687269
    outer loop
      vertex 36.7778 9.07782 11.4
      vertex 37.3845 9.67651 12.3
      vertex 37.3807 9.68072 12.3
    endloop
  endfacet
  facet normal -0.538202 -0.487806 0.687302
    outer loop
      vertex 37.3845 9.67651 12.3
      vertex 36.7778 9.07782 11.4
      vertex 36.8503 8.99783 11.4
    endloop
  endfacet
  facet normal -0.623004 0.373435 0.687322
    outer loop
      vertex 37.6265 7.22005 12.3
      vertex 37.7221 7.37954 12.3
      vertex 36.9701 7.78146 11.4
    endloop
  endfacet
  facet normal 0.373426 0.623028 0.687306
    outer loop
      vertex 35.0747 6.58085 12.3
      vertex 35.3889 7.38538 11.4
      vertex 34.9152 6.67645 12.3
    endloop
  endfacet
  facet normal 0.0356299 0.72549 0.68731
    outer loop
      vertex 35.9943 6.34765 12.3
      vertex 35.8922 7.2053 11.4
      vertex 35.8086 6.35677 12.3
    endloop
  endfacet
  facet normal -0.4328 -0.583344 0.687309
    outer loop
      vertex 37.2387 9.8094 12.3
      vertex 37.0894 9.92017 12.3
      vertex 36.6978 9.15031 11.4
    endloop
  endfacet
  facet normal -0.656607 0.310568 0.687324
    outer loop
      vertex 37.7221 7.37954 12.3
      vertex 37.8016 7.54762 12.3
      vertex 36.9701 7.78146 11.4
    endloop
  endfacet
  facet normal 0.718507 0.106645 0.687295
    outer loop
      vertex 34.0841 7.92468 12.3
      vertex 34.9053 8.19218 11.4
      vertex 34.0568 8.10861 12.3
    endloop
  endfacet
  facet normal -0.310819 0.656517 0.687297
    outer loop
      vertex 36.421 7.28373 11.4
      vertex 36.7524 6.49843 12.3
      vertex 36.5185 7.32989 11.4
    endloop
  endfacet
  facet normal -0.307491 0.658005 0.687371
    outer loop
      vertex 36.7524 6.49843 12.3
      vertex 36.421 7.28373 11.4
      vertex 36.7472 6.496 12.3
    endloop
  endfacet
  facet normal -0.718507 -0.106645 0.687295
    outer loop
      vertex 37.9432 8.49139 12.3
      vertex 37.9159 8.67532 12.3
      vertex 37.0947 8.40782 11.4
    endloop
  endfacet
  facet normal -0.107746 0.718305 0.687334
    outer loop
      vertex 36.2146 7.22114 11.4
      vertex 36.3753 6.38405 12.3
      vertex 36.3809 6.38489 12.3
    endloop
  endfacet
  facet normal -0.106565 0.718505 0.687309
    outer loop
      vertex 36.3753 6.38405 12.3
      vertex 36.2146 7.22114 11.4
      vertex 36.1078 7.2053 11.4
    endloop
  endfacet
  facet normal 0.725301 -0.0383757 0.687361
    outer loop
      vertex 34.0565 8.48572 12.3
      vertex 34.9053 8.40782 11.4
      vertex 34.0568 8.49139 12.3
    endloop
  endfacet
  facet normal 0.725492 -0.0356623 0.687306
    outer loop
      vertex 34.9053 8.40782 11.4
      vertex 34.0565 8.48572 12.3
      vertex 34.9 8.3 11.4
    endloop
  endfacet
  facet normal -0.106583 0.718501 0.687311
    outer loop
      vertex 36.1914 6.35677 12.3
      vertex 36.3753 6.38405 12.3
      vertex 36.1078 7.2053 11.4
    endloop
  endfacet
  facet normal 0.53923 -0.486716 0.687269
    outer loop
      vertex 34.6155 9.67651 12.3
      vertex 35.2222 9.07782 11.4
      vertex 34.6193 9.68072 12.3
    endloop
  endfacet
  facet normal 0.538202 -0.487806 0.687302
    outer loop
      vertex 35.2222 9.07782 11.4
      vertex 34.6155 9.67651 12.3
      vertex 35.1497 8.99783 11.4
    endloop
  endfacet
  facet normal -0.583353 0.432779 0.687314
    outer loop
      vertex 37.5094 7.06126 12.3
      vertex 37.6202 7.21061 12.3
      vertex 36.8503 7.60217 11.4
    endloop
  endfacet
  facet normal -0.487745 0.53825 0.687307
    outer loop
      vertex 37.2387 6.7906 12.3
      vertex 37.3765 6.91547 12.3
      vertex 36.6978 7.44969 11.4
    endloop
  endfacet
  facet normal -0.658093 0.307281 0.687381
    outer loop
      vertex 37.0163 7.87905 11.4
      vertex 37.8016 7.54762 12.3
      vertex 37.804 7.55276 12.3
    endloop
  endfacet
  facet normal -0.656518 0.310802 0.687303
    outer loop
      vertex 37.8016 7.54762 12.3
      vertex 37.0163 7.87905 11.4
      vertex 36.9701 7.78146 11.4
    endloop
  endfacet
  facet normal 0.656607 -0.310568 0.687324
    outer loop
      vertex 35.0299 8.81854 11.4
      vertex 34.2779 9.22046 12.3
      vertex 34.1984 9.05238 12.3
    endloop
  endfacet
  facet normal 0.106565 0.718505 0.687309
    outer loop
      vertex 35.7854 7.22114 11.4
      vertex 35.6247 6.38405 12.3
      vertex 35.8922 7.2053 11.4
    endloop
  endfacet
  facet normal 0.107746 0.718305 0.687334
    outer loop
      vertex 35.6247 6.38405 12.3
      vertex 35.7854 7.22114 11.4
      vertex 35.6191 6.38489 12.3
    endloop
  endfacet
  facet normal -0.583353 -0.432779 0.687314
    outer loop
      vertex 37.6202 9.38939 12.3
      vertex 37.5094 9.53874 12.3
      vertex 36.8503 8.99783 11.4
    endloop
  endfacet
  facet normal -0.176556 0.704584 0.687306
    outer loop
      vertex 36.3865 6.38627 12.3
      vertex 36.5668 6.43145 12.3
      vertex 36.3193 7.24736 11.4
    endloop
  endfacet
  facet normal 0.432588 0.583501 0.687309
    outer loop
      vertex 34.9152 6.67645 12.3
      vertex 35.3889 7.38538 11.4
      vertex 34.7658 6.78721 12.3
    endloop
  endfacet
  facet normal -0.244666 0.683923 0.687305
    outer loop
      vertex 36.5668 6.43145 12.3
      vertex 36.7419 6.49409 12.3
      vertex 36.3193 7.24736 11.4
    endloop
  endfacet
  facet normal -0.704647 0.176191 0.687335
    outer loop
      vertex 37.8686 7.73318 12.3
      vertex 37.9137 7.91355 12.3
      vertex 37.0526 7.98069 11.4
    endloop
  endfacet
  facet normal 0.0381745 -0.725316 0.687357
    outer loop
      vertex 35.8922 9.3947 11.4
      vertex 35.8143 10.2435 12.3
      vertex 35.8086 10.2432 12.3
    endloop
  endfacet
  facet normal 0.0356689 -0.725491 0.687306
    outer loop
      vertex 35.8143 10.2435 12.3
      vertex 35.8922 9.3947 11.4
      vertex 36 9.4 11.4
    endloop
  endfacet
  facet normal 0.252343 -0.681327 0.687108
    outer loop
      vertex 35.4278 10.1666 12.3
      vertex 35.6807 9.35263 11.4
      vertex 35.4332 10.1686 12.3
    endloop
  endfacet
  facet normal 0.244535 -0.68397 0.687305
    outer loop
      vertex 35.6807 9.35263 11.4
      vertex 35.4278 10.1666 12.3
      vertex 35.579 9.31627 11.4
    endloop
  endfacet
  facet normal 0.487745 0.53825 0.687307
    outer loop
      vertex 34.7613 6.7906 12.3
      vertex 35.3022 7.44969 11.4
      vertex 34.6235 6.91547 12.3
    endloop
  endfacet
  facet normal -0.72548 -0.0359381 0.687304
    outer loop
      vertex 37.9524 8.30567 12.3
      vertex 37.9432 8.49139 12.3
      vertex 37.0947 8.40782 11.4
    endloop
  endfacet
  facet normal -0.725728 0.0255538 0.687507
    outer loop
      vertex 37.1 8.3 11.4
      vertex 37.9524 8.29432 12.3
      vertex 37.9526 8.3 12.3
    endloop
  endfacet
  facet normal -0.725472 0.0356613 0.687327
    outer loop
      vertex 37.9524 8.29432 12.3
      vertex 37.1 8.3 11.4
      vertex 37.0947 8.19218 11.4
    endloop
  endfacet
  facet normal -0.718507 0.106645 0.687295
    outer loop
      vertex 37.9159 7.92468 12.3
      vertex 37.9432 8.10861 12.3
      vertex 37.0947 8.19218 11.4
    endloop
  endfacet
  facet normal 0.684531 -0.243105 0.687253
    outer loop
      vertex 34.1941 9.04189 12.3
      vertex 34.9837 8.72095 11.4
      vertex 34.196 9.04724 12.3
    endloop
  endfacet
  facet normal 0.684073 -0.244312 0.687282
    outer loop
      vertex 34.9837 8.72095 11.4
      vertex 34.1941 9.04189 12.3
      vertex 34.9474 8.61931 11.4
    endloop
  endfacet
  facet normal 0.583353 -0.432779 0.687314
    outer loop
      vertex 35.1497 8.99783 11.4
      vertex 34.4906 9.53874 12.3
      vertex 34.3798 9.38939 12.3
    endloop
  endfacet
  facet normal 0.725507 0.0355487 0.687297
    outer loop
      vertex 34.0565 8.11428 12.3
      vertex 34.9 8.3 11.4
      vertex 34.0474 8.3 12.3
    endloop
  endfacet
  facet normal 0.725507 -0.0355487 0.687297
    outer loop
      vertex 34.9 8.3 11.4
      vertex 34.0565 8.48572 12.3
      vertex 34.0474 8.3 12.3
    endloop
  endfacet
  facet normal -0.373498 -0.622953 0.687334
    outer loop
      vertex 37.08 9.92647 12.3
      vertex 36.9205 10.0221 12.3
      vertex 36.5185 9.27011 11.4
    endloop
  endfacet
  facet normal 0.704647 -0.176191 0.687335
    outer loop
      vertex 34.9474 8.61931 11.4
      vertex 34.1314 8.86682 12.3
      vertex 34.0863 8.68645 12.3
    endloop
  endfacet
  facet normal 0.683808 -0.244901 0.687336
    outer loop
      vertex 34.9474 8.61931 11.4
      vertex 34.1941 9.04189 12.3
      vertex 34.1314 8.86682 12.3
    endloop
  endfacet
  facet normal 0.244666 0.683923 0.687305
    outer loop
      vertex 35.4332 6.43145 12.3
      vertex 35.6807 7.24736 11.4
      vertex 35.2581 6.49409 12.3
    endloop
  endfacet
  facet normal 0.432725 0.583381 0.687325
    outer loop
      vertex 35.3022 7.44969 11.4
      vertex 34.7658 6.78721 12.3
      vertex 35.3889 7.38538 11.4
    endloop
  endfacet
  facet normal 0.436987 0.580072 0.687429
    outer loop
      vertex 34.7658 6.78721 12.3
      vertex 35.3022 7.44969 11.4
      vertex 34.7613 6.7906 12.3
    endloop
  endfacet
  facet normal 0.656518 -0.310802 0.687303
    outer loop
      vertex 34.1984 9.05238 12.3
      vertex 34.9837 8.72095 11.4
      vertex 35.0299 8.81854 11.4
    endloop
  endfacet
  facet normal 0.658093 -0.307281 0.687381
    outer loop
      vertex 34.9837 8.72095 11.4
      vertex 34.1984 9.05238 12.3
      vertex 34.196 9.04724 12.3
    endloop
  endfacet
  facet normal 0.538202 0.487806 0.687302
    outer loop
      vertex 34.6155 6.92349 12.3
      vertex 35.2222 7.52218 11.4
      vertex 35.1497 7.60217 11.4
    endloop
  endfacet
  facet normal 0.53923 0.486716 0.687269
    outer loop
      vertex 35.2222 7.52218 11.4
      vertex 34.6155 6.92349 12.3
      vertex 34.6193 6.91928 12.3
    endloop
  endfacet
  facet normal -0.684073 0.244312 0.687282
    outer loop
      vertex 37.0163 7.87905 11.4
      vertex 37.8059 7.55811 12.3
      vertex 37.0526 7.98069 11.4
    endloop
  endfacet
  facet normal -0.684531 0.243105 0.687253
    outer loop
      vertex 37.8059 7.55811 12.3
      vertex 37.0163 7.87905 11.4
      vertex 37.804 7.55276 12.3
    endloop
  endfacet
  facet normal 0.538138 -0.487867 0.687309
    outer loop
      vertex 35.1497 8.99783 11.4
      vertex 34.6155 9.67651 12.3
      vertex 34.4906 9.53874 12.3
    endloop
  endfacet
  facet normal -0.538138 -0.487867 0.687309
    outer loop
      vertex 37.5094 9.53874 12.3
      vertex 37.3845 9.67651 12.3
      vertex 36.8503 8.99783 11.4
    endloop
  endfacet
  facet normal 0.244596 0.683954 0.687298
    outer loop
      vertex 35.579 7.28373 11.4
      vertex 35.2581 6.49409 12.3
      vertex 35.6807 7.24736 11.4
    endloop
  endfacet
  facet normal 0.246254 0.683322 0.687335
    outer loop
      vertex 35.2581 6.49409 12.3
      vertex 35.579 7.28373 11.4
      vertex 35.2528 6.496 12.3
    endloop
  endfacet
  facet normal -0.488029 -0.537984 0.687314
    outer loop
      vertex 37.3765 9.68453 12.3
      vertex 36.7778 9.07782 11.4
      vertex 37.3807 9.68072 12.3
    endloop
  endfacet
  facet normal -0.487733 -0.538263 0.687306
    outer loop
      vertex 36.7778 9.07782 11.4
      vertex 37.3765 9.68453 12.3
      vertex 36.6978 9.15031 11.4
    endloop
  endfacet
  facet normal 0.718581 0.106327 0.687268
    outer loop
      vertex 34.0841 7.92468 12.3
      vertex 34.9211 8.0854 11.4
      vertex 34.9053 8.19218 11.4
    endloop
  endfacet
  facet normal 0.71924 0.102383 0.687177
    outer loop
      vertex 34.9211 8.0854 11.4
      vertex 34.0841 7.92468 12.3
      vertex 34.0849 7.91906 12.3
    endloop
  endfacet
  facet normal -0.373364 0.623059 0.687312
    outer loop
      vertex 36.5185 7.32989 11.4
      vertex 36.9253 6.58085 12.3
      vertex 36.6111 7.38538 11.4
    endloop
  endfacet
  facet normal -0.37756 0.620647 0.687201
    outer loop
      vertex 36.9253 6.58085 12.3
      vertex 36.5185 7.32989 11.4
      vertex 36.9205 6.57793 12.3
    endloop
  endfacet
  facet normal 0.623002 0.373438 0.687323
    outer loop
      vertex 34.3735 7.22005 12.3
      vertex 35.0854 7.68887 11.4
      vertex 35.0299 7.78146 11.4
    endloop
  endfacet
  facet normal 0.62412 0.371652 0.687277
    outer loop
      vertex 35.0854 7.68887 11.4
      vertex 34.3735 7.22005 12.3
      vertex 34.3764 7.21518 12.3
    endloop
  endfacet
  facet normal 0.62412 -0.371652 0.687277
    outer loop
      vertex 34.3735 9.37995 12.3
      vertex 35.0854 8.91113 11.4
      vertex 34.3764 9.38482 12.3
    endloop
  endfacet
  facet normal 0.623002 -0.373438 0.687323
    outer loop
      vertex 35.0854 8.91113 11.4
      vertex 34.3735 9.37995 12.3
      vertex 35.0299 8.81854 11.4
    endloop
  endfacet
  facet normal -0.582778 -0.433576 0.6873
    outer loop
      vertex 37.6202 9.38939 12.3
      vertex 36.9146 8.91113 11.4
      vertex 37.6236 9.38482 12.3
    endloop
  endfacet
  facet normal -0.583414 -0.432682 0.687324
    outer loop
      vertex 36.9146 8.91113 11.4
      vertex 37.6202 9.38939 12.3
      vertex 36.8503 8.99783 11.4
    endloop
  endfacet
  facet normal 0.684073 0.244312 0.687282
    outer loop
      vertex 34.1941 7.55811 12.3
      vertex 34.9837 7.87905 11.4
      vertex 34.9474 7.98069 11.4
    endloop
  endfacet
  facet normal 0.684531 0.243105 0.687253
    outer loop
      vertex 34.9837 7.87905 11.4
      vertex 34.1941 7.55811 12.3
      vertex 34.196 7.55276 12.3
    endloop
  endfacet
  facet normal -0.72548 0.03594 0.687304
    outer loop
      vertex 37.9432 8.10861 12.3
      vertex 37.9524 8.29432 12.3
      vertex 37.0947 8.19218 11.4
    endloop
  endfacet
  facet normal -0.718581 0.106327 0.687268
    outer loop
      vertex 37.0789 8.0854 11.4
      vertex 37.9159 7.92468 12.3
      vertex 37.0947 8.19218 11.4
    endloop
  endfacet
  facet normal -0.71924 0.102383 0.687177
    outer loop
      vertex 37.9159 7.92468 12.3
      vertex 37.0789 8.0854 11.4
      vertex 37.9151 7.91906 12.3
    endloop
  endfacet
  facet normal -0.683808 0.244901 0.687336
    outer loop
      vertex 37.8059 7.55811 12.3
      vertex 37.8686 7.73318 12.3
      vertex 37.0526 7.98069 11.4
    endloop
  endfacet
  facet normal -0.623002 0.373438 0.687323
    outer loop
      vertex 36.9146 7.68887 11.4
      vertex 37.6265 7.22005 12.3
      vertex 36.9701 7.78146 11.4
    endloop
  endfacet
  facet normal -0.62412 0.371652 0.687277
    outer loop
      vertex 37.6265 7.22005 12.3
      vertex 36.9146 7.68887 11.4
      vertex 37.6236 7.21518 12.3
    endloop
  endfacet
  facet normal 0.430057 -0.585284 0.687382
    outer loop
      vertex 34.9106 9.92017 12.3
      vertex 35.3889 9.21462 11.4
      vertex 34.9152 9.92355 12.3
    endloop
  endfacet
  facet normal 0.43273 -0.583388 0.687316
    outer loop
      vertex 35.3889 9.21462 11.4
      vertex 34.9106 9.92017 12.3
      vertex 35.3022 9.15031 11.4
    endloop
  endfacet
  facet normal -0.0356689 0.725491 0.687306
    outer loop
      vertex 36 7.2 11.4
      vertex 36.0057 6.34765 12.3
      vertex 36.1078 7.2053 11.4
    endloop
  endfacet
  facet normal -0.0356382 0.725492 0.687307
    outer loop
      vertex 36.0057 6.34765 12.3
      vertex 36 7.2 11.4
      vertex 36 6.34737 12.3
    endloop
  endfacet
  facet normal 0.583414 -0.432682 0.687324
    outer loop
      vertex 34.3798 9.38939 12.3
      vertex 35.0854 8.91113 11.4
      vertex 35.1497 8.99783 11.4
    endloop
  endfacet
  facet normal 0.582778 -0.433576 0.6873
    outer loop
      vertex 35.0854 8.91113 11.4
      vertex 34.3798 9.38939 12.3
      vertex 34.3764 9.38482 12.3
    endloop
  endfacet
  facet normal 0.725492 0.0356623 0.687306
    outer loop
      vertex 34.0565 8.11428 12.3
      vertex 34.9053 8.19218 11.4
      vertex 34.9 8.3 11.4
    endloop
  endfacet
  facet normal 0.725301 0.0383757 0.687361
    outer loop
      vertex 34.9053 8.19218 11.4
      vertex 34.0565 8.11428 12.3
      vertex 34.0568 8.10861 12.3
    endloop
  endfacet
  facet normal -0.0355526 -0.725506 0.687296
    outer loop
      vertex 36.1857 10.2435 12.3
      vertex 36 10.2526 12.3
      vertex 36 9.4 11.4
    endloop
  endfacet
  facet normal 0.106662 -0.718503 0.687296
    outer loop
      vertex 35.8922 9.3947 11.4
      vertex 35.8086 10.2432 12.3
      vertex 35.6247 10.2159 12.3
    endloop
  endfacet
  facet normal 0.487745 -0.53825 0.687307
    outer loop
      vertex 35.3022 9.15031 11.4
      vertex 34.7613 9.8094 12.3
      vertex 34.6235 9.68453 12.3
    endloop
  endfacet
  facet normal -0.623004 -0.373435 0.687322
    outer loop
      vertex 37.7221 9.22046 12.3
      vertex 37.6265 9.37995 12.3
      vertex 36.9701 8.81854 11.4
    endloop
  endfacet
  facet normal -0.62412 -0.371652 0.687277
    outer loop
      vertex 36.9146 8.91113 11.4
      vertex 37.6265 9.37995 12.3
      vertex 37.6236 9.38482 12.3
    endloop
  endfacet
  facet normal -0.623002 -0.373438 0.687323
    outer loop
      vertex 37.6265 9.37995 12.3
      vertex 36.9146 8.91113 11.4
      vertex 36.9701 8.81854 11.4
    endloop
  endfacet
  facet normal 0.167137 -0.707118 0.687059
    outer loop
      vertex 35.6807 9.35263 11.4
      vertex 35.4387 10.1699 12.3
      vertex 35.4332 10.1686 12.3
    endloop
  endfacet
  facet normal 0.17652 -0.704601 0.687297
    outer loop
      vertex 35.4387 10.1699 12.3
      vertex 35.6807 9.35263 11.4
      vertex 35.7854 9.37886 11.4
    endloop
  endfacet
  facet normal -0.538138 0.487867 0.687309
    outer loop
      vertex 37.3845 6.92349 12.3
      vertex 37.5094 7.06126 12.3
      vertex 36.8503 7.60217 11.4
    endloop
  endfacet
  facet normal -0.304336 -0.659394 0.687444
    outer loop
      vertex 36.421 9.31627 11.4
      vertex 36.7524 10.1016 12.3
      vertex 36.7472 10.104 12.3
    endloop
  endfacet
  facet normal -0.310814 -0.656507 0.687309
    outer loop
      vertex 36.7524 10.1016 12.3
      vertex 36.421 9.31627 11.4
      vertex 36.5185 9.27011 11.4
    endloop
  endfacet
  facet normal 0.310538 0.656623 0.687323
    outer loop
      vertex 35.2476 6.49843 12.3
      vertex 35.4815 7.32989 11.4
      vertex 35.0795 6.57793 12.3
    endloop
  endfacet
  facet normal 0.310534 -0.656613 0.687334
    outer loop
      vertex 35.4815 9.27011 11.4
      vertex 35.2476 10.1016 12.3
      vertex 35.0795 10.0221 12.3
    endloop
  endfacet
  facet normal 0.71924 -0.102383 0.687177
    outer loop
      vertex 34.0841 8.67532 12.3
      vertex 34.9211 8.5146 11.4
      vertex 34.0849 8.68094 12.3
    endloop
  endfacet
  facet normal 0.718581 -0.106327 0.687268
    outer loop
      vertex 34.9211 8.5146 11.4
      vertex 34.0841 8.67532 12.3
      vertex 34.9053 8.40782 11.4
    endloop
  endfacet
  facet normal 0.704188 -0.178923 0.687099
    outer loop
      vertex 34.0849 8.68094 12.3
      vertex 34.9474 8.61931 11.4
      vertex 34.0863 8.68645 12.3
    endloop
  endfacet
  facet normal 0.704514 -0.176953 0.687276
    outer loop
      vertex 34.9474 8.61931 11.4
      vertex 34.0849 8.68094 12.3
      vertex 34.9211 8.5146 11.4
    endloop
  endfacet
  facet normal -0.310534 -0.656613 0.687334
    outer loop
      vertex 36.9205 10.0221 12.3
      vertex 36.7524 10.1016 12.3
      vertex 36.5185 9.27011 11.4
    endloop
  endfacet
  facet normal 0.0356382 0.725492 0.687307
    outer loop
      vertex 36 7.2 11.4
      vertex 35.9943 6.34765 12.3
      vertex 36 6.34737 12.3
    endloop
  endfacet
  facet normal 0.0356689 0.725491 0.687306
    outer loop
      vertex 35.9943 6.34765 12.3
      vertex 36 7.2 11.4
      vertex 35.8922 7.2053 11.4
    endloop
  endfacet
  facet normal 0.538138 0.487867 0.687309
    outer loop
      vertex 34.6155 6.92349 12.3
      vertex 35.1497 7.60217 11.4
      vertex 34.4906 7.06126 12.3
    endloop
  endfacet
  facet normal -0.684531 -0.243105 0.687253
    outer loop
      vertex 37.0163 8.72095 11.4
      vertex 37.8059 9.04189 12.3
      vertex 37.804 9.04724 12.3
    endloop
  endfacet
  facet normal -0.684073 -0.244312 0.687282
    outer loop
      vertex 37.8059 9.04189 12.3
      vertex 37.0163 8.72095 11.4
      vertex 37.0526 8.61931 11.4
    endloop
  endfacet
  facet normal -0.0356689 -0.725491 0.687306
    outer loop
      vertex 36.1078 9.3947 11.4
      vertex 36.1857 10.2435 12.3
      vertex 36 9.4 11.4
    endloop
  endfacet
  facet normal -0.0381745 -0.725316 0.687357
    outer loop
      vertex 36.1857 10.2435 12.3
      vertex 36.1078 9.3947 11.4
      vertex 36.1914 10.2432 12.3
    endloop
  endfacet
  facet normal 0.0355526 -0.725506 0.687296
    outer loop
      vertex 36 9.4 11.4
      vertex 36 10.2526 12.3
      vertex 35.8143 10.2435 12.3
    endloop
  endfacet
  facet normal 0.373498 -0.622953 0.687334
    outer loop
      vertex 35.4815 9.27011 11.4
      vertex 35.0795 10.0221 12.3
      vertex 34.92 9.92647 12.3
    endloop
  endfacet
  facet normal -0.432588 0.583501 0.687309
    outer loop
      vertex 37.0848 6.67645 12.3
      vertex 37.2342 6.78721 12.3
      vertex 36.6111 7.38538 11.4
    endloop
  endfacet
  facet normal 0.623004 0.373435 0.687322
    outer loop
      vertex 34.3735 7.22005 12.3
      vertex 35.0299 7.78146 11.4
      vertex 34.2779 7.37954 12.3
    endloop
  endfacet
  facet normal -0.373426 0.623028 0.687306
    outer loop
      vertex 36.9253 6.58085 12.3
      vertex 37.0848 6.67645 12.3
      vertex 36.6111 7.38538 11.4
    endloop
  endfacet
  facet normal -0.436987 0.580072 0.687429
    outer loop
      vertex 36.6978 7.44969 11.4
      vertex 37.2342 6.78721 12.3
      vertex 37.2387 6.7906 12.3
    endloop
  endfacet
  facet normal -0.432725 0.583381 0.687325
    outer loop
      vertex 37.2342 6.78721 12.3
      vertex 36.6978 7.44969 11.4
      vertex 36.6111 7.38538 11.4
    endloop
  endfacet
  facet normal 0.487733 0.538263 0.687306
    outer loop
      vertex 35.2222 7.52218 11.4
      vertex 34.6235 6.91547 12.3
      vertex 35.3022 7.44969 11.4
    endloop
  endfacet
  facet normal 0.488029 0.537984 0.687314
    outer loop
      vertex 34.6235 6.91547 12.3
      vertex 35.2222 7.52218 11.4
      vertex 34.6193 6.91928 12.3
    endloop
  endfacet
  facet normal 0.106583 0.718501 0.687311
    outer loop
      vertex 35.8086 6.35677 12.3
      vertex 35.8922 7.2053 11.4
      vertex 35.6247 6.38405 12.3
    endloop
  endfacet
  facet normal 0.583353 0.432779 0.687314
    outer loop
      vertex 34.4906 7.06126 12.3
      vertex 35.1497 7.60217 11.4
      vertex 34.3798 7.21061 12.3
    endloop
  endfacet
  facet normal 0.583414 0.432682 0.687324
    outer loop
      vertex 35.0854 7.68887 11.4
      vertex 34.3798 7.21061 12.3
      vertex 35.1497 7.60217 11.4
    endloop
  endfacet
  facet normal 0.582778 0.433576 0.6873
    outer loop
      vertex 34.3798 7.21061 12.3
      vertex 35.0854 7.68887 11.4
      vertex 34.3764 7.21518 12.3
    endloop
  endfacet
  facet normal -0.582778 0.433576 0.6873
    outer loop
      vertex 36.9146 7.68887 11.4
      vertex 37.6202 7.21061 12.3
      vertex 37.6236 7.21518 12.3
    endloop
  endfacet
  facet normal -0.583414 0.432682 0.687324
    outer loop
      vertex 37.6202 7.21061 12.3
      vertex 36.9146 7.68887 11.4
      vertex 36.8503 7.60217 11.4
    endloop
  endfacet
  facet normal 0.176556 0.704584 0.687306
    outer loop
      vertex 35.6135 6.38627 12.3
      vertex 35.6807 7.24736 11.4
      vertex 35.4332 6.43145 12.3
    endloop
  endfacet
  facet normal 0.373364 0.623059 0.687312
    outer loop
      vertex 35.0747 6.58085 12.3
      vertex 35.4815 7.32989 11.4
      vertex 35.3889 7.38538 11.4
    endloop
  endfacet
  facet normal 0.37756 0.620647 0.687201
    outer loop
      vertex 35.4815 7.32989 11.4
      vertex 35.0747 6.58085 12.3
      vertex 35.0795 6.57793 12.3
    endloop
  endfacet
  facet normal -0.658093 -0.307281 0.687381
    outer loop
      vertex 37.8016 9.05238 12.3
      vertex 37.0163 8.72095 11.4
      vertex 37.804 9.04724 12.3
    endloop
  endfacet
  facet normal -0.656518 -0.310802 0.687303
    outer loop
      vertex 37.0163 8.72095 11.4
      vertex 37.8016 9.05238 12.3
      vertex 36.9701 8.81854 11.4
    endloop
  endfacet
  facet normal -0.538202 0.487806 0.687302
    outer loop
      vertex 36.7778 7.52218 11.4
      vertex 37.3845 6.92349 12.3
      vertex 36.8503 7.60217 11.4
    endloop
  endfacet
  facet normal -0.53923 0.486716 0.687269
    outer loop
      vertex 37.3845 6.92349 12.3
      vertex 36.7778 7.52218 11.4
      vertex 37.3807 6.91928 12.3
    endloop
  endfacet
  facet normal -0.704647 -0.176191 0.687335
    outer loop
      vertex 37.9137 8.68645 12.3
      vertex 37.8686 8.86682 12.3
      vertex 37.0526 8.61931 11.4
    endloop
  endfacet
  facet normal 0.656607 0.310568 0.687324
    outer loop
      vertex 34.2779 7.37954 12.3
      vertex 35.0299 7.78146 11.4
      vertex 34.1984 7.54762 12.3
    endloop
  endfacet
  facet normal -0.173745 0.705052 0.687543
    outer loop
      vertex 36.3193 7.24736 11.4
      vertex 36.3809 6.38489 12.3
      vertex 36.3865 6.38627 12.3
    endloop
  endfacet
  facet normal -0.176455 0.70461 0.687305
    outer loop
      vertex 36.3809 6.38489 12.3
      vertex 36.3193 7.24736 11.4
      vertex 36.2146 7.22114 11.4
    endloop
  endfacet
  facet normal -0.17652 -0.704601 0.687297
    outer loop
      vertex 36.3193 9.35263 11.4
      vertex 36.5613 10.1699 12.3
      vertex 36.2146 9.37886 11.4
    endloop
  endfacet
  facet normal -0.167137 -0.707118 0.687059
    outer loop
      vertex 36.5613 10.1699 12.3
      vertex 36.3193 9.35263 11.4
      vertex 36.5668 10.1686 12.3
    endloop
  endfacet
  facet normal 0.310819 0.656517 0.687297
    outer loop
      vertex 35.2476 6.49843 12.3
      vertex 35.579 7.28373 11.4
      vertex 35.4815 7.32989 11.4
    endloop
  endfacet
  facet normal 0.307491 0.658005 0.687371
    outer loop
      vertex 35.579 7.28373 11.4
      vertex 35.2476 6.49843 12.3
      vertex 35.2528 6.496 12.3
    endloop
  endfacet
  facet normal 0.176455 0.70461 0.687305
    outer loop
      vertex 35.6807 7.24736 11.4
      vertex 35.6191 6.38489 12.3
      vertex 35.7854 7.22114 11.4
    endloop
  endfacet
  facet normal 0.173745 0.705052 0.687543
    outer loop
      vertex 35.6191 6.38489 12.3
      vertex 35.6807 7.24736 11.4
      vertex 35.6135 6.38627 12.3
    endloop
  endfacet
  facet normal -0.377455 -0.620474 0.687415
    outer loop
      vertex 37.08 9.92647 12.3
      vertex 36.6111 9.21462 11.4
      vertex 37.0848 9.92355 12.3
    endloop
  endfacet
  facet normal -0.37336 -0.623052 0.68732
    outer loop
      vertex 36.6111 9.21462 11.4
      vertex 37.08 9.92647 12.3
      vertex 36.5185 9.27011 11.4
    endloop
  endfacet
  facet normal -0.430057 -0.585284 0.687382
    outer loop
      vertex 36.6111 9.21462 11.4
      vertex 37.0894 9.92017 12.3
      vertex 37.0848 9.92355 12.3
    endloop
  endfacet
  facet normal -0.43273 -0.583388 0.687316
    outer loop
      vertex 37.0894 9.92017 12.3
      vertex 36.6111 9.21462 11.4
      vertex 36.6978 9.15031 11.4
    endloop
  endfacet
  facet normal 0.176539 -0.704595 0.687299
    outer loop
      vertex 35.7854 9.37886 11.4
      vertex 35.6191 10.2151 12.3
      vertex 35.4387 10.1699 12.3
    endloop
  endfacet
  facet normal 0.304336 -0.659394 0.687444
    outer loop
      vertex 35.2476 10.1016 12.3
      vertex 35.579 9.31627 11.4
      vertex 35.2528 10.104 12.3
    endloop
  endfacet
  facet normal 0.310814 -0.656507 0.687309
    outer loop
      vertex 35.579 9.31627 11.4
      vertex 35.2476 10.1016 12.3
      vertex 35.4815 9.27011 11.4
    endloop
  endfacet
  facet normal 0.102738 -0.719166 0.687201
    outer loop
      vertex 35.7854 9.37886 11.4
      vertex 35.6247 10.2159 12.3
      vertex 35.6191 10.2151 12.3
    endloop
  endfacet
  facet normal 0.106568 -0.718525 0.687288
    outer loop
      vertex 35.6247 10.2159 12.3
      vertex 35.7854 9.37886 11.4
      vertex 35.8922 9.3947 11.4
    endloop
  endfacet
  facet normal -0.176539 -0.704595 0.687299
    outer loop
      vertex 36.5613 10.1699 12.3
      vertex 36.3809 10.2151 12.3
      vertex 36.2146 9.37886 11.4
    endloop
  endfacet
  facet normal -0.106568 -0.718525 0.687288
    outer loop
      vertex 36.2146 9.37886 11.4
      vertex 36.3753 10.2159 12.3
      vertex 36.1078 9.3947 11.4
    endloop
  endfacet
  facet normal -0.102738 -0.719166 0.687201
    outer loop
      vertex 36.3753 10.2159 12.3
      vertex 36.2146 9.37886 11.4
      vertex 36.3809 10.2151 12.3
    endloop
  endfacet
  facet normal 0.683808 0.244901 0.687336
    outer loop
      vertex 34.1941 7.55811 12.3
      vertex 34.9474 7.98069 11.4
      vertex 34.1314 7.73318 12.3
    endloop
  endfacet
  facet normal 0.704514 0.176953 0.687276
    outer loop
      vertex 34.0849 7.91906 12.3
      vertex 34.9474 7.98069 11.4
      vertex 34.9211 8.0854 11.4
    endloop
  endfacet
  facet normal 0.704188 0.178923 0.687099
    outer loop
      vertex 34.9474 7.98069 11.4
      vertex 34.0849 7.91906 12.3
      vertex 34.0863 7.91355 12.3
    endloop
  endfacet
  facet normal -0.704188 -0.178923 0.687099
    outer loop
      vertex 37.0526 8.61931 11.4
      vertex 37.9151 8.68094 12.3
      vertex 37.9137 8.68645 12.3
    endloop
  endfacet
  facet normal -0.704514 -0.176953 0.687276
    outer loop
      vertex 37.9151 8.68094 12.3
      vertex 37.0526 8.61931 11.4
      vertex 37.0789 8.5146 11.4
    endloop
  endfacet
  facet normal -0.71924 -0.102383 0.687177
    outer loop
      vertex 37.0789 8.5146 11.4
      vertex 37.9159 8.67532 12.3
      vertex 37.9151 8.68094 12.3
    endloop
  endfacet
  facet normal -0.718581 -0.106327 0.687268
    outer loop
      vertex 37.9159 8.67532 12.3
      vertex 37.0789 8.5146 11.4
      vertex 37.0947 8.40782 11.4
    endloop
  endfacet
  facet normal 0.656518 0.310802 0.687303
    outer loop
      vertex 34.9837 7.87905 11.4
      vertex 34.1984 7.54762 12.3
      vertex 35.0299 7.78146 11.4
    endloop
  endfacet
  facet normal 0.658093 0.307281 0.687381
    outer loop
      vertex 34.1984 7.54762 12.3
      vertex 34.9837 7.87905 11.4
      vertex 34.196 7.55276 12.3
    endloop
  endfacet
  facet normal 0.37336 -0.623052 0.68732
    outer loop
      vertex 34.92 9.92647 12.3
      vertex 35.3889 9.21462 11.4
      vertex 35.4815 9.27011 11.4
    endloop
  endfacet
  facet normal 0.377455 -0.620474 0.687415
    outer loop
      vertex 35.3889 9.21462 11.4
      vertex 34.92 9.92647 12.3
      vertex 34.9152 9.92355 12.3
    endloop
  endfacet
  facet normal -0.725472 -0.0356613 0.687327
    outer loop
      vertex 65.1 8.3 11.4
      vertex 65.9524 8.30567 12.3
      vertex 65.0947 8.40782 11.4
    endloop
  endfacet
  facet normal -0.725727 -0.0255989 0.687506
    outer loop
      vertex 65.9524 8.30567 12.3
      vertex 65.1 8.3 11.4
      vertex 65.9526 8.3 12.3
    endloop
  endfacet
  facet normal -0.106662 -0.718503 0.687296
    outer loop
      vertex 64.3753 10.2159 12.3
      vertex 64.1914 10.2432 12.3
      vertex 64.1078 9.3947 11.4
    endloop
  endfacet
  facet normal -0.487745 -0.53825 0.687307
    outer loop
      vertex 65.3765 9.68453 12.3
      vertex 65.2387 9.8094 12.3
      vertex 64.6978 9.15031 11.4
    endloop
  endfacet
  facet normal 0.704647 0.176191 0.687335
    outer loop
      vertex 62.1314 7.73318 12.3
      vertex 62.9474 7.98069 11.4
      vertex 62.0863 7.91355 12.3
    endloop
  endfacet
  facet normal -0.683808 -0.244901 0.687336
    outer loop
      vertex 65.8686 8.86682 12.3
      vertex 65.8059 9.04189 12.3
      vertex 65.0526 8.61931 11.4
    endloop
  endfacet
  facet normal -0.246254 0.683322 0.687335
    outer loop
      vertex 64.421 7.28373 11.4
      vertex 64.7419 6.49409 12.3
      vertex 64.7472 6.496 12.3
    endloop
  endfacet
  facet normal -0.244596 0.683954 0.687298
    outer loop
      vertex 64.7419 6.49409 12.3
      vertex 64.421 7.28373 11.4
      vertex 64.3193 7.24736 11.4
    endloop
  endfacet
  facet normal -0.656607 -0.310568 0.687324
    outer loop
      vertex 65.8016 9.05238 12.3
      vertex 65.7221 9.22046 12.3
      vertex 64.9701 8.81854 11.4
    endloop
  endfacet
  facet normal 0.718507 -0.106645 0.687295
    outer loop
      vertex 62.9053 8.40782 11.4
      vertex 62.0841 8.67532 12.3
      vertex 62.0568 8.49139 12.3
    endloop
  endfacet
  facet normal -0.244654 -0.683938 0.687294
    outer loop
      vertex 64.7472 10.104 12.3
      vertex 64.5722 10.1666 12.3
      vertex 64.421 9.31627 11.4
    endloop
  endfacet
  facet normal -0.252343 -0.681327 0.687108
    outer loop
      vertex 64.3193 9.35263 11.4
      vertex 64.5722 10.1666 12.3
      vertex 64.5668 10.1686 12.3
    endloop
  endfacet
  facet normal -0.244535 -0.68397 0.687305
    outer loop
      vertex 64.5722 10.1666 12.3
      vertex 64.3193 9.35263 11.4
      vertex 64.421 9.31627 11.4
    endloop
  endfacet
  facet normal -0.310538 0.656623 0.687323
    outer loop
      vertex 64.7524 6.49843 12.3
      vertex 64.9205 6.57793 12.3
      vertex 64.5185 7.32989 11.4
    endloop
  endfacet
  facet normal 0.4328 -0.583344 0.687309
    outer loop
      vertex 63.3022 9.15031 11.4
      vertex 62.9106 9.92017 12.3
      vertex 62.7613 9.8094 12.3
    endloop
  endfacet
  facet normal -0.704514 0.176953 0.687276
    outer loop
      vertex 65.0526 7.98069 11.4
      vertex 65.9151 7.91906 12.3
      vertex 65.0789 8.0854 11.4
    endloop
  endfacet
  facet normal -0.704188 0.178923 0.687099
    outer loop
      vertex 65.9151 7.91906 12.3
      vertex 65.0526 7.98069 11.4
      vertex 65.9137 7.91355 12.3
    endloop
  endfacet
  facet normal 0.487733 -0.538263 0.687306
    outer loop
      vertex 62.6235 9.68453 12.3
      vertex 63.2222 9.07782 11.4
      vertex 63.3022 9.15031 11.4
    endloop
  endfacet
  facet normal 0.488029 -0.537984 0.687314
    outer loop
      vertex 63.2222 9.07782 11.4
      vertex 62.6235 9.68453 12.3
      vertex 62.6193 9.68072 12.3
    endloop
  endfacet
  facet normal -0.0356299 0.72549 0.68731
    outer loop
      vertex 64.1914 6.35677 12.3
      vertex 64.1078 7.2053 11.4
      vertex 64.0057 6.34765 12.3
    endloop
  endfacet
  facet normal 0.623004 -0.373435 0.687322
    outer loop
      vertex 63.0299 8.81854 11.4
      vertex 62.3735 9.37995 12.3
      vertex 62.2779 9.22046 12.3
    endloop
  endfacet
  facet normal 0.244654 -0.683938 0.687294
    outer loop
      vertex 63.579 9.31627 11.4
      vertex 63.4278 10.1666 12.3
      vertex 63.2528 10.104 12.3
    endloop
  endfacet
  facet normal -0.488029 0.537984 0.687314
    outer loop
      vertex 64.7778 7.52218 11.4
      vertex 65.3765 6.91547 12.3
      vertex 65.3807 6.91928 12.3
    endloop
  endfacet
  facet normal -0.487733 0.538263 0.687306
    outer loop
      vertex 65.3765 6.91547 12.3
      vertex 64.7778 7.52218 11.4
      vertex 64.6978 7.44969 11.4
    endloop
  endfacet
  facet normal -0.53923 -0.486716 0.687269
    outer loop
      vertex 64.7778 9.07782 11.4
      vertex 65.3845 9.67651 12.3
      vertex 65.3807 9.68072 12.3
    endloop
  endfacet
  facet normal -0.538202 -0.487806 0.687302
    outer loop
      vertex 65.3845 9.67651 12.3
      vertex 64.7778 9.07782 11.4
      vertex 64.8503 8.99783 11.4
    endloop
  endfacet
  facet normal -0.623004 0.373435 0.687322
    outer loop
      vertex 65.6265 7.22005 12.3
      vertex 65.7221 7.37954 12.3
      vertex 64.9701 7.78146 11.4
    endloop
  endfacet
  facet normal 0.373426 0.623028 0.687306
    outer loop
      vertex 63.0747 6.58085 12.3
      vertex 63.3889 7.38538 11.4
      vertex 62.9152 6.67645 12.3
    endloop
  endfacet
  facet normal 0.0356299 0.72549 0.68731
    outer loop
      vertex 63.9943 6.34765 12.3
      vertex 63.8922 7.2053 11.4
      vertex 63.8086 6.35677 12.3
    endloop
  endfacet
  facet normal -0.4328 -0.583344 0.687309
    outer loop
      vertex 65.2387 9.8094 12.3
      vertex 65.0894 9.92017 12.3
      vertex 64.6978 9.15031 11.4
    endloop
  endfacet
  facet normal -0.656607 0.310568 0.687324
    outer loop
      vertex 65.7221 7.37954 12.3
      vertex 65.8016 7.54762 12.3
      vertex 64.9701 7.78146 11.4
    endloop
  endfacet
  facet normal 0.718507 0.106645 0.687295
    outer loop
      vertex 62.0841 7.92468 12.3
      vertex 62.9053 8.19218 11.4
      vertex 62.0568 8.10861 12.3
    endloop
  endfacet
  facet normal -0.310819 0.656517 0.687297
    outer loop
      vertex 64.421 7.28373 11.4
      vertex 64.7524 6.49843 12.3
      vertex 64.5185 7.32989 11.4
    endloop
  endfacet
  facet normal -0.307491 0.658005 0.687371
    outer loop
      vertex 64.7524 6.49843 12.3
      vertex 64.421 7.28373 11.4
      vertex 64.7472 6.496 12.3
    endloop
  endfacet
  facet normal -0.718507 -0.106645 0.687295
    outer loop
      vertex 65.9432 8.49139 12.3
      vertex 65.9159 8.67532 12.3
      vertex 65.0947 8.40782 11.4
    endloop
  endfacet
  facet normal -0.107746 0.718305 0.687334
    outer loop
      vertex 64.2146 7.22114 11.4
      vertex 64.3753 6.38405 12.3
      vertex 64.3809 6.38489 12.3
    endloop
  endfacet
  facet normal -0.106565 0.718505 0.687309
    outer loop
      vertex 64.3753 6.38405 12.3
      vertex 64.2146 7.22114 11.4
      vertex 64.1078 7.2053 11.4
    endloop
  endfacet
  facet normal 0.725301 -0.0383757 0.687361
    outer loop
      vertex 62.0565 8.48572 12.3
      vertex 62.9053 8.40782 11.4
      vertex 62.0568 8.49139 12.3
    endloop
  endfacet
  facet normal 0.725492 -0.0356623 0.687306
    outer loop
      vertex 62.9053 8.40782 11.4
      vertex 62.0565 8.48572 12.3
      vertex 62.9 8.3 11.4
    endloop
  endfacet
  facet normal -0.106583 0.718501 0.687311
    outer loop
      vertex 64.1914 6.35677 12.3
      vertex 64.3753 6.38405 12.3
      vertex 64.1078 7.2053 11.4
    endloop
  endfacet
  facet normal 0.53923 -0.486716 0.687269
    outer loop
      vertex 62.6155 9.67651 12.3
      vertex 63.2222 9.07782 11.4
      vertex 62.6193 9.68072 12.3
    endloop
  endfacet
  facet normal 0.538202 -0.487806 0.687302
    outer loop
      vertex 63.2222 9.07782 11.4
      vertex 62.6155 9.67651 12.3
      vertex 63.1497 8.99783 11.4
    endloop
  endfacet
  facet normal -0.583353 0.432779 0.687314
    outer loop
      vertex 65.5094 7.06126 12.3
      vertex 65.6202 7.21061 12.3
      vertex 64.8503 7.60217 11.4
    endloop
  endfacet
  facet normal -0.487745 0.53825 0.687307
    outer loop
      vertex 65.2387 6.7906 12.3
      vertex 65.3765 6.91547 12.3
      vertex 64.6978 7.44969 11.4
    endloop
  endfacet
  facet normal -0.658093 0.307281 0.687381
    outer loop
      vertex 65.0163 7.87905 11.4
      vertex 65.8016 7.54762 12.3
      vertex 65.804 7.55276 12.3
    endloop
  endfacet
  facet normal -0.656518 0.310802 0.687303
    outer loop
      vertex 65.8016 7.54762 12.3
      vertex 65.0163 7.87905 11.4
      vertex 64.9701 7.78146 11.4
    endloop
  endfacet
  facet normal 0.656607 -0.310568 0.687324
    outer loop
      vertex 63.0299 8.81854 11.4
      vertex 62.2779 9.22046 12.3
      vertex 62.1984 9.05238 12.3
    endloop
  endfacet
  facet normal 0.106565 0.718505 0.687309
    outer loop
      vertex 63.7854 7.22114 11.4
      vertex 63.6247 6.38405 12.3
      vertex 63.8922 7.2053 11.4
    endloop
  endfacet
  facet normal 0.107746 0.718305 0.687334
    outer loop
      vertex 63.6247 6.38405 12.3
      vertex 63.7854 7.22114 11.4
      vertex 63.6191 6.38489 12.3
    endloop
  endfacet
  facet normal -0.583353 -0.432779 0.687314
    outer loop
      vertex 65.6202 9.38939 12.3
      vertex 65.5094 9.53874 12.3
      vertex 64.8503 8.99783 11.4
    endloop
  endfacet
  facet normal -0.176556 0.704584 0.687306
    outer loop
      vertex 64.3865 6.38627 12.3
      vertex 64.5668 6.43145 12.3
      vertex 64.3193 7.24736 11.4
    endloop
  endfacet
  facet normal 0.432588 0.583501 0.687309
    outer loop
      vertex 62.9152 6.67645 12.3
      vertex 63.3889 7.38538 11.4
      vertex 62.7658 6.78721 12.3
    endloop
  endfacet
  facet normal -0.244666 0.683923 0.687305
    outer loop
      vertex 64.5668 6.43145 12.3
      vertex 64.7419 6.49409 12.3
      vertex 64.3193 7.24736 11.4
    endloop
  endfacet
  facet normal -0.704647 0.176191 0.687335
    outer loop
      vertex 65.8686 7.73318 12.3
      vertex 65.9137 7.91355 12.3
      vertex 65.0526 7.98069 11.4
    endloop
  endfacet
  facet normal 0.0381745 -0.725316 0.687357
    outer loop
      vertex 63.8922 9.3947 11.4
      vertex 63.8143 10.2435 12.3
      vertex 63.8086 10.2432 12.3
    endloop
  endfacet
  facet normal 0.0356689 -0.725491 0.687306
    outer loop
      vertex 63.8143 10.2435 12.3
      vertex 63.8922 9.3947 11.4
      vertex 64 9.4 11.4
    endloop
  endfacet
  facet normal 0.252343 -0.681327 0.687108
    outer loop
      vertex 63.4278 10.1666 12.3
      vertex 63.6807 9.35263 11.4
      vertex 63.4332 10.1686 12.3
    endloop
  endfacet
  facet normal 0.244535 -0.68397 0.687305
    outer loop
      vertex 63.6807 9.35263 11.4
      vertex 63.4278 10.1666 12.3
      vertex 63.579 9.31627 11.4
    endloop
  endfacet
  facet normal 0.487745 0.53825 0.687307
    outer loop
      vertex 62.7613 6.7906 12.3
      vertex 63.3022 7.44969 11.4
      vertex 62.6235 6.91547 12.3
    endloop
  endfacet
  facet normal -0.72548 -0.0359381 0.687304
    outer loop
      vertex 65.9524 8.30567 12.3
      vertex 65.9432 8.49139 12.3
      vertex 65.0947 8.40782 11.4
    endloop
  endfacet
  facet normal -0.725728 0.0255538 0.687507
    outer loop
      vertex 65.1 8.3 11.4
      vertex 65.9524 8.29432 12.3
      vertex 65.9526 8.3 12.3
    endloop
  endfacet
  facet normal -0.725472 0.0356613 0.687327
    outer loop
      vertex 65.9524 8.29432 12.3
      vertex 65.1 8.3 11.4
      vertex 65.0947 8.19218 11.4
    endloop
  endfacet
  facet normal -0.718507 0.106645 0.687295
    outer loop
      vertex 65.9159 7.92468 12.3
      vertex 65.9432 8.10861 12.3
      vertex 65.0947 8.19218 11.4
    endloop
  endfacet
  facet normal 0.684531 -0.243105 0.687253
    outer loop
      vertex 62.1941 9.04189 12.3
      vertex 62.9837 8.72095 11.4
      vertex 62.196 9.04724 12.3
    endloop
  endfacet
  facet normal 0.684073 -0.244312 0.687282
    outer loop
      vertex 62.9837 8.72095 11.4
      vertex 62.1941 9.04189 12.3
      vertex 62.9474 8.61931 11.4
    endloop
  endfacet
  facet normal 0.583353 -0.432779 0.687314
    outer loop
      vertex 63.1497 8.99783 11.4
      vertex 62.4906 9.53874 12.3
      vertex 62.3798 9.38939 12.3
    endloop
  endfacet
  facet normal 0.725507 0.0355487 0.687297
    outer loop
      vertex 62.0565 8.11428 12.3
      vertex 62.9 8.3 11.4
      vertex 62.0474 8.3 12.3
    endloop
  endfacet
  facet normal 0.725507 -0.0355487 0.687297
    outer loop
      vertex 62.9 8.3 11.4
      vertex 62.0565 8.48572 12.3
      vertex 62.0474 8.3 12.3
    endloop
  endfacet
  facet normal -0.373673 -0.622854 0.687329
    outer loop
      vertex 65.0799 9.92647 12.3
      vertex 64.9205 10.0221 12.3
      vertex 64.5185 9.27011 11.4
    endloop
  endfacet
  facet normal 0.704647 -0.176191 0.687335
    outer loop
      vertex 62.9474 8.61931 11.4
      vertex 62.1314 8.86682 12.3
      vertex 62.0863 8.68645 12.3
    endloop
  endfacet
  facet normal 0.683808 -0.244901 0.687336
    outer loop
      vertex 62.9474 8.61931 11.4
      vertex 62.1941 9.04189 12.3
      vertex 62.1314 8.86682 12.3
    endloop
  endfacet
  facet normal 0.244666 0.683923 0.687305
    outer loop
      vertex 63.4332 6.43145 12.3
      vertex 63.6807 7.24736 11.4
      vertex 63.2581 6.49409 12.3
    endloop
  endfacet
  facet normal 0.432725 0.583381 0.687325
    outer loop
      vertex 63.3022 7.44969 11.4
      vertex 62.7658 6.78721 12.3
      vertex 63.3889 7.38538 11.4
    endloop
  endfacet
  facet normal 0.436987 0.580072 0.687429
    outer loop
      vertex 62.7658 6.78721 12.3
      vertex 63.3022 7.44969 11.4
      vertex 62.7613 6.7906 12.3
    endloop
  endfacet
  facet normal 0.656518 -0.310802 0.687303
    outer loop
      vertex 62.1984 9.05238 12.3
      vertex 62.9837 8.72095 11.4
      vertex 63.0299 8.81854 11.4
    endloop
  endfacet
  facet normal 0.658093 -0.307281 0.687381
    outer loop
      vertex 62.9837 8.72095 11.4
      vertex 62.1984 9.05238 12.3
      vertex 62.196 9.04724 12.3
    endloop
  endfacet
  facet normal 0.538202 0.487806 0.687302
    outer loop
      vertex 62.6155 6.92349 12.3
      vertex 63.2222 7.52218 11.4
      vertex 63.1497 7.60217 11.4
    endloop
  endfacet
  facet normal 0.53923 0.486716 0.687269
    outer loop
      vertex 63.2222 7.52218 11.4
      vertex 62.6155 6.92349 12.3
      vertex 62.6193 6.91928 12.3
    endloop
  endfacet
  facet normal -0.684073 0.244312 0.687282
    outer loop
      vertex 65.0163 7.87905 11.4
      vertex 65.8059 7.55811 12.3
      vertex 65.0526 7.98069 11.4
    endloop
  endfacet
  facet normal -0.684531 0.243105 0.687253
    outer loop
      vertex 65.8059 7.55811 12.3
      vertex 65.0163 7.87905 11.4
      vertex 65.804 7.55276 12.3
    endloop
  endfacet
  facet normal 0.538138 -0.487867 0.687309
    outer loop
      vertex 63.1497 8.99783 11.4
      vertex 62.6155 9.67651 12.3
      vertex 62.4906 9.53874 12.3
    endloop
  endfacet
  facet normal -0.538138 -0.487867 0.687309
    outer loop
      vertex 65.5094 9.53874 12.3
      vertex 65.3845 9.67651 12.3
      vertex 64.8503 8.99783 11.4
    endloop
  endfacet
  facet normal 0.244596 0.683954 0.687298
    outer loop
      vertex 63.579 7.28373 11.4
      vertex 63.2581 6.49409 12.3
      vertex 63.6807 7.24736 11.4
    endloop
  endfacet
  facet normal 0.246254 0.683322 0.687335
    outer loop
      vertex 63.2581 6.49409 12.3
      vertex 63.579 7.28373 11.4
      vertex 63.2528 6.496 12.3
    endloop
  endfacet
  facet normal -0.488029 -0.537984 0.687314
    outer loop
      vertex 65.3765 9.68453 12.3
      vertex 64.7778 9.07782 11.4
      vertex 65.3807 9.68072 12.3
    endloop
  endfacet
  facet normal -0.487733 -0.538263 0.687306
    outer loop
      vertex 64.7778 9.07782 11.4
      vertex 65.3765 9.68453 12.3
      vertex 64.6978 9.15031 11.4
    endloop
  endfacet
  facet normal 0.718581 0.106327 0.687268
    outer loop
      vertex 62.0841 7.92468 12.3
      vertex 62.9211 8.0854 11.4
      vertex 62.9053 8.19218 11.4
    endloop
  endfacet
  facet normal 0.71924 0.102383 0.687177
    outer loop
      vertex 62.9211 8.0854 11.4
      vertex 62.0841 7.92468 12.3
      vertex 62.0849 7.91906 12.3
    endloop
  endfacet
  facet normal -0.373364 0.623059 0.687312
    outer loop
      vertex 64.5185 7.32989 11.4
      vertex 64.9253 6.58085 12.3
      vertex 64.6111 7.38538 11.4
    endloop
  endfacet
  facet normal -0.37756 0.620647 0.687201
    outer loop
      vertex 64.9253 6.58085 12.3
      vertex 64.5185 7.32989 11.4
      vertex 64.9205 6.57793 12.3
    endloop
  endfacet
  facet normal 0.623002 0.373438 0.687323
    outer loop
      vertex 62.3735 7.22005 12.3
      vertex 63.0854 7.68887 11.4
      vertex 63.0299 7.78146 11.4
    endloop
  endfacet
  facet normal 0.62412 0.371652 0.687277
    outer loop
      vertex 63.0854 7.68887 11.4
      vertex 62.3735 7.22005 12.3
      vertex 62.3764 7.21518 12.3
    endloop
  endfacet
  facet normal 0.62412 -0.371652 0.687277
    outer loop
      vertex 62.3735 9.37995 12.3
      vertex 63.0854 8.91113 11.4
      vertex 62.3764 9.38482 12.3
    endloop
  endfacet
  facet normal 0.623002 -0.373438 0.687323
    outer loop
      vertex 63.0854 8.91113 11.4
      vertex 62.3735 9.37995 12.3
      vertex 63.0299 8.81854 11.4
    endloop
  endfacet
  facet normal -0.582778 -0.433576 0.6873
    outer loop
      vertex 65.6202 9.38939 12.3
      vertex 64.9146 8.91113 11.4
      vertex 65.6236 9.38482 12.3
    endloop
  endfacet
  facet normal -0.583414 -0.432682 0.687324
    outer loop
      vertex 64.9146 8.91113 11.4
      vertex 65.6202 9.38939 12.3
      vertex 64.8503 8.99783 11.4
    endloop
  endfacet
  facet normal 0.684073 0.244312 0.687282
    outer loop
      vertex 62.1941 7.55811 12.3
      vertex 62.9837 7.87905 11.4
      vertex 62.9474 7.98069 11.4
    endloop
  endfacet
  facet normal 0.684531 0.243105 0.687253
    outer loop
      vertex 62.9837 7.87905 11.4
      vertex 62.1941 7.55811 12.3
      vertex 62.196 7.55276 12.3
    endloop
  endfacet
  facet normal -0.72548 0.03594 0.687304
    outer loop
      vertex 65.9432 8.10861 12.3
      vertex 65.9524 8.29432 12.3
      vertex 65.0947 8.19218 11.4
    endloop
  endfacet
  facet normal -0.718581 0.106327 0.687268
    outer loop
      vertex 65.0789 8.0854 11.4
      vertex 65.9159 7.92468 12.3
      vertex 65.0947 8.19218 11.4
    endloop
  endfacet
  facet normal -0.71924 0.102383 0.687177
    outer loop
      vertex 65.9159 7.92468 12.3
      vertex 65.0789 8.0854 11.4
      vertex 65.9151 7.91906 12.3
    endloop
  endfacet
  facet normal -0.683808 0.244901 0.687336
    outer loop
      vertex 65.8059 7.55811 12.3
      vertex 65.8686 7.73318 12.3
      vertex 65.0526 7.98069 11.4
    endloop
  endfacet
  facet normal -0.623002 0.373438 0.687323
    outer loop
      vertex 64.9146 7.68887 11.4
      vertex 65.6265 7.22005 12.3
      vertex 64.9701 7.78146 11.4
    endloop
  endfacet
  facet normal -0.62412 0.371652 0.687277
    outer loop
      vertex 65.6265 7.22005 12.3
      vertex 64.9146 7.68887 11.4
      vertex 65.6236 7.21518 12.3
    endloop
  endfacet
  facet normal 0.430057 -0.585284 0.687382
    outer loop
      vertex 62.9106 9.92017 12.3
      vertex 63.3889 9.21462 11.4
      vertex 62.9152 9.92355 12.3
    endloop
  endfacet
  facet normal 0.43273 -0.583388 0.687316
    outer loop
      vertex 63.3889 9.21462 11.4
      vertex 62.9106 9.92017 12.3
      vertex 63.3022 9.15031 11.4
    endloop
  endfacet
  facet normal -0.0356689 0.725491 0.687306
    outer loop
      vertex 64 7.2 11.4
      vertex 64.0057 6.34765 12.3
      vertex 64.1078 7.2053 11.4
    endloop
  endfacet
  facet normal -0.0356382 0.725492 0.687307
    outer loop
      vertex 64.0057 6.34765 12.3
      vertex 64 7.2 11.4
      vertex 64 6.34737 12.3
    endloop
  endfacet
  facet normal 0.583414 -0.432682 0.687324
    outer loop
      vertex 62.3798 9.38939 12.3
      vertex 63.0854 8.91113 11.4
      vertex 63.1497 8.99783 11.4
    endloop
  endfacet
  facet normal 0.582778 -0.433576 0.6873
    outer loop
      vertex 63.0854 8.91113 11.4
      vertex 62.3798 9.38939 12.3
      vertex 62.3764 9.38482 12.3
    endloop
  endfacet
  facet normal 0.725492 0.0356623 0.687306
    outer loop
      vertex 62.0565 8.11428 12.3
      vertex 62.9053 8.19218 11.4
      vertex 62.9 8.3 11.4
    endloop
  endfacet
  facet normal 0.725301 0.0383757 0.687361
    outer loop
      vertex 62.9053 8.19218 11.4
      vertex 62.0565 8.11428 12.3
      vertex 62.0568 8.10861 12.3
    endloop
  endfacet
  facet normal -0.0355526 -0.725506 0.687296
    outer loop
      vertex 64.1857 10.2435 12.3
      vertex 64 10.2526 12.3
      vertex 64 9.4 11.4
    endloop
  endfacet
  facet normal 0.106662 -0.718503 0.687296
    outer loop
      vertex 63.8922 9.3947 11.4
      vertex 63.8086 10.2432 12.3
      vertex 63.6247 10.2159 12.3
    endloop
  endfacet
  facet normal 0.487745 -0.53825 0.687307
    outer loop
      vertex 63.3022 9.15031 11.4
      vertex 62.7613 9.8094 12.3
      vertex 62.6235 9.68453 12.3
    endloop
  endfacet
  facet normal -0.623004 -0.373435 0.687322
    outer loop
      vertex 65.7221 9.22046 12.3
      vertex 65.6265 9.37995 12.3
      vertex 64.9701 8.81854 11.4
    endloop
  endfacet
  facet normal -0.62412 -0.371652 0.687277
    outer loop
      vertex 64.9146 8.91113 11.4
      vertex 65.6265 9.37995 12.3
      vertex 65.6236 9.38482 12.3
    endloop
  endfacet
  facet normal -0.623002 -0.373438 0.687323
    outer loop
      vertex 65.6265 9.37995 12.3
      vertex 64.9146 8.91113 11.4
      vertex 64.9701 8.81854 11.4
    endloop
  endfacet
  facet normal 0.167137 -0.707118 0.687059
    outer loop
      vertex 63.6807 9.35263 11.4
      vertex 63.4387 10.1699 12.3
      vertex 63.4332 10.1686 12.3
    endloop
  endfacet
  facet normal 0.17652 -0.704601 0.687297
    outer loop
      vertex 63.4387 10.1699 12.3
      vertex 63.6807 9.35263 11.4
      vertex 63.7854 9.37886 11.4
    endloop
  endfacet
  facet normal -0.538138 0.487867 0.687309
    outer loop
      vertex 65.3845 6.92349 12.3
      vertex 65.5094 7.06126 12.3
      vertex 64.8503 7.60217 11.4
    endloop
  endfacet
  facet normal -0.304336 -0.659394 0.687444
    outer loop
      vertex 64.421 9.31627 11.4
      vertex 64.7524 10.1016 12.3
      vertex 64.7472 10.104 12.3
    endloop
  endfacet
  facet normal -0.310814 -0.656507 0.687309
    outer loop
      vertex 64.7524 10.1016 12.3
      vertex 64.421 9.31627 11.4
      vertex 64.5185 9.27011 11.4
    endloop
  endfacet
  facet normal 0.310538 0.656623 0.687323
    outer loop
      vertex 63.2476 6.49843 12.3
      vertex 63.4815 7.32989 11.4
      vertex 63.0795 6.57793 12.3
    endloop
  endfacet
  facet normal 0.310534 -0.656613 0.687334
    outer loop
      vertex 63.4815 9.27011 11.4
      vertex 63.2476 10.1016 12.3
      vertex 63.0795 10.0221 12.3
    endloop
  endfacet
  facet normal 0.71924 -0.102383 0.687177
    outer loop
      vertex 62.0841 8.67532 12.3
      vertex 62.9211 8.5146 11.4
      vertex 62.0849 8.68094 12.3
    endloop
  endfacet
  facet normal 0.718581 -0.106327 0.687268
    outer loop
      vertex 62.9211 8.5146 11.4
      vertex 62.0841 8.67532 12.3
      vertex 62.9053 8.40782 11.4
    endloop
  endfacet
  facet normal 0.704188 -0.178923 0.687099
    outer loop
      vertex 62.0849 8.68094 12.3
      vertex 62.9474 8.61931 11.4
      vertex 62.0863 8.68645 12.3
    endloop
  endfacet
  facet normal 0.704514 -0.176953 0.687276
    outer loop
      vertex 62.9474 8.61931 11.4
      vertex 62.0849 8.68094 12.3
      vertex 62.9211 8.5146 11.4
    endloop
  endfacet
  facet normal -0.310534 -0.656613 0.687334
    outer loop
      vertex 64.9205 10.0221 12.3
      vertex 64.7524 10.1016 12.3
      vertex 64.5185 9.27011 11.4
    endloop
  endfacet
  facet normal 0.0356382 0.725492 0.687307
    outer loop
      vertex 64 7.2 11.4
      vertex 63.9943 6.34765 12.3
      vertex 64 6.34737 12.3
    endloop
  endfacet
  facet normal 0.0356689 0.725491 0.687306
    outer loop
      vertex 63.9943 6.34765 12.3
      vertex 64 7.2 11.4
      vertex 63.8922 7.2053 11.4
    endloop
  endfacet
  facet normal 0.538138 0.487867 0.687309
    outer loop
      vertex 62.6155 6.92349 12.3
      vertex 63.1497 7.60217 11.4
      vertex 62.4906 7.06126 12.3
    endloop
  endfacet
  facet normal -0.684531 -0.243105 0.687253
    outer loop
      vertex 65.0163 8.72095 11.4
      vertex 65.8059 9.04189 12.3
      vertex 65.804 9.04724 12.3
    endloop
  endfacet
  facet normal -0.684073 -0.244312 0.687282
    outer loop
      vertex 65.8059 9.04189 12.3
      vertex 65.0163 8.72095 11.4
      vertex 65.0526 8.61931 11.4
    endloop
  endfacet
  facet normal -0.0356689 -0.725491 0.687306
    outer loop
      vertex 64.1078 9.3947 11.4
      vertex 64.1857 10.2435 12.3
      vertex 64 9.4 11.4
    endloop
  endfacet
  facet normal -0.0381745 -0.725316 0.687357
    outer loop
      vertex 64.1857 10.2435 12.3
      vertex 64.1078 9.3947 11.4
      vertex 64.1914 10.2432 12.3
    endloop
  endfacet
  facet normal 0.0355526 -0.725506 0.687296
    outer loop
      vertex 64 9.4 11.4
      vertex 64 10.2526 12.3
      vertex 63.8143 10.2435 12.3
    endloop
  endfacet
  facet normal 0.373498 -0.622953 0.687334
    outer loop
      vertex 63.4815 9.27011 11.4
      vertex 63.0795 10.0221 12.3
      vertex 62.92 9.92647 12.3
    endloop
  endfacet
  facet normal -0.432588 0.583501 0.687309
    outer loop
      vertex 65.0848 6.67645 12.3
      vertex 65.2342 6.78721 12.3
      vertex 64.6111 7.38538 11.4
    endloop
  endfacet
  facet normal 0.623004 0.373435 0.687322
    outer loop
      vertex 62.3735 7.22005 12.3
      vertex 63.0299 7.78146 11.4
      vertex 62.2779 7.37954 12.3
    endloop
  endfacet
  facet normal -0.373426 0.623028 0.687306
    outer loop
      vertex 64.9253 6.58085 12.3
      vertex 65.0848 6.67645 12.3
      vertex 64.6111 7.38538 11.4
    endloop
  endfacet
  facet normal -0.436987 0.580072 0.687429
    outer loop
      vertex 64.6978 7.44969 11.4
      vertex 65.2342 6.78721 12.3
      vertex 65.2387 6.7906 12.3
    endloop
  endfacet
  facet normal -0.432725 0.583381 0.687325
    outer loop
      vertex 65.2342 6.78721 12.3
      vertex 64.6978 7.44969 11.4
      vertex 64.6111 7.38538 11.4
    endloop
  endfacet
  facet normal 0.487733 0.538263 0.687306
    outer loop
      vertex 63.2222 7.52218 11.4
      vertex 62.6235 6.91547 12.3
      vertex 63.3022 7.44969 11.4
    endloop
  endfacet
  facet normal 0.488029 0.537984 0.687314
    outer loop
      vertex 62.6235 6.91547 12.3
      vertex 63.2222 7.52218 11.4
      vertex 62.6193 6.91928 12.3
    endloop
  endfacet
  facet normal 0.106583 0.718501 0.687311
    outer loop
      vertex 63.8086 6.35677 12.3
      vertex 63.8922 7.2053 11.4
      vertex 63.6247 6.38405 12.3
    endloop
  endfacet
  facet normal 0.583353 0.432779 0.687314
    outer loop
      vertex 62.4906 7.06126 12.3
      vertex 63.1497 7.60217 11.4
      vertex 62.3798 7.21061 12.3
    endloop
  endfacet
  facet normal 0.583414 0.432682 0.687324
    outer loop
      vertex 63.0854 7.68887 11.4
      vertex 62.3798 7.21061 12.3
      vertex 63.1497 7.60217 11.4
    endloop
  endfacet
  facet normal 0.582778 0.433576 0.6873
    outer loop
      vertex 62.3798 7.21061 12.3
      vertex 63.0854 7.68887 11.4
      vertex 62.3764 7.21518 12.3
    endloop
  endfacet
  facet normal -0.582778 0.433576 0.6873
    outer loop
      vertex 64.9146 7.68887 11.4
      vertex 65.6202 7.21061 12.3
      vertex 65.6236 7.21518 12.3
    endloop
  endfacet
  facet normal -0.583414 0.432682 0.687324
    outer loop
      vertex 65.6202 7.21061 12.3
      vertex 64.9146 7.68887 11.4
      vertex 64.8503 7.60217 11.4
    endloop
  endfacet
  facet normal 0.176556 0.704584 0.687306
    outer loop
      vertex 63.6135 6.38627 12.3
      vertex 63.6807 7.24736 11.4
      vertex 63.4332 6.43145 12.3
    endloop
  endfacet
  facet normal 0.373364 0.623059 0.687312
    outer loop
      vertex 63.0747 6.58085 12.3
      vertex 63.4815 7.32989 11.4
      vertex 63.3889 7.38538 11.4
    endloop
  endfacet
  facet normal 0.37756 0.620647 0.687201
    outer loop
      vertex 63.4815 7.32989 11.4
      vertex 63.0747 6.58085 12.3
      vertex 63.0795 6.57793 12.3
    endloop
  endfacet
  facet normal -0.658093 -0.307281 0.687381
    outer loop
      vertex 65.8016 9.05238 12.3
      vertex 65.0163 8.72095 11.4
      vertex 65.804 9.04724 12.3
    endloop
  endfacet
  facet normal -0.656518 -0.310802 0.687303
    outer loop
      vertex 65.0163 8.72095 11.4
      vertex 65.8016 9.05238 12.3
      vertex 64.9701 8.81854 11.4
    endloop
  endfacet
  facet normal -0.538202 0.487806 0.687302
    outer loop
      vertex 64.7778 7.52218 11.4
      vertex 65.3845 6.92349 12.3
      vertex 64.8503 7.60217 11.4
    endloop
  endfacet
  facet normal -0.53923 0.486716 0.687269
    outer loop
      vertex 65.3845 6.92349 12.3
      vertex 64.7778 7.52218 11.4
      vertex 65.3807 6.91928 12.3
    endloop
  endfacet
  facet normal -0.704647 -0.176191 0.687335
    outer loop
      vertex 65.9137 8.68645 12.3
      vertex 65.8686 8.86682 12.3
      vertex 65.0526 8.61931 11.4
    endloop
  endfacet
  facet normal 0.656607 0.310568 0.687324
    outer loop
      vertex 62.2779 7.37954 12.3
      vertex 63.0299 7.78146 11.4
      vertex 62.1984 7.54762 12.3
    endloop
  endfacet
  facet normal -0.173745 0.705052 0.687543
    outer loop
      vertex 64.3193 7.24736 11.4
      vertex 64.3809 6.38489 12.3
      vertex 64.3865 6.38627 12.3
    endloop
  endfacet
  facet normal -0.176455 0.70461 0.687305
    outer loop
      vertex 64.3809 6.38489 12.3
      vertex 64.3193 7.24736 11.4
      vertex 64.2146 7.22114 11.4
    endloop
  endfacet
  facet normal -0.17652 -0.704601 0.687297
    outer loop
      vertex 64.3193 9.35263 11.4
      vertex 64.5613 10.1699 12.3
      vertex 64.2146 9.37886 11.4
    endloop
  endfacet
  facet normal -0.167137 -0.707118 0.687059
    outer loop
      vertex 64.5613 10.1699 12.3
      vertex 64.3193 9.35263 11.4
      vertex 64.5668 10.1686 12.3
    endloop
  endfacet
  facet normal 0.310819 0.656517 0.687297
    outer loop
      vertex 63.2476 6.49843 12.3
      vertex 63.579 7.28373 11.4
      vertex 63.4815 7.32989 11.4
    endloop
  endfacet
  facet normal 0.307491 0.658005 0.687371
    outer loop
      vertex 63.579 7.28373 11.4
      vertex 63.2476 6.49843 12.3
      vertex 63.2528 6.496 12.3
    endloop
  endfacet
  facet normal 0.176455 0.70461 0.687305
    outer loop
      vertex 63.6807 7.24736 11.4
      vertex 63.6191 6.38489 12.3
      vertex 63.7854 7.22114 11.4
    endloop
  endfacet
  facet normal 0.173745 0.705052 0.687543
    outer loop
      vertex 63.6191 6.38489 12.3
      vertex 63.6807 7.24736 11.4
      vertex 63.6135 6.38627 12.3
    endloop
  endfacet
  facet normal -0.371862 -0.624014 0.687259
    outer loop
      vertex 65.0799 9.92647 12.3
      vertex 64.6111 9.21462 11.4
      vertex 65.0848 9.92355 12.3
    endloop
  endfacet
  facet normal -0.373371 -0.62307 0.687298
    outer loop
      vertex 64.6111 9.21462 11.4
      vertex 65.0799 9.92647 12.3
      vertex 64.5185 9.27011 11.4
    endloop
  endfacet
  facet normal -0.430057 -0.585284 0.687382
    outer loop
      vertex 64.6111 9.21462 11.4
      vertex 65.0894 9.92017 12.3
      vertex 65.0848 9.92355 12.3
    endloop
  endfacet
  facet normal -0.43273 -0.583388 0.687316
    outer loop
      vertex 65.0894 9.92017 12.3
      vertex 64.6111 9.21462 11.4
      vertex 64.6978 9.15031 11.4
    endloop
  endfacet
  facet normal 0.176539 -0.704595 0.687299
    outer loop
      vertex 63.7854 9.37886 11.4
      vertex 63.6191 10.2151 12.3
      vertex 63.4387 10.1699 12.3
    endloop
  endfacet
  facet normal 0.304336 -0.659394 0.687444
    outer loop
      vertex 63.2476 10.1016 12.3
      vertex 63.579 9.31627 11.4
      vertex 63.2528 10.104 12.3
    endloop
  endfacet
  facet normal 0.310814 -0.656507 0.687309
    outer loop
      vertex 63.579 9.31627 11.4
      vertex 63.2476 10.1016 12.3
      vertex 63.4815 9.27011 11.4
    endloop
  endfacet
  facet normal 0.102738 -0.719166 0.687201
    outer loop
      vertex 63.7854 9.37886 11.4
      vertex 63.6247 10.2159 12.3
      vertex 63.6191 10.2151 12.3
    endloop
  endfacet
  facet normal 0.106568 -0.718525 0.687288
    outer loop
      vertex 63.6247 10.2159 12.3
      vertex 63.7854 9.37886 11.4
      vertex 63.8922 9.3947 11.4
    endloop
  endfacet
  facet normal -0.176539 -0.704595 0.687299
    outer loop
      vertex 64.5613 10.1699 12.3
      vertex 64.3809 10.2151 12.3
      vertex 64.2146 9.37886 11.4
    endloop
  endfacet
  facet normal -0.106568 -0.718525 0.687288
    outer loop
      vertex 64.2146 9.37886 11.4
      vertex 64.3753 10.2159 12.3
      vertex 64.1078 9.3947 11.4
    endloop
  endfacet
  facet normal -0.102738 -0.719166 0.687201
    outer loop
      vertex 64.3753 10.2159 12.3
      vertex 64.2146 9.37886 11.4
      vertex 64.3809 10.2151 12.3
    endloop
  endfacet
  facet normal 0.683808 0.244901 0.687336
    outer loop
      vertex 62.1941 7.55811 12.3
      vertex 62.9474 7.98069 11.4
      vertex 62.1314 7.73318 12.3
    endloop
  endfacet
  facet normal 0.704514 0.176953 0.687276
    outer loop
      vertex 62.0849 7.91906 12.3
      vertex 62.9474 7.98069 11.4
      vertex 62.9211 8.0854 11.4
    endloop
  endfacet
  facet normal 0.704188 0.178923 0.687099
    outer loop
      vertex 62.9474 7.98069 11.4
      vertex 62.0849 7.91906 12.3
      vertex 62.0863 7.91355 12.3
    endloop
  endfacet
  facet normal -0.704188 -0.178923 0.687099
    outer loop
      vertex 65.0526 8.61931 11.4
      vertex 65.9151 8.68094 12.3
      vertex 65.9137 8.68645 12.3
    endloop
  endfacet
  facet normal -0.704514 -0.176953 0.687276
    outer loop
      vertex 65.9151 8.68094 12.3
      vertex 65.0526 8.61931 11.4
      vertex 65.0789 8.5146 11.4
    endloop
  endfacet
  facet normal -0.71924 -0.102383 0.687177
    outer loop
      vertex 65.0789 8.5146 11.4
      vertex 65.9159 8.67532 12.3
      vertex 65.9151 8.68094 12.3
    endloop
  endfacet
  facet normal -0.718581 -0.106327 0.687268
    outer loop
      vertex 65.9159 8.67532 12.3
      vertex 65.0789 8.5146 11.4
      vertex 65.0947 8.40782 11.4
    endloop
  endfacet
  facet normal 0.656518 0.310802 0.687303
    outer loop
      vertex 62.9837 7.87905 11.4
      vertex 62.1984 7.54762 12.3
      vertex 63.0299 7.78146 11.4
    endloop
  endfacet
  facet normal 0.658093 0.307281 0.687381
    outer loop
      vertex 62.1984 7.54762 12.3
      vertex 62.9837 7.87905 11.4
      vertex 62.196 7.55276 12.3
    endloop
  endfacet
  facet normal 0.37336 -0.623052 0.68732
    outer loop
      vertex 62.92 9.92647 12.3
      vertex 63.3889 9.21462 11.4
      vertex 63.4815 9.27011 11.4
    endloop
  endfacet
  facet normal 0.377455 -0.620474 0.687415
    outer loop
      vertex 63.3889 9.21462 11.4
      vertex 62.92 9.92647 12.3
      vertex 62.9152 9.92355 12.3
    endloop
  endfacet
  facet normal -0.725472 -0.0356613 0.687327
    outer loop
      vertex 93.1 8.3 11.4
      vertex 93.9524 8.30567 12.3
      vertex 93.0947 8.40782 11.4
    endloop
  endfacet
  facet normal -0.725727 -0.0255989 0.687506
    outer loop
      vertex 93.9524 8.30567 12.3
      vertex 93.1 8.3 11.4
      vertex 93.9526 8.3 12.3
    endloop
  endfacet
  facet normal -0.106662 -0.718503 0.687296
    outer loop
      vertex 92.3753 10.2159 12.3
      vertex 92.1914 10.2432 12.3
      vertex 92.1078 9.3947 11.4
    endloop
  endfacet
  facet normal -0.487745 -0.53825 0.687307
    outer loop
      vertex 93.3765 9.68453 12.3
      vertex 93.2387 9.8094 12.3
      vertex 92.6978 9.15031 11.4
    endloop
  endfacet
  facet normal 0.704647 0.176191 0.687335
    outer loop
      vertex 90.1314 7.73318 12.3
      vertex 90.9474 7.98069 11.4
      vertex 90.0863 7.91355 12.3
    endloop
  endfacet
  facet normal -0.683808 -0.244901 0.687336
    outer loop
      vertex 93.8686 8.86682 12.3
      vertex 93.8059 9.04189 12.3
      vertex 93.0526 8.61931 11.4
    endloop
  endfacet
  facet normal -0.246254 0.683322 0.687335
    outer loop
      vertex 92.421 7.28373 11.4
      vertex 92.7419 6.49409 12.3
      vertex 92.7472 6.496 12.3
    endloop
  endfacet
  facet normal -0.244596 0.683954 0.687298
    outer loop
      vertex 92.7419 6.49409 12.3
      vertex 92.421 7.28373 11.4
      vertex 92.3193 7.24736 11.4
    endloop
  endfacet
  facet normal -0.656607 -0.310568 0.687324
    outer loop
      vertex 93.8016 9.05238 12.3
      vertex 93.7221 9.22046 12.3
      vertex 92.9701 8.81854 11.4
    endloop
  endfacet
  facet normal 0.718507 -0.106645 0.687295
    outer loop
      vertex 90.9053 8.40782 11.4
      vertex 90.0841 8.67532 12.3
      vertex 90.0568 8.49139 12.3
    endloop
  endfacet
  facet normal -0.244654 -0.683938 0.687294
    outer loop
      vertex 92.7472 10.104 12.3
      vertex 92.5722 10.1666 12.3
      vertex 92.421 9.31627 11.4
    endloop
  endfacet
  facet normal -0.252343 -0.681327 0.687108
    outer loop
      vertex 92.3193 9.35263 11.4
      vertex 92.5722 10.1666 12.3
      vertex 92.5668 10.1686 12.3
    endloop
  endfacet
  facet normal -0.244535 -0.68397 0.687305
    outer loop
      vertex 92.5722 10.1666 12.3
      vertex 92.3193 9.35263 11.4
      vertex 92.421 9.31627 11.4
    endloop
  endfacet
  facet normal -0.310538 0.656623 0.687323
    outer loop
      vertex 92.7524 6.49843 12.3
      vertex 92.9205 6.57793 12.3
      vertex 92.5185 7.32989 11.4
    endloop
  endfacet
  facet normal 0.4328 -0.583344 0.687309
    outer loop
      vertex 91.3022 9.15031 11.4
      vertex 90.9106 9.92017 12.3
      vertex 90.7613 9.8094 12.3
    endloop
  endfacet
  facet normal -0.704514 0.176953 0.687276
    outer loop
      vertex 93.0526 7.98069 11.4
      vertex 93.9151 7.91906 12.3
      vertex 93.0789 8.0854 11.4
    endloop
  endfacet
  facet normal -0.704188 0.178923 0.687099
    outer loop
      vertex 93.9151 7.91906 12.3
      vertex 93.0526 7.98069 11.4
      vertex 93.9137 7.91355 12.3
    endloop
  endfacet
  facet normal 0.487733 -0.538263 0.687306
    outer loop
      vertex 90.6235 9.68453 12.3
      vertex 91.2222 9.07782 11.4
      vertex 91.3022 9.15031 11.4
    endloop
  endfacet
  facet normal 0.488029 -0.537984 0.687314
    outer loop
      vertex 91.2222 9.07782 11.4
      vertex 90.6235 9.68453 12.3
      vertex 90.6193 9.68072 12.3
    endloop
  endfacet
  facet normal -0.0356299 0.72549 0.68731
    outer loop
      vertex 92.1914 6.35677 12.3
      vertex 92.1078 7.2053 11.4
      vertex 92.0057 6.34765 12.3
    endloop
  endfacet
  facet normal 0.623004 -0.373435 0.687322
    outer loop
      vertex 91.0299 8.81854 11.4
      vertex 90.3735 9.37995 12.3
      vertex 90.2779 9.22046 12.3
    endloop
  endfacet
  facet normal 0.244654 -0.683938 0.687294
    outer loop
      vertex 91.579 9.31627 11.4
      vertex 91.4278 10.1666 12.3
      vertex 91.2528 10.104 12.3
    endloop
  endfacet
  facet normal -0.488029 0.537984 0.687314
    outer loop
      vertex 92.7778 7.52218 11.4
      vertex 93.3765 6.91547 12.3
      vertex 93.3807 6.91928 12.3
    endloop
  endfacet
  facet normal -0.487733 0.538263 0.687306
    outer loop
      vertex 93.3765 6.91547 12.3
      vertex 92.7778 7.52218 11.4
      vertex 92.6978 7.44969 11.4
    endloop
  endfacet
  facet normal -0.53923 -0.486716 0.687269
    outer loop
      vertex 92.7778 9.07782 11.4
      vertex 93.3845 9.67651 12.3
      vertex 93.3807 9.68072 12.3
    endloop
  endfacet
  facet normal -0.538202 -0.487806 0.687302
    outer loop
      vertex 93.3845 9.67651 12.3
      vertex 92.7778 9.07782 11.4
      vertex 92.8503 8.99783 11.4
    endloop
  endfacet
  facet normal -0.623004 0.373435 0.687322
    outer loop
      vertex 93.6265 7.22005 12.3
      vertex 93.7221 7.37954 12.3
      vertex 92.9701 7.78146 11.4
    endloop
  endfacet
  facet normal 0.373426 0.623028 0.687306
    outer loop
      vertex 91.0747 6.58085 12.3
      vertex 91.3889 7.38538 11.4
      vertex 90.9152 6.67645 12.3
    endloop
  endfacet
  facet normal 0.0356299 0.72549 0.68731
    outer loop
      vertex 91.9943 6.34765 12.3
      vertex 91.8922 7.2053 11.4
      vertex 91.8086 6.35677 12.3
    endloop
  endfacet
  facet normal -0.4328 -0.583344 0.687309
    outer loop
      vertex 93.2387 9.8094 12.3
      vertex 93.0894 9.92017 12.3
      vertex 92.6978 9.15031 11.4
    endloop
  endfacet
  facet normal -0.656607 0.310568 0.687324
    outer loop
      vertex 93.7221 7.37954 12.3
      vertex 93.8016 7.54762 12.3
      vertex 92.9701 7.78146 11.4
    endloop
  endfacet
  facet normal 0.718507 0.106645 0.687295
    outer loop
      vertex 90.0841 7.92468 12.3
      vertex 90.9053 8.19218 11.4
      vertex 90.0568 8.10861 12.3
    endloop
  endfacet
  facet normal -0.310819 0.656517 0.687297
    outer loop
      vertex 92.421 7.28373 11.4
      vertex 92.7524 6.49843 12.3
      vertex 92.5185 7.32989 11.4
    endloop
  endfacet
  facet normal -0.307491 0.658005 0.687371
    outer loop
      vertex 92.7524 6.49843 12.3
      vertex 92.421 7.28373 11.4
      vertex 92.7472 6.496 12.3
    endloop
  endfacet
  facet normal -0.718507 -0.106645 0.687295
    outer loop
      vertex 93.9432 8.49139 12.3
      vertex 93.9159 8.67532 12.3
      vertex 93.0947 8.40782 11.4
    endloop
  endfacet
  facet normal -0.107746 0.718305 0.687334
    outer loop
      vertex 92.2146 7.22114 11.4
      vertex 92.3753 6.38405 12.3
      vertex 92.3809 6.38489 12.3
    endloop
  endfacet
  facet normal -0.106565 0.718505 0.687309
    outer loop
      vertex 92.3753 6.38405 12.3
      vertex 92.2146 7.22114 11.4
      vertex 92.1078 7.2053 11.4
    endloop
  endfacet
  facet normal 0.725301 -0.0383757 0.687361
    outer loop
      vertex 90.0565 8.48572 12.3
      vertex 90.9053 8.40782 11.4
      vertex 90.0568 8.49139 12.3
    endloop
  endfacet
  facet normal 0.725492 -0.0356623 0.687306
    outer loop
      vertex 90.9053 8.40782 11.4
      vertex 90.0565 8.48572 12.3
      vertex 90.9 8.3 11.4
    endloop
  endfacet
  facet normal -0.106583 0.718501 0.687311
    outer loop
      vertex 92.1914 6.35677 12.3
      vertex 92.3753 6.38405 12.3
      vertex 92.1078 7.2053 11.4
    endloop
  endfacet
  facet normal 0.53923 -0.486716 0.687269
    outer loop
      vertex 90.6155 9.67651 12.3
      vertex 91.2222 9.07782 11.4
      vertex 90.6193 9.68072 12.3
    endloop
  endfacet
  facet normal 0.538202 -0.487806 0.687302
    outer loop
      vertex 91.2222 9.07782 11.4
      vertex 90.6155 9.67651 12.3
      vertex 91.1497 8.99783 11.4
    endloop
  endfacet
  facet normal -0.583353 0.432779 0.687314
    outer loop
      vertex 93.5094 7.06126 12.3
      vertex 93.6202 7.21061 12.3
      vertex 92.8503 7.60217 11.4
    endloop
  endfacet
  facet normal -0.487745 0.53825 0.687307
    outer loop
      vertex 93.2387 6.7906 12.3
      vertex 93.3765 6.91547 12.3
      vertex 92.6978 7.44969 11.4
    endloop
  endfacet
  facet normal -0.658093 0.307281 0.687381
    outer loop
      vertex 93.0163 7.87905 11.4
      vertex 93.8016 7.54762 12.3
      vertex 93.804 7.55276 12.3
    endloop
  endfacet
  facet normal -0.656518 0.310802 0.687303
    outer loop
      vertex 93.8016 7.54762 12.3
      vertex 93.0163 7.87905 11.4
      vertex 92.9701 7.78146 11.4
    endloop
  endfacet
  facet normal 0.656607 -0.310568 0.687324
    outer loop
      vertex 91.0299 8.81854 11.4
      vertex 90.2779 9.22046 12.3
      vertex 90.1984 9.05238 12.3
    endloop
  endfacet
  facet normal 0.106565 0.718505 0.687309
    outer loop
      vertex 91.7854 7.22114 11.4
      vertex 91.6247 6.38405 12.3
      vertex 91.8922 7.2053 11.4
    endloop
  endfacet
  facet normal 0.107746 0.718305 0.687334
    outer loop
      vertex 91.6247 6.38405 12.3
      vertex 91.7854 7.22114 11.4
      vertex 91.6191 6.38489 12.3
    endloop
  endfacet
  facet normal -0.583353 -0.432779 0.687314
    outer loop
      vertex 93.6202 9.38939 12.3
      vertex 93.5094 9.53874 12.3
      vertex 92.8503 8.99783 11.4
    endloop
  endfacet
  facet normal -0.176556 0.704584 0.687306
    outer loop
      vertex 92.3865 6.38627 12.3
      vertex 92.5668 6.43145 12.3
      vertex 92.3193 7.24736 11.4
    endloop
  endfacet
  facet normal 0.432588 0.583501 0.687309
    outer loop
      vertex 90.9152 6.67645 12.3
      vertex 91.3889 7.38538 11.4
      vertex 90.7658 6.78721 12.3
    endloop
  endfacet
  facet normal -0.244666 0.683923 0.687305
    outer loop
      vertex 92.5668 6.43145 12.3
      vertex 92.7419 6.49409 12.3
      vertex 92.3193 7.24736 11.4
    endloop
  endfacet
  facet normal -0.704647 0.176191 0.687335
    outer loop
      vertex 93.8686 7.73318 12.3
      vertex 93.9137 7.91355 12.3
      vertex 93.0526 7.98069 11.4
    endloop
  endfacet
  facet normal 0.0381745 -0.725316 0.687357
    outer loop
      vertex 91.8922 9.3947 11.4
      vertex 91.8143 10.2435 12.3
      vertex 91.8086 10.2432 12.3
    endloop
  endfacet
  facet normal 0.0356689 -0.725491 0.687306
    outer loop
      vertex 91.8143 10.2435 12.3
      vertex 91.8922 9.3947 11.4
      vertex 92 9.4 11.4
    endloop
  endfacet
  facet normal 0.252343 -0.681327 0.687108
    outer loop
      vertex 91.4278 10.1666 12.3
      vertex 91.6807 9.35263 11.4
      vertex 91.4332 10.1686 12.3
    endloop
  endfacet
  facet normal 0.244535 -0.68397 0.687305
    outer loop
      vertex 91.6807 9.35263 11.4
      vertex 91.4278 10.1666 12.3
      vertex 91.579 9.31627 11.4
    endloop
  endfacet
  facet normal 0.487745 0.53825 0.687307
    outer loop
      vertex 90.7613 6.7906 12.3
      vertex 91.3022 7.44969 11.4
      vertex 90.6235 6.91547 12.3
    endloop
  endfacet
  facet normal -0.72548 -0.0359381 0.687304
    outer loop
      vertex 93.9524 8.30567 12.3
      vertex 93.9432 8.49139 12.3
      vertex 93.0947 8.40782 11.4
    endloop
  endfacet
  facet normal -0.725728 0.0255538 0.687507
    outer loop
      vertex 93.1 8.3 11.4
      vertex 93.9524 8.29432 12.3
      vertex 93.9526 8.3 12.3
    endloop
  endfacet
  facet normal -0.725472 0.0356613 0.687327
    outer loop
      vertex 93.9524 8.29432 12.3
      vertex 93.1 8.3 11.4
      vertex 93.0947 8.19218 11.4
    endloop
  endfacet
  facet normal -0.718507 0.106645 0.687295
    outer loop
      vertex 93.9159 7.92468 12.3
      vertex 93.9432 8.10861 12.3
      vertex 93.0947 8.19218 11.4
    endloop
  endfacet
  facet normal 0.684531 -0.243105 0.687253
    outer loop
      vertex 90.1941 9.04189 12.3
      vertex 90.9837 8.72095 11.4
      vertex 90.196 9.04724 12.3
    endloop
  endfacet
  facet normal 0.684073 -0.244312 0.687282
    outer loop
      vertex 90.9837 8.72095 11.4
      vertex 90.1941 9.04189 12.3
      vertex 90.9474 8.61931 11.4
    endloop
  endfacet
  facet normal 0.583353 -0.432779 0.687314
    outer loop
      vertex 91.1497 8.99783 11.4
      vertex 90.4906 9.53874 12.3
      vertex 90.3798 9.38939 12.3
    endloop
  endfacet
  facet normal 0.725507 0.0355487 0.687297
    outer loop
      vertex 90.0565 8.11428 12.3
      vertex 90.9 8.3 11.4
      vertex 90.0474 8.3 12.3
    endloop
  endfacet
  facet normal 0.725507 -0.0355487 0.687297
    outer loop
      vertex 90.9 8.3 11.4
      vertex 90.0565 8.48572 12.3
      vertex 90.0474 8.3 12.3
    endloop
  endfacet
  facet normal -0.373673 -0.622854 0.687329
    outer loop
      vertex 93.0799 9.92647 12.3
      vertex 92.9205 10.0221 12.3
      vertex 92.5185 9.27011 11.4
    endloop
  endfacet
  facet normal 0.704647 -0.176191 0.687335
    outer loop
      vertex 90.9474 8.61931 11.4
      vertex 90.1314 8.86682 12.3
      vertex 90.0863 8.68645 12.3
    endloop
  endfacet
  facet normal 0.683808 -0.244901 0.687336
    outer loop
      vertex 90.9474 8.61931 11.4
      vertex 90.1941 9.04189 12.3
      vertex 90.1314 8.86682 12.3
    endloop
  endfacet
  facet normal 0.244666 0.683923 0.687305
    outer loop
      vertex 91.4332 6.43145 12.3
      vertex 91.6807 7.24736 11.4
      vertex 91.2581 6.49409 12.3
    endloop
  endfacet
  facet normal 0.432725 0.583381 0.687325
    outer loop
      vertex 91.3022 7.44969 11.4
      vertex 90.7658 6.78721 12.3
      vertex 91.3889 7.38538 11.4
    endloop
  endfacet
  facet normal 0.436987 0.580072 0.687429
    outer loop
      vertex 90.7658 6.78721 12.3
      vertex 91.3022 7.44969 11.4
      vertex 90.7613 6.7906 12.3
    endloop
  endfacet
  facet normal 0.656518 -0.310802 0.687303
    outer loop
      vertex 90.1984 9.05238 12.3
      vertex 90.9837 8.72095 11.4
      vertex 91.0299 8.81854 11.4
    endloop
  endfacet
  facet normal 0.658093 -0.307281 0.687381
    outer loop
      vertex 90.9837 8.72095 11.4
      vertex 90.1984 9.05238 12.3
      vertex 90.196 9.04724 12.3
    endloop
  endfacet
  facet normal 0.538202 0.487806 0.687302
    outer loop
      vertex 90.6155 6.92349 12.3
      vertex 91.2222 7.52218 11.4
      vertex 91.1497 7.60217 11.4
    endloop
  endfacet
  facet normal 0.53923 0.486716 0.687269
    outer loop
      vertex 91.2222 7.52218 11.4
      vertex 90.6155 6.92349 12.3
      vertex 90.6193 6.91928 12.3
    endloop
  endfacet
  facet normal -0.684073 0.244312 0.687282
    outer loop
      vertex 93.0163 7.87905 11.4
      vertex 93.8059 7.55811 12.3
      vertex 93.0526 7.98069 11.4
    endloop
  endfacet
  facet normal -0.684531 0.243105 0.687253
    outer loop
      vertex 93.8059 7.55811 12.3
      vertex 93.0163 7.87905 11.4
      vertex 93.804 7.55276 12.3
    endloop
  endfacet
  facet normal 0.538138 -0.487867 0.687309
    outer loop
      vertex 91.1497 8.99783 11.4
      vertex 90.6155 9.67651 12.3
      vertex 90.4906 9.53874 12.3
    endloop
  endfacet
  facet normal -0.538138 -0.487867 0.687309
    outer loop
      vertex 93.5094 9.53874 12.3
      vertex 93.3845 9.67651 12.3
      vertex 92.8503 8.99783 11.4
    endloop
  endfacet
  facet normal 0.244596 0.683954 0.687298
    outer loop
      vertex 91.579 7.28373 11.4
      vertex 91.2581 6.49409 12.3
      vertex 91.6807 7.24736 11.4
    endloop
  endfacet
  facet normal 0.246254 0.683322 0.687335
    outer loop
      vertex 91.2581 6.49409 12.3
      vertex 91.579 7.28373 11.4
      vertex 91.2528 6.496 12.3
    endloop
  endfacet
  facet normal -0.488029 -0.537984 0.687314
    outer loop
      vertex 93.3765 9.68453 12.3
      vertex 92.7778 9.07782 11.4
      vertex 93.3807 9.68072 12.3
    endloop
  endfacet
  facet normal -0.487733 -0.538263 0.687306
    outer loop
      vertex 92.7778 9.07782 11.4
      vertex 93.3765 9.68453 12.3
      vertex 92.6978 9.15031 11.4
    endloop
  endfacet
  facet normal 0.718581 0.106327 0.687268
    outer loop
      vertex 90.0841 7.92468 12.3
      vertex 90.9211 8.0854 11.4
      vertex 90.9053 8.19218 11.4
    endloop
  endfacet
  facet normal 0.71924 0.102383 0.687177
    outer loop
      vertex 90.9211 8.0854 11.4
      vertex 90.0841 7.92468 12.3
      vertex 90.0849 7.91906 12.3
    endloop
  endfacet
  facet normal -0.373364 0.623059 0.687312
    outer loop
      vertex 92.5185 7.32989 11.4
      vertex 92.9253 6.58085 12.3
      vertex 92.6111 7.38538 11.4
    endloop
  endfacet
  facet normal -0.37756 0.620647 0.687201
    outer loop
      vertex 92.9253 6.58085 12.3
      vertex 92.5185 7.32989 11.4
      vertex 92.9205 6.57793 12.3
    endloop
  endfacet
  facet normal 0.623002 0.373438 0.687323
    outer loop
      vertex 90.3735 7.22005 12.3
      vertex 91.0854 7.68887 11.4
      vertex 91.0299 7.78146 11.4
    endloop
  endfacet
  facet normal 0.62412 0.371652 0.687277
    outer loop
      vertex 91.0854 7.68887 11.4
      vertex 90.3735 7.22005 12.3
      vertex 90.3764 7.21518 12.3
    endloop
  endfacet
  facet normal 0.62412 -0.371652 0.687277
    outer loop
      vertex 90.3735 9.37995 12.3
      vertex 91.0854 8.91113 11.4
      vertex 90.3764 9.38482 12.3
    endloop
  endfacet
  facet normal 0.623002 -0.373438 0.687323
    outer loop
      vertex 91.0854 8.91113 11.4
      vertex 90.3735 9.37995 12.3
      vertex 91.0299 8.81854 11.4
    endloop
  endfacet
  facet normal -0.582778 -0.433576 0.6873
    outer loop
      vertex 93.6202 9.38939 12.3
      vertex 92.9146 8.91113 11.4
      vertex 93.6236 9.38482 12.3
    endloop
  endfacet
  facet normal -0.583414 -0.432682 0.687324
    outer loop
      vertex 92.9146 8.91113 11.4
      vertex 93.6202 9.38939 12.3
      vertex 92.8503 8.99783 11.4
    endloop
  endfacet
  facet normal 0.684073 0.244312 0.687282
    outer loop
      vertex 90.1941 7.55811 12.3
      vertex 90.9837 7.87905 11.4
      vertex 90.9474 7.98069 11.4
    endloop
  endfacet
  facet normal 0.684531 0.243105 0.687253
    outer loop
      vertex 90.9837 7.87905 11.4
      vertex 90.1941 7.55811 12.3
      vertex 90.196 7.55276 12.3
    endloop
  endfacet
  facet normal -0.72548 0.03594 0.687304
    outer loop
      vertex 93.9432 8.10861 12.3
      vertex 93.9524 8.29432 12.3
      vertex 93.0947 8.19218 11.4
    endloop
  endfacet
  facet normal -0.718581 0.106327 0.687268
    outer loop
      vertex 93.0789 8.0854 11.4
      vertex 93.9159 7.92468 12.3
      vertex 93.0947 8.19218 11.4
    endloop
  endfacet
  facet normal -0.71924 0.102383 0.687177
    outer loop
      vertex 93.9159 7.92468 12.3
      vertex 93.0789 8.0854 11.4
      vertex 93.9151 7.91906 12.3
    endloop
  endfacet
  facet normal -0.683808 0.244901 0.687336
    outer loop
      vertex 93.8059 7.55811 12.3
      vertex 93.8686 7.73318 12.3
      vertex 93.0526 7.98069 11.4
    endloop
  endfacet
  facet normal -0.623002 0.373438 0.687323
    outer loop
      vertex 92.9146 7.68887 11.4
      vertex 93.6265 7.22005 12.3
      vertex 92.9701 7.78146 11.4
    endloop
  endfacet
  facet normal -0.62412 0.371652 0.687277
    outer loop
      vertex 93.6265 7.22005 12.3
      vertex 92.9146 7.68887 11.4
      vertex 93.6236 7.21518 12.3
    endloop
  endfacet
  facet normal 0.430057 -0.585284 0.687382
    outer loop
      vertex 90.9106 9.92017 12.3
      vertex 91.3889 9.21462 11.4
      vertex 90.9152 9.92355 12.3
    endloop
  endfacet
  facet normal 0.43273 -0.583388 0.687316
    outer loop
      vertex 91.3889 9.21462 11.4
      vertex 90.9106 9.92017 12.3
      vertex 91.3022 9.15031 11.4
    endloop
  endfacet
  facet normal -0.0356689 0.725491 0.687306
    outer loop
      vertex 92 7.2 11.4
      vertex 92.0057 6.34765 12.3
      vertex 92.1078 7.2053 11.4
    endloop
  endfacet
  facet normal -0.0356382 0.725492 0.687307
    outer loop
      vertex 92.0057 6.34765 12.3
      vertex 92 7.2 11.4
      vertex 92 6.34737 12.3
    endloop
  endfacet
  facet normal 0.583414 -0.432682 0.687324
    outer loop
      vertex 90.3798 9.38939 12.3
      vertex 91.0854 8.91113 11.4
      vertex 91.1497 8.99783 11.4
    endloop
  endfacet
  facet normal 0.582778 -0.433576 0.6873
    outer loop
      vertex 91.0854 8.91113 11.4
      vertex 90.3798 9.38939 12.3
      vertex 90.3764 9.38482 12.3
    endloop
  endfacet
  facet normal 0.725492 0.0356623 0.687306
    outer loop
      vertex 90.0565 8.11428 12.3
      vertex 90.9053 8.19218 11.4
      vertex 90.9 8.3 11.4
    endloop
  endfacet
  facet normal 0.725301 0.0383757 0.687361
    outer loop
      vertex 90.9053 8.19218 11.4
      vertex 90.0565 8.11428 12.3
      vertex 90.0568 8.10861 12.3
    endloop
  endfacet
  facet normal -0.0355526 -0.725506 0.687296
    outer loop
      vertex 92.1857 10.2435 12.3
      vertex 92 10.2526 12.3
      vertex 92 9.4 11.4
    endloop
  endfacet
  facet normal 0.106662 -0.718503 0.687296
    outer loop
      vertex 91.8922 9.3947 11.4
      vertex 91.8086 10.2432 12.3
      vertex 91.6247 10.2159 12.3
    endloop
  endfacet
  facet normal 0.487745 -0.53825 0.687307
    outer loop
      vertex 91.3022 9.15031 11.4
      vertex 90.7613 9.8094 12.3
      vertex 90.6235 9.68453 12.3
    endloop
  endfacet
  facet normal -0.623004 -0.373435 0.687322
    outer loop
      vertex 93.7221 9.22046 12.3
      vertex 93.6265 9.37995 12.3
      vertex 92.9701 8.81854 11.4
    endloop
  endfacet
  facet normal -0.62412 -0.371652 0.687277
    outer loop
      vertex 92.9146 8.91113 11.4
      vertex 93.6265 9.37995 12.3
      vertex 93.6236 9.38482 12.3
    endloop
  endfacet
  facet normal -0.623002 -0.373438 0.687323
    outer loop
      vertex 93.6265 9.37995 12.3
      vertex 92.9146 8.91113 11.4
      vertex 92.9701 8.81854 11.4
    endloop
  endfacet
  facet normal 0.167137 -0.707118 0.687059
    outer loop
      vertex 91.6807 9.35263 11.4
      vertex 91.4387 10.1699 12.3
      vertex 91.4332 10.1686 12.3
    endloop
  endfacet
  facet normal 0.17652 -0.704601 0.687297
    outer loop
      vertex 91.4387 10.1699 12.3
      vertex 91.6807 9.35263 11.4
      vertex 91.7854 9.37886 11.4
    endloop
  endfacet
  facet normal -0.538138 0.487867 0.687309
    outer loop
      vertex 93.3845 6.92349 12.3
      vertex 93.5094 7.06126 12.3
      vertex 92.8503 7.60217 11.4
    endloop
  endfacet
  facet normal -0.304336 -0.659394 0.687444
    outer loop
      vertex 92.421 9.31627 11.4
      vertex 92.7524 10.1016 12.3
      vertex 92.7472 10.104 12.3
    endloop
  endfacet
  facet normal -0.310814 -0.656507 0.687309
    outer loop
      vertex 92.7524 10.1016 12.3
      vertex 92.421 9.31627 11.4
      vertex 92.5185 9.27011 11.4
    endloop
  endfacet
  facet normal 0.310538 0.656623 0.687323
    outer loop
      vertex 91.2476 6.49843 12.3
      vertex 91.4815 7.32989 11.4
      vertex 91.0795 6.57793 12.3
    endloop
  endfacet
  facet normal 0.310534 -0.656613 0.687334
    outer loop
      vertex 91.4815 9.27011 11.4
      vertex 91.2476 10.1016 12.3
      vertex 91.0795 10.0221 12.3
    endloop
  endfacet
  facet normal 0.71924 -0.102383 0.687177
    outer loop
      vertex 90.0841 8.67532 12.3
      vertex 90.9211 8.5146 11.4
      vertex 90.0849 8.68094 12.3
    endloop
  endfacet
  facet normal 0.718581 -0.106327 0.687268
    outer loop
      vertex 90.9211 8.5146 11.4
      vertex 90.0841 8.67532 12.3
      vertex 90.9053 8.40782 11.4
    endloop
  endfacet
  facet normal 0.704188 -0.178923 0.687099
    outer loop
      vertex 90.0849 8.68094 12.3
      vertex 90.9474 8.61931 11.4
      vertex 90.0863 8.68645 12.3
    endloop
  endfacet
  facet normal 0.704514 -0.176953 0.687276
    outer loop
      vertex 90.9474 8.61931 11.4
      vertex 90.0849 8.68094 12.3
      vertex 90.9211 8.5146 11.4
    endloop
  endfacet
  facet normal -0.310534 -0.656613 0.687334
    outer loop
      vertex 92.9205 10.0221 12.3
      vertex 92.7524 10.1016 12.3
      vertex 92.5185 9.27011 11.4
    endloop
  endfacet
  facet normal 0.0356382 0.725492 0.687307
    outer loop
      vertex 92 7.2 11.4
      vertex 91.9943 6.34765 12.3
      vertex 92 6.34737 12.3
    endloop
  endfacet
  facet normal 0.0356689 0.725491 0.687306
    outer loop
      vertex 91.9943 6.34765 12.3
      vertex 92 7.2 11.4
      vertex 91.8922 7.2053 11.4
    endloop
  endfacet
  facet normal 0.538138 0.487867 0.687309
    outer loop
      vertex 90.6155 6.92349 12.3
      vertex 91.1497 7.60217 11.4
      vertex 90.4906 7.06126 12.3
    endloop
  endfacet
  facet normal -0.684531 -0.243105 0.687253
    outer loop
      vertex 93.0163 8.72095 11.4
      vertex 93.8059 9.04189 12.3
      vertex 93.804 9.04724 12.3
    endloop
  endfacet
  facet normal -0.684073 -0.244312 0.687282
    outer loop
      vertex 93.8059 9.04189 12.3
      vertex 93.0163 8.72095 11.4
      vertex 93.0526 8.61931 11.4
    endloop
  endfacet
  facet normal -0.0356689 -0.725491 0.687306
    outer loop
      vertex 92.1078 9.3947 11.4
      vertex 92.1857 10.2435 12.3
      vertex 92 9.4 11.4
    endloop
  endfacet
  facet normal -0.0381745 -0.725316 0.687357
    outer loop
      vertex 92.1857 10.2435 12.3
      vertex 92.1078 9.3947 11.4
      vertex 92.1914 10.2432 12.3
    endloop
  endfacet
  facet normal 0.0355526 -0.725506 0.687296
    outer loop
      vertex 92 9.4 11.4
      vertex 92 10.2526 12.3
      vertex 91.8143 10.2435 12.3
    endloop
  endfacet
  facet normal 0.373673 -0.622854 0.687329
    outer loop
      vertex 91.4815 9.27011 11.4
      vertex 91.0795 10.0221 12.3
      vertex 90.9201 9.92647 12.3
    endloop
  endfacet
  facet normal -0.432588 0.583501 0.687309
    outer loop
      vertex 93.0848 6.67645 12.3
      vertex 93.2342 6.78721 12.3
      vertex 92.6111 7.38538 11.4
    endloop
  endfacet
  facet normal 0.623004 0.373435 0.687322
    outer loop
      vertex 90.3735 7.22005 12.3
      vertex 91.0299 7.78146 11.4
      vertex 90.2779 7.37954 12.3
    endloop
  endfacet
  facet normal -0.373426 0.623028 0.687306
    outer loop
      vertex 92.9253 6.58085 12.3
      vertex 93.0848 6.67645 12.3
      vertex 92.6111 7.38538 11.4
    endloop
  endfacet
  facet normal -0.436987 0.580072 0.687429
    outer loop
      vertex 92.6978 7.44969 11.4
      vertex 93.2342 6.78721 12.3
      vertex 93.2387 6.7906 12.3
    endloop
  endfacet
  facet normal -0.432725 0.583381 0.687325
    outer loop
      vertex 93.2342 6.78721 12.3
      vertex 92.6978 7.44969 11.4
      vertex 92.6111 7.38538 11.4
    endloop
  endfacet
  facet normal 0.487733 0.538263 0.687306
    outer loop
      vertex 91.2222 7.52218 11.4
      vertex 90.6235 6.91547 12.3
      vertex 91.3022 7.44969 11.4
    endloop
  endfacet
  facet normal 0.488029 0.537984 0.687314
    outer loop
      vertex 90.6235 6.91547 12.3
      vertex 91.2222 7.52218 11.4
      vertex 90.6193 6.91928 12.3
    endloop
  endfacet
  facet normal 0.106583 0.718501 0.687311
    outer loop
      vertex 91.8086 6.35677 12.3
      vertex 91.8922 7.2053 11.4
      vertex 91.6247 6.38405 12.3
    endloop
  endfacet
  facet normal 0.583353 0.432779 0.687314
    outer loop
      vertex 90.4906 7.06126 12.3
      vertex 91.1497 7.60217 11.4
      vertex 90.3798 7.21061 12.3
    endloop
  endfacet
  facet normal 0.583414 0.432682 0.687324
    outer loop
      vertex 91.0854 7.68887 11.4
      vertex 90.3798 7.21061 12.3
      vertex 91.1497 7.60217 11.4
    endloop
  endfacet
  facet normal 0.582778 0.433576 0.6873
    outer loop
      vertex 90.3798 7.21061 12.3
      vertex 91.0854 7.68887 11.4
      vertex 90.3764 7.21518 12.3
    endloop
  endfacet
  facet normal -0.582778 0.433576 0.6873
    outer loop
      vertex 92.9146 7.68887 11.4
      vertex 93.6202 7.21061 12.3
      vertex 93.6236 7.21518 12.3
    endloop
  endfacet
  facet normal -0.583414 0.432682 0.687324
    outer loop
      vertex 93.6202 7.21061 12.3
      vertex 92.9146 7.68887 11.4
      vertex 92.8503 7.60217 11.4
    endloop
  endfacet
  facet normal 0.176556 0.704584 0.687306
    outer loop
      vertex 91.6135 6.38627 12.3
      vertex 91.6807 7.24736 11.4
      vertex 91.4332 6.43145 12.3
    endloop
  endfacet
  facet normal 0.373364 0.623059 0.687312
    outer loop
      vertex 91.0747 6.58085 12.3
      vertex 91.4815 7.32989 11.4
      vertex 91.3889 7.38538 11.4
    endloop
  endfacet
  facet normal 0.37756 0.620647 0.687201
    outer loop
      vertex 91.4815 7.32989 11.4
      vertex 91.0747 6.58085 12.3
      vertex 91.0795 6.57793 12.3
    endloop
  endfacet
  facet normal -0.658093 -0.307281 0.687381
    outer loop
      vertex 93.8016 9.05238 12.3
      vertex 93.0163 8.72095 11.4
      vertex 93.804 9.04724 12.3
    endloop
  endfacet
  facet normal -0.656518 -0.310802 0.687303
    outer loop
      vertex 93.0163 8.72095 11.4
      vertex 93.8016 9.05238 12.3
      vertex 92.9701 8.81854 11.4
    endloop
  endfacet
  facet normal -0.538202 0.487806 0.687302
    outer loop
      vertex 92.7778 7.52218 11.4
      vertex 93.3845 6.92349 12.3
      vertex 92.8503 7.60217 11.4
    endloop
  endfacet
  facet normal -0.53923 0.486716 0.687269
    outer loop
      vertex 93.3845 6.92349 12.3
      vertex 92.7778 7.52218 11.4
      vertex 93.3807 6.91928 12.3
    endloop
  endfacet
  facet normal -0.704647 -0.176191 0.687335
    outer loop
      vertex 93.9137 8.68645 12.3
      vertex 93.8686 8.86682 12.3
      vertex 93.0526 8.61931 11.4
    endloop
  endfacet
  facet normal 0.656607 0.310568 0.687324
    outer loop
      vertex 90.2779 7.37954 12.3
      vertex 91.0299 7.78146 11.4
      vertex 90.1984 7.54762 12.3
    endloop
  endfacet
  facet normal -0.173745 0.705052 0.687543
    outer loop
      vertex 92.3193 7.24736 11.4
      vertex 92.3809 6.38489 12.3
      vertex 92.3865 6.38627 12.3
    endloop
  endfacet
  facet normal -0.176455 0.70461 0.687305
    outer loop
      vertex 92.3809 6.38489 12.3
      vertex 92.3193 7.24736 11.4
      vertex 92.2146 7.22114 11.4
    endloop
  endfacet
  facet normal -0.17652 -0.704601 0.687297
    outer loop
      vertex 92.3193 9.35263 11.4
      vertex 92.5613 10.1699 12.3
      vertex 92.2146 9.37886 11.4
    endloop
  endfacet
  facet normal -0.167137 -0.707118 0.687059
    outer loop
      vertex 92.5613 10.1699 12.3
      vertex 92.3193 9.35263 11.4
      vertex 92.5668 10.1686 12.3
    endloop
  endfacet
  facet normal 0.310819 0.656517 0.687297
    outer loop
      vertex 91.2476 6.49843 12.3
      vertex 91.579 7.28373 11.4
      vertex 91.4815 7.32989 11.4
    endloop
  endfacet
  facet normal 0.307491 0.658005 0.687371
    outer loop
      vertex 91.579 7.28373 11.4
      vertex 91.2476 6.49843 12.3
      vertex 91.2528 6.496 12.3
    endloop
  endfacet
  facet normal 0.176455 0.70461 0.687305
    outer loop
      vertex 91.6807 7.24736 11.4
      vertex 91.6191 6.38489 12.3
      vertex 91.7854 7.22114 11.4
    endloop
  endfacet
  facet normal 0.173745 0.705052 0.687543
    outer loop
      vertex 91.6191 6.38489 12.3
      vertex 91.6807 7.24736 11.4
      vertex 91.6135 6.38627 12.3
    endloop
  endfacet
  facet normal -0.371862 -0.624014 0.687259
    outer loop
      vertex 93.0799 9.92647 12.3
      vertex 92.6111 9.21462 11.4
      vertex 93.0848 9.92355 12.3
    endloop
  endfacet
  facet normal -0.373371 -0.62307 0.687298
    outer loop
      vertex 92.6111 9.21462 11.4
      vertex 93.0799 9.92647 12.3
      vertex 92.5185 9.27011 11.4
    endloop
  endfacet
  facet normal -0.430057 -0.585284 0.687382
    outer loop
      vertex 92.6111 9.21462 11.4
      vertex 93.0894 9.92017 12.3
      vertex 93.0848 9.92355 12.3
    endloop
  endfacet
  facet normal -0.43273 -0.583388 0.687316
    outer loop
      vertex 93.0894 9.92017 12.3
      vertex 92.6111 9.21462 11.4
      vertex 92.6978 9.15031 11.4
    endloop
  endfacet
  facet normal 0.176539 -0.704595 0.687299
    outer loop
      vertex 91.7854 9.37886 11.4
      vertex 91.6191 10.2151 12.3
      vertex 91.4387 10.1699 12.3
    endloop
  endfacet
  facet normal 0.304336 -0.659394 0.687444
    outer loop
      vertex 91.2476 10.1016 12.3
      vertex 91.579 9.31627 11.4
      vertex 91.2528 10.104 12.3
    endloop
  endfacet
  facet normal 0.310814 -0.656507 0.687309
    outer loop
      vertex 91.579 9.31627 11.4
      vertex 91.2476 10.1016 12.3
      vertex 91.4815 9.27011 11.4
    endloop
  endfacet
  facet normal 0.102738 -0.719166 0.687201
    outer loop
      vertex 91.7854 9.37886 11.4
      vertex 91.6247 10.2159 12.3
      vertex 91.6191 10.2151 12.3
    endloop
  endfacet
  facet normal 0.106568 -0.718525 0.687288
    outer loop
      vertex 91.6247 10.2159 12.3
      vertex 91.7854 9.37886 11.4
      vertex 91.8922 9.3947 11.4
    endloop
  endfacet
  facet normal -0.176539 -0.704595 0.687299
    outer loop
      vertex 92.5613 10.1699 12.3
      vertex 92.3809 10.2151 12.3
      vertex 92.2146 9.37886 11.4
    endloop
  endfacet
  facet normal -0.106568 -0.718525 0.687288
    outer loop
      vertex 92.2146 9.37886 11.4
      vertex 92.3753 10.2159 12.3
      vertex 92.1078 9.3947 11.4
    endloop
  endfacet
  facet normal -0.102738 -0.719166 0.687201
    outer loop
      vertex 92.3753 10.2159 12.3
      vertex 92.2146 9.37886 11.4
      vertex 92.3809 10.2151 12.3
    endloop
  endfacet
  facet normal 0.683808 0.244901 0.687336
    outer loop
      vertex 90.1941 7.55811 12.3
      vertex 90.9474 7.98069 11.4
      vertex 90.1314 7.73318 12.3
    endloop
  endfacet
  facet normal 0.704514 0.176953 0.687276
    outer loop
      vertex 90.0849 7.91906 12.3
      vertex 90.9474 7.98069 11.4
      vertex 90.9211 8.0854 11.4
    endloop
  endfacet
  facet normal 0.704188 0.178923 0.687099
    outer loop
      vertex 90.9474 7.98069 11.4
      vertex 90.0849 7.91906 12.3
      vertex 90.0863 7.91355 12.3
    endloop
  endfacet
  facet normal -0.704188 -0.178923 0.687099
    outer loop
      vertex 93.0526 8.61931 11.4
      vertex 93.9151 8.68094 12.3
      vertex 93.9137 8.68645 12.3
    endloop
  endfacet
  facet normal -0.704514 -0.176953 0.687276
    outer loop
      vertex 93.9151 8.68094 12.3
      vertex 93.0526 8.61931 11.4
      vertex 93.0789 8.5146 11.4
    endloop
  endfacet
  facet normal -0.71924 -0.102383 0.687177
    outer loop
      vertex 93.0789 8.5146 11.4
      vertex 93.9159 8.67532 12.3
      vertex 93.9151 8.68094 12.3
    endloop
  endfacet
  facet normal -0.718581 -0.106327 0.687268
    outer loop
      vertex 93.9159 8.67532 12.3
      vertex 93.0789 8.5146 11.4
      vertex 93.0947 8.40782 11.4
    endloop
  endfacet
  facet normal 0.656518 0.310802 0.687303
    outer loop
      vertex 90.9837 7.87905 11.4
      vertex 90.1984 7.54762 12.3
      vertex 91.0299 7.78146 11.4
    endloop
  endfacet
  facet normal 0.658093 0.307281 0.687381
    outer loop
      vertex 90.1984 7.54762 12.3
      vertex 90.9837 7.87905 11.4
      vertex 90.196 7.55276 12.3
    endloop
  endfacet
  facet normal 0.373371 -0.62307 0.687298
    outer loop
      vertex 90.9201 9.92647 12.3
      vertex 91.3889 9.21462 11.4
      vertex 91.4815 9.27011 11.4
    endloop
  endfacet
  facet normal 0.371862 -0.624014 0.687259
    outer loop
      vertex 91.3889 9.21462 11.4
      vertex 90.9201 9.92647 12.3
      vertex 90.9152 9.92355 12.3
    endloop
  endfacet
  facet normal -0.72569 -0.0336528 0.687198
    outer loop
      vertex 121.1 8.3 11.4
      vertex 121.952 8.30567 12.3
      vertex 121.095 8.40782 11.4
    endloop
  endfacet
  facet normal -0.71993 -0.126972 0.682334
    outer loop
      vertex 121.952 8.30567 12.3
      vertex 121.1 8.3 11.4
      vertex 121.953 8.3 12.3
    endloop
  endfacet
  facet normal -0.10661 -0.718545 0.68726
    outer loop
      vertex 120.375 10.2159 12.3
      vertex 120.191 10.2432 12.3
      vertex 120.108 9.3947 11.4
    endloop
  endfacet
  facet normal -0.48733 -0.538573 0.687349
    outer loop
      vertex 121.377 9.68453 12.3
      vertex 121.239 9.8094 12.3
      vertex 120.698 9.15031 11.4
    endloop
  endfacet
  facet normal 0.704748 0.175826 0.687325
    outer loop
      vertex 118.131 7.73318 12.3
      vertex 118.947 7.98069 11.4
      vertex 118.086 7.91355 12.3
    endloop
  endfacet
  facet normal -0.68346 -0.245947 0.687308
    outer loop
      vertex 121.869 8.86682 12.3
      vertex 121.806 9.04189 12.3
      vertex 121.053 8.61931 11.4
    endloop
  endfacet
  facet normal -0.259118 0.67832 0.687561
    outer loop
      vertex 120.421 7.28373 11.4
      vertex 120.742 6.49409 12.3
      vertex 120.747 6.496 12.3
    endloop
  endfacet
  facet normal -0.243958 0.684182 0.687298
    outer loop
      vertex 120.742 6.49409 12.3
      vertex 120.421 7.28373 11.4
      vertex 120.319 7.24736 11.4
    endloop
  endfacet
  facet normal -0.655815 -0.312144 0.687367
    outer loop
      vertex 121.802 9.05238 12.3
      vertex 121.722 9.22046 12.3
      vertex 120.97 8.81854 11.4
    endloop
  endfacet
  facet normal 0.718847 -0.105523 0.687112
    outer loop
      vertex 118.905 8.40782 11.4
      vertex 118.084 8.67532 12.3
      vertex 118.057 8.49139 12.3
    endloop
  endfacet
  facet normal -0.244664 -0.683963 0.687265
    outer loop
      vertex 120.747 10.104 12.3
      vertex 120.572 10.1666 12.3
      vertex 120.421 9.31627 11.4
    endloop
  endfacet
  facet normal -0.270049 -0.675122 0.686501
    outer loop
      vertex 120.319 9.35263 11.4
      vertex 120.572 10.1666 12.3
      vertex 120.567 10.1686 12.3
    endloop
  endfacet
  facet normal -0.243887 -0.684173 0.687333
    outer loop
      vertex 120.572 10.1666 12.3
      vertex 120.319 9.35263 11.4
      vertex 120.421 9.31627 11.4
    endloop
  endfacet
  facet normal -0.310762 0.656704 0.687145
    outer loop
      vertex 120.752 6.49843 12.3
      vertex 120.92 6.57793 12.3
      vertex 120.519 7.32989 11.4
    endloop
  endfacet
  facet normal 0.431503 -0.584323 0.687294
    outer loop
      vertex 119.302 9.15031 11.4
      vertex 118.911 9.92017 12.3
      vertex 118.761 9.8094 12.3
    endloop
  endfacet
  facet normal -0.705021 0.17506 0.687241
    outer loop
      vertex 121.053 7.98069 11.4
      vertex 121.915 7.91906 12.3
      vertex 121.079 8.0854 11.4
    endloop
  endfacet
  facet normal -0.711706 0.129166 0.690501
    outer loop
      vertex 121.915 7.91906 12.3
      vertex 121.053 7.98069 11.4
      vertex 121.914 7.91355 12.3
    endloop
  endfacet
  facet normal 0.487679 -0.538203 0.687392
    outer loop
      vertex 118.623 9.68453 12.3
      vertex 119.222 9.07782 11.4
      vertex 119.302 9.15031 11.4
    endloop
  endfacet
  facet normal 0.500741 -0.525713 0.687666
    outer loop
      vertex 119.222 9.07782 11.4
      vertex 118.623 9.68453 12.3
      vertex 118.619 9.68072 12.3
    endloop
  endfacet
  facet normal -0.0357648 0.725492 0.6873
    outer loop
      vertex 120.191 6.35677 12.3
      vertex 120.108 7.2053 11.4
      vertex 120.006 6.34765 12.3
    endloop
  endfacet
  facet normal 0.622342 -0.374599 0.687289
    outer loop
      vertex 119.03 8.81854 11.4
      vertex 118.374 9.37995 12.3
      vertex 118.278 9.22046 12.3
    endloop
  endfacet
  facet normal 0.244664 -0.683963 0.687265
    outer loop
      vertex 119.579 9.31627 11.4
      vertex 119.428 10.1666 12.3
      vertex 119.253 10.104 12.3
    endloop
  endfacet
  facet normal -0.500741 0.525713 0.687666
    outer loop
      vertex 120.778 7.52218 11.4
      vertex 121.377 6.91547 12.3
      vertex 121.381 6.91928 12.3
    endloop
  endfacet
  facet normal -0.487679 0.538203 0.687392
    outer loop
      vertex 121.377 6.91547 12.3
      vertex 120.778 7.52218 11.4
      vertex 120.698 7.44969 11.4
    endloop
  endfacet
  facet normal -0.526345 -0.50009 0.687656
    outer loop
      vertex 120.778 9.07782 11.4
      vertex 121.385 9.67651 12.3
      vertex 121.381 9.68072 12.3
    endloop
  endfacet
  facet normal -0.53985 -0.485926 0.687342
    outer loop
      vertex 121.385 9.67651 12.3
      vertex 120.778 9.07782 11.4
      vertex 120.85 8.99783 11.4
    endloop
  endfacet
  facet normal -0.622342 0.374599 0.687289
    outer loop
      vertex 121.626 7.22005 12.3
      vertex 121.722 7.37954 12.3
      vertex 120.97 7.78146 11.4
    endloop
  endfacet
  facet normal 0.372547 0.623509 0.687346
    outer loop
      vertex 119.075 6.58085 12.3
      vertex 119.389 7.38538 11.4
      vertex 118.915 6.67645 12.3
    endloop
  endfacet
  facet normal 0.0357648 0.725492 0.6873
    outer loop
      vertex 119.994 6.34765 12.3
      vertex 119.892 7.2053 11.4
      vertex 119.809 6.35677 12.3
    endloop
  endfacet
  facet normal -0.431503 -0.584323 0.687294
    outer loop
      vertex 121.239 9.8094 12.3
      vertex 121.089 9.92017 12.3
      vertex 120.698 9.15031 11.4
    endloop
  endfacet
  facet normal -0.655815 0.312144 0.687367
    outer loop
      vertex 121.722 7.37954 12.3
      vertex 121.802 7.54762 12.3
      vertex 120.97 7.78146 11.4
    endloop
  endfacet
  facet normal 0.718847 0.105523 0.687112
    outer loop
      vertex 118.084 7.92468 12.3
      vertex 118.905 8.19218 11.4
      vertex 118.057 8.10861 12.3
    endloop
  endfacet
  facet normal -0.309538 0.657166 0.687255
    outer loop
      vertex 120.421 7.28373 11.4
      vertex 120.752 6.49843 12.3
      vertex 120.519 7.32989 11.4
    endloop
  endfacet
  facet normal -0.317612 0.653522 0.687045
    outer loop
      vertex 120.752 6.49843 12.3
      vertex 120.421 7.28373 11.4
      vertex 120.747 6.496 12.3
    endloop
  endfacet
  facet normal -0.718847 -0.105523 0.687112
    outer loop
      vertex 121.943 8.49139 12.3
      vertex 121.916 8.67532 12.3
      vertex 121.095 8.40782 11.4
    endloop
  endfacet
  facet normal -0.100732 0.719517 0.687131
    outer loop
      vertex 120.215 7.22114 11.4
      vertex 120.375 6.38405 12.3
      vertex 120.381 6.38489 12.3
    endloop
  endfacet
  facet normal -0.106377 0.718579 0.687262
    outer loop
      vertex 120.375 6.38405 12.3
      vertex 120.215 7.22114 11.4
      vertex 120.108 7.2053 11.4
    endloop
  endfacet
  facet normal 0.716112 -0.126298 0.686464
    outer loop
      vertex 118.056 8.48572 12.3
      vertex 118.905 8.40782 11.4
      vertex 118.057 8.49139 12.3
    endloop
  endfacet
  facet normal 0.725549 -0.0336463 0.687347
    outer loop
      vertex 118.905 8.40782 11.4
      vertex 118.056 8.48572 12.3
      vertex 118.9 8.3 11.4
    endloop
  endfacet
  facet normal -0.106532 0.718543 0.687275
    outer loop
      vertex 120.191 6.35677 12.3
      vertex 120.375 6.38405 12.3
      vertex 120.108 7.2053 11.4
    endloop
  endfacet
  facet normal 0.526345 -0.50009 0.687656
    outer loop
      vertex 118.615 9.67651 12.3
      vertex 119.222 9.07782 11.4
      vertex 118.619 9.68072 12.3
    endloop
  endfacet
  facet normal 0.53985 -0.485926 0.687342
    outer loop
      vertex 119.222 9.07782 11.4
      vertex 118.615 9.67651 12.3
      vertex 119.15 8.99783 11.4
    endloop
  endfacet
  facet normal -0.582994 0.433293 0.687295
    outer loop
      vertex 121.509 7.06126 12.3
      vertex 121.62 7.21061 12.3
      vertex 120.85 7.60217 11.4
    endloop
  endfacet
  facet normal -0.48733 0.538573 0.687349
    outer loop
      vertex 121.239 6.7906 12.3
      vertex 121.377 6.91547 12.3
      vertex 120.698 7.44969 11.4
    endloop
  endfacet
  facet normal -0.676522 0.263238 0.687768
    outer loop
      vertex 121.016 7.87905 11.4
      vertex 121.802 7.54762 12.3
      vertex 121.804 7.55276 12.3
    endloop
  endfacet
  facet normal -0.656786 0.309582 0.687598
    outer loop
      vertex 121.802 7.54762 12.3
      vertex 121.016 7.87905 11.4
      vertex 120.97 7.78146 11.4
    endloop
  endfacet
  facet normal 0.655815 -0.312144 0.687367
    outer loop
      vertex 119.03 8.81854 11.4
      vertex 118.278 9.22046 12.3
      vertex 118.198 9.05238 12.3
    endloop
  endfacet
  facet normal 0.106377 0.718579 0.687262
    outer loop
      vertex 119.785 7.22114 11.4
      vertex 119.625 6.38405 12.3
      vertex 119.892 7.2053 11.4
    endloop
  endfacet
  facet normal 0.100732 0.719517 0.687131
    outer loop
      vertex 119.625 6.38405 12.3
      vertex 119.785 7.22114 11.4
      vertex 119.619 6.38489 12.3
    endloop
  endfacet
  facet normal -0.582994 -0.433293 0.687295
    outer loop
      vertex 121.62 9.38939 12.3
      vertex 121.509 9.53874 12.3
      vertex 120.85 8.99783 11.4
    endloop
  endfacet
  facet normal -0.175906 0.704713 0.687341
    outer loop
      vertex 120.386 6.38627 12.3
      vertex 120.567 6.43145 12.3
      vertex 120.319 7.24736 11.4
    endloop
  endfacet
  facet normal 0.433306 0.582905 0.687362
    outer loop
      vertex 118.915 6.67645 12.3
      vertex 119.389 7.38538 11.4
      vertex 118.766 6.78721 12.3
    endloop
  endfacet
  facet normal -0.244768 0.683818 0.687373
    outer loop
      vertex 120.567 6.43145 12.3
      vertex 120.742 6.49409 12.3
      vertex 120.319 7.24736 11.4
    endloop
  endfacet
  facet normal -0.704748 0.175826 0.687325
    outer loop
      vertex 121.869 7.73318 12.3
      vertex 121.914 7.91355 12.3
      vertex 121.053 7.98069 11.4
    endloop
  endfacet
  facet normal 0.0434955 -0.724924 0.687454
    outer loop
      vertex 119.892 9.3947 11.4
      vertex 119.814 10.2435 12.3
      vertex 119.809 10.2432 12.3
    endloop
  endfacet
  facet normal 0.0356029 -0.725494 0.687307
    outer loop
      vertex 119.814 10.2435 12.3
      vertex 119.892 9.3947 11.4
      vertex 120 9.4 11.4
    endloop
  endfacet
  facet normal 0.270049 -0.675122 0.686501
    outer loop
      vertex 119.428 10.1666 12.3
      vertex 119.681 9.35263 11.4
      vertex 119.433 10.1686 12.3
    endloop
  endfacet
  facet normal 0.243887 -0.684173 0.687333
    outer loop
      vertex 119.681 9.35263 11.4
      vertex 119.428 10.1666 12.3
      vertex 119.579 9.31627 11.4
    endloop
  endfacet
  facet normal 0.48733 0.538573 0.687349
    outer loop
      vertex 118.761 6.7906 12.3
      vertex 119.302 7.44969 11.4
      vertex 118.623 6.91547 12.3
    endloop
  endfacet
  facet normal -0.725738 -0.0351693 0.687072
    outer loop
      vertex 121.952 8.30567 12.3
      vertex 121.943 8.49139 12.3
      vertex 121.095 8.40782 11.4
    endloop
  endfacet
  facet normal -0.71995 0.126752 0.682353
    outer loop
      vertex 121.1 8.3 11.4
      vertex 121.952 8.29432 12.3
      vertex 121.953 8.3 12.3
    endloop
  endfacet
  facet normal -0.72569 0.0336528 0.687199
    outer loop
      vertex 121.952 8.29432 12.3
      vertex 121.1 8.3 11.4
      vertex 121.095 8.19218 11.4
    endloop
  endfacet
  facet normal -0.718847 0.105523 0.687112
    outer loop
      vertex 121.916 7.92468 12.3
      vertex 121.943 8.10861 12.3
      vertex 121.095 8.19218 11.4
    endloop
  endfacet
  facet normal 0.680092 -0.25424 0.687632
    outer loop
      vertex 118.194 9.04189 12.3
      vertex 118.984 8.72095 11.4
      vertex 118.196 9.04724 12.3
    endloop
  endfacet
  facet normal 0.68235 -0.248396 0.68753
    outer loop
      vertex 118.984 8.72095 11.4
      vertex 118.194 9.04189 12.3
      vertex 118.947 8.61931 11.4
    endloop
  endfacet
  facet normal 0.582994 -0.433293 0.687295
    outer loop
      vertex 119.15 8.99783 11.4
      vertex 118.491 9.53874 12.3
      vertex 118.38 9.38939 12.3
    endloop
  endfacet
  facet normal 0.725356 0.0351508 0.687476
    outer loop
      vertex 118.056 8.11428 12.3
      vertex 118.9 8.3 11.4
      vertex 118.047 8.3 12.3
    endloop
  endfacet
  facet normal 0.725356 -0.0351508 0.687476
    outer loop
      vertex 118.9 8.3 11.4
      vertex 118.056 8.48572 12.3
      vertex 118.047 8.3 12.3
    endloop
  endfacet
  facet normal -0.372733 -0.623625 0.68714
    outer loop
      vertex 121.08 9.92647 12.3
      vertex 120.92 10.0221 12.3
      vertex 120.519 9.27011 11.4
    endloop
  endfacet
  facet normal 0.704748 -0.175826 0.687325
    outer loop
      vertex 118.947 8.61931 11.4
      vertex 118.131 8.86682 12.3
      vertex 118.086 8.68645 12.3
    endloop
  endfacet
  facet normal 0.68346 -0.245947 0.687308
    outer loop
      vertex 118.947 8.61931 11.4
      vertex 118.194 9.04189 12.3
      vertex 118.131 8.86682 12.3
    endloop
  endfacet
  facet normal 0.244768 0.683818 0.687373
    outer loop
      vertex 119.433 6.43145 12.3
      vertex 119.681 7.24736 11.4
      vertex 119.258 6.49409 12.3
    endloop
  endfacet
  facet normal 0.431832 0.584192 0.687197
    outer loop
      vertex 119.302 7.44969 11.4
      vertex 118.766 6.78721 12.3
      vertex 119.389 7.38538 11.4
    endloop
  endfacet
  facet normal 0.408182 0.602038 0.686249
    outer loop
      vertex 118.766 6.78721 12.3
      vertex 119.302 7.44969 11.4
      vertex 118.761 6.7906 12.3
    endloop
  endfacet
  facet normal 0.656786 -0.309582 0.687598
    outer loop
      vertex 118.198 9.05238 12.3
      vertex 118.984 8.72095 11.4
      vertex 119.03 8.81854 11.4
    endloop
  endfacet
  facet normal 0.676522 -0.263238 0.687768
    outer loop
      vertex 118.984 8.72095 11.4
      vertex 118.198 9.05238 12.3
      vertex 118.196 9.04724 12.3
    endloop
  endfacet
  facet normal 0.53985 0.485926 0.687342
    outer loop
      vertex 118.615 6.92349 12.3
      vertex 119.222 7.52218 11.4
      vertex 119.15 7.60217 11.4
    endloop
  endfacet
  facet normal 0.526345 0.50009 0.687656
    outer loop
      vertex 119.222 7.52218 11.4
      vertex 118.615 6.92349 12.3
      vertex 118.619 6.91928 12.3
    endloop
  endfacet
  facet normal -0.68235 0.248396 0.68753
    outer loop
      vertex 121.016 7.87905 11.4
      vertex 121.806 7.55811 12.3
      vertex 121.053 7.98069 11.4
    endloop
  endfacet
  facet normal -0.680092 0.25424 0.687632
    outer loop
      vertex 121.806 7.55811 12.3
      vertex 121.016 7.87905 11.4
      vertex 121.804 7.55276 12.3
    endloop
  endfacet
  facet normal 0.539868 -0.485908 0.68734
    outer loop
      vertex 119.15 8.99783 11.4
      vertex 118.615 9.67651 12.3
      vertex 118.491 9.53874 12.3
    endloop
  endfacet
  facet normal -0.539868 -0.485908 0.68734
    outer loop
      vertex 121.509 9.53874 12.3
      vertex 121.385 9.67651 12.3
      vertex 120.85 8.99783 11.4
    endloop
  endfacet
  facet normal 0.243958 0.684182 0.687298
    outer loop
      vertex 119.579 7.28373 11.4
      vertex 119.258 6.49409 12.3
      vertex 119.681 7.24736 11.4
    endloop
  endfacet
  facet normal 0.259118 0.67832 0.687561
    outer loop
      vertex 119.258 6.49409 12.3
      vertex 119.579 7.28373 11.4
      vertex 119.253 6.496 12.3
    endloop
  endfacet
  facet normal -0.500741 -0.525713 0.687666
    outer loop
      vertex 121.377 9.68453 12.3
      vertex 120.778 9.07782 11.4
      vertex 121.381 9.68072 12.3
    endloop
  endfacet
  facet normal -0.487679 -0.538203 0.687392
    outer loop
      vertex 120.778 9.07782 11.4
      vertex 121.377 9.68453 12.3
      vertex 120.698 9.15031 11.4
    endloop
  endfacet
  facet normal 0.718358 0.107639 0.687295
    outer loop
      vertex 118.084 7.92468 12.3
      vertex 118.921 8.0854 11.4
      vertex 118.905 8.19218 11.4
    endloop
  endfacet
  facet normal 0.714893 0.127205 0.687566
    outer loop
      vertex 118.921 8.0854 11.4
      vertex 118.084 7.92468 12.3
      vertex 118.085 7.91906 12.3
    endloop
  endfacet
  facet normal -0.375259 0.622164 0.68709
    outer loop
      vertex 120.519 7.32989 11.4
      vertex 120.925 6.58085 12.3
      vertex 120.611 7.38538 11.4
    endloop
  endfacet
  facet normal -0.366315 0.627252 0.68729
    outer loop
      vertex 120.925 6.58085 12.3
      vertex 120.519 7.32989 11.4
      vertex 120.92 6.57793 12.3
    endloop
  endfacet
  facet normal 0.624805 0.371144 0.686929
    outer loop
      vertex 118.374 7.22005 12.3
      vertex 119.085 7.68887 11.4
      vertex 119.03 7.78146 11.4
    endloop
  endfacet
  facet normal 0.677826 0.278368 0.680487
    outer loop
      vertex 119.085 7.68887 11.4
      vertex 118.374 7.22005 12.3
      vertex 118.376 7.21518 12.3
    endloop
  endfacet
  facet normal 0.677826 -0.278368 0.680487
    outer loop
      vertex 118.374 9.37995 12.3
      vertex 119.085 8.91113 11.4
      vertex 118.376 9.38482 12.3
    endloop
  endfacet
  facet normal 0.624805 -0.371144 0.686929
    outer loop
      vertex 119.085 8.91113 11.4
      vertex 118.374 9.37995 12.3
      vertex 119.03 8.81854 11.4
    endloop
  endfacet
  facet normal -0.54843 -0.480026 0.684689
    outer loop
      vertex 121.62 9.38939 12.3
      vertex 120.915 8.91113 11.4
      vertex 121.624 9.38482 12.3
    endloop
  endfacet
  facet normal -0.58138 -0.435868 0.687035
    outer loop
      vertex 120.915 8.91113 11.4
      vertex 121.62 9.38939 12.3
      vertex 120.85 8.99783 11.4
    endloop
  endfacet
  facet normal 0.68235 0.248396 0.68753
    outer loop
      vertex 118.194 7.55811 12.3
      vertex 118.984 7.87905 11.4
      vertex 118.947 7.98069 11.4
    endloop
  endfacet
  facet normal 0.680092 0.25424 0.687632
    outer loop
      vertex 118.984 7.87905 11.4
      vertex 118.194 7.55811 12.3
      vertex 118.196 7.55276 12.3
    endloop
  endfacet
  facet normal -0.725738 0.0351712 0.687072
    outer loop
      vertex 121.943 8.10861 12.3
      vertex 121.952 8.29432 12.3
      vertex 121.095 8.19218 11.4
    endloop
  endfacet
  facet normal -0.718358 0.107639 0.687295
    outer loop
      vertex 121.079 8.0854 11.4
      vertex 121.916 7.92468 12.3
      vertex 121.095 8.19218 11.4
    endloop
  endfacet
  facet normal -0.714893 0.127205 0.687566
    outer loop
      vertex 121.916 7.92468 12.3
      vertex 121.079 8.0854 11.4
      vertex 121.915 7.91906 12.3
    endloop
  endfacet
  facet normal -0.68346 0.245947 0.687308
    outer loop
      vertex 121.806 7.55811 12.3
      vertex 121.869 7.73318 12.3
      vertex 121.053 7.98069 11.4
    endloop
  endfacet
  facet normal -0.624805 0.371144 0.686929
    outer loop
      vertex 120.915 7.68887 11.4
      vertex 121.626 7.22005 12.3
      vertex 120.97 7.78146 11.4
    endloop
  endfacet
  facet normal -0.677826 0.278368 0.680487
    outer loop
      vertex 121.626 7.22005 12.3
      vertex 120.915 7.68887 11.4
      vertex 121.624 7.21518 12.3
    endloop
  endfacet
  facet normal 0.469905 -0.5561 0.685523
    outer loop
      vertex 118.911 9.92017 12.3
      vertex 119.389 9.21462 11.4
      vertex 118.915 9.92355 12.3
    endloop
  endfacet
  facet normal 0.431794 -0.584141 0.687265
    outer loop
      vertex 119.389 9.21462 11.4
      vertex 118.911 9.92017 12.3
      vertex 119.302 9.15031 11.4
    endloop
  endfacet
  facet normal -0.0356026 0.725487 0.687314
    outer loop
      vertex 120 7.2 11.4
      vertex 120.006 6.34765 12.3
      vertex 120.108 7.2053 11.4
    endloop
  endfacet
  facet normal -0.0338584 0.725537 0.68735
    outer loop
      vertex 120.006 6.34765 12.3
      vertex 120 7.2 11.4
      vertex 120 6.34737 12.3
    endloop
  endfacet
  facet normal 0.58138 -0.435868 0.687035
    outer loop
      vertex 118.38 9.38939 12.3
      vertex 119.085 8.91113 11.4
      vertex 119.15 8.99783 11.4
    endloop
  endfacet
  facet normal 0.54843 -0.480026 0.684689
    outer loop
      vertex 119.085 8.91113 11.4
      vertex 118.38 9.38939 12.3
      vertex 118.376 9.38482 12.3
    endloop
  endfacet
  facet normal 0.725549 0.0336463 0.687347
    outer loop
      vertex 118.056 8.11428 12.3
      vertex 118.905 8.19218 11.4
      vertex 118.9 8.3 11.4
    endloop
  endfacet
  facet normal 0.716112 0.126298 0.686464
    outer loop
      vertex 118.905 8.19218 11.4
      vertex 118.056 8.11428 12.3
      vertex 118.057 8.10861 12.3
    endloop
  endfacet
  facet normal -0.0354953 -0.725508 0.687298
    outer loop
      vertex 120.186 10.2435 12.3
      vertex 120 10.2526 12.3
      vertex 120 9.4 11.4
    endloop
  endfacet
  facet normal 0.10661 -0.718545 0.68726
    outer loop
      vertex 119.892 9.3947 11.4
      vertex 119.809 10.2432 12.3
      vertex 119.625 10.2159 12.3
    endloop
  endfacet
  facet normal 0.48733 -0.538573 0.687349
    outer loop
      vertex 119.302 9.15031 11.4
      vertex 118.761 9.8094 12.3
      vertex 118.623 9.68453 12.3
    endloop
  endfacet
  facet normal -0.622342 -0.374599 0.687289
    outer loop
      vertex 121.722 9.22046 12.3
      vertex 121.626 9.37995 12.3
      vertex 120.97 8.81854 11.4
    endloop
  endfacet
  facet normal -0.677826 -0.278368 0.680487
    outer loop
      vertex 120.915 8.91113 11.4
      vertex 121.626 9.37995 12.3
      vertex 121.624 9.38482 12.3
    endloop
  endfacet
  facet normal -0.624805 -0.371144 0.686929
    outer loop
      vertex 121.626 9.37995 12.3
      vertex 120.915 8.91113 11.4
      vertex 120.97 8.81854 11.4
    endloop
  endfacet
  facet normal 0.153949 -0.710534 0.686616
    outer loop
      vertex 119.681 9.35263 11.4
      vertex 119.439 10.1699 12.3
      vertex 119.433 10.1686 12.3
    endloop
  endfacet
  facet normal 0.177632 -0.704299 0.687321
    outer loop
      vertex 119.439 10.1699 12.3
      vertex 119.681 9.35263 11.4
      vertex 119.785 9.37886 11.4
    endloop
  endfacet
  facet normal -0.539868 0.485908 0.68734
    outer loop
      vertex 121.385 6.92349 12.3
      vertex 121.509 7.06126 12.3
      vertex 120.85 7.60217 11.4
    endloop
  endfacet
  facet normal -0.314387 -0.654973 0.687147
    outer loop
      vertex 120.421 9.31627 11.4
      vertex 120.752 10.1016 12.3
      vertex 120.747 10.104 12.3
    endloop
  endfacet
  facet normal -0.309534 -0.657156 0.687266
    outer loop
      vertex 120.752 10.1016 12.3
      vertex 120.421 9.31627 11.4
      vertex 120.519 9.27011 11.4
    endloop
  endfacet
  facet normal 0.310762 0.656704 0.687145
    outer loop
      vertex 119.248 6.49843 12.3
      vertex 119.481 7.32989 11.4
      vertex 119.08 6.57793 12.3
    endloop
  endfacet
  facet normal 0.310757 -0.656694 0.687156
    outer loop
      vertex 119.481 9.27011 11.4
      vertex 119.248 10.1016 12.3
      vertex 119.08 10.0221 12.3
    endloop
  endfacet
  facet normal 0.714893 -0.127205 0.687566
    outer loop
      vertex 118.084 8.67532 12.3
      vertex 118.921 8.5146 11.4
      vertex 118.085 8.68094 12.3
    endloop
  endfacet
  facet normal 0.718358 -0.107639 0.687295
    outer loop
      vertex 118.921 8.5146 11.4
      vertex 118.084 8.67532 12.3
      vertex 118.905 8.40782 11.4
    endloop
  endfacet
  facet normal 0.711706 -0.129166 0.690501
    outer loop
      vertex 118.085 8.68094 12.3
      vertex 118.947 8.61931 11.4
      vertex 118.086 8.68645 12.3
    endloop
  endfacet
  facet normal 0.705021 -0.17506 0.687241
    outer loop
      vertex 118.947 8.61931 11.4
      vertex 118.085 8.68094 12.3
      vertex 118.921 8.5146 11.4
    endloop
  endfacet
  facet normal -0.310757 -0.656694 0.687156
    outer loop
      vertex 120.92 10.0221 12.3
      vertex 120.752 10.1016 12.3
      vertex 120.519 9.27011 11.4
    endloop
  endfacet
  facet normal 0.0338584 0.725537 0.68735
    outer loop
      vertex 120 7.2 11.4
      vertex 119.994 6.34765 12.3
      vertex 120 6.34737 12.3
    endloop
  endfacet
  facet normal 0.0356026 0.725487 0.687314
    outer loop
      vertex 119.994 6.34765 12.3
      vertex 120 7.2 11.4
      vertex 119.892 7.2053 11.4
    endloop
  endfacet
  facet normal 0.539868 0.485908 0.68734
    outer loop
      vertex 118.615 6.92349 12.3
      vertex 119.15 7.60217 11.4
      vertex 118.491 7.06126 12.3
    endloop
  endfacet
  facet normal -0.680092 -0.25424 0.687632
    outer loop
      vertex 121.016 8.72095 11.4
      vertex 121.806 9.04189 12.3
      vertex 121.804 9.04724 12.3
    endloop
  endfacet
  facet normal -0.68235 -0.248396 0.68753
    outer loop
      vertex 121.806 9.04189 12.3
      vertex 121.016 8.72095 11.4
      vertex 121.053 8.61931 11.4
    endloop
  endfacet
  facet normal -0.0356029 -0.725494 0.687307
    outer loop
      vertex 120.108 9.3947 11.4
      vertex 120.186 10.2435 12.3
      vertex 120 9.4 11.4
    endloop
  endfacet
  facet normal -0.0434955 -0.724924 0.687454
    outer loop
      vertex 120.186 10.2435 12.3
      vertex 120.108 9.3947 11.4
      vertex 120.191 10.2432 12.3
    endloop
  endfacet
  facet normal 0.0354953 -0.725508 0.687298
    outer loop
      vertex 120 9.4 11.4
      vertex 120 10.2526 12.3
      vertex 119.814 10.2435 12.3
    endloop
  endfacet
  facet normal 0.372733 -0.623625 0.68714
    outer loop
      vertex 119.481 9.27011 11.4
      vertex 119.08 10.0221 12.3
      vertex 118.92 9.92647 12.3
    endloop
  endfacet
  facet normal -0.433306 0.582905 0.687362
    outer loop
      vertex 121.085 6.67645 12.3
      vertex 121.234 6.78721 12.3
      vertex 120.611 7.38538 11.4
    endloop
  endfacet
  facet normal 0.622342 0.374599 0.687289
    outer loop
      vertex 118.374 7.22005 12.3
      vertex 119.03 7.78146 11.4
      vertex 118.278 7.37954 12.3
    endloop
  endfacet
  facet normal -0.372547 0.623509 0.687346
    outer loop
      vertex 120.925 6.58085 12.3
      vertex 121.085 6.67645 12.3
      vertex 120.611 7.38538 11.4
    endloop
  endfacet
  facet normal -0.408182 0.602038 0.686249
    outer loop
      vertex 120.698 7.44969 11.4
      vertex 121.234 6.78721 12.3
      vertex 121.239 6.7906 12.3
    endloop
  endfacet
  facet normal -0.431832 0.584192 0.687197
    outer loop
      vertex 121.234 6.78721 12.3
      vertex 120.698 7.44969 11.4
      vertex 120.611 7.38538 11.4
    endloop
  endfacet
  facet normal 0.487679 0.538203 0.687392
    outer loop
      vertex 119.222 7.52218 11.4
      vertex 118.623 6.91547 12.3
      vertex 119.302 7.44969 11.4
    endloop
  endfacet
  facet normal 0.500741 0.525713 0.687666
    outer loop
      vertex 118.623 6.91547 12.3
      vertex 119.222 7.52218 11.4
      vertex 118.619 6.91928 12.3
    endloop
  endfacet
  facet normal 0.106532 0.718543 0.687275
    outer loop
      vertex 119.809 6.35677 12.3
      vertex 119.892 7.2053 11.4
      vertex 119.625 6.38405 12.3
    endloop
  endfacet
  facet normal 0.582994 0.433293 0.687295
    outer loop
      vertex 118.491 7.06126 12.3
      vertex 119.15 7.60217 11.4
      vertex 118.38 7.21061 12.3
    endloop
  endfacet
  facet normal 0.58138 0.435868 0.687035
    outer loop
      vertex 119.085 7.68887 11.4
      vertex 118.38 7.21061 12.3
      vertex 119.15 7.60217 11.4
    endloop
  endfacet
  facet normal 0.54843 0.480026 0.684689
    outer loop
      vertex 118.38 7.21061 12.3
      vertex 119.085 7.68887 11.4
      vertex 118.376 7.21518 12.3
    endloop
  endfacet
  facet normal -0.54843 0.480026 0.684689
    outer loop
      vertex 120.915 7.68887 11.4
      vertex 121.62 7.21061 12.3
      vertex 121.624 7.21518 12.3
    endloop
  endfacet
  facet normal -0.58138 0.435868 0.687035
    outer loop
      vertex 121.62 7.21061 12.3
      vertex 120.915 7.68887 11.4
      vertex 120.85 7.60217 11.4
    endloop
  endfacet
  facet normal 0.175906 0.704713 0.687341
    outer loop
      vertex 119.614 6.38627 12.3
      vertex 119.681 7.24736 11.4
      vertex 119.433 6.43145 12.3
    endloop
  endfacet
  facet normal 0.375259 0.622164 0.68709
    outer loop
      vertex 119.075 6.58085 12.3
      vertex 119.481 7.32989 11.4
      vertex 119.389 7.38538 11.4
    endloop
  endfacet
  facet normal 0.366315 0.627252 0.68729
    outer loop
      vertex 119.481 7.32989 11.4
      vertex 119.075 6.58085 12.3
      vertex 119.08 6.57793 12.3
    endloop
  endfacet
  facet normal -0.676522 -0.263238 0.687768
    outer loop
      vertex 121.802 9.05238 12.3
      vertex 121.016 8.72095 11.4
      vertex 121.804 9.04724 12.3
    endloop
  endfacet
  facet normal -0.656786 -0.309582 0.687598
    outer loop
      vertex 121.016 8.72095 11.4
      vertex 121.802 9.05238 12.3
      vertex 120.97 8.81854 11.4
    endloop
  endfacet
  facet normal -0.53985 0.485926 0.687342
    outer loop
      vertex 120.778 7.52218 11.4
      vertex 121.385 6.92349 12.3
      vertex 120.85 7.60217 11.4
    endloop
  endfacet
  facet normal -0.526345 0.50009 0.687656
    outer loop
      vertex 121.385 6.92349 12.3
      vertex 120.778 7.52218 11.4
      vertex 121.381 6.91928 12.3
    endloop
  endfacet
  facet normal -0.704748 -0.175826 0.687325
    outer loop
      vertex 121.914 8.68645 12.3
      vertex 121.869 8.86682 12.3
      vertex 121.053 8.61931 11.4
    endloop
  endfacet
  facet normal 0.655815 0.312144 0.687367
    outer loop
      vertex 118.278 7.37954 12.3
      vertex 119.03 7.78146 11.4
      vertex 118.198 7.54762 12.3
    endloop
  endfacet
  facet normal -0.193651 0.701635 0.685717
    outer loop
      vertex 120.319 7.24736 11.4
      vertex 120.381 6.38489 12.3
      vertex 120.386 6.38627 12.3
    endloop
  endfacet
  facet normal -0.177586 0.704384 0.687245
    outer loop
      vertex 120.381 6.38489 12.3
      vertex 120.319 7.24736 11.4
      vertex 120.215 7.22114 11.4
    endloop
  endfacet
  facet normal -0.177632 -0.704299 0.687321
    outer loop
      vertex 120.319 9.35263 11.4
      vertex 120.561 10.1699 12.3
      vertex 120.215 9.37886 11.4
    endloop
  endfacet
  facet normal -0.153949 -0.710534 0.686616
    outer loop
      vertex 120.561 10.1699 12.3
      vertex 120.319 9.35263 11.4
      vertex 120.567 10.1686 12.3
    endloop
  endfacet
  facet normal 0.309538 0.657166 0.687255
    outer loop
      vertex 119.248 6.49843 12.3
      vertex 119.579 7.28373 11.4
      vertex 119.481 7.32989 11.4
    endloop
  endfacet
  facet normal 0.317612 0.653522 0.687045
    outer loop
      vertex 119.579 7.28373 11.4
      vertex 119.248 6.49843 12.3
      vertex 119.253 6.496 12.3
    endloop
  endfacet
  facet normal 0.177586 0.704384 0.687245
    outer loop
      vertex 119.681 7.24736 11.4
      vertex 119.619 6.38489 12.3
      vertex 119.785 7.22114 11.4
    endloop
  endfacet
  facet normal 0.193651 0.701635 0.685717
    outer loop
      vertex 119.619 6.38489 12.3
      vertex 119.681 7.24736 11.4
      vertex 119.614 6.38627 12.3
    endloop
  endfacet
  facet normal -0.366385 -0.627372 0.687144
    outer loop
      vertex 121.08 9.92647 12.3
      vertex 120.611 9.21462 11.4
      vertex 121.085 9.92355 12.3
    endloop
  endfacet
  facet normal -0.375115 -0.621925 0.687385
    outer loop
      vertex 120.611 9.21462 11.4
      vertex 121.08 9.92647 12.3
      vertex 120.519 9.27011 11.4
    endloop
  endfacet
  facet normal -0.469905 -0.5561 0.685523
    outer loop
      vertex 120.611 9.21462 11.4
      vertex 121.089 9.92017 12.3
      vertex 121.085 9.92355 12.3
    endloop
  endfacet
  facet normal -0.431794 -0.584141 0.687265
    outer loop
      vertex 121.089 9.92017 12.3
      vertex 120.611 9.21462 11.4
      vertex 120.698 9.15031 11.4
    endloop
  endfacet
  facet normal 0.176918 -0.70454 0.687258
    outer loop
      vertex 119.785 9.37886 11.4
      vertex 119.619 10.2151 12.3
      vertex 119.439 10.1699 12.3
    endloop
  endfacet
  facet normal 0.314387 -0.654973 0.687147
    outer loop
      vertex 119.248 10.1016 12.3
      vertex 119.579 9.31627 11.4
      vertex 119.253 10.104 12.3
    endloop
  endfacet
  facet normal 0.309534 -0.657156 0.687266
    outer loop
      vertex 119.579 9.31627 11.4
      vertex 119.248 10.1016 12.3
      vertex 119.481 9.27011 11.4
    endloop
  endfacet
  facet normal 0.0960398 -0.720299 0.686983
    outer loop
      vertex 119.785 9.37886 11.4
      vertex 119.625 10.2159 12.3
      vertex 119.619 10.2151 12.3
    endloop
  endfacet
  facet normal 0.106379 -0.718599 0.687241
    outer loop
      vertex 119.625 10.2159 12.3
      vertex 119.785 9.37886 11.4
      vertex 119.892 9.3947 11.4
    endloop
  endfacet
  facet normal -0.176918 -0.70454 0.687258
    outer loop
      vertex 120.561 10.1699 12.3
      vertex 120.381 10.2151 12.3
      vertex 120.215 9.37886 11.4
    endloop
  endfacet
  facet normal -0.106379 -0.718599 0.687241
    outer loop
      vertex 120.215 9.37886 11.4
      vertex 120.375 10.2159 12.3
      vertex 120.108 9.3947 11.4
    endloop
  endfacet
  facet normal -0.0960398 -0.720299 0.686983
    outer loop
      vertex 120.375 10.2159 12.3
      vertex 120.215 9.37886 11.4
      vertex 120.381 10.2151 12.3
    endloop
  endfacet
  facet normal 0.68346 0.245947 0.687308
    outer loop
      vertex 118.194 7.55811 12.3
      vertex 118.947 7.98069 11.4
      vertex 118.131 7.73318 12.3
    endloop
  endfacet
  facet normal 0.705021 0.17506 0.687241
    outer loop
      vertex 118.085 7.91906 12.3
      vertex 118.947 7.98069 11.4
      vertex 118.921 8.0854 11.4
    endloop
  endfacet
  facet normal 0.711706 0.129166 0.690501
    outer loop
      vertex 118.947 7.98069 11.4
      vertex 118.085 7.91906 12.3
      vertex 118.086 7.91355 12.3
    endloop
  endfacet
  facet normal -0.711706 -0.129166 0.690501
    outer loop
      vertex 121.053 8.61931 11.4
      vertex 121.915 8.68094 12.3
      vertex 121.914 8.68645 12.3
    endloop
  endfacet
  facet normal -0.705021 -0.17506 0.687241
    outer loop
      vertex 121.915 8.68094 12.3
      vertex 121.053 8.61931 11.4
      vertex 121.079 8.5146 11.4
    endloop
  endfacet
  facet normal -0.714893 -0.127205 0.687566
    outer loop
      vertex 121.079 8.5146 11.4
      vertex 121.916 8.67532 12.3
      vertex 121.915 8.68094 12.3
    endloop
  endfacet
  facet normal -0.718358 -0.107639 0.687295
    outer loop
      vertex 121.916 8.67532 12.3
      vertex 121.079 8.5146 11.4
      vertex 121.095 8.40782 11.4
    endloop
  endfacet
  facet normal 0.656786 0.309582 0.687598
    outer loop
      vertex 118.984 7.87905 11.4
      vertex 118.198 7.54762 12.3
      vertex 119.03 7.78146 11.4
    endloop
  endfacet
  facet normal 0.676522 0.263238 0.687768
    outer loop
      vertex 118.198 7.54762 12.3
      vertex 118.984 7.87905 11.4
      vertex 118.196 7.55276 12.3
    endloop
  endfacet
  facet normal 0.375115 -0.621925 0.687385
    outer loop
      vertex 118.92 9.92647 12.3
      vertex 119.389 9.21462 11.4
      vertex 119.481 9.27011 11.4
    endloop
  endfacet
  facet normal 0.366385 -0.627372 0.687144
    outer loop
      vertex 119.389 9.21462 11.4
      vertex 118.92 9.92647 12.3
      vertex 118.915 9.92355 12.3
    endloop
  endfacet
  facet normal -0.72569 -0.0336528 0.687198
    outer loop
      vertex 149.1 8.3 11.4
      vertex 149.952 8.30567 12.3
      vertex 149.095 8.40782 11.4
    endloop
  endfacet
  facet normal -0.71993 -0.126972 0.682334
    outer loop
      vertex 149.952 8.30567 12.3
      vertex 149.1 8.3 11.4
      vertex 149.953 8.3 12.3
    endloop
  endfacet
  facet normal -0.10661 -0.718545 0.68726
    outer loop
      vertex 148.375 10.2159 12.3
      vertex 148.191 10.2432 12.3
      vertex 148.108 9.3947 11.4
    endloop
  endfacet
  facet normal -0.48733 -0.538573 0.687349
    outer loop
      vertex 149.377 9.68453 12.3
      vertex 149.239 9.8094 12.3
      vertex 148.698 9.15031 11.4
    endloop
  endfacet
  facet normal 0.704748 0.175826 0.687325
    outer loop
      vertex 146.131 7.73318 12.3
      vertex 146.947 7.98069 11.4
      vertex 146.086 7.91355 12.3
    endloop
  endfacet
  facet normal -0.68346 -0.245947 0.687308
    outer loop
      vertex 149.869 8.86682 12.3
      vertex 149.806 9.04189 12.3
      vertex 149.053 8.61931 11.4
    endloop
  endfacet
  facet normal -0.259118 0.67832 0.687561
    outer loop
      vertex 148.421 7.28373 11.4
      vertex 148.742 6.49409 12.3
      vertex 148.747 6.496 12.3
    endloop
  endfacet
  facet normal -0.243958 0.684182 0.687298
    outer loop
      vertex 148.742 6.49409 12.3
      vertex 148.421 7.28373 11.4
      vertex 148.319 7.24736 11.4
    endloop
  endfacet
  facet normal -0.655815 -0.312144 0.687367
    outer loop
      vertex 149.802 9.05238 12.3
      vertex 149.722 9.22046 12.3
      vertex 148.97 8.81854 11.4
    endloop
  endfacet
  facet normal 0.718847 -0.105523 0.687112
    outer loop
      vertex 146.905 8.40782 11.4
      vertex 146.084 8.67532 12.3
      vertex 146.057 8.49139 12.3
    endloop
  endfacet
  facet normal -0.244664 -0.683963 0.687265
    outer loop
      vertex 148.747 10.104 12.3
      vertex 148.572 10.1666 12.3
      vertex 148.421 9.31627 11.4
    endloop
  endfacet
  facet normal -0.270049 -0.675122 0.686501
    outer loop
      vertex 148.319 9.35263 11.4
      vertex 148.572 10.1666 12.3
      vertex 148.567 10.1686 12.3
    endloop
  endfacet
  facet normal -0.243887 -0.684173 0.687333
    outer loop
      vertex 148.572 10.1666 12.3
      vertex 148.319 9.35263 11.4
      vertex 148.421 9.31627 11.4
    endloop
  endfacet
  facet normal -0.310762 0.656704 0.687145
    outer loop
      vertex 148.752 6.49843 12.3
      vertex 148.92 6.57793 12.3
      vertex 148.519 7.32989 11.4
    endloop
  endfacet
  facet normal 0.431503 -0.584323 0.687294
    outer loop
      vertex 147.302 9.15031 11.4
      vertex 146.911 9.92017 12.3
      vertex 146.761 9.8094 12.3
    endloop
  endfacet
  facet normal -0.705021 0.17506 0.687241
    outer loop
      vertex 149.053 7.98069 11.4
      vertex 149.915 7.91906 12.3
      vertex 149.079 8.0854 11.4
    endloop
  endfacet
  facet normal -0.711706 0.129166 0.690501
    outer loop
      vertex 149.915 7.91906 12.3
      vertex 149.053 7.98069 11.4
      vertex 149.914 7.91355 12.3
    endloop
  endfacet
  facet normal 0.487679 -0.538203 0.687392
    outer loop
      vertex 146.623 9.68453 12.3
      vertex 147.222 9.07782 11.4
      vertex 147.302 9.15031 11.4
    endloop
  endfacet
  facet normal 0.500741 -0.525713 0.687666
    outer loop
      vertex 147.222 9.07782 11.4
      vertex 146.623 9.68453 12.3
      vertex 146.619 9.68072 12.3
    endloop
  endfacet
  facet normal -0.0357648 0.725492 0.6873
    outer loop
      vertex 148.191 6.35677 12.3
      vertex 148.108 7.2053 11.4
      vertex 148.006 6.34765 12.3
    endloop
  endfacet
  facet normal 0.622342 -0.374599 0.687289
    outer loop
      vertex 147.03 8.81854 11.4
      vertex 146.374 9.37995 12.3
      vertex 146.278 9.22046 12.3
    endloop
  endfacet
  facet normal 0.244664 -0.683963 0.687265
    outer loop
      vertex 147.579 9.31627 11.4
      vertex 147.428 10.1666 12.3
      vertex 147.253 10.104 12.3
    endloop
  endfacet
  facet normal -0.500741 0.525713 0.687666
    outer loop
      vertex 148.778 7.52218 11.4
      vertex 149.377 6.91547 12.3
      vertex 149.381 6.91928 12.3
    endloop
  endfacet
  facet normal -0.487679 0.538203 0.687392
    outer loop
      vertex 149.377 6.91547 12.3
      vertex 148.778 7.52218 11.4
      vertex 148.698 7.44969 11.4
    endloop
  endfacet
  facet normal -0.526345 -0.50009 0.687656
    outer loop
      vertex 148.778 9.07782 11.4
      vertex 149.385 9.67651 12.3
      vertex 149.381 9.68072 12.3
    endloop
  endfacet
  facet normal -0.53985 -0.485926 0.687342
    outer loop
      vertex 149.385 9.67651 12.3
      vertex 148.778 9.07782 11.4
      vertex 148.85 8.99783 11.4
    endloop
  endfacet
  facet normal -0.622342 0.374599 0.687289
    outer loop
      vertex 149.626 7.22005 12.3
      vertex 149.722 7.37954 12.3
      vertex 148.97 7.78146 11.4
    endloop
  endfacet
  facet normal 0.372547 0.623509 0.687346
    outer loop
      vertex 147.075 6.58085 12.3
      vertex 147.389 7.38538 11.4
      vertex 146.915 6.67645 12.3
    endloop
  endfacet
  facet normal 0.0357648 0.725492 0.6873
    outer loop
      vertex 147.994 6.34765 12.3
      vertex 147.892 7.2053 11.4
      vertex 147.809 6.35677 12.3
    endloop
  endfacet
  facet normal -0.431503 -0.584323 0.687294
    outer loop
      vertex 149.239 9.8094 12.3
      vertex 149.089 9.92017 12.3
      vertex 148.698 9.15031 11.4
    endloop
  endfacet
  facet normal -0.655815 0.312144 0.687367
    outer loop
      vertex 149.722 7.37954 12.3
      vertex 149.802 7.54762 12.3
      vertex 148.97 7.78146 11.4
    endloop
  endfacet
  facet normal 0.718847 0.105523 0.687112
    outer loop
      vertex 146.084 7.92468 12.3
      vertex 146.905 8.19218 11.4
      vertex 146.057 8.10861 12.3
    endloop
  endfacet
  facet normal -0.309538 0.657166 0.687255
    outer loop
      vertex 148.421 7.28373 11.4
      vertex 148.752 6.49843 12.3
      vertex 148.519 7.32989 11.4
    endloop
  endfacet
  facet normal -0.317612 0.653522 0.687045
    outer loop
      vertex 148.752 6.49843 12.3
      vertex 148.421 7.28373 11.4
      vertex 148.747 6.496 12.3
    endloop
  endfacet
  facet normal -0.718847 -0.105523 0.687112
    outer loop
      vertex 149.943 8.49139 12.3
      vertex 149.916 8.67532 12.3
      vertex 149.095 8.40782 11.4
    endloop
  endfacet
  facet normal -0.100732 0.719517 0.687131
    outer loop
      vertex 148.215 7.22114 11.4
      vertex 148.375 6.38405 12.3
      vertex 148.381 6.38489 12.3
    endloop
  endfacet
  facet normal -0.106377 0.718579 0.687262
    outer loop
      vertex 148.375 6.38405 12.3
      vertex 148.215 7.22114 11.4
      vertex 148.108 7.2053 11.4
    endloop
  endfacet
  facet normal 0.716112 -0.126298 0.686464
    outer loop
      vertex 146.056 8.48572 12.3
      vertex 146.905 8.40782 11.4
      vertex 146.057 8.49139 12.3
    endloop
  endfacet
  facet normal 0.725549 -0.0336463 0.687347
    outer loop
      vertex 146.905 8.40782 11.4
      vertex 146.056 8.48572 12.3
      vertex 146.9 8.3 11.4
    endloop
  endfacet
  facet normal -0.106532 0.718543 0.687275
    outer loop
      vertex 148.191 6.35677 12.3
      vertex 148.375 6.38405 12.3
      vertex 148.108 7.2053 11.4
    endloop
  endfacet
  facet normal 0.526345 -0.50009 0.687656
    outer loop
      vertex 146.615 9.67651 12.3
      vertex 147.222 9.07782 11.4
      vertex 146.619 9.68072 12.3
    endloop
  endfacet
  facet normal 0.53985 -0.485926 0.687342
    outer loop
      vertex 147.222 9.07782 11.4
      vertex 146.615 9.67651 12.3
      vertex 147.15 8.99783 11.4
    endloop
  endfacet
  facet normal -0.582994 0.433293 0.687295
    outer loop
      vertex 149.509 7.06126 12.3
      vertex 149.62 7.21061 12.3
      vertex 148.85 7.60217 11.4
    endloop
  endfacet
  facet normal -0.48733 0.538573 0.687349
    outer loop
      vertex 149.239 6.7906 12.3
      vertex 149.377 6.91547 12.3
      vertex 148.698 7.44969 11.4
    endloop
  endfacet
  facet normal -0.676522 0.263238 0.687768
    outer loop
      vertex 149.016 7.87905 11.4
      vertex 149.802 7.54762 12.3
      vertex 149.804 7.55276 12.3
    endloop
  endfacet
  facet normal -0.656786 0.309582 0.687598
    outer loop
      vertex 149.802 7.54762 12.3
      vertex 149.016 7.87905 11.4
      vertex 148.97 7.78146 11.4
    endloop
  endfacet
  facet normal 0.655815 -0.312144 0.687367
    outer loop
      vertex 147.03 8.81854 11.4
      vertex 146.278 9.22046 12.3
      vertex 146.198 9.05238 12.3
    endloop
  endfacet
  facet normal 0.106377 0.718579 0.687262
    outer loop
      vertex 147.785 7.22114 11.4
      vertex 147.625 6.38405 12.3
      vertex 147.892 7.2053 11.4
    endloop
  endfacet
  facet normal 0.100732 0.719517 0.687131
    outer loop
      vertex 147.625 6.38405 12.3
      vertex 147.785 7.22114 11.4
      vertex 147.619 6.38489 12.3
    endloop
  endfacet
  facet normal -0.582994 -0.433293 0.687295
    outer loop
      vertex 149.62 9.38939 12.3
      vertex 149.509 9.53874 12.3
      vertex 148.85 8.99783 11.4
    endloop
  endfacet
  facet normal -0.175906 0.704713 0.687341
    outer loop
      vertex 148.386 6.38627 12.3
      vertex 148.567 6.43145 12.3
      vertex 148.319 7.24736 11.4
    endloop
  endfacet
  facet normal 0.433306 0.582905 0.687362
    outer loop
      vertex 146.915 6.67645 12.3
      vertex 147.389 7.38538 11.4
      vertex 146.766 6.78721 12.3
    endloop
  endfacet
  facet normal -0.244768 0.683818 0.687373
    outer loop
      vertex 148.567 6.43145 12.3
      vertex 148.742 6.49409 12.3
      vertex 148.319 7.24736 11.4
    endloop
  endfacet
  facet normal -0.704748 0.175826 0.687325
    outer loop
      vertex 149.869 7.73318 12.3
      vertex 149.914 7.91355 12.3
      vertex 149.053 7.98069 11.4
    endloop
  endfacet
  facet normal 0.0434955 -0.724924 0.687454
    outer loop
      vertex 147.892 9.3947 11.4
      vertex 147.814 10.2435 12.3
      vertex 147.809 10.2432 12.3
    endloop
  endfacet
  facet normal 0.0356029 -0.725494 0.687307
    outer loop
      vertex 147.814 10.2435 12.3
      vertex 147.892 9.3947 11.4
      vertex 148 9.4 11.4
    endloop
  endfacet
  facet normal 0.270049 -0.675122 0.686501
    outer loop
      vertex 147.428 10.1666 12.3
      vertex 147.681 9.35263 11.4
      vertex 147.433 10.1686 12.3
    endloop
  endfacet
  facet normal 0.243887 -0.684173 0.687333
    outer loop
      vertex 147.681 9.35263 11.4
      vertex 147.428 10.1666 12.3
      vertex 147.579 9.31627 11.4
    endloop
  endfacet
  facet normal 0.48733 0.538573 0.687349
    outer loop
      vertex 146.761 6.7906 12.3
      vertex 147.302 7.44969 11.4
      vertex 146.623 6.91547 12.3
    endloop
  endfacet
  facet normal -0.725738 -0.0351693 0.687072
    outer loop
      vertex 149.952 8.30567 12.3
      vertex 149.943 8.49139 12.3
      vertex 149.095 8.40782 11.4
    endloop
  endfacet
  facet normal -0.71995 0.126752 0.682353
    outer loop
      vertex 149.1 8.3 11.4
      vertex 149.952 8.29432 12.3
      vertex 149.953 8.3 12.3
    endloop
  endfacet
  facet normal -0.72569 0.0336528 0.687199
    outer loop
      vertex 149.952 8.29432 12.3
      vertex 149.1 8.3 11.4
      vertex 149.095 8.19218 11.4
    endloop
  endfacet
  facet normal -0.718847 0.105523 0.687112
    outer loop
      vertex 149.916 7.92468 12.3
      vertex 149.943 8.10861 12.3
      vertex 149.095 8.19218 11.4
    endloop
  endfacet
  facet normal 0.680092 -0.25424 0.687632
    outer loop
      vertex 146.194 9.04189 12.3
      vertex 146.984 8.72095 11.4
      vertex 146.196 9.04724 12.3
    endloop
  endfacet
  facet normal 0.68235 -0.248396 0.68753
    outer loop
      vertex 146.984 8.72095 11.4
      vertex 146.194 9.04189 12.3
      vertex 146.947 8.61931 11.4
    endloop
  endfacet
  facet normal 0.582994 -0.433293 0.687295
    outer loop
      vertex 147.15 8.99783 11.4
      vertex 146.491 9.53874 12.3
      vertex 146.38 9.38939 12.3
    endloop
  endfacet
  facet normal 0.725356 0.0351508 0.687476
    outer loop
      vertex 146.056 8.11428 12.3
      vertex 146.9 8.3 11.4
      vertex 146.047 8.3 12.3
    endloop
  endfacet
  facet normal 0.725356 -0.0351508 0.687476
    outer loop
      vertex 146.9 8.3 11.4
      vertex 146.056 8.48572 12.3
      vertex 146.047 8.3 12.3
    endloop
  endfacet
  facet normal -0.372733 -0.623625 0.68714
    outer loop
      vertex 149.08 9.92647 12.3
      vertex 148.92 10.0221 12.3
      vertex 148.519 9.27011 11.4
    endloop
  endfacet
  facet normal 0.704748 -0.175826 0.687325
    outer loop
      vertex 146.947 8.61931 11.4
      vertex 146.131 8.86682 12.3
      vertex 146.086 8.68645 12.3
    endloop
  endfacet
  facet normal 0.68346 -0.245947 0.687308
    outer loop
      vertex 146.947 8.61931 11.4
      vertex 146.194 9.04189 12.3
      vertex 146.131 8.86682 12.3
    endloop
  endfacet
  facet normal 0.244768 0.683818 0.687373
    outer loop
      vertex 147.433 6.43145 12.3
      vertex 147.681 7.24736 11.4
      vertex 147.258 6.49409 12.3
    endloop
  endfacet
  facet normal 0.431832 0.584192 0.687197
    outer loop
      vertex 147.302 7.44969 11.4
      vertex 146.766 6.78721 12.3
      vertex 147.389 7.38538 11.4
    endloop
  endfacet
  facet normal 0.408182 0.602038 0.686249
    outer loop
      vertex 146.766 6.78721 12.3
      vertex 147.302 7.44969 11.4
      vertex 146.761 6.7906 12.3
    endloop
  endfacet
  facet normal 0.656786 -0.309582 0.687598
    outer loop
      vertex 146.198 9.05238 12.3
      vertex 146.984 8.72095 11.4
      vertex 147.03 8.81854 11.4
    endloop
  endfacet
  facet normal 0.676522 -0.263238 0.687768
    outer loop
      vertex 146.984 8.72095 11.4
      vertex 146.198 9.05238 12.3
      vertex 146.196 9.04724 12.3
    endloop
  endfacet
  facet normal 0.53985 0.485926 0.687342
    outer loop
      vertex 146.615 6.92349 12.3
      vertex 147.222 7.52218 11.4
      vertex 147.15 7.60217 11.4
    endloop
  endfacet
  facet normal 0.526345 0.50009 0.687656
    outer loop
      vertex 147.222 7.52218 11.4
      vertex 146.615 6.92349 12.3
      vertex 146.619 6.91928 12.3
    endloop
  endfacet
  facet normal -0.68235 0.248396 0.68753
    outer loop
      vertex 149.016 7.87905 11.4
      vertex 149.806 7.55811 12.3
      vertex 149.053 7.98069 11.4
    endloop
  endfacet
  facet normal -0.680092 0.25424 0.687632
    outer loop
      vertex 149.806 7.55811 12.3
      vertex 149.016 7.87905 11.4
      vertex 149.804 7.55276 12.3
    endloop
  endfacet
  facet normal 0.539868 -0.485908 0.68734
    outer loop
      vertex 147.15 8.99783 11.4
      vertex 146.615 9.67651 12.3
      vertex 146.491 9.53874 12.3
    endloop
  endfacet
  facet normal -0.539868 -0.485908 0.68734
    outer loop
      vertex 149.509 9.53874 12.3
      vertex 149.385 9.67651 12.3
      vertex 148.85 8.99783 11.4
    endloop
  endfacet
  facet normal 0.243958 0.684182 0.687298
    outer loop
      vertex 147.579 7.28373 11.4
      vertex 147.258 6.49409 12.3
      vertex 147.681 7.24736 11.4
    endloop
  endfacet
  facet normal 0.259118 0.67832 0.687561
    outer loop
      vertex 147.258 6.49409 12.3
      vertex 147.579 7.28373 11.4
      vertex 147.253 6.496 12.3
    endloop
  endfacet
  facet normal -0.500741 -0.525713 0.687666
    outer loop
      vertex 149.377 9.68453 12.3
      vertex 148.778 9.07782 11.4
      vertex 149.381 9.68072 12.3
    endloop
  endfacet
  facet normal -0.487679 -0.538203 0.687392
    outer loop
      vertex 148.778 9.07782 11.4
      vertex 149.377 9.68453 12.3
      vertex 148.698 9.15031 11.4
    endloop
  endfacet
  facet normal 0.718358 0.107639 0.687295
    outer loop
      vertex 146.084 7.92468 12.3
      vertex 146.921 8.0854 11.4
      vertex 146.905 8.19218 11.4
    endloop
  endfacet
  facet normal 0.714893 0.127205 0.687566
    outer loop
      vertex 146.921 8.0854 11.4
      vertex 146.084 7.92468 12.3
      vertex 146.085 7.91906 12.3
    endloop
  endfacet
  facet normal -0.375259 0.622164 0.68709
    outer loop
      vertex 148.519 7.32989 11.4
      vertex 148.925 6.58085 12.3
      vertex 148.611 7.38538 11.4
    endloop
  endfacet
  facet normal -0.366315 0.627252 0.68729
    outer loop
      vertex 148.925 6.58085 12.3
      vertex 148.519 7.32989 11.4
      vertex 148.92 6.57793 12.3
    endloop
  endfacet
  facet normal 0.624805 0.371144 0.686929
    outer loop
      vertex 146.374 7.22005 12.3
      vertex 147.085 7.68887 11.4
      vertex 147.03 7.78146 11.4
    endloop
  endfacet
  facet normal 0.677826 0.278368 0.680487
    outer loop
      vertex 147.085 7.68887 11.4
      vertex 146.374 7.22005 12.3
      vertex 146.376 7.21518 12.3
    endloop
  endfacet
  facet normal 0.677826 -0.278368 0.680487
    outer loop
      vertex 146.374 9.37995 12.3
      vertex 147.085 8.91113 11.4
      vertex 146.376 9.38482 12.3
    endloop
  endfacet
  facet normal 0.624805 -0.371144 0.686929
    outer loop
      vertex 147.085 8.91113 11.4
      vertex 146.374 9.37995 12.3
      vertex 147.03 8.81854 11.4
    endloop
  endfacet
  facet normal -0.54843 -0.480026 0.684689
    outer loop
      vertex 149.62 9.38939 12.3
      vertex 148.915 8.91113 11.4
      vertex 149.624 9.38482 12.3
    endloop
  endfacet
  facet normal -0.58138 -0.435868 0.687035
    outer loop
      vertex 148.915 8.91113 11.4
      vertex 149.62 9.38939 12.3
      vertex 148.85 8.99783 11.4
    endloop
  endfacet
  facet normal 0.68235 0.248396 0.68753
    outer loop
      vertex 146.194 7.55811 12.3
      vertex 146.984 7.87905 11.4
      vertex 146.947 7.98069 11.4
    endloop
  endfacet
  facet normal 0.680092 0.25424 0.687632
    outer loop
      vertex 146.984 7.87905 11.4
      vertex 146.194 7.55811 12.3
      vertex 146.196 7.55276 12.3
    endloop
  endfacet
  facet normal -0.725738 0.0351712 0.687072
    outer loop
      vertex 149.943 8.10861 12.3
      vertex 149.952 8.29432 12.3
      vertex 149.095 8.19218 11.4
    endloop
  endfacet
  facet normal -0.718358 0.107639 0.687295
    outer loop
      vertex 149.079 8.0854 11.4
      vertex 149.916 7.92468 12.3
      vertex 149.095 8.19218 11.4
    endloop
  endfacet
  facet normal -0.714893 0.127205 0.687566
    outer loop
      vertex 149.916 7.92468 12.3
      vertex 149.079 8.0854 11.4
      vertex 149.915 7.91906 12.3
    endloop
  endfacet
  facet normal -0.68346 0.245947 0.687308
    outer loop
      vertex 149.806 7.55811 12.3
      vertex 149.869 7.73318 12.3
      vertex 149.053 7.98069 11.4
    endloop
  endfacet
  facet normal -0.624805 0.371144 0.686929
    outer loop
      vertex 148.915 7.68887 11.4
      vertex 149.626 7.22005 12.3
      vertex 148.97 7.78146 11.4
    endloop
  endfacet
  facet normal -0.677826 0.278368 0.680487
    outer loop
      vertex 149.626 7.22005 12.3
      vertex 148.915 7.68887 11.4
      vertex 149.624 7.21518 12.3
    endloop
  endfacet
  facet normal 0.469905 -0.5561 0.685523
    outer loop
      vertex 146.911 9.92017 12.3
      vertex 147.389 9.21462 11.4
      vertex 146.915 9.92355 12.3
    endloop
  endfacet
  facet normal 0.431794 -0.584141 0.687265
    outer loop
      vertex 147.389 9.21462 11.4
      vertex 146.911 9.92017 12.3
      vertex 147.302 9.15031 11.4
    endloop
  endfacet
  facet normal -0.0356026 0.725487 0.687314
    outer loop
      vertex 148 7.2 11.4
      vertex 148.006 6.34765 12.3
      vertex 148.108 7.2053 11.4
    endloop
  endfacet
  facet normal -0.0338584 0.725537 0.68735
    outer loop
      vertex 148.006 6.34765 12.3
      vertex 148 7.2 11.4
      vertex 148 6.34737 12.3
    endloop
  endfacet
  facet normal 0.58138 -0.435868 0.687035
    outer loop
      vertex 146.38 9.38939 12.3
      vertex 147.085 8.91113 11.4
      vertex 147.15 8.99783 11.4
    endloop
  endfacet
  facet normal 0.54843 -0.480026 0.684689
    outer loop
      vertex 147.085 8.91113 11.4
      vertex 146.38 9.38939 12.3
      vertex 146.376 9.38482 12.3
    endloop
  endfacet
  facet normal 0.725549 0.0336463 0.687347
    outer loop
      vertex 146.056 8.11428 12.3
      vertex 146.905 8.19218 11.4
      vertex 146.9 8.3 11.4
    endloop
  endfacet
  facet normal 0.716112 0.126298 0.686464
    outer loop
      vertex 146.905 8.19218 11.4
      vertex 146.056 8.11428 12.3
      vertex 146.057 8.10861 12.3
    endloop
  endfacet
  facet normal -0.0354953 -0.725508 0.687298
    outer loop
      vertex 148.186 10.2435 12.3
      vertex 148 10.2526 12.3
      vertex 148 9.4 11.4
    endloop
  endfacet
  facet normal 0.10661 -0.718545 0.68726
    outer loop
      vertex 147.892 9.3947 11.4
      vertex 147.809 10.2432 12.3
      vertex 147.625 10.2159 12.3
    endloop
  endfacet
  facet normal 0.48733 -0.538573 0.687349
    outer loop
      vertex 147.302 9.15031 11.4
      vertex 146.761 9.8094 12.3
      vertex 146.623 9.68453 12.3
    endloop
  endfacet
  facet normal -0.622342 -0.374599 0.687289
    outer loop
      vertex 149.722 9.22046 12.3
      vertex 149.626 9.37995 12.3
      vertex 148.97 8.81854 11.4
    endloop
  endfacet
  facet normal -0.677826 -0.278368 0.680487
    outer loop
      vertex 148.915 8.91113 11.4
      vertex 149.626 9.37995 12.3
      vertex 149.624 9.38482 12.3
    endloop
  endfacet
  facet normal -0.624805 -0.371144 0.686929
    outer loop
      vertex 149.626 9.37995 12.3
      vertex 148.915 8.91113 11.4
      vertex 148.97 8.81854 11.4
    endloop
  endfacet
  facet normal 0.153949 -0.710534 0.686616
    outer loop
      vertex 147.681 9.35263 11.4
      vertex 147.439 10.1699 12.3
      vertex 147.433 10.1686 12.3
    endloop
  endfacet
  facet normal 0.177632 -0.704299 0.687321
    outer loop
      vertex 147.439 10.1699 12.3
      vertex 147.681 9.35263 11.4
      vertex 147.785 9.37886 11.4
    endloop
  endfacet
  facet normal -0.539868 0.485908 0.68734
    outer loop
      vertex 149.385 6.92349 12.3
      vertex 149.509 7.06126 12.3
      vertex 148.85 7.60217 11.4
    endloop
  endfacet
  facet normal -0.314387 -0.654973 0.687147
    outer loop
      vertex 148.421 9.31627 11.4
      vertex 148.752 10.1016 12.3
      vertex 148.747 10.104 12.3
    endloop
  endfacet
  facet normal -0.309534 -0.657156 0.687266
    outer loop
      vertex 148.752 10.1016 12.3
      vertex 148.421 9.31627 11.4
      vertex 148.519 9.27011 11.4
    endloop
  endfacet
  facet normal 0.310762 0.656704 0.687145
    outer loop
      vertex 147.248 6.49843 12.3
      vertex 147.481 7.32989 11.4
      vertex 147.08 6.57793 12.3
    endloop
  endfacet
  facet normal 0.310757 -0.656694 0.687156
    outer loop
      vertex 147.481 9.27011 11.4
      vertex 147.248 10.1016 12.3
      vertex 147.08 10.0221 12.3
    endloop
  endfacet
  facet normal 0.714893 -0.127205 0.687566
    outer loop
      vertex 146.084 8.67532 12.3
      vertex 146.921 8.5146 11.4
      vertex 146.085 8.68094 12.3
    endloop
  endfacet
  facet normal 0.718358 -0.107639 0.687295
    outer loop
      vertex 146.921 8.5146 11.4
      vertex 146.084 8.67532 12.3
      vertex 146.905 8.40782 11.4
    endloop
  endfacet
  facet normal 0.711706 -0.129166 0.690501
    outer loop
      vertex 146.085 8.68094 12.3
      vertex 146.947 8.61931 11.4
      vertex 146.086 8.68645 12.3
    endloop
  endfacet
  facet normal 0.705021 -0.17506 0.687241
    outer loop
      vertex 146.947 8.61931 11.4
      vertex 146.085 8.68094 12.3
      vertex 146.921 8.5146 11.4
    endloop
  endfacet
  facet normal -0.310757 -0.656694 0.687156
    outer loop
      vertex 148.92 10.0221 12.3
      vertex 148.752 10.1016 12.3
      vertex 148.519 9.27011 11.4
    endloop
  endfacet
  facet normal 0.0338584 0.725537 0.68735
    outer loop
      vertex 148 7.2 11.4
      vertex 147.994 6.34765 12.3
      vertex 148 6.34737 12.3
    endloop
  endfacet
  facet normal 0.0356026 0.725487 0.687314
    outer loop
      vertex 147.994 6.34765 12.3
      vertex 148 7.2 11.4
      vertex 147.892 7.2053 11.4
    endloop
  endfacet
  facet normal 0.539868 0.485908 0.68734
    outer loop
      vertex 146.615 6.92349 12.3
      vertex 147.15 7.60217 11.4
      vertex 146.491 7.06126 12.3
    endloop
  endfacet
  facet normal -0.680092 -0.25424 0.687632
    outer loop
      vertex 149.016 8.72095 11.4
      vertex 149.806 9.04189 12.3
      vertex 149.804 9.04724 12.3
    endloop
  endfacet
  facet normal -0.68235 -0.248396 0.68753
    outer loop
      vertex 149.806 9.04189 12.3
      vertex 149.016 8.72095 11.4
      vertex 149.053 8.61931 11.4
    endloop
  endfacet
  facet normal -0.0356029 -0.725494 0.687307
    outer loop
      vertex 148.108 9.3947 11.4
      vertex 148.186 10.2435 12.3
      vertex 148 9.4 11.4
    endloop
  endfacet
  facet normal -0.0434955 -0.724924 0.687454
    outer loop
      vertex 148.186 10.2435 12.3
      vertex 148.108 9.3947 11.4
      vertex 148.191 10.2432 12.3
    endloop
  endfacet
  facet normal 0.0354953 -0.725508 0.687298
    outer loop
      vertex 148 9.4 11.4
      vertex 148 10.2526 12.3
      vertex 147.814 10.2435 12.3
    endloop
  endfacet
  facet normal 0.372733 -0.623625 0.68714
    outer loop
      vertex 147.481 9.27011 11.4
      vertex 147.08 10.0221 12.3
      vertex 146.92 9.92647 12.3
    endloop
  endfacet
  facet normal -0.433306 0.582905 0.687362
    outer loop
      vertex 149.085 6.67645 12.3
      vertex 149.234 6.78721 12.3
      vertex 148.611 7.38538 11.4
    endloop
  endfacet
  facet normal 0.622342 0.374599 0.687289
    outer loop
      vertex 146.374 7.22005 12.3
      vertex 147.03 7.78146 11.4
      vertex 146.278 7.37954 12.3
    endloop
  endfacet
  facet normal -0.372547 0.623509 0.687346
    outer loop
      vertex 148.925 6.58085 12.3
      vertex 149.085 6.67645 12.3
      vertex 148.611 7.38538 11.4
    endloop
  endfacet
  facet normal -0.408182 0.602038 0.686249
    outer loop
      vertex 148.698 7.44969 11.4
      vertex 149.234 6.78721 12.3
      vertex 149.239 6.7906 12.3
    endloop
  endfacet
  facet normal -0.431832 0.584192 0.687197
    outer loop
      vertex 149.234 6.78721 12.3
      vertex 148.698 7.44969 11.4
      vertex 148.611 7.38538 11.4
    endloop
  endfacet
  facet normal 0.487679 0.538203 0.687392
    outer loop
      vertex 147.222 7.52218 11.4
      vertex 146.623 6.91547 12.3
      vertex 147.302 7.44969 11.4
    endloop
  endfacet
  facet normal 0.500741 0.525713 0.687666
    outer loop
      vertex 146.623 6.91547 12.3
      vertex 147.222 7.52218 11.4
      vertex 146.619 6.91928 12.3
    endloop
  endfacet
  facet normal 0.106532 0.718543 0.687275
    outer loop
      vertex 147.809 6.35677 12.3
      vertex 147.892 7.2053 11.4
      vertex 147.625 6.38405 12.3
    endloop
  endfacet
  facet normal 0.582994 0.433293 0.687295
    outer loop
      vertex 146.491 7.06126 12.3
      vertex 147.15 7.60217 11.4
      vertex 146.38 7.21061 12.3
    endloop
  endfacet
  facet normal 0.58138 0.435868 0.687035
    outer loop
      vertex 147.085 7.68887 11.4
      vertex 146.38 7.21061 12.3
      vertex 147.15 7.60217 11.4
    endloop
  endfacet
  facet normal 0.54843 0.480026 0.684689
    outer loop
      vertex 146.38 7.21061 12.3
      vertex 147.085 7.68887 11.4
      vertex 146.376 7.21518 12.3
    endloop
  endfacet
  facet normal -0.54843 0.480026 0.684689
    outer loop
      vertex 148.915 7.68887 11.4
      vertex 149.62 7.21061 12.3
      vertex 149.624 7.21518 12.3
    endloop
  endfacet
  facet normal -0.58138 0.435868 0.687035
    outer loop
      vertex 149.62 7.21061 12.3
      vertex 148.915 7.68887 11.4
      vertex 148.85 7.60217 11.4
    endloop
  endfacet
  facet normal 0.175906 0.704713 0.687341
    outer loop
      vertex 147.614 6.38627 12.3
      vertex 147.681 7.24736 11.4
      vertex 147.433 6.43145 12.3
    endloop
  endfacet
  facet normal 0.375259 0.622164 0.68709
    outer loop
      vertex 147.075 6.58085 12.3
      vertex 147.481 7.32989 11.4
      vertex 147.389 7.38538 11.4
    endloop
  endfacet
  facet normal 0.366315 0.627252 0.68729
    outer loop
      vertex 147.481 7.32989 11.4
      vertex 147.075 6.58085 12.3
      vertex 147.08 6.57793 12.3
    endloop
  endfacet
  facet normal -0.676522 -0.263238 0.687768
    outer loop
      vertex 149.802 9.05238 12.3
      vertex 149.016 8.72095 11.4
      vertex 149.804 9.04724 12.3
    endloop
  endfacet
  facet normal -0.656786 -0.309582 0.687598
    outer loop
      vertex 149.016 8.72095 11.4
      vertex 149.802 9.05238 12.3
      vertex 148.97 8.81854 11.4
    endloop
  endfacet
  facet normal -0.53985 0.485926 0.687342
    outer loop
      vertex 148.778 7.52218 11.4
      vertex 149.385 6.92349 12.3
      vertex 148.85 7.60217 11.4
    endloop
  endfacet
  facet normal -0.526345 0.50009 0.687656
    outer loop
      vertex 149.385 6.92349 12.3
      vertex 148.778 7.52218 11.4
      vertex 149.381 6.91928 12.3
    endloop
  endfacet
  facet normal -0.704748 -0.175826 0.687325
    outer loop
      vertex 149.914 8.68645 12.3
      vertex 149.869 8.86682 12.3
      vertex 149.053 8.61931 11.4
    endloop
  endfacet
  facet normal 0.655815 0.312144 0.687367
    outer loop
      vertex 146.278 7.37954 12.3
      vertex 147.03 7.78146 11.4
      vertex 146.198 7.54762 12.3
    endloop
  endfacet
  facet normal -0.193651 0.701635 0.685717
    outer loop
      vertex 148.319 7.24736 11.4
      vertex 148.381 6.38489 12.3
      vertex 148.386 6.38627 12.3
    endloop
  endfacet
  facet normal -0.177586 0.704384 0.687245
    outer loop
      vertex 148.381 6.38489 12.3
      vertex 148.319 7.24736 11.4
      vertex 148.215 7.22114 11.4
    endloop
  endfacet
  facet normal -0.177632 -0.704299 0.687321
    outer loop
      vertex 148.319 9.35263 11.4
      vertex 148.561 10.1699 12.3
      vertex 148.215 9.37886 11.4
    endloop
  endfacet
  facet normal -0.153949 -0.710534 0.686616
    outer loop
      vertex 148.561 10.1699 12.3
      vertex 148.319 9.35263 11.4
      vertex 148.567 10.1686 12.3
    endloop
  endfacet
  facet normal 0.309538 0.657166 0.687255
    outer loop
      vertex 147.248 6.49843 12.3
      vertex 147.579 7.28373 11.4
      vertex 147.481 7.32989 11.4
    endloop
  endfacet
  facet normal 0.317612 0.653522 0.687045
    outer loop
      vertex 147.579 7.28373 11.4
      vertex 147.248 6.49843 12.3
      vertex 147.253 6.496 12.3
    endloop
  endfacet
  facet normal 0.177586 0.704384 0.687245
    outer loop
      vertex 147.681 7.24736 11.4
      vertex 147.619 6.38489 12.3
      vertex 147.785 7.22114 11.4
    endloop
  endfacet
  facet normal 0.193651 0.701635 0.685717
    outer loop
      vertex 147.619 6.38489 12.3
      vertex 147.681 7.24736 11.4
      vertex 147.614 6.38627 12.3
    endloop
  endfacet
  facet normal -0.366385 -0.627372 0.687144
    outer loop
      vertex 149.08 9.92647 12.3
      vertex 148.611 9.21462 11.4
      vertex 149.085 9.92355 12.3
    endloop
  endfacet
  facet normal -0.375115 -0.621925 0.687385
    outer loop
      vertex 148.611 9.21462 11.4
      vertex 149.08 9.92647 12.3
      vertex 148.519 9.27011 11.4
    endloop
  endfacet
  facet normal -0.469905 -0.5561 0.685523
    outer loop
      vertex 148.611 9.21462 11.4
      vertex 149.089 9.92017 12.3
      vertex 149.085 9.92355 12.3
    endloop
  endfacet
  facet normal -0.431794 -0.584141 0.687265
    outer loop
      vertex 149.089 9.92017 12.3
      vertex 148.611 9.21462 11.4
      vertex 148.698 9.15031 11.4
    endloop
  endfacet
  facet normal 0.176918 -0.70454 0.687258
    outer loop
      vertex 147.785 9.37886 11.4
      vertex 147.619 10.2151 12.3
      vertex 147.439 10.1699 12.3
    endloop
  endfacet
  facet normal 0.314387 -0.654973 0.687147
    outer loop
      vertex 147.248 10.1016 12.3
      vertex 147.579 9.31627 11.4
      vertex 147.253 10.104 12.3
    endloop
  endfacet
  facet normal 0.309534 -0.657156 0.687266
    outer loop
      vertex 147.579 9.31627 11.4
      vertex 147.248 10.1016 12.3
      vertex 147.481 9.27011 11.4
    endloop
  endfacet
  facet normal 0.0960398 -0.720299 0.686983
    outer loop
      vertex 147.785 9.37886 11.4
      vertex 147.625 10.2159 12.3
      vertex 147.619 10.2151 12.3
    endloop
  endfacet
  facet normal 0.106379 -0.718599 0.687241
    outer loop
      vertex 147.625 10.2159 12.3
      vertex 147.785 9.37886 11.4
      vertex 147.892 9.3947 11.4
    endloop
  endfacet
  facet normal -0.176918 -0.70454 0.687258
    outer loop
      vertex 148.561 10.1699 12.3
      vertex 148.381 10.2151 12.3
      vertex 148.215 9.37886 11.4
    endloop
  endfacet
  facet normal -0.106379 -0.718599 0.687241
    outer loop
      vertex 148.215 9.37886 11.4
      vertex 148.375 10.2159 12.3
      vertex 148.108 9.3947 11.4
    endloop
  endfacet
  facet normal -0.0960398 -0.720299 0.686983
    outer loop
      vertex 148.375 10.2159 12.3
      vertex 148.215 9.37886 11.4
      vertex 148.381 10.2151 12.3
    endloop
  endfacet
  facet normal 0.68346 0.245947 0.687308
    outer loop
      vertex 146.194 7.55811 12.3
      vertex 146.947 7.98069 11.4
      vertex 146.131 7.73318 12.3
    endloop
  endfacet
  facet normal 0.705021 0.17506 0.687241
    outer loop
      vertex 146.085 7.91906 12.3
      vertex 146.947 7.98069 11.4
      vertex 146.921 8.0854 11.4
    endloop
  endfacet
  facet normal 0.711706 0.129166 0.690501
    outer loop
      vertex 146.947 7.98069 11.4
      vertex 146.085 7.91906 12.3
      vertex 146.086 7.91355 12.3
    endloop
  endfacet
  facet normal -0.711706 -0.129166 0.690501
    outer loop
      vertex 149.053 8.61931 11.4
      vertex 149.915 8.68094 12.3
      vertex 149.914 8.68645 12.3
    endloop
  endfacet
  facet normal -0.705021 -0.17506 0.687241
    outer loop
      vertex 149.915 8.68094 12.3
      vertex 149.053 8.61931 11.4
      vertex 149.079 8.5146 11.4
    endloop
  endfacet
  facet normal -0.714893 -0.127205 0.687566
    outer loop
      vertex 149.079 8.5146 11.4
      vertex 149.916 8.67532 12.3
      vertex 149.915 8.68094 12.3
    endloop
  endfacet
  facet normal -0.718358 -0.107639 0.687295
    outer loop
      vertex 149.916 8.67532 12.3
      vertex 149.079 8.5146 11.4
      vertex 149.095 8.40782 11.4
    endloop
  endfacet
  facet normal 0.656786 0.309582 0.687598
    outer loop
      vertex 146.984 7.87905 11.4
      vertex 146.198 7.54762 12.3
      vertex 147.03 7.78146 11.4
    endloop
  endfacet
  facet normal 0.676522 0.263238 0.687768
    outer loop
      vertex 146.198 7.54762 12.3
      vertex 146.984 7.87905 11.4
      vertex 146.196 7.55276 12.3
    endloop
  endfacet
  facet normal 0.375115 -0.621925 0.687385
    outer loop
      vertex 146.92 9.92647 12.3
      vertex 147.389 9.21462 11.4
      vertex 147.481 9.27011 11.4
    endloop
  endfacet
  facet normal 0.366385 -0.627372 0.687144
    outer loop
      vertex 147.389 9.21462 11.4
      vertex 146.92 9.92647 12.3
      vertex 146.915 9.92355 12.3
    endloop
  endfacet
  facet normal -0.72569 -0.0336528 0.687198
    outer loop
      vertex 177.1 8.3 11.4
      vertex 177.952 8.30567 12.3
      vertex 177.095 8.40782 11.4
    endloop
  endfacet
  facet normal -0.71993 -0.126972 0.682334
    outer loop
      vertex 177.952 8.30567 12.3
      vertex 177.1 8.3 11.4
      vertex 177.953 8.3 12.3
    endloop
  endfacet
  facet normal -0.10661 -0.718545 0.68726
    outer loop
      vertex 176.375 10.2159 12.3
      vertex 176.191 10.2432 12.3
      vertex 176.108 9.3947 11.4
    endloop
  endfacet
  facet normal -0.48733 -0.538573 0.687349
    outer loop
      vertex 177.377 9.68453 12.3
      vertex 177.239 9.8094 12.3
      vertex 176.698 9.15031 11.4
    endloop
  endfacet
  facet normal 0.704748 0.175826 0.687325
    outer loop
      vertex 174.131 7.73318 12.3
      vertex 174.947 7.98069 11.4
      vertex 174.086 7.91355 12.3
    endloop
  endfacet
  facet normal -0.68346 -0.245947 0.687308
    outer loop
      vertex 177.869 8.86682 12.3
      vertex 177.806 9.04189 12.3
      vertex 177.053 8.61931 11.4
    endloop
  endfacet
  facet normal -0.259118 0.67832 0.687561
    outer loop
      vertex 176.421 7.28373 11.4
      vertex 176.742 6.49409 12.3
      vertex 176.747 6.496 12.3
    endloop
  endfacet
  facet normal -0.243958 0.684182 0.687298
    outer loop
      vertex 176.742 6.49409 12.3
      vertex 176.421 7.28373 11.4
      vertex 176.319 7.24736 11.4
    endloop
  endfacet
  facet normal -0.655815 -0.312144 0.687367
    outer loop
      vertex 177.802 9.05238 12.3
      vertex 177.722 9.22046 12.3
      vertex 176.97 8.81854 11.4
    endloop
  endfacet
  facet normal 0.718847 -0.105523 0.687112
    outer loop
      vertex 174.905 8.40782 11.4
      vertex 174.084 8.67532 12.3
      vertex 174.057 8.49139 12.3
    endloop
  endfacet
  facet normal -0.244664 -0.683963 0.687265
    outer loop
      vertex 176.747 10.104 12.3
      vertex 176.572 10.1666 12.3
      vertex 176.421 9.31627 11.4
    endloop
  endfacet
  facet normal -0.270049 -0.675122 0.686501
    outer loop
      vertex 176.319 9.35263 11.4
      vertex 176.572 10.1666 12.3
      vertex 176.567 10.1686 12.3
    endloop
  endfacet
  facet normal -0.243887 -0.684173 0.687333
    outer loop
      vertex 176.572 10.1666 12.3
      vertex 176.319 9.35263 11.4
      vertex 176.421 9.31627 11.4
    endloop
  endfacet
  facet normal -0.310762 0.656704 0.687145
    outer loop
      vertex 176.752 6.49843 12.3
      vertex 176.92 6.57793 12.3
      vertex 176.519 7.32989 11.4
    endloop
  endfacet
  facet normal 0.431503 -0.584323 0.687294
    outer loop
      vertex 175.302 9.15031 11.4
      vertex 174.911 9.92017 12.3
      vertex 174.761 9.8094 12.3
    endloop
  endfacet
  facet normal -0.705021 0.17506 0.687241
    outer loop
      vertex 177.053 7.98069 11.4
      vertex 177.915 7.91906 12.3
      vertex 177.079 8.0854 11.4
    endloop
  endfacet
  facet normal -0.711706 0.129166 0.690501
    outer loop
      vertex 177.915 7.91906 12.3
      vertex 177.053 7.98069 11.4
      vertex 177.914 7.91355 12.3
    endloop
  endfacet
  facet normal 0.487679 -0.538203 0.687392
    outer loop
      vertex 174.623 9.68453 12.3
      vertex 175.222 9.07782 11.4
      vertex 175.302 9.15031 11.4
    endloop
  endfacet
  facet normal 0.500741 -0.525713 0.687666
    outer loop
      vertex 175.222 9.07782 11.4
      vertex 174.623 9.68453 12.3
      vertex 174.619 9.68072 12.3
    endloop
  endfacet
  facet normal -0.0357648 0.725492 0.6873
    outer loop
      vertex 176.191 6.35677 12.3
      vertex 176.108 7.2053 11.4
      vertex 176.006 6.34765 12.3
    endloop
  endfacet
  facet normal 0.622342 -0.374599 0.687289
    outer loop
      vertex 175.03 8.81854 11.4
      vertex 174.374 9.37995 12.3
      vertex 174.278 9.22046 12.3
    endloop
  endfacet
  facet normal 0.244664 -0.683963 0.687265
    outer loop
      vertex 175.579 9.31627 11.4
      vertex 175.428 10.1666 12.3
      vertex 175.253 10.104 12.3
    endloop
  endfacet
  facet normal -0.500741 0.525713 0.687666
    outer loop
      vertex 176.778 7.52218 11.4
      vertex 177.377 6.91547 12.3
      vertex 177.381 6.91928 12.3
    endloop
  endfacet
  facet normal -0.487679 0.538203 0.687392
    outer loop
      vertex 177.377 6.91547 12.3
      vertex 176.778 7.52218 11.4
      vertex 176.698 7.44969 11.4
    endloop
  endfacet
  facet normal -0.526345 -0.50009 0.687656
    outer loop
      vertex 176.778 9.07782 11.4
      vertex 177.385 9.67651 12.3
      vertex 177.381 9.68072 12.3
    endloop
  endfacet
  facet normal -0.53985 -0.485926 0.687342
    outer loop
      vertex 177.385 9.67651 12.3
      vertex 176.778 9.07782 11.4
      vertex 176.85 8.99783 11.4
    endloop
  endfacet
  facet normal -0.622342 0.374599 0.687289
    outer loop
      vertex 177.626 7.22005 12.3
      vertex 177.722 7.37954 12.3
      vertex 176.97 7.78146 11.4
    endloop
  endfacet
  facet normal 0.372547 0.623509 0.687346
    outer loop
      vertex 175.075 6.58085 12.3
      vertex 175.389 7.38538 11.4
      vertex 174.915 6.67645 12.3
    endloop
  endfacet
  facet normal 0.0357648 0.725492 0.6873
    outer loop
      vertex 175.994 6.34765 12.3
      vertex 175.892 7.2053 11.4
      vertex 175.809 6.35677 12.3
    endloop
  endfacet
  facet normal -0.431503 -0.584323 0.687294
    outer loop
      vertex 177.239 9.8094 12.3
      vertex 177.089 9.92017 12.3
      vertex 176.698 9.15031 11.4
    endloop
  endfacet
  facet normal -0.655815 0.312144 0.687367
    outer loop
      vertex 177.722 7.37954 12.3
      vertex 177.802 7.54762 12.3
      vertex 176.97 7.78146 11.4
    endloop
  endfacet
  facet normal 0.718847 0.105523 0.687112
    outer loop
      vertex 174.084 7.92468 12.3
      vertex 174.905 8.19218 11.4
      vertex 174.057 8.10861 12.3
    endloop
  endfacet
  facet normal -0.309538 0.657166 0.687255
    outer loop
      vertex 176.421 7.28373 11.4
      vertex 176.752 6.49843 12.3
      vertex 176.519 7.32989 11.4
    endloop
  endfacet
  facet normal -0.317612 0.653522 0.687045
    outer loop
      vertex 176.752 6.49843 12.3
      vertex 176.421 7.28373 11.4
      vertex 176.747 6.496 12.3
    endloop
  endfacet
  facet normal -0.718847 -0.105523 0.687112
    outer loop
      vertex 177.943 8.49139 12.3
      vertex 177.916 8.67532 12.3
      vertex 177.095 8.40782 11.4
    endloop
  endfacet
  facet normal -0.100732 0.719517 0.687131
    outer loop
      vertex 176.215 7.22114 11.4
      vertex 176.375 6.38405 12.3
      vertex 176.381 6.38489 12.3
    endloop
  endfacet
  facet normal -0.106377 0.718579 0.687262
    outer loop
      vertex 176.375 6.38405 12.3
      vertex 176.215 7.22114 11.4
      vertex 176.108 7.2053 11.4
    endloop
  endfacet
  facet normal 0.716112 -0.126298 0.686464
    outer loop
      vertex 174.056 8.48572 12.3
      vertex 174.905 8.40782 11.4
      vertex 174.057 8.49139 12.3
    endloop
  endfacet
  facet normal 0.725549 -0.0336463 0.687347
    outer loop
      vertex 174.905 8.40782 11.4
      vertex 174.056 8.48572 12.3
      vertex 174.9 8.3 11.4
    endloop
  endfacet
  facet normal -0.106532 0.718543 0.687275
    outer loop
      vertex 176.191 6.35677 12.3
      vertex 176.375 6.38405 12.3
      vertex 176.108 7.2053 11.4
    endloop
  endfacet
  facet normal 0.526345 -0.50009 0.687656
    outer loop
      vertex 174.615 9.67651 12.3
      vertex 175.222 9.07782 11.4
      vertex 174.619 9.68072 12.3
    endloop
  endfacet
  facet normal 0.53985 -0.485926 0.687342
    outer loop
      vertex 175.222 9.07782 11.4
      vertex 174.615 9.67651 12.3
      vertex 175.15 8.99783 11.4
    endloop
  endfacet
  facet normal -0.582994 0.433293 0.687295
    outer loop
      vertex 177.509 7.06126 12.3
      vertex 177.62 7.21061 12.3
      vertex 176.85 7.60217 11.4
    endloop
  endfacet
  facet normal -0.48733 0.538573 0.687349
    outer loop
      vertex 177.239 6.7906 12.3
      vertex 177.377 6.91547 12.3
      vertex 176.698 7.44969 11.4
    endloop
  endfacet
  facet normal -0.676522 0.263238 0.687768
    outer loop
      vertex 177.016 7.87905 11.4
      vertex 177.802 7.54762 12.3
      vertex 177.804 7.55276 12.3
    endloop
  endfacet
  facet normal -0.656786 0.309582 0.687598
    outer loop
      vertex 177.802 7.54762 12.3
      vertex 177.016 7.87905 11.4
      vertex 176.97 7.78146 11.4
    endloop
  endfacet
  facet normal 0.655815 -0.312144 0.687367
    outer loop
      vertex 175.03 8.81854 11.4
      vertex 174.278 9.22046 12.3
      vertex 174.198 9.05238 12.3
    endloop
  endfacet
  facet normal 0.106377 0.718579 0.687262
    outer loop
      vertex 175.785 7.22114 11.4
      vertex 175.625 6.38405 12.3
      vertex 175.892 7.2053 11.4
    endloop
  endfacet
  facet normal 0.100732 0.719517 0.687131
    outer loop
      vertex 175.625 6.38405 12.3
      vertex 175.785 7.22114 11.4
      vertex 175.619 6.38489 12.3
    endloop
  endfacet
  facet normal -0.582994 -0.433293 0.687295
    outer loop
      vertex 177.62 9.38939 12.3
      vertex 177.509 9.53874 12.3
      vertex 176.85 8.99783 11.4
    endloop
  endfacet
  facet normal -0.175906 0.704713 0.687341
    outer loop
      vertex 176.386 6.38627 12.3
      vertex 176.567 6.43145 12.3
      vertex 176.319 7.24736 11.4
    endloop
  endfacet
  facet normal 0.433306 0.582905 0.687362
    outer loop
      vertex 174.915 6.67645 12.3
      vertex 175.389 7.38538 11.4
      vertex 174.766 6.78721 12.3
    endloop
  endfacet
  facet normal -0.244768 0.683818 0.687373
    outer loop
      vertex 176.567 6.43145 12.3
      vertex 176.742 6.49409 12.3
      vertex 176.319 7.24736 11.4
    endloop
  endfacet
  facet normal -0.704748 0.175826 0.687325
    outer loop
      vertex 177.869 7.73318 12.3
      vertex 177.914 7.91355 12.3
      vertex 177.053 7.98069 11.4
    endloop
  endfacet
  facet normal 0.0434955 -0.724924 0.687454
    outer loop
      vertex 175.892 9.3947 11.4
      vertex 175.814 10.2435 12.3
      vertex 175.809 10.2432 12.3
    endloop
  endfacet
  facet normal 0.0356029 -0.725494 0.687307
    outer loop
      vertex 175.814 10.2435 12.3
      vertex 175.892 9.3947 11.4
      vertex 176 9.4 11.4
    endloop
  endfacet
  facet normal 0.270049 -0.675122 0.686501
    outer loop
      vertex 175.428 10.1666 12.3
      vertex 175.681 9.35263 11.4
      vertex 175.433 10.1686 12.3
    endloop
  endfacet
  facet normal 0.243887 -0.684173 0.687333
    outer loop
      vertex 175.681 9.35263 11.4
      vertex 175.428 10.1666 12.3
      vertex 175.579 9.31627 11.4
    endloop
  endfacet
  facet normal 0.48733 0.538573 0.687349
    outer loop
      vertex 174.761 6.7906 12.3
      vertex 175.302 7.44969 11.4
      vertex 174.623 6.91547 12.3
    endloop
  endfacet
  facet normal -0.725738 -0.0351693 0.687072
    outer loop
      vertex 177.952 8.30567 12.3
      vertex 177.943 8.49139 12.3
      vertex 177.095 8.40782 11.4
    endloop
  endfacet
  facet normal -0.71995 0.126752 0.682353
    outer loop
      vertex 177.1 8.3 11.4
      vertex 177.952 8.29432 12.3
      vertex 177.953 8.3 12.3
    endloop
  endfacet
  facet normal -0.72569 0.0336528 0.687199
    outer loop
      vertex 177.952 8.29432 12.3
      vertex 177.1 8.3 11.4
      vertex 177.095 8.19218 11.4
    endloop
  endfacet
  facet normal -0.718847 0.105523 0.687112
    outer loop
      vertex 177.916 7.92468 12.3
      vertex 177.943 8.10861 12.3
      vertex 177.095 8.19218 11.4
    endloop
  endfacet
  facet normal 0.680092 -0.25424 0.687632
    outer loop
      vertex 174.194 9.04189 12.3
      vertex 174.984 8.72095 11.4
      vertex 174.196 9.04724 12.3
    endloop
  endfacet
  facet normal 0.68235 -0.248396 0.68753
    outer loop
      vertex 174.984 8.72095 11.4
      vertex 174.194 9.04189 12.3
      vertex 174.947 8.61931 11.4
    endloop
  endfacet
  facet normal 0.582994 -0.433293 0.687295
    outer loop
      vertex 175.15 8.99783 11.4
      vertex 174.491 9.53874 12.3
      vertex 174.38 9.38939 12.3
    endloop
  endfacet
  facet normal 0.725356 0.0351508 0.687476
    outer loop
      vertex 174.056 8.11428 12.3
      vertex 174.9 8.3 11.4
      vertex 174.047 8.3 12.3
    endloop
  endfacet
  facet normal 0.725356 -0.0351508 0.687476
    outer loop
      vertex 174.9 8.3 11.4
      vertex 174.056 8.48572 12.3
      vertex 174.047 8.3 12.3
    endloop
  endfacet
  facet normal -0.372733 -0.623625 0.68714
    outer loop
      vertex 177.08 9.92647 12.3
      vertex 176.92 10.0221 12.3
      vertex 176.519 9.27011 11.4
    endloop
  endfacet
  facet normal 0.704748 -0.175826 0.687325
    outer loop
      vertex 174.947 8.61931 11.4
      vertex 174.131 8.86682 12.3
      vertex 174.086 8.68645 12.3
    endloop
  endfacet
  facet normal 0.68346 -0.245947 0.687308
    outer loop
      vertex 174.947 8.61931 11.4
      vertex 174.194 9.04189 12.3
      vertex 174.131 8.86682 12.3
    endloop
  endfacet
  facet normal 0.244768 0.683818 0.687373
    outer loop
      vertex 175.433 6.43145 12.3
      vertex 175.681 7.24736 11.4
      vertex 175.258 6.49409 12.3
    endloop
  endfacet
  facet normal 0.431832 0.584192 0.687197
    outer loop
      vertex 175.302 7.44969 11.4
      vertex 174.766 6.78721 12.3
      vertex 175.389 7.38538 11.4
    endloop
  endfacet
  facet normal 0.408182 0.602038 0.686249
    outer loop
      vertex 174.766 6.78721 12.3
      vertex 175.302 7.44969 11.4
      vertex 174.761 6.7906 12.3
    endloop
  endfacet
  facet normal 0.656786 -0.309582 0.687598
    outer loop
      vertex 174.198 9.05238 12.3
      vertex 174.984 8.72095 11.4
      vertex 175.03 8.81854 11.4
    endloop
  endfacet
  facet normal 0.676522 -0.263238 0.687768
    outer loop
      vertex 174.984 8.72095 11.4
      vertex 174.198 9.05238 12.3
      vertex 174.196 9.04724 12.3
    endloop
  endfacet
  facet normal 0.53985 0.485926 0.687342
    outer loop
      vertex 174.615 6.92349 12.3
      vertex 175.222 7.52218 11.4
      vertex 175.15 7.60217 11.4
    endloop
  endfacet
  facet normal 0.526345 0.50009 0.687656
    outer loop
      vertex 175.222 7.52218 11.4
      vertex 174.615 6.92349 12.3
      vertex 174.619 6.91928 12.3
    endloop
  endfacet
  facet normal -0.68235 0.248396 0.68753
    outer loop
      vertex 177.016 7.87905 11.4
      vertex 177.806 7.55811 12.3
      vertex 177.053 7.98069 11.4
    endloop
  endfacet
  facet normal -0.680092 0.25424 0.687632
    outer loop
      vertex 177.806 7.55811 12.3
      vertex 177.016 7.87905 11.4
      vertex 177.804 7.55276 12.3
    endloop
  endfacet
  facet normal 0.539868 -0.485908 0.68734
    outer loop
      vertex 175.15 8.99783 11.4
      vertex 174.615 9.67651 12.3
      vertex 174.491 9.53874 12.3
    endloop
  endfacet
  facet normal -0.539868 -0.485908 0.68734
    outer loop
      vertex 177.509 9.53874 12.3
      vertex 177.385 9.67651 12.3
      vertex 176.85 8.99783 11.4
    endloop
  endfacet
  facet normal 0.243958 0.684182 0.687298
    outer loop
      vertex 175.579 7.28373 11.4
      vertex 175.258 6.49409 12.3
      vertex 175.681 7.24736 11.4
    endloop
  endfacet
  facet normal 0.259118 0.67832 0.687561
    outer loop
      vertex 175.258 6.49409 12.3
      vertex 175.579 7.28373 11.4
      vertex 175.253 6.496 12.3
    endloop
  endfacet
  facet normal -0.500741 -0.525713 0.687666
    outer loop
      vertex 177.377 9.68453 12.3
      vertex 176.778 9.07782 11.4
      vertex 177.381 9.68072 12.3
    endloop
  endfacet
  facet normal -0.487679 -0.538203 0.687392
    outer loop
      vertex 176.778 9.07782 11.4
      vertex 177.377 9.68453 12.3
      vertex 176.698 9.15031 11.4
    endloop
  endfacet
  facet normal 0.718358 0.107639 0.687295
    outer loop
      vertex 174.084 7.92468 12.3
      vertex 174.921 8.0854 11.4
      vertex 174.905 8.19218 11.4
    endloop
  endfacet
  facet normal 0.714893 0.127205 0.687566
    outer loop
      vertex 174.921 8.0854 11.4
      vertex 174.084 7.92468 12.3
      vertex 174.085 7.91906 12.3
    endloop
  endfacet
  facet normal -0.375259 0.622164 0.68709
    outer loop
      vertex 176.519 7.32989 11.4
      vertex 176.925 6.58085 12.3
      vertex 176.611 7.38538 11.4
    endloop
  endfacet
  facet normal -0.366315 0.627252 0.68729
    outer loop
      vertex 176.925 6.58085 12.3
      vertex 176.519 7.32989 11.4
      vertex 176.92 6.57793 12.3
    endloop
  endfacet
  facet normal 0.624805 0.371144 0.686929
    outer loop
      vertex 174.374 7.22005 12.3
      vertex 175.085 7.68887 11.4
      vertex 175.03 7.78146 11.4
    endloop
  endfacet
  facet normal 0.677826 0.278368 0.680487
    outer loop
      vertex 175.085 7.68887 11.4
      vertex 174.374 7.22005 12.3
      vertex 174.376 7.21518 12.3
    endloop
  endfacet
  facet normal 0.677826 -0.278368 0.680487
    outer loop
      vertex 174.374 9.37995 12.3
      vertex 175.085 8.91113 11.4
      vertex 174.376 9.38482 12.3
    endloop
  endfacet
  facet normal 0.624805 -0.371144 0.686929
    outer loop
      vertex 175.085 8.91113 11.4
      vertex 174.374 9.37995 12.3
      vertex 175.03 8.81854 11.4
    endloop
  endfacet
  facet normal -0.54843 -0.480026 0.684689
    outer loop
      vertex 177.62 9.38939 12.3
      vertex 176.915 8.91113 11.4
      vertex 177.624 9.38482 12.3
    endloop
  endfacet
  facet normal -0.58138 -0.435868 0.687035
    outer loop
      vertex 176.915 8.91113 11.4
      vertex 177.62 9.38939 12.3
      vertex 176.85 8.99783 11.4
    endloop
  endfacet
  facet normal 0.68235 0.248396 0.68753
    outer loop
      vertex 174.194 7.55811 12.3
      vertex 174.984 7.87905 11.4
      vertex 174.947 7.98069 11.4
    endloop
  endfacet
  facet normal 0.680092 0.25424 0.687632
    outer loop
      vertex 174.984 7.87905 11.4
      vertex 174.194 7.55811 12.3
      vertex 174.196 7.55276 12.3
    endloop
  endfacet
  facet normal -0.725738 0.0351712 0.687072
    outer loop
      vertex 177.943 8.10861 12.3
      vertex 177.952 8.29432 12.3
      vertex 177.095 8.19218 11.4
    endloop
  endfacet
  facet normal -0.718358 0.107639 0.687295
    outer loop
      vertex 177.079 8.0854 11.4
      vertex 177.916 7.92468 12.3
      vertex 177.095 8.19218 11.4
    endloop
  endfacet
  facet normal -0.714893 0.127205 0.687566
    outer loop
      vertex 177.916 7.92468 12.3
      vertex 177.079 8.0854 11.4
      vertex 177.915 7.91906 12.3
    endloop
  endfacet
  facet normal -0.68346 0.245947 0.687308
    outer loop
      vertex 177.806 7.55811 12.3
      vertex 177.869 7.73318 12.3
      vertex 177.053 7.98069 11.4
    endloop
  endfacet
  facet normal -0.624805 0.371144 0.686929
    outer loop
      vertex 176.915 7.68887 11.4
      vertex 177.626 7.22005 12.3
      vertex 176.97 7.78146 11.4
    endloop
  endfacet
  facet normal -0.677826 0.278368 0.680487
    outer loop
      vertex 177.626 7.22005 12.3
      vertex 176.915 7.68887 11.4
      vertex 177.624 7.21518 12.3
    endloop
  endfacet
  facet normal 0.469905 -0.5561 0.685523
    outer loop
      vertex 174.911 9.92017 12.3
      vertex 175.389 9.21462 11.4
      vertex 174.915 9.92355 12.3
    endloop
  endfacet
  facet normal 0.431794 -0.584141 0.687265
    outer loop
      vertex 175.389 9.21462 11.4
      vertex 174.911 9.92017 12.3
      vertex 175.302 9.15031 11.4
    endloop
  endfacet
  facet normal -0.0356026 0.725487 0.687314
    outer loop
      vertex 176 7.2 11.4
      vertex 176.006 6.34765 12.3
      vertex 176.108 7.2053 11.4
    endloop
  endfacet
  facet normal -0.0338584 0.725537 0.68735
    outer loop
      vertex 176.006 6.34765 12.3
      vertex 176 7.2 11.4
      vertex 176 6.34737 12.3
    endloop
  endfacet
  facet normal 0.58138 -0.435868 0.687035
    outer loop
      vertex 174.38 9.38939 12.3
      vertex 175.085 8.91113 11.4
      vertex 175.15 8.99783 11.4
    endloop
  endfacet
  facet normal 0.54843 -0.480026 0.684689
    outer loop
      vertex 175.085 8.91113 11.4
      vertex 174.38 9.38939 12.3
      vertex 174.376 9.38482 12.3
    endloop
  endfacet
  facet normal 0.725549 0.0336463 0.687347
    outer loop
      vertex 174.056 8.11428 12.3
      vertex 174.905 8.19218 11.4
      vertex 174.9 8.3 11.4
    endloop
  endfacet
  facet normal 0.716112 0.126298 0.686464
    outer loop
      vertex 174.905 8.19218 11.4
      vertex 174.056 8.11428 12.3
      vertex 174.057 8.10861 12.3
    endloop
  endfacet
  facet normal -0.0354953 -0.725508 0.687298
    outer loop
      vertex 176.186 10.2435 12.3
      vertex 176 10.2526 12.3
      vertex 176 9.4 11.4
    endloop
  endfacet
  facet normal 0.10661 -0.718545 0.68726
    outer loop
      vertex 175.892 9.3947 11.4
      vertex 175.809 10.2432 12.3
      vertex 175.625 10.2159 12.3
    endloop
  endfacet
  facet normal 0.48733 -0.538573 0.687349
    outer loop
      vertex 175.302 9.15031 11.4
      vertex 174.761 9.8094 12.3
      vertex 174.623 9.68453 12.3
    endloop
  endfacet
  facet normal -0.622342 -0.374599 0.687289
    outer loop
      vertex 177.722 9.22046 12.3
      vertex 177.626 9.37995 12.3
      vertex 176.97 8.81854 11.4
    endloop
  endfacet
  facet normal -0.677826 -0.278368 0.680487
    outer loop
      vertex 176.915 8.91113 11.4
      vertex 177.626 9.37995 12.3
      vertex 177.624 9.38482 12.3
    endloop
  endfacet
  facet normal -0.624805 -0.371144 0.686929
    outer loop
      vertex 177.626 9.37995 12.3
      vertex 176.915 8.91113 11.4
      vertex 176.97 8.81854 11.4
    endloop
  endfacet
  facet normal 0.153949 -0.710534 0.686616
    outer loop
      vertex 175.681 9.35263 11.4
      vertex 175.439 10.1699 12.3
      vertex 175.433 10.1686 12.3
    endloop
  endfacet
  facet normal 0.177632 -0.704299 0.687321
    outer loop
      vertex 175.439 10.1699 12.3
      vertex 175.681 9.35263 11.4
      vertex 175.785 9.37886 11.4
    endloop
  endfacet
  facet normal -0.539868 0.485908 0.68734
    outer loop
      vertex 177.385 6.92349 12.3
      vertex 177.509 7.06126 12.3
      vertex 176.85 7.60217 11.4
    endloop
  endfacet
  facet normal -0.314387 -0.654973 0.687147
    outer loop
      vertex 176.421 9.31627 11.4
      vertex 176.752 10.1016 12.3
      vertex 176.747 10.104 12.3
    endloop
  endfacet
  facet normal -0.309534 -0.657156 0.687266
    outer loop
      vertex 176.752 10.1016 12.3
      vertex 176.421 9.31627 11.4
      vertex 176.519 9.27011 11.4
    endloop
  endfacet
  facet normal 0.310762 0.656704 0.687145
    outer loop
      vertex 175.248 6.49843 12.3
      vertex 175.481 7.32989 11.4
      vertex 175.08 6.57793 12.3
    endloop
  endfacet
  facet normal 0.310757 -0.656694 0.687156
    outer loop
      vertex 175.481 9.27011 11.4
      vertex 175.248 10.1016 12.3
      vertex 175.08 10.0221 12.3
    endloop
  endfacet
  facet normal 0.714893 -0.127205 0.687566
    outer loop
      vertex 174.084 8.67532 12.3
      vertex 174.921 8.5146 11.4
      vertex 174.085 8.68094 12.3
    endloop
  endfacet
  facet normal 0.718358 -0.107639 0.687295
    outer loop
      vertex 174.921 8.5146 11.4
      vertex 174.084 8.67532 12.3
      vertex 174.905 8.40782 11.4
    endloop
  endfacet
  facet normal 0.711706 -0.129166 0.690501
    outer loop
      vertex 174.085 8.68094 12.3
      vertex 174.947 8.61931 11.4
      vertex 174.086 8.68645 12.3
    endloop
  endfacet
  facet normal 0.705021 -0.17506 0.687241
    outer loop
      vertex 174.947 8.61931 11.4
      vertex 174.085 8.68094 12.3
      vertex 174.921 8.5146 11.4
    endloop
  endfacet
  facet normal -0.310757 -0.656694 0.687156
    outer loop
      vertex 176.92 10.0221 12.3
      vertex 176.752 10.1016 12.3
      vertex 176.519 9.27011 11.4
    endloop
  endfacet
  facet normal 0.0338584 0.725537 0.68735
    outer loop
      vertex 176 7.2 11.4
      vertex 175.994 6.34765 12.3
      vertex 176 6.34737 12.3
    endloop
  endfacet
  facet normal 0.0356026 0.725487 0.687314
    outer loop
      vertex 175.994 6.34765 12.3
      vertex 176 7.2 11.4
      vertex 175.892 7.2053 11.4
    endloop
  endfacet
  facet normal 0.539868 0.485908 0.68734
    outer loop
      vertex 174.615 6.92349 12.3
      vertex 175.15 7.60217 11.4
      vertex 174.491 7.06126 12.3
    endloop
  endfacet
  facet normal -0.680092 -0.25424 0.687632
    outer loop
      vertex 177.016 8.72095 11.4
      vertex 177.806 9.04189 12.3
      vertex 177.804 9.04724 12.3
    endloop
  endfacet
  facet normal -0.68235 -0.248396 0.68753
    outer loop
      vertex 177.806 9.04189 12.3
      vertex 177.016 8.72095 11.4
      vertex 177.053 8.61931 11.4
    endloop
  endfacet
  facet normal -0.0356029 -0.725494 0.687307
    outer loop
      vertex 176.108 9.3947 11.4
      vertex 176.186 10.2435 12.3
      vertex 176 9.4 11.4
    endloop
  endfacet
  facet normal -0.0434955 -0.724924 0.687454
    outer loop
      vertex 176.186 10.2435 12.3
      vertex 176.108 9.3947 11.4
      vertex 176.191 10.2432 12.3
    endloop
  endfacet
  facet normal 0.0354953 -0.725508 0.687298
    outer loop
      vertex 176 9.4 11.4
      vertex 176 10.2526 12.3
      vertex 175.814 10.2435 12.3
    endloop
  endfacet
  facet normal 0.372733 -0.623625 0.68714
    outer loop
      vertex 175.481 9.27011 11.4
      vertex 175.08 10.0221 12.3
      vertex 174.92 9.92647 12.3
    endloop
  endfacet
  facet normal -0.433306 0.582905 0.687362
    outer loop
      vertex 177.085 6.67645 12.3
      vertex 177.234 6.78721 12.3
      vertex 176.611 7.38538 11.4
    endloop
  endfacet
  facet normal 0.622342 0.374599 0.687289
    outer loop
      vertex 174.374 7.22005 12.3
      vertex 175.03 7.78146 11.4
      vertex 174.278 7.37954 12.3
    endloop
  endfacet
  facet normal -0.372547 0.623509 0.687346
    outer loop
      vertex 176.925 6.58085 12.3
      vertex 177.085 6.67645 12.3
      vertex 176.611 7.38538 11.4
    endloop
  endfacet
  facet normal -0.408182 0.602038 0.686249
    outer loop
      vertex 176.698 7.44969 11.4
      vertex 177.234 6.78721 12.3
      vertex 177.239 6.7906 12.3
    endloop
  endfacet
  facet normal -0.431832 0.584192 0.687197
    outer loop
      vertex 177.234 6.78721 12.3
      vertex 176.698 7.44969 11.4
      vertex 176.611 7.38538 11.4
    endloop
  endfacet
  facet normal 0.487679 0.538203 0.687392
    outer loop
      vertex 175.222 7.52218 11.4
      vertex 174.623 6.91547 12.3
      vertex 175.302 7.44969 11.4
    endloop
  endfacet
  facet normal 0.500741 0.525713 0.687666
    outer loop
      vertex 174.623 6.91547 12.3
      vertex 175.222 7.52218 11.4
      vertex 174.619 6.91928 12.3
    endloop
  endfacet
  facet normal 0.106532 0.718543 0.687275
    outer loop
      vertex 175.809 6.35677 12.3
      vertex 175.892 7.2053 11.4
      vertex 175.625 6.38405 12.3
    endloop
  endfacet
  facet normal 0.582994 0.433293 0.687295
    outer loop
      vertex 174.491 7.06126 12.3
      vertex 175.15 7.60217 11.4
      vertex 174.38 7.21061 12.3
    endloop
  endfacet
  facet normal 0.58138 0.435868 0.687035
    outer loop
      vertex 175.085 7.68887 11.4
      vertex 174.38 7.21061 12.3
      vertex 175.15 7.60217 11.4
    endloop
  endfacet
  facet normal 0.54843 0.480026 0.684689
    outer loop
      vertex 174.38 7.21061 12.3
      vertex 175.085 7.68887 11.4
      vertex 174.376 7.21518 12.3
    endloop
  endfacet
  facet normal -0.54843 0.480026 0.684689
    outer loop
      vertex 176.915 7.68887 11.4
      vertex 177.62 7.21061 12.3
      vertex 177.624 7.21518 12.3
    endloop
  endfacet
  facet normal -0.58138 0.435868 0.687035
    outer loop
      vertex 177.62 7.21061 12.3
      vertex 176.915 7.68887 11.4
      vertex 176.85 7.60217 11.4
    endloop
  endfacet
  facet normal 0.175906 0.704713 0.687341
    outer loop
      vertex 175.614 6.38627 12.3
      vertex 175.681 7.24736 11.4
      vertex 175.433 6.43145 12.3
    endloop
  endfacet
  facet normal 0.375259 0.622164 0.68709
    outer loop
      vertex 175.075 6.58085 12.3
      vertex 175.481 7.32989 11.4
      vertex 175.389 7.38538 11.4
    endloop
  endfacet
  facet normal 0.366315 0.627252 0.68729
    outer loop
      vertex 175.481 7.32989 11.4
      vertex 175.075 6.58085 12.3
      vertex 175.08 6.57793 12.3
    endloop
  endfacet
  facet normal -0.676522 -0.263238 0.687768
    outer loop
      vertex 177.802 9.05238 12.3
      vertex 177.016 8.72095 11.4
      vertex 177.804 9.04724 12.3
    endloop
  endfacet
  facet normal -0.656786 -0.309582 0.687598
    outer loop
      vertex 177.016 8.72095 11.4
      vertex 177.802 9.05238 12.3
      vertex 176.97 8.81854 11.4
    endloop
  endfacet
  facet normal -0.53985 0.485926 0.687342
    outer loop
      vertex 176.778 7.52218 11.4
      vertex 177.385 6.92349 12.3
      vertex 176.85 7.60217 11.4
    endloop
  endfacet
  facet normal -0.526345 0.50009 0.687656
    outer loop
      vertex 177.385 6.92349 12.3
      vertex 176.778 7.52218 11.4
      vertex 177.381 6.91928 12.3
    endloop
  endfacet
  facet normal -0.704748 -0.175826 0.687325
    outer loop
      vertex 177.914 8.68645 12.3
      vertex 177.869 8.86682 12.3
      vertex 177.053 8.61931 11.4
    endloop
  endfacet
  facet normal 0.655815 0.312144 0.687367
    outer loop
      vertex 174.278 7.37954 12.3
      vertex 175.03 7.78146 11.4
      vertex 174.198 7.54762 12.3
    endloop
  endfacet
  facet normal -0.193651 0.701635 0.685717
    outer loop
      vertex 176.319 7.24736 11.4
      vertex 176.381 6.38489 12.3
      vertex 176.386 6.38627 12.3
    endloop
  endfacet
  facet normal -0.177586 0.704384 0.687245
    outer loop
      vertex 176.381 6.38489 12.3
      vertex 176.319 7.24736 11.4
      vertex 176.215 7.22114 11.4
    endloop
  endfacet
  facet normal -0.177632 -0.704299 0.687321
    outer loop
      vertex 176.319 9.35263 11.4
      vertex 176.561 10.1699 12.3
      vertex 176.215 9.37886 11.4
    endloop
  endfacet
  facet normal -0.153949 -0.710534 0.686616
    outer loop
      vertex 176.561 10.1699 12.3
      vertex 176.319 9.35263 11.4
      vertex 176.567 10.1686 12.3
    endloop
  endfacet
  facet normal 0.309538 0.657166 0.687255
    outer loop
      vertex 175.248 6.49843 12.3
      vertex 175.579 7.28373 11.4
      vertex 175.481 7.32989 11.4
    endloop
  endfacet
  facet normal 0.317612 0.653522 0.687045
    outer loop
      vertex 175.579 7.28373 11.4
      vertex 175.248 6.49843 12.3
      vertex 175.253 6.496 12.3
    endloop
  endfacet
  facet normal 0.177586 0.704384 0.687245
    outer loop
      vertex 175.681 7.24736 11.4
      vertex 175.619 6.38489 12.3
      vertex 175.785 7.22114 11.4
    endloop
  endfacet
  facet normal 0.193651 0.701635 0.685717
    outer loop
      vertex 175.619 6.38489 12.3
      vertex 175.681 7.24736 11.4
      vertex 175.614 6.38627 12.3
    endloop
  endfacet
  facet normal -0.366385 -0.627372 0.687144
    outer loop
      vertex 177.08 9.92647 12.3
      vertex 176.611 9.21462 11.4
      vertex 177.085 9.92355 12.3
    endloop
  endfacet
  facet normal -0.375115 -0.621925 0.687385
    outer loop
      vertex 176.611 9.21462 11.4
      vertex 177.08 9.92647 12.3
      vertex 176.519 9.27011 11.4
    endloop
  endfacet
  facet normal -0.469905 -0.5561 0.685523
    outer loop
      vertex 176.611 9.21462 11.4
      vertex 177.089 9.92017 12.3
      vertex 177.085 9.92355 12.3
    endloop
  endfacet
  facet normal -0.431794 -0.584141 0.687265
    outer loop
      vertex 177.089 9.92017 12.3
      vertex 176.611 9.21462 11.4
      vertex 176.698 9.15031 11.4
    endloop
  endfacet
  facet normal 0.176918 -0.70454 0.687258
    outer loop
      vertex 175.785 9.37886 11.4
      vertex 175.619 10.2151 12.3
      vertex 175.439 10.1699 12.3
    endloop
  endfacet
  facet normal 0.314387 -0.654973 0.687147
    outer loop
      vertex 175.248 10.1016 12.3
      vertex 175.579 9.31627 11.4
      vertex 175.253 10.104 12.3
    endloop
  endfacet
  facet normal 0.309534 -0.657156 0.687266
    outer loop
      vertex 175.579 9.31627 11.4
      vertex 175.248 10.1016 12.3
      vertex 175.481 9.27011 11.4
    endloop
  endfacet
  facet normal 0.0960398 -0.720299 0.686983
    outer loop
      vertex 175.785 9.37886 11.4
      vertex 175.625 10.2159 12.3
      vertex 175.619 10.2151 12.3
    endloop
  endfacet
  facet normal 0.106379 -0.718599 0.687241
    outer loop
      vertex 175.625 10.2159 12.3
      vertex 175.785 9.37886 11.4
      vertex 175.892 9.3947 11.4
    endloop
  endfacet
  facet normal -0.176918 -0.70454 0.687258
    outer loop
      vertex 176.561 10.1699 12.3
      vertex 176.381 10.2151 12.3
      vertex 176.215 9.37886 11.4
    endloop
  endfacet
  facet normal -0.106379 -0.718599 0.687241
    outer loop
      vertex 176.215 9.37886 11.4
      vertex 176.375 10.2159 12.3
      vertex 176.108 9.3947 11.4
    endloop
  endfacet
  facet normal -0.0960398 -0.720299 0.686983
    outer loop
      vertex 176.375 10.2159 12.3
      vertex 176.215 9.37886 11.4
      vertex 176.381 10.2151 12.3
    endloop
  endfacet
  facet normal 0.68346 0.245947 0.687308
    outer loop
      vertex 174.194 7.55811 12.3
      vertex 174.947 7.98069 11.4
      vertex 174.131 7.73318 12.3
    endloop
  endfacet
  facet normal 0.705021 0.17506 0.687241
    outer loop
      vertex 174.085 7.91906 12.3
      vertex 174.947 7.98069 11.4
      vertex 174.921 8.0854 11.4
    endloop
  endfacet
  facet normal 0.711706 0.129166 0.690501
    outer loop
      vertex 174.947 7.98069 11.4
      vertex 174.085 7.91906 12.3
      vertex 174.086 7.91355 12.3
    endloop
  endfacet
  facet normal -0.711706 -0.129166 0.690501
    outer loop
      vertex 177.053 8.61931 11.4
      vertex 177.915 8.68094 12.3
      vertex 177.914 8.68645 12.3
    endloop
  endfacet
  facet normal -0.705021 -0.17506 0.687241
    outer loop
      vertex 177.915 8.68094 12.3
      vertex 177.053 8.61931 11.4
      vertex 177.079 8.5146 11.4
    endloop
  endfacet
  facet normal -0.714893 -0.127205 0.687566
    outer loop
      vertex 177.079 8.5146 11.4
      vertex 177.916 8.67532 12.3
      vertex 177.915 8.68094 12.3
    endloop
  endfacet
  facet normal -0.718358 -0.107639 0.687295
    outer loop
      vertex 177.916 8.67532 12.3
      vertex 177.079 8.5146 11.4
      vertex 177.095 8.40782 11.4
    endloop
  endfacet
  facet normal 0.656786 0.309582 0.687598
    outer loop
      vertex 174.984 7.87905 11.4
      vertex 174.198 7.54762 12.3
      vertex 175.03 7.78146 11.4
    endloop
  endfacet
  facet normal 0.676522 0.263238 0.687768
    outer loop
      vertex 174.198 7.54762 12.3
      vertex 174.984 7.87905 11.4
      vertex 174.196 7.55276 12.3
    endloop
  endfacet
  facet normal 0.375115 -0.621925 0.687385
    outer loop
      vertex 174.92 9.92647 12.3
      vertex 175.389 9.21462 11.4
      vertex 175.481 9.27011 11.4
    endloop
  endfacet
  facet normal 0.366385 -0.627372 0.687144
    outer loop
      vertex 175.389 9.21462 11.4
      vertex 174.92 9.92647 12.3
      vertex 174.915 9.92355 12.3
    endloop
  endfacet
  facet normal -0.72569 -0.0336528 0.687198
    outer loop
      vertex 205.1 8.3 11.4
      vertex 205.952 8.30567 12.3
      vertex 205.095 8.40782 11.4
    endloop
  endfacet
  facet normal -0.71993 -0.126972 0.682334
    outer loop
      vertex 205.952 8.30567 12.3
      vertex 205.1 8.3 11.4
      vertex 205.953 8.3 12.3
    endloop
  endfacet
  facet normal -0.10661 -0.718545 0.68726
    outer loop
      vertex 204.375 10.2159 12.3
      vertex 204.191 10.2432 12.3
      vertex 204.108 9.3947 11.4
    endloop
  endfacet
  facet normal -0.48733 -0.538573 0.687349
    outer loop
      vertex 205.377 9.68453 12.3
      vertex 205.239 9.8094 12.3
      vertex 204.698 9.15031 11.4
    endloop
  endfacet
  facet normal 0.704748 0.175826 0.687325
    outer loop
      vertex 202.131 7.73318 12.3
      vertex 202.947 7.98069 11.4
      vertex 202.086 7.91355 12.3
    endloop
  endfacet
  facet normal -0.68346 -0.245947 0.687308
    outer loop
      vertex 205.869 8.86682 12.3
      vertex 205.806 9.04189 12.3
      vertex 205.053 8.61931 11.4
    endloop
  endfacet
  facet normal -0.259118 0.67832 0.687561
    outer loop
      vertex 204.421 7.28373 11.4
      vertex 204.742 6.49409 12.3
      vertex 204.747 6.496 12.3
    endloop
  endfacet
  facet normal -0.243958 0.684182 0.687298
    outer loop
      vertex 204.742 6.49409 12.3
      vertex 204.421 7.28373 11.4
      vertex 204.319 7.24736 11.4
    endloop
  endfacet
  facet normal -0.655815 -0.312144 0.687367
    outer loop
      vertex 205.802 9.05238 12.3
      vertex 205.722 9.22046 12.3
      vertex 204.97 8.81854 11.4
    endloop
  endfacet
  facet normal 0.718847 -0.105523 0.687112
    outer loop
      vertex 202.905 8.40782 11.4
      vertex 202.084 8.67532 12.3
      vertex 202.057 8.49139 12.3
    endloop
  endfacet
  facet normal -0.244664 -0.683963 0.687265
    outer loop
      vertex 204.747 10.104 12.3
      vertex 204.572 10.1666 12.3
      vertex 204.421 9.31627 11.4
    endloop
  endfacet
  facet normal -0.270049 -0.675122 0.686501
    outer loop
      vertex 204.319 9.35263 11.4
      vertex 204.572 10.1666 12.3
      vertex 204.567 10.1686 12.3
    endloop
  endfacet
  facet normal -0.243887 -0.684173 0.687333
    outer loop
      vertex 204.572 10.1666 12.3
      vertex 204.319 9.35263 11.4
      vertex 204.421 9.31627 11.4
    endloop
  endfacet
  facet normal -0.310762 0.656704 0.687145
    outer loop
      vertex 204.752 6.49843 12.3
      vertex 204.92 6.57793 12.3
      vertex 204.519 7.32989 11.4
    endloop
  endfacet
  facet normal 0.431503 -0.584323 0.687294
    outer loop
      vertex 203.302 9.15031 11.4
      vertex 202.911 9.92017 12.3
      vertex 202.761 9.8094 12.3
    endloop
  endfacet
  facet normal -0.705021 0.17506 0.687241
    outer loop
      vertex 205.053 7.98069 11.4
      vertex 205.915 7.91906 12.3
      vertex 205.079 8.0854 11.4
    endloop
  endfacet
  facet normal -0.711706 0.129166 0.690501
    outer loop
      vertex 205.915 7.91906 12.3
      vertex 205.053 7.98069 11.4
      vertex 205.914 7.91355 12.3
    endloop
  endfacet
  facet normal 0.487679 -0.538203 0.687392
    outer loop
      vertex 202.623 9.68453 12.3
      vertex 203.222 9.07782 11.4
      vertex 203.302 9.15031 11.4
    endloop
  endfacet
  facet normal 0.500741 -0.525713 0.687666
    outer loop
      vertex 203.222 9.07782 11.4
      vertex 202.623 9.68453 12.3
      vertex 202.619 9.68072 12.3
    endloop
  endfacet
  facet normal -0.0357648 0.725492 0.6873
    outer loop
      vertex 204.191 6.35677 12.3
      vertex 204.108 7.2053 11.4
      vertex 204.006 6.34765 12.3
    endloop
  endfacet
  facet normal 0.622342 -0.374599 0.687289
    outer loop
      vertex 203.03 8.81854 11.4
      vertex 202.374 9.37995 12.3
      vertex 202.278 9.22046 12.3
    endloop
  endfacet
  facet normal 0.244664 -0.683963 0.687265
    outer loop
      vertex 203.579 9.31627 11.4
      vertex 203.428 10.1666 12.3
      vertex 203.253 10.104 12.3
    endloop
  endfacet
  facet normal -0.500741 0.525713 0.687666
    outer loop
      vertex 204.778 7.52218 11.4
      vertex 205.377 6.91547 12.3
      vertex 205.381 6.91928 12.3
    endloop
  endfacet
  facet normal -0.487679 0.538203 0.687392
    outer loop
      vertex 205.377 6.91547 12.3
      vertex 204.778 7.52218 11.4
      vertex 204.698 7.44969 11.4
    endloop
  endfacet
  facet normal -0.526345 -0.50009 0.687656
    outer loop
      vertex 204.778 9.07782 11.4
      vertex 205.385 9.67651 12.3
      vertex 205.381 9.68072 12.3
    endloop
  endfacet
  facet normal -0.53985 -0.485926 0.687342
    outer loop
      vertex 205.385 9.67651 12.3
      vertex 204.778 9.07782 11.4
      vertex 204.85 8.99783 11.4
    endloop
  endfacet
  facet normal -0.622342 0.374599 0.687289
    outer loop
      vertex 205.626 7.22005 12.3
      vertex 205.722 7.37954 12.3
      vertex 204.97 7.78146 11.4
    endloop
  endfacet
  facet normal 0.372547 0.623509 0.687346
    outer loop
      vertex 203.075 6.58085 12.3
      vertex 203.389 7.38538 11.4
      vertex 202.915 6.67645 12.3
    endloop
  endfacet
  facet normal 0.0357648 0.725492 0.6873
    outer loop
      vertex 203.994 6.34765 12.3
      vertex 203.892 7.2053 11.4
      vertex 203.809 6.35677 12.3
    endloop
  endfacet
  facet normal -0.431503 -0.584323 0.687294
    outer loop
      vertex 205.239 9.8094 12.3
      vertex 205.089 9.92017 12.3
      vertex 204.698 9.15031 11.4
    endloop
  endfacet
  facet normal -0.655815 0.312144 0.687367
    outer loop
      vertex 205.722 7.37954 12.3
      vertex 205.802 7.54762 12.3
      vertex 204.97 7.78146 11.4
    endloop
  endfacet
  facet normal 0.718847 0.105523 0.687112
    outer loop
      vertex 202.084 7.92468 12.3
      vertex 202.905 8.19218 11.4
      vertex 202.057 8.10861 12.3
    endloop
  endfacet
  facet normal -0.309538 0.657166 0.687255
    outer loop
      vertex 204.421 7.28373 11.4
      vertex 204.752 6.49843 12.3
      vertex 204.519 7.32989 11.4
    endloop
  endfacet
  facet normal -0.317612 0.653522 0.687045
    outer loop
      vertex 204.752 6.49843 12.3
      vertex 204.421 7.28373 11.4
      vertex 204.747 6.496 12.3
    endloop
  endfacet
  facet normal -0.718847 -0.105523 0.687112
    outer loop
      vertex 205.943 8.49139 12.3
      vertex 205.916 8.67532 12.3
      vertex 205.095 8.40782 11.4
    endloop
  endfacet
  facet normal -0.100732 0.719517 0.687131
    outer loop
      vertex 204.215 7.22114 11.4
      vertex 204.375 6.38405 12.3
      vertex 204.381 6.38489 12.3
    endloop
  endfacet
  facet normal -0.106377 0.718579 0.687262
    outer loop
      vertex 204.375 6.38405 12.3
      vertex 204.215 7.22114 11.4
      vertex 204.108 7.2053 11.4
    endloop
  endfacet
  facet normal 0.716112 -0.126298 0.686464
    outer loop
      vertex 202.056 8.48572 12.3
      vertex 202.905 8.40782 11.4
      vertex 202.057 8.49139 12.3
    endloop
  endfacet
  facet normal 0.725549 -0.0336463 0.687347
    outer loop
      vertex 202.905 8.40782 11.4
      vertex 202.056 8.48572 12.3
      vertex 202.9 8.3 11.4
    endloop
  endfacet
  facet normal -0.106532 0.718543 0.687275
    outer loop
      vertex 204.191 6.35677 12.3
      vertex 204.375 6.38405 12.3
      vertex 204.108 7.2053 11.4
    endloop
  endfacet
  facet normal 0.526345 -0.50009 0.687656
    outer loop
      vertex 202.615 9.67651 12.3
      vertex 203.222 9.07782 11.4
      vertex 202.619 9.68072 12.3
    endloop
  endfacet
  facet normal 0.53985 -0.485926 0.687342
    outer loop
      vertex 203.222 9.07782 11.4
      vertex 202.615 9.67651 12.3
      vertex 203.15 8.99783 11.4
    endloop
  endfacet
  facet normal -0.582994 0.433293 0.687295
    outer loop
      vertex 205.509 7.06126 12.3
      vertex 205.62 7.21061 12.3
      vertex 204.85 7.60217 11.4
    endloop
  endfacet
  facet normal -0.48733 0.538573 0.687349
    outer loop
      vertex 205.239 6.7906 12.3
      vertex 205.377 6.91547 12.3
      vertex 204.698 7.44969 11.4
    endloop
  endfacet
  facet normal -0.676522 0.263238 0.687768
    outer loop
      vertex 205.016 7.87905 11.4
      vertex 205.802 7.54762 12.3
      vertex 205.804 7.55276 12.3
    endloop
  endfacet
  facet normal -0.656786 0.309582 0.687598
    outer loop
      vertex 205.802 7.54762 12.3
      vertex 205.016 7.87905 11.4
      vertex 204.97 7.78146 11.4
    endloop
  endfacet
  facet normal 0.655815 -0.312144 0.687367
    outer loop
      vertex 203.03 8.81854 11.4
      vertex 202.278 9.22046 12.3
      vertex 202.198 9.05238 12.3
    endloop
  endfacet
  facet normal 0.106377 0.718579 0.687262
    outer loop
      vertex 203.785 7.22114 11.4
      vertex 203.625 6.38405 12.3
      vertex 203.892 7.2053 11.4
    endloop
  endfacet
  facet normal 0.100732 0.719517 0.687131
    outer loop
      vertex 203.625 6.38405 12.3
      vertex 203.785 7.22114 11.4
      vertex 203.619 6.38489 12.3
    endloop
  endfacet
  facet normal -0.582994 -0.433293 0.687295
    outer loop
      vertex 205.62 9.38939 12.3
      vertex 205.509 9.53874 12.3
      vertex 204.85 8.99783 11.4
    endloop
  endfacet
  facet normal -0.175906 0.704713 0.687341
    outer loop
      vertex 204.386 6.38627 12.3
      vertex 204.567 6.43145 12.3
      vertex 204.319 7.24736 11.4
    endloop
  endfacet
  facet normal 0.433306 0.582905 0.687362
    outer loop
      vertex 202.915 6.67645 12.3
      vertex 203.389 7.38538 11.4
      vertex 202.766 6.78721 12.3
    endloop
  endfacet
  facet normal -0.244768 0.683818 0.687373
    outer loop
      vertex 204.567 6.43145 12.3
      vertex 204.742 6.49409 12.3
      vertex 204.319 7.24736 11.4
    endloop
  endfacet
  facet normal -0.704748 0.175826 0.687325
    outer loop
      vertex 205.869 7.73318 12.3
      vertex 205.914 7.91355 12.3
      vertex 205.053 7.98069 11.4
    endloop
  endfacet
  facet normal 0.0434955 -0.724924 0.687454
    outer loop
      vertex 203.892 9.3947 11.4
      vertex 203.814 10.2435 12.3
      vertex 203.809 10.2432 12.3
    endloop
  endfacet
  facet normal 0.0356029 -0.725494 0.687307
    outer loop
      vertex 203.814 10.2435 12.3
      vertex 203.892 9.3947 11.4
      vertex 204 9.4 11.4
    endloop
  endfacet
  facet normal 0.270049 -0.675122 0.686501
    outer loop
      vertex 203.428 10.1666 12.3
      vertex 203.681 9.35263 11.4
      vertex 203.433 10.1686 12.3
    endloop
  endfacet
  facet normal 0.243887 -0.684173 0.687333
    outer loop
      vertex 203.681 9.35263 11.4
      vertex 203.428 10.1666 12.3
      vertex 203.579 9.31627 11.4
    endloop
  endfacet
  facet normal 0.48733 0.538573 0.687349
    outer loop
      vertex 202.761 6.7906 12.3
      vertex 203.302 7.44969 11.4
      vertex 202.623 6.91547 12.3
    endloop
  endfacet
  facet normal -0.725738 -0.0351693 0.687072
    outer loop
      vertex 205.952 8.30567 12.3
      vertex 205.943 8.49139 12.3
      vertex 205.095 8.40782 11.4
    endloop
  endfacet
  facet normal -0.71995 0.126752 0.682353
    outer loop
      vertex 205.1 8.3 11.4
      vertex 205.952 8.29432 12.3
      vertex 205.953 8.3 12.3
    endloop
  endfacet
  facet normal -0.72569 0.0336528 0.687199
    outer loop
      vertex 205.952 8.29432 12.3
      vertex 205.1 8.3 11.4
      vertex 205.095 8.19218 11.4
    endloop
  endfacet
  facet normal -0.718847 0.105523 0.687112
    outer loop
      vertex 205.916 7.92468 12.3
      vertex 205.943 8.10861 12.3
      vertex 205.095 8.19218 11.4
    endloop
  endfacet
  facet normal 0.680092 -0.25424 0.687632
    outer loop
      vertex 202.194 9.04189 12.3
      vertex 202.984 8.72095 11.4
      vertex 202.196 9.04724 12.3
    endloop
  endfacet
  facet normal 0.68235 -0.248396 0.68753
    outer loop
      vertex 202.984 8.72095 11.4
      vertex 202.194 9.04189 12.3
      vertex 202.947 8.61931 11.4
    endloop
  endfacet
  facet normal 0.582994 -0.433293 0.687295
    outer loop
      vertex 203.15 8.99783 11.4
      vertex 202.491 9.53874 12.3
      vertex 202.38 9.38939 12.3
    endloop
  endfacet
  facet normal 0.725356 0.0351508 0.687476
    outer loop
      vertex 202.056 8.11428 12.3
      vertex 202.9 8.3 11.4
      vertex 202.047 8.3 12.3
    endloop
  endfacet
  facet normal 0.725356 -0.0351508 0.687476
    outer loop
      vertex 202.9 8.3 11.4
      vertex 202.056 8.48572 12.3
      vertex 202.047 8.3 12.3
    endloop
  endfacet
  facet normal -0.372733 -0.623625 0.68714
    outer loop
      vertex 205.08 9.92647 12.3
      vertex 204.92 10.0221 12.3
      vertex 204.519 9.27011 11.4
    endloop
  endfacet
  facet normal 0.704748 -0.175826 0.687325
    outer loop
      vertex 202.947 8.61931 11.4
      vertex 202.131 8.86682 12.3
      vertex 202.086 8.68645 12.3
    endloop
  endfacet
  facet normal 0.68346 -0.245947 0.687308
    outer loop
      vertex 202.947 8.61931 11.4
      vertex 202.194 9.04189 12.3
      vertex 202.131 8.86682 12.3
    endloop
  endfacet
  facet normal 0.244768 0.683818 0.687373
    outer loop
      vertex 203.433 6.43145 12.3
      vertex 203.681 7.24736 11.4
      vertex 203.258 6.49409 12.3
    endloop
  endfacet
  facet normal 0.431832 0.584192 0.687197
    outer loop
      vertex 203.302 7.44969 11.4
      vertex 202.766 6.78721 12.3
      vertex 203.389 7.38538 11.4
    endloop
  endfacet
  facet normal 0.408182 0.602038 0.686249
    outer loop
      vertex 202.766 6.78721 12.3
      vertex 203.302 7.44969 11.4
      vertex 202.761 6.7906 12.3
    endloop
  endfacet
  facet normal 0.656786 -0.309582 0.687598
    outer loop
      vertex 202.198 9.05238 12.3
      vertex 202.984 8.72095 11.4
      vertex 203.03 8.81854 11.4
    endloop
  endfacet
  facet normal 0.676522 -0.263238 0.687768
    outer loop
      vertex 202.984 8.72095 11.4
      vertex 202.198 9.05238 12.3
      vertex 202.196 9.04724 12.3
    endloop
  endfacet
  facet normal 0.53985 0.485926 0.687342
    outer loop
      vertex 202.615 6.92349 12.3
      vertex 203.222 7.52218 11.4
      vertex 203.15 7.60217 11.4
    endloop
  endfacet
  facet normal 0.526345 0.50009 0.687656
    outer loop
      vertex 203.222 7.52218 11.4
      vertex 202.615 6.92349 12.3
      vertex 202.619 6.91928 12.3
    endloop
  endfacet
  facet normal -0.68235 0.248396 0.68753
    outer loop
      vertex 205.016 7.87905 11.4
      vertex 205.806 7.55811 12.3
      vertex 205.053 7.98069 11.4
    endloop
  endfacet
  facet normal -0.680092 0.25424 0.687632
    outer loop
      vertex 205.806 7.55811 12.3
      vertex 205.016 7.87905 11.4
      vertex 205.804 7.55276 12.3
    endloop
  endfacet
  facet normal 0.539868 -0.485908 0.68734
    outer loop
      vertex 203.15 8.99783 11.4
      vertex 202.615 9.67651 12.3
      vertex 202.491 9.53874 12.3
    endloop
  endfacet
  facet normal -0.539868 -0.485908 0.68734
    outer loop
      vertex 205.509 9.53874 12.3
      vertex 205.385 9.67651 12.3
      vertex 204.85 8.99783 11.4
    endloop
  endfacet
  facet normal 0.243958 0.684182 0.687298
    outer loop
      vertex 203.579 7.28373 11.4
      vertex 203.258 6.49409 12.3
      vertex 203.681 7.24736 11.4
    endloop
  endfacet
  facet normal 0.259118 0.67832 0.687561
    outer loop
      vertex 203.258 6.49409 12.3
      vertex 203.579 7.28373 11.4
      vertex 203.253 6.496 12.3
    endloop
  endfacet
  facet normal -0.500741 -0.525713 0.687666
    outer loop
      vertex 205.377 9.68453 12.3
      vertex 204.778 9.07782 11.4
      vertex 205.381 9.68072 12.3
    endloop
  endfacet
  facet normal -0.487679 -0.538203 0.687392
    outer loop
      vertex 204.778 9.07782 11.4
      vertex 205.377 9.68453 12.3
      vertex 204.698 9.15031 11.4
    endloop
  endfacet
  facet normal 0.718358 0.107639 0.687295
    outer loop
      vertex 202.084 7.92468 12.3
      vertex 202.921 8.0854 11.4
      vertex 202.905 8.19218 11.4
    endloop
  endfacet
  facet normal 0.714893 0.127205 0.687566
    outer loop
      vertex 202.921 8.0854 11.4
      vertex 202.084 7.92468 12.3
      vertex 202.085 7.91906 12.3
    endloop
  endfacet
  facet normal -0.375259 0.622164 0.68709
    outer loop
      vertex 204.519 7.32989 11.4
      vertex 204.925 6.58085 12.3
      vertex 204.611 7.38538 11.4
    endloop
  endfacet
  facet normal -0.366315 0.627252 0.68729
    outer loop
      vertex 204.925 6.58085 12.3
      vertex 204.519 7.32989 11.4
      vertex 204.92 6.57793 12.3
    endloop
  endfacet
  facet normal 0.624805 0.371144 0.686929
    outer loop
      vertex 202.374 7.22005 12.3
      vertex 203.085 7.68887 11.4
      vertex 203.03 7.78146 11.4
    endloop
  endfacet
  facet normal 0.677826 0.278368 0.680487
    outer loop
      vertex 203.085 7.68887 11.4
      vertex 202.374 7.22005 12.3
      vertex 202.376 7.21518 12.3
    endloop
  endfacet
  facet normal 0.677826 -0.278368 0.680487
    outer loop
      vertex 202.374 9.37995 12.3
      vertex 203.085 8.91113 11.4
      vertex 202.376 9.38482 12.3
    endloop
  endfacet
  facet normal 0.624805 -0.371144 0.686929
    outer loop
      vertex 203.085 8.91113 11.4
      vertex 202.374 9.37995 12.3
      vertex 203.03 8.81854 11.4
    endloop
  endfacet
  facet normal -0.54843 -0.480026 0.684689
    outer loop
      vertex 205.62 9.38939 12.3
      vertex 204.915 8.91113 11.4
      vertex 205.624 9.38482 12.3
    endloop
  endfacet
  facet normal -0.58138 -0.435868 0.687035
    outer loop
      vertex 204.915 8.91113 11.4
      vertex 205.62 9.38939 12.3
      vertex 204.85 8.99783 11.4
    endloop
  endfacet
  facet normal 0.68235 0.248396 0.68753
    outer loop
      vertex 202.194 7.55811 12.3
      vertex 202.984 7.87905 11.4
      vertex 202.947 7.98069 11.4
    endloop
  endfacet
  facet normal 0.680092 0.25424 0.687632
    outer loop
      vertex 202.984 7.87905 11.4
      vertex 202.194 7.55811 12.3
      vertex 202.196 7.55276 12.3
    endloop
  endfacet
  facet normal -0.725738 0.0351712 0.687072
    outer loop
      vertex 205.943 8.10861 12.3
      vertex 205.952 8.29432 12.3
      vertex 205.095 8.19218 11.4
    endloop
  endfacet
  facet normal -0.718358 0.107639 0.687295
    outer loop
      vertex 205.079 8.0854 11.4
      vertex 205.916 7.92468 12.3
      vertex 205.095 8.19218 11.4
    endloop
  endfacet
  facet normal -0.714893 0.127205 0.687566
    outer loop
      vertex 205.916 7.92468 12.3
      vertex 205.079 8.0854 11.4
      vertex 205.915 7.91906 12.3
    endloop
  endfacet
  facet normal -0.68346 0.245947 0.687308
    outer loop
      vertex 205.806 7.55811 12.3
      vertex 205.869 7.73318 12.3
      vertex 205.053 7.98069 11.4
    endloop
  endfacet
  facet normal -0.624805 0.371144 0.686929
    outer loop
      vertex 204.915 7.68887 11.4
      vertex 205.626 7.22005 12.3
      vertex 204.97 7.78146 11.4
    endloop
  endfacet
  facet normal -0.677826 0.278368 0.680487
    outer loop
      vertex 205.626 7.22005 12.3
      vertex 204.915 7.68887 11.4
      vertex 205.624 7.21518 12.3
    endloop
  endfacet
  facet normal 0.469905 -0.5561 0.685523
    outer loop
      vertex 202.911 9.92017 12.3
      vertex 203.389 9.21462 11.4
      vertex 202.915 9.92355 12.3
    endloop
  endfacet
  facet normal 0.431794 -0.584141 0.687265
    outer loop
      vertex 203.389 9.21462 11.4
      vertex 202.911 9.92017 12.3
      vertex 203.302 9.15031 11.4
    endloop
  endfacet
  facet normal -0.0356026 0.725487 0.687314
    outer loop
      vertex 204 7.2 11.4
      vertex 204.006 6.34765 12.3
      vertex 204.108 7.2053 11.4
    endloop
  endfacet
  facet normal -0.0338584 0.725537 0.68735
    outer loop
      vertex 204.006 6.34765 12.3
      vertex 204 7.2 11.4
      vertex 204 6.34737 12.3
    endloop
  endfacet
  facet normal 0.58138 -0.435868 0.687035
    outer loop
      vertex 202.38 9.38939 12.3
      vertex 203.085 8.91113 11.4
      vertex 203.15 8.99783 11.4
    endloop
  endfacet
  facet normal 0.54843 -0.480026 0.684689
    outer loop
      vertex 203.085 8.91113 11.4
      vertex 202.38 9.38939 12.3
      vertex 202.376 9.38482 12.3
    endloop
  endfacet
  facet normal 0.725549 0.0336463 0.687347
    outer loop
      vertex 202.056 8.11428 12.3
      vertex 202.905 8.19218 11.4
      vertex 202.9 8.3 11.4
    endloop
  endfacet
  facet normal 0.716112 0.126298 0.686464
    outer loop
      vertex 202.905 8.19218 11.4
      vertex 202.056 8.11428 12.3
      vertex 202.057 8.10861 12.3
    endloop
  endfacet
  facet normal -0.0354953 -0.725508 0.687298
    outer loop
      vertex 204.186 10.2435 12.3
      vertex 204 10.2526 12.3
      vertex 204 9.4 11.4
    endloop
  endfacet
  facet normal 0.10661 -0.718545 0.68726
    outer loop
      vertex 203.892 9.3947 11.4
      vertex 203.809 10.2432 12.3
      vertex 203.625 10.2159 12.3
    endloop
  endfacet
  facet normal 0.48733 -0.538573 0.687349
    outer loop
      vertex 203.302 9.15031 11.4
      vertex 202.761 9.8094 12.3
      vertex 202.623 9.68453 12.3
    endloop
  endfacet
  facet normal -0.622342 -0.374599 0.687289
    outer loop
      vertex 205.722 9.22046 12.3
      vertex 205.626 9.37995 12.3
      vertex 204.97 8.81854 11.4
    endloop
  endfacet
  facet normal -0.677826 -0.278368 0.680487
    outer loop
      vertex 204.915 8.91113 11.4
      vertex 205.626 9.37995 12.3
      vertex 205.624 9.38482 12.3
    endloop
  endfacet
  facet normal -0.624805 -0.371144 0.686929
    outer loop
      vertex 205.626 9.37995 12.3
      vertex 204.915 8.91113 11.4
      vertex 204.97 8.81854 11.4
    endloop
  endfacet
  facet normal 0.153949 -0.710534 0.686616
    outer loop
      vertex 203.681 9.35263 11.4
      vertex 203.439 10.1699 12.3
      vertex 203.433 10.1686 12.3
    endloop
  endfacet
  facet normal 0.177632 -0.704299 0.687321
    outer loop
      vertex 203.439 10.1699 12.3
      vertex 203.681 9.35263 11.4
      vertex 203.785 9.37886 11.4
    endloop
  endfacet
  facet normal -0.539868 0.485908 0.68734
    outer loop
      vertex 205.385 6.92349 12.3
      vertex 205.509 7.06126 12.3
      vertex 204.85 7.60217 11.4
    endloop
  endfacet
  facet normal -0.314387 -0.654973 0.687147
    outer loop
      vertex 204.421 9.31627 11.4
      vertex 204.752 10.1016 12.3
      vertex 204.747 10.104 12.3
    endloop
  endfacet
  facet normal -0.309534 -0.657156 0.687266
    outer loop
      vertex 204.752 10.1016 12.3
      vertex 204.421 9.31627 11.4
      vertex 204.519 9.27011 11.4
    endloop
  endfacet
  facet normal 0.310762 0.656704 0.687145
    outer loop
      vertex 203.248 6.49843 12.3
      vertex 203.481 7.32989 11.4
      vertex 203.08 6.57793 12.3
    endloop
  endfacet
  facet normal 0.310757 -0.656694 0.687156
    outer loop
      vertex 203.481 9.27011 11.4
      vertex 203.248 10.1016 12.3
      vertex 203.08 10.0221 12.3
    endloop
  endfacet
  facet normal 0.714893 -0.127205 0.687566
    outer loop
      vertex 202.084 8.67532 12.3
      vertex 202.921 8.5146 11.4
      vertex 202.085 8.68094 12.3
    endloop
  endfacet
  facet normal 0.718358 -0.107639 0.687295
    outer loop
      vertex 202.921 8.5146 11.4
      vertex 202.084 8.67532 12.3
      vertex 202.905 8.40782 11.4
    endloop
  endfacet
  facet normal 0.711706 -0.129166 0.690501
    outer loop
      vertex 202.085 8.68094 12.3
      vertex 202.947 8.61931 11.4
      vertex 202.086 8.68645 12.3
    endloop
  endfacet
  facet normal 0.705021 -0.17506 0.687241
    outer loop
      vertex 202.947 8.61931 11.4
      vertex 202.085 8.68094 12.3
      vertex 202.921 8.5146 11.4
    endloop
  endfacet
  facet normal -0.310757 -0.656694 0.687156
    outer loop
      vertex 204.92 10.0221 12.3
      vertex 204.752 10.1016 12.3
      vertex 204.519 9.27011 11.4
    endloop
  endfacet
  facet normal 0.0338584 0.725537 0.68735
    outer loop
      vertex 204 7.2 11.4
      vertex 203.994 6.34765 12.3
      vertex 204 6.34737 12.3
    endloop
  endfacet
  facet normal 0.0356026 0.725487 0.687314
    outer loop
      vertex 203.994 6.34765 12.3
      vertex 204 7.2 11.4
      vertex 203.892 7.2053 11.4
    endloop
  endfacet
  facet normal 0.539868 0.485908 0.68734
    outer loop
      vertex 202.615 6.92349 12.3
      vertex 203.15 7.60217 11.4
      vertex 202.491 7.06126 12.3
    endloop
  endfacet
  facet normal -0.680092 -0.25424 0.687632
    outer loop
      vertex 205.016 8.72095 11.4
      vertex 205.806 9.04189 12.3
      vertex 205.804 9.04724 12.3
    endloop
  endfacet
  facet normal -0.68235 -0.248396 0.68753
    outer loop
      vertex 205.806 9.04189 12.3
      vertex 205.016 8.72095 11.4
      vertex 205.053 8.61931 11.4
    endloop
  endfacet
  facet normal -0.0356029 -0.725494 0.687307
    outer loop
      vertex 204.108 9.3947 11.4
      vertex 204.186 10.2435 12.3
      vertex 204 9.4 11.4
    endloop
  endfacet
  facet normal -0.0434955 -0.724924 0.687454
    outer loop
      vertex 204.186 10.2435 12.3
      vertex 204.108 9.3947 11.4
      vertex 204.191 10.2432 12.3
    endloop
  endfacet
  facet normal 0.0354953 -0.725508 0.687298
    outer loop
      vertex 204 9.4 11.4
      vertex 204 10.2526 12.3
      vertex 203.814 10.2435 12.3
    endloop
  endfacet
  facet normal 0.372733 -0.623625 0.68714
    outer loop
      vertex 203.481 9.27011 11.4
      vertex 203.08 10.0221 12.3
      vertex 202.92 9.92647 12.3
    endloop
  endfacet
  facet normal -0.433306 0.582905 0.687362
    outer loop
      vertex 205.085 6.67645 12.3
      vertex 205.234 6.78721 12.3
      vertex 204.611 7.38538 11.4
    endloop
  endfacet
  facet normal 0.622342 0.374599 0.687289
    outer loop
      vertex 202.374 7.22005 12.3
      vertex 203.03 7.78146 11.4
      vertex 202.278 7.37954 12.3
    endloop
  endfacet
  facet normal -0.372547 0.623509 0.687346
    outer loop
      vertex 204.925 6.58085 12.3
      vertex 205.085 6.67645 12.3
      vertex 204.611 7.38538 11.4
    endloop
  endfacet
  facet normal -0.408182 0.602038 0.686249
    outer loop
      vertex 204.698 7.44969 11.4
      vertex 205.234 6.78721 12.3
      vertex 205.239 6.7906 12.3
    endloop
  endfacet
  facet normal -0.431832 0.584192 0.687197
    outer loop
      vertex 205.234 6.78721 12.3
      vertex 204.698 7.44969 11.4
      vertex 204.611 7.38538 11.4
    endloop
  endfacet
  facet normal 0.487679 0.538203 0.687392
    outer loop
      vertex 203.222 7.52218 11.4
      vertex 202.623 6.91547 12.3
      vertex 203.302 7.44969 11.4
    endloop
  endfacet
  facet normal 0.500741 0.525713 0.687666
    outer loop
      vertex 202.623 6.91547 12.3
      vertex 203.222 7.52218 11.4
      vertex 202.619 6.91928 12.3
    endloop
  endfacet
  facet normal 0.106532 0.718543 0.687275
    outer loop
      vertex 203.809 6.35677 12.3
      vertex 203.892 7.2053 11.4
      vertex 203.625 6.38405 12.3
    endloop
  endfacet
  facet normal 0.582994 0.433293 0.687295
    outer loop
      vertex 202.491 7.06126 12.3
      vertex 203.15 7.60217 11.4
      vertex 202.38 7.21061 12.3
    endloop
  endfacet
  facet normal 0.58138 0.435868 0.687035
    outer loop
      vertex 203.085 7.68887 11.4
      vertex 202.38 7.21061 12.3
      vertex 203.15 7.60217 11.4
    endloop
  endfacet
  facet normal 0.54843 0.480026 0.684689
    outer loop
      vertex 202.38 7.21061 12.3
      vertex 203.085 7.68887 11.4
      vertex 202.376 7.21518 12.3
    endloop
  endfacet
  facet normal -0.54843 0.480026 0.684689
    outer loop
      vertex 204.915 7.68887 11.4
      vertex 205.62 7.21061 12.3
      vertex 205.624 7.21518 12.3
    endloop
  endfacet
  facet normal -0.58138 0.435868 0.687035
    outer loop
      vertex 205.62 7.21061 12.3
      vertex 204.915 7.68887 11.4
      vertex 204.85 7.60217 11.4
    endloop
  endfacet
  facet normal 0.175906 0.704713 0.687341
    outer loop
      vertex 203.614 6.38627 12.3
      vertex 203.681 7.24736 11.4
      vertex 203.433 6.43145 12.3
    endloop
  endfacet
  facet normal 0.375259 0.622164 0.68709
    outer loop
      vertex 203.075 6.58085 12.3
      vertex 203.481 7.32989 11.4
      vertex 203.389 7.38538 11.4
    endloop
  endfacet
  facet normal 0.366315 0.627252 0.68729
    outer loop
      vertex 203.481 7.32989 11.4
      vertex 203.075 6.58085 12.3
      vertex 203.08 6.57793 12.3
    endloop
  endfacet
  facet normal -0.676522 -0.263238 0.687768
    outer loop
      vertex 205.802 9.05238 12.3
      vertex 205.016 8.72095 11.4
      vertex 205.804 9.04724 12.3
    endloop
  endfacet
  facet normal -0.656786 -0.309582 0.687598
    outer loop
      vertex 205.016 8.72095 11.4
      vertex 205.802 9.05238 12.3
      vertex 204.97 8.81854 11.4
    endloop
  endfacet
  facet normal -0.53985 0.485926 0.687342
    outer loop
      vertex 204.778 7.52218 11.4
      vertex 205.385 6.92349 12.3
      vertex 204.85 7.60217 11.4
    endloop
  endfacet
  facet normal -0.526345 0.50009 0.687656
    outer loop
      vertex 205.385 6.92349 12.3
      vertex 204.778 7.52218 11.4
      vertex 205.381 6.91928 12.3
    endloop
  endfacet
  facet normal -0.704748 -0.175826 0.687325
    outer loop
      vertex 205.914 8.68645 12.3
      vertex 205.869 8.86682 12.3
      vertex 205.053 8.61931 11.4
    endloop
  endfacet
  facet normal 0.655815 0.312144 0.687367
    outer loop
      vertex 202.278 7.37954 12.3
      vertex 203.03 7.78146 11.4
      vertex 202.198 7.54762 12.3
    endloop
  endfacet
  facet normal -0.193651 0.701635 0.685717
    outer loop
      vertex 204.319 7.24736 11.4
      vertex 204.381 6.38489 12.3
      vertex 204.386 6.38627 12.3
    endloop
  endfacet
  facet normal -0.177586 0.704384 0.687245
    outer loop
      vertex 204.381 6.38489 12.3
      vertex 204.319 7.24736 11.4
      vertex 204.215 7.22114 11.4
    endloop
  endfacet
  facet normal -0.177632 -0.704299 0.687321
    outer loop
      vertex 204.319 9.35263 11.4
      vertex 204.561 10.1699 12.3
      vertex 204.215 9.37886 11.4
    endloop
  endfacet
  facet normal -0.153949 -0.710534 0.686616
    outer loop
      vertex 204.561 10.1699 12.3
      vertex 204.319 9.35263 11.4
      vertex 204.567 10.1686 12.3
    endloop
  endfacet
  facet normal 0.309538 0.657166 0.687255
    outer loop
      vertex 203.248 6.49843 12.3
      vertex 203.579 7.28373 11.4
      vertex 203.481 7.32989 11.4
    endloop
  endfacet
  facet normal 0.317612 0.653522 0.687045
    outer loop
      vertex 203.579 7.28373 11.4
      vertex 203.248 6.49843 12.3
      vertex 203.253 6.496 12.3
    endloop
  endfacet
  facet normal 0.177586 0.704384 0.687245
    outer loop
      vertex 203.681 7.24736 11.4
      vertex 203.619 6.38489 12.3
      vertex 203.785 7.22114 11.4
    endloop
  endfacet
  facet normal 0.193651 0.701635 0.685717
    outer loop
      vertex 203.619 6.38489 12.3
      vertex 203.681 7.24736 11.4
      vertex 203.614 6.38627 12.3
    endloop
  endfacet
  facet normal -0.366385 -0.627372 0.687144
    outer loop
      vertex 205.08 9.92647 12.3
      vertex 204.611 9.21462 11.4
      vertex 205.085 9.92355 12.3
    endloop
  endfacet
  facet normal -0.375115 -0.621925 0.687385
    outer loop
      vertex 204.611 9.21462 11.4
      vertex 205.08 9.92647 12.3
      vertex 204.519 9.27011 11.4
    endloop
  endfacet
  facet normal -0.469905 -0.5561 0.685523
    outer loop
      vertex 204.611 9.21462 11.4
      vertex 205.089 9.92017 12.3
      vertex 205.085 9.92355 12.3
    endloop
  endfacet
  facet normal -0.431794 -0.584141 0.687265
    outer loop
      vertex 205.089 9.92017 12.3
      vertex 204.611 9.21462 11.4
      vertex 204.698 9.15031 11.4
    endloop
  endfacet
  facet normal 0.176918 -0.70454 0.687258
    outer loop
      vertex 203.785 9.37886 11.4
      vertex 203.619 10.2151 12.3
      vertex 203.439 10.1699 12.3
    endloop
  endfacet
  facet normal 0.314387 -0.654973 0.687147
    outer loop
      vertex 203.248 10.1016 12.3
      vertex 203.579 9.31627 11.4
      vertex 203.253 10.104 12.3
    endloop
  endfacet
  facet normal 0.309534 -0.657156 0.687266
    outer loop
      vertex 203.579 9.31627 11.4
      vertex 203.248 10.1016 12.3
      vertex 203.481 9.27011 11.4
    endloop
  endfacet
  facet normal 0.0960398 -0.720299 0.686983
    outer loop
      vertex 203.785 9.37886 11.4
      vertex 203.625 10.2159 12.3
      vertex 203.619 10.2151 12.3
    endloop
  endfacet
  facet normal 0.106379 -0.718599 0.687241
    outer loop
      vertex 203.625 10.2159 12.3
      vertex 203.785 9.37886 11.4
      vertex 203.892 9.3947 11.4
    endloop
  endfacet
  facet normal -0.176918 -0.70454 0.687258
    outer loop
      vertex 204.561 10.1699 12.3
      vertex 204.381 10.2151 12.3
      vertex 204.215 9.37886 11.4
    endloop
  endfacet
  facet normal -0.106379 -0.718599 0.687241
    outer loop
      vertex 204.215 9.37886 11.4
      vertex 204.375 10.2159 12.3
      vertex 204.108 9.3947 11.4
    endloop
  endfacet
  facet normal -0.0960398 -0.720299 0.686983
    outer loop
      vertex 204.375 10.2159 12.3
      vertex 204.215 9.37886 11.4
      vertex 204.381 10.2151 12.3
    endloop
  endfacet
  facet normal 0.68346 0.245947 0.687308
    outer loop
      vertex 202.194 7.55811 12.3
      vertex 202.947 7.98069 11.4
      vertex 202.131 7.73318 12.3
    endloop
  endfacet
  facet normal 0.705021 0.17506 0.687241
    outer loop
      vertex 202.085 7.91906 12.3
      vertex 202.947 7.98069 11.4
      vertex 202.921 8.0854 11.4
    endloop
  endfacet
  facet normal 0.711706 0.129166 0.690501
    outer loop
      vertex 202.947 7.98069 11.4
      vertex 202.085 7.91906 12.3
      vertex 202.086 7.91355 12.3
    endloop
  endfacet
  facet normal -0.711706 -0.129166 0.690501
    outer loop
      vertex 205.053 8.61931 11.4
      vertex 205.915 8.68094 12.3
      vertex 205.914 8.68645 12.3
    endloop
  endfacet
  facet normal -0.705021 -0.17506 0.687241
    outer loop
      vertex 205.915 8.68094 12.3
      vertex 205.053 8.61931 11.4
      vertex 205.079 8.5146 11.4
    endloop
  endfacet
  facet normal -0.714893 -0.127205 0.687566
    outer loop
      vertex 205.079 8.5146 11.4
      vertex 205.916 8.67532 12.3
      vertex 205.915 8.68094 12.3
    endloop
  endfacet
  facet normal -0.718358 -0.107639 0.687295
    outer loop
      vertex 205.916 8.67532 12.3
      vertex 205.079 8.5146 11.4
      vertex 205.095 8.40782 11.4
    endloop
  endfacet
  facet normal 0.656786 0.309582 0.687598
    outer loop
      vertex 202.984 7.87905 11.4
      vertex 202.198 7.54762 12.3
      vertex 203.03 7.78146 11.4
    endloop
  endfacet
  facet normal 0.676522 0.263238 0.687768
    outer loop
      vertex 202.198 7.54762 12.3
      vertex 202.984 7.87905 11.4
      vertex 202.196 7.55276 12.3
    endloop
  endfacet
  facet normal 0.375115 -0.621925 0.687385
    outer loop
      vertex 202.92 9.92647 12.3
      vertex 203.389 9.21462 11.4
      vertex 203.481 9.27011 11.4
    endloop
  endfacet
  facet normal 0.366385 -0.627372 0.687144
    outer loop
      vertex 203.389 9.21462 11.4
      vertex 202.92 9.92647 12.3
      vertex 202.915 9.92355 12.3
    endloop
  endfacet
  facet normal 1 0 0
    outer loop
      vertex 212 16.6 12.3
      vertex 212 13.6 3.3
      vertex 212 16.6 0
    endloop
  endfacet
  facet normal 1 0 0
    outer loop
      vertex 212 16.6 12.3
      vertex 212 3 3.3
      vertex 212 13.6 3.3
    endloop
  endfacet
  facet normal 1 -0 0
    outer loop
      vertex 212 0 12.3
      vertex 212 3 3.3
      vertex 212 16.6 12.3
    endloop
  endfacet
  facet normal 1 0 0
    outer loop
      vertex 212 0 0
      vertex 212 3 3.3
      vertex 212 0 12.3
    endloop
  endfacet
  facet normal 1 0 0
    outer loop
      vertex 212 3 3.3
      vertex 212 0 0
      vertex 212 3 0
    endloop
  endfacet
  facet normal 1 0 0
    outer loop
      vertex 212 16.6 0
      vertex 212 13.6 3.3
      vertex 212 13.6 0
    endloop
  endfacet
  facet normal 0 0 1
    outer loop
      vertex 212 16.6 12.3
      vertex 205.953 8.3 12.3
      vertex 212 0 12.3
    endloop
  endfacet
  facet normal 0 0 1
    outer loop
      vertex 212 16.6 12.3
      vertex 205.952 8.30567 12.3
      vertex 205.953 8.3 12.3
    endloop
  endfacet
  facet normal 0 0 1
    outer loop
      vertex 212 16.6 12.3
      vertex 205.943 8.49139 12.3
      vertex 205.952 8.30567 12.3
    endloop
  endfacet
  facet normal 0 0 1
    outer loop
      vertex 212 16.6 12.3
      vertex 205.916 8.67532 12.3
      vertex 205.943 8.49139 12.3
    endloop
  endfacet
  facet normal 0 0 1
    outer loop
      vertex 212 16.6 12.3
      vertex 205.915 8.68094 12.3
      vertex 205.916 8.67532 12.3
    endloop
  endfacet
  facet normal 0 0 1
    outer loop
      vertex 212 16.6 12.3
      vertex 205.914 8.68645 12.3
      vertex 205.915 8.68094 12.3
    endloop
  endfacet
  facet normal 0 0 1
    outer loop
      vertex 212 16.6 12.3
      vertex 205.869 8.86682 12.3
      vertex 205.914 8.68645 12.3
    endloop
  endfacet
  facet normal 0 0 1
    outer loop
      vertex 212 16.6 12.3
      vertex 205.806 9.04189 12.3
      vertex 205.869 8.86682 12.3
    endloop
  endfacet
  facet normal 0 0 1
    outer loop
      vertex 212 16.6 12.3
      vertex 205.804 9.04724 12.3
      vertex 205.806 9.04189 12.3
    endloop
  endfacet
  facet normal 0 0 1
    outer loop
      vertex 212 16.6 12.3
      vertex 205.802 9.05238 12.3
      vertex 205.804 9.04724 12.3
    endloop
  endfacet
  facet normal 0 0 1
    outer loop
      vertex 212 16.6 12.3
      vertex 205.722 9.22046 12.3
      vertex 205.802 9.05238 12.3
    endloop
  endfacet
  facet normal 0 0 1
    outer loop
      vertex 212 16.6 12.3
      vertex 205.626 9.37995 12.3
      vertex 205.722 9.22046 12.3
    endloop
  endfacet
  facet normal 0 0 1
    outer loop
      vertex 212 16.6 12.3
      vertex 205.624 9.38482 12.3
      vertex 205.626 9.37995 12.3
    endloop
  endfacet
  facet normal 0 0 1
    outer loop
      vertex 212 16.6 12.3
      vertex 205.62 9.38939 12.3
      vertex 205.624 9.38482 12.3
    endloop
  endfacet
  facet normal 0 0 1
    outer loop
      vertex 212 16.6 12.3
      vertex 205.509 9.53874 12.3
      vertex 205.62 9.38939 12.3
    endloop
  endfacet
  facet normal 0 0 1
    outer loop
      vertex 212 16.6 12.3
      vertex 205.385 9.67651 12.3
      vertex 205.509 9.53874 12.3
    endloop
  endfacet
  facet normal 0 0 1
    outer loop
      vertex 212 16.6 12.3
      vertex 205.381 9.68072 12.3
      vertex 205.385 9.67651 12.3
    endloop
  endfacet
  facet normal 0 0 1
    outer loop
      vertex 212 16.6 12.3
      vertex 205.377 9.68453 12.3
      vertex 205.381 9.68072 12.3
    endloop
  endfacet
  facet normal 0 0 1
    outer loop
      vertex 212 16.6 12.3
      vertex 205.239 9.8094 12.3
      vertex 205.377 9.68453 12.3
    endloop
  endfacet
  facet normal 0 0 1
    outer loop
      vertex 212 16.6 12.3
      vertex 205.089 9.92017 12.3
      vertex 205.239 9.8094 12.3
    endloop
  endfacet
  facet normal 0 0 1
    outer loop
      vertex 212 16.6 12.3
      vertex 205.085 9.92355 12.3
      vertex 205.089 9.92017 12.3
    endloop
  endfacet
  facet normal 0 0 1
    outer loop
      vertex 212 16.6 12.3
      vertex 205.08 9.92647 12.3
      vertex 205.085 9.92355 12.3
    endloop
  endfacet
  facet normal 0 0 1
    outer loop
      vertex 212 16.6 12.3
      vertex 204.92 10.0221 12.3
      vertex 205.08 9.92647 12.3
    endloop
  endfacet
  facet normal 0 0 1
    outer loop
      vertex 212 16.6 12.3
      vertex 204.752 10.1016 12.3
      vertex 204.92 10.0221 12.3
    endloop
  endfacet
  facet normal 0 0 1
    outer loop
      vertex 212 16.6 12.3
      vertex 204.747 10.104 12.3
      vertex 204.752 10.1016 12.3
    endloop
  endfacet
  facet normal 0 0 1
    outer loop
      vertex 212 16.6 12.3
      vertex 204.572 10.1666 12.3
      vertex 204.747 10.104 12.3
    endloop
  endfacet
  facet normal 0 0 1
    outer loop
      vertex 212 16.6 12.3
      vertex 204.567 10.1686 12.3
      vertex 204.572 10.1666 12.3
    endloop
  endfacet
  facet normal 0 0 1
    outer loop
      vertex 212 16.6 12.3
      vertex 204.561 10.1699 12.3
      vertex 204.567 10.1686 12.3
    endloop
  endfacet
  facet normal 0 0 1
    outer loop
      vertex 212 16.6 12.3
      vertex 204.381 10.2151 12.3
      vertex 204.561 10.1699 12.3
    endloop
  endfacet
  facet normal 0 0 1
    outer loop
      vertex 212 16.6 12.3
      vertex 204.375 10.2159 12.3
      vertex 204.381 10.2151 12.3
    endloop
  endfacet
  facet normal 0 0 1
    outer loop
      vertex 212 16.6 12.3
      vertex 204.191 10.2432 12.3
      vertex 204.375 10.2159 12.3
    endloop
  endfacet
  facet normal 0 0 1
    outer loop
      vertex 212 16.6 12.3
      vertex 204.186 10.2435 12.3
      vertex 204.191 10.2432 12.3
    endloop
  endfacet
  facet normal 0 0 1
    outer loop
      vertex 212 16.6 12.3
      vertex 204 10.2526 12.3
      vertex 204.186 10.2435 12.3
    endloop
  endfacet
  facet normal 0 0 1
    outer loop
      vertex 212 16.6 12.3
      vertex 203.814 10.2435 12.3
      vertex 204 10.2526 12.3
    endloop
  endfacet
  facet normal 0 0 1
    outer loop
      vertex 212 16.6 12.3
      vertex 203.809 10.2432 12.3
      vertex 203.814 10.2435 12.3
    endloop
  endfacet
  facet normal 0 0 1
    outer loop
      vertex 212 16.6 12.3
      vertex 203.625 10.2159 12.3
      vertex 203.809 10.2432 12.3
    endloop
  endfacet
  facet normal 0 0 1
    outer loop
      vertex 212 16.6 12.3
      vertex 203.619 10.2151 12.3
      vertex 203.625 10.2159 12.3
    endloop
  endfacet
  facet normal 0 0 1
    outer loop
      vertex 212 16.6 12.3
      vertex 203.439 10.1699 12.3
      vertex 203.619 10.2151 12.3
    endloop
  endfacet
  facet normal 0 0 1
    outer loop
      vertex 212 16.6 12.3
      vertex 203.433 10.1686 12.3
      vertex 203.439 10.1699 12.3
    endloop
  endfacet
  facet normal 0 0 1
    outer loop
      vertex 212 16.6 12.3
      vertex 203.428 10.1666 12.3
      vertex 203.433 10.1686 12.3
    endloop
  endfacet
  facet normal 0 0 1
    outer loop
      vertex 212 16.6 12.3
      vertex 203.253 10.104 12.3
      vertex 203.428 10.1666 12.3
    endloop
  endfacet
  facet normal 0 0 1
    outer loop
      vertex 212 16.6 12.3
      vertex 203.248 10.1016 12.3
      vertex 203.253 10.104 12.3
    endloop
  endfacet
  facet normal 0 0 1
    outer loop
      vertex 212 16.6 12.3
      vertex 203.08 10.0221 12.3
      vertex 203.248 10.1016 12.3
    endloop
  endfacet
  facet normal 0 0 1
    outer loop
      vertex 176.92 10.0221 12.3
      vertex 203.08 10.0221 12.3
      vertex 212 16.6 12.3
    endloop
  endfacet
  facet normal 0 0 1
    outer loop
      vertex 203.08 10.0221 12.3
      vertex 176.92 10.0221 12.3
      vertex 202.92 9.92647 12.3
    endloop
  endfacet
  facet normal 0 0 1
    outer loop
      vertex 202.915 9.92355 12.3
      vertex 202.761 9.8094 12.3
      vertex 202.911 9.92017 12.3
    endloop
  endfacet
  facet normal 0 0 -1
    outer loop
      vertex 202.761 9.8094 12.3
      vertex 202.619 9.68072 12.3
      vertex 202.623 9.68453 12.3
    endloop
  endfacet
  facet normal 0 0 -1
    outer loop
      vertex 202.619 9.68072 12.3
      vertex 202.491 9.53874 12.3
      vertex 202.615 9.67651 12.3
    endloop
  endfacet
  facet normal 0 0 1
    outer loop
      vertex 202.491 9.53874 12.3
      vertex 202.376 9.38482 12.3
      vertex 202.38 9.38939 12.3
    endloop
  endfacet
  facet normal 0 0 -1
    outer loop
      vertex 202.196 9.04724 12.3
      vertex 202.131 8.86682 12.3
      vertex 202.194 9.04189 12.3
    endloop
  endfacet
  facet normal 0 0 -1
    outer loop
      vertex 202.131 8.86682 12.3
      vertex 202.085 8.68094 12.3
      vertex 202.086 8.68645 12.3
    endloop
  endfacet
  facet normal 0 0 -1
    outer loop
      vertex 202.085 8.68094 12.3
      vertex 202.057 8.49139 12.3
      vertex 202.084 8.67532 12.3
    endloop
  endfacet
  facet normal 0 0 1
    outer loop
      vertex 202.056 8.48572 12.3
      vertex 177.953 8.3 12.3
      vertex 202.047 8.3 12.3
    endloop
  endfacet
  facet normal 0 0 1
    outer loop
      vertex 177.952 8.30567 12.3
      vertex 202.056 8.48572 12.3
      vertex 202.057 8.49139 12.3
    endloop
  endfacet
  facet normal 0 0 1
    outer loop
      vertex 177.943 8.49139 12.3
      vertex 202.057 8.49139 12.3
      vertex 202.085 8.68094 12.3
    endloop
  endfacet
  facet normal 0 0 1
    outer loop
      vertex 177.915 8.68094 12.3
      vertex 202.085 8.68094 12.3
      vertex 202.131 8.86682 12.3
    endloop
  endfacet
  facet normal 0 0 1
    outer loop
      vertex 177.869 8.86682 12.3
      vertex 202.131 8.86682 12.3
      vertex 202.196 9.04724 12.3
    endloop
  endfacet
  facet normal 0 0 1
    outer loop
      vertex 177.804 9.04724 12.3
      vertex 202.196 9.04724 12.3
      vertex 202.198 9.05238 12.3
    endloop
  endfacet
  facet normal 0 0 1
    outer loop
      vertex 177.804 9.04724 12.3
      vertex 202.198 9.05238 12.3
      vertex 202.278 9.22046 12.3
    endloop
  endfacet
  facet normal 0 0 1
    outer loop
      vertex 177.722 9.22046 12.3
      vertex 202.278 9.22046 12.3
      vertex 202.374 9.37995 12.3
    endloop
  endfacet
  facet normal 0 0 1
    outer loop
      vertex 177.722 9.22046 12.3
      vertex 202.374 9.37995 12.3
      vertex 202.376 9.38482 12.3
    endloop
  endfacet
  facet normal 0 0 1
    outer loop
      vertex 177.624 9.38482 12.3
      vertex 202.376 9.38482 12.3
      vertex 202.491 9.53874 12.3
    endloop
  endfacet
  facet normal 0 0 1
    outer loop
      vertex 177.509 9.53874 12.3
      vertex 202.491 9.53874 12.3
      vertex 202.619 9.68072 12.3
    endloop
  endfacet
  facet normal 0 0 1
    outer loop
      vertex 177.381 9.68072 12.3
      vertex 202.619 9.68072 12.3
      vertex 202.761 9.8094 12.3
    endloop
  endfacet
  facet normal 0 0 1
    outer loop
      vertex 177.239 9.8094 12.3
      vertex 202.761 9.8094 12.3
      vertex 202.915 9.92355 12.3
    endloop
  endfacet
  facet normal 0 0 1
    outer loop
      vertex 202.92 9.92647 12.3
      vertex 176.92 10.0221 12.3
      vertex 202.915 9.92355 12.3
    endloop
  endfacet
  facet normal 0 0 1
    outer loop
      vertex 202.056 8.48572 12.3
      vertex 177.952 8.30567 12.3
      vertex 177.953 8.3 12.3
    endloop
  endfacet
  facet normal 0 0 1
    outer loop
      vertex 202.057 8.49139 12.3
      vertex 177.943 8.49139 12.3
      vertex 177.952 8.30567 12.3
    endloop
  endfacet
  facet normal 0 0 1
    outer loop
      vertex 202.085 8.68094 12.3
      vertex 177.916 8.67532 12.3
      vertex 177.943 8.49139 12.3
    endloop
  endfacet
  facet normal 0 0 1
    outer loop
      vertex 202.085 8.68094 12.3
      vertex 177.915 8.68094 12.3
      vertex 177.916 8.67532 12.3
    endloop
  endfacet
  facet normal 0 0 1
    outer loop
      vertex 202.131 8.86682 12.3
      vertex 177.914 8.68645 12.3
      vertex 177.915 8.68094 12.3
    endloop
  endfacet
  facet normal 0 0 1
    outer loop
      vertex 202.131 8.86682 12.3
      vertex 177.869 8.86682 12.3
      vertex 177.914 8.68645 12.3
    endloop
  endfacet
  facet normal 0 0 1
    outer loop
      vertex 202.196 9.04724 12.3
      vertex 177.806 9.04189 12.3
      vertex 177.869 8.86682 12.3
    endloop
  endfacet
  facet normal 0 0 1
    outer loop
      vertex 202.196 9.04724 12.3
      vertex 177.804 9.04724 12.3
      vertex 177.806 9.04189 12.3
    endloop
  endfacet
  facet normal 0 0 1
    outer loop
      vertex 202.278 9.22046 12.3
      vertex 177.802 9.05238 12.3
      vertex 177.804 9.04724 12.3
    endloop
  endfacet
  facet normal 0 0 1
    outer loop
      vertex 202.278 9.22046 12.3
      vertex 177.722 9.22046 12.3
      vertex 177.802 9.05238 12.3
    endloop
  endfacet
  facet normal 0 0 1
    outer loop
      vertex 202.376 9.38482 12.3
      vertex 177.626 9.37995 12.3
      vertex 177.722 9.22046 12.3
    endloop
  endfacet
  facet normal 0 0 1
    outer loop
      vertex 202.376 9.38482 12.3
      vertex 177.624 9.38482 12.3
      vertex 177.626 9.37995 12.3
    endloop
  endfacet
  facet normal 0 0 1
    outer loop
      vertex 202.491 9.53874 12.3
      vertex 177.62 9.38939 12.3
      vertex 177.624 9.38482 12.3
    endloop
  endfacet
  facet normal 0 0 1
    outer loop
      vertex 202.491 9.53874 12.3
      vertex 177.509 9.53874 12.3
      vertex 177.62 9.38939 12.3
    endloop
  endfacet
  facet normal 0 0 1
    outer loop
      vertex 202.619 9.68072 12.3
      vertex 177.385 9.67651 12.3
      vertex 177.509 9.53874 12.3
    endloop
  endfacet
  facet normal 0 0 1
    outer loop
      vertex 202.619 9.68072 12.3
      vertex 177.381 9.68072 12.3
      vertex 177.385 9.67651 12.3
    endloop
  endfacet
  facet normal 0 0 1
    outer loop
      vertex 202.761 9.8094 12.3
      vertex 177.377 9.68453 12.3
      vertex 177.381 9.68072 12.3
    endloop
  endfacet
  facet normal 0 0 1
    outer loop
      vertex 202.761 9.8094 12.3
      vertex 177.239 9.8094 12.3
      vertex 177.377 9.68453 12.3
    endloop
  endfacet
  facet normal 0 0 1
    outer loop
      vertex 202.915 9.92355 12.3
      vertex 177.089 9.92017 12.3
      vertex 177.239 9.8094 12.3
    endloop
  endfacet
  facet normal 0 0 1
    outer loop
      vertex 202.915 9.92355 12.3
      vertex 177.085 9.92355 12.3
      vertex 177.089 9.92017 12.3
    endloop
  endfacet
  facet normal 0 0 1
    outer loop
      vertex 202.915 9.92355 12.3
      vertex 177.08 9.92647 12.3
      vertex 177.085 9.92355 12.3
    endloop
  endfacet
  facet normal 0 0 1
    outer loop
      vertex 202.915 9.92355 12.3
      vertex 176.92 10.0221 12.3
      vertex 177.08 9.92647 12.3
    endloop
  endfacet
  facet normal 0 0 1
    outer loop
      vertex 212 16.6 12.3
      vertex 176.752 10.1016 12.3
      vertex 176.92 10.0221 12.3
    endloop
  endfacet
  facet normal 0 0 1
    outer loop
      vertex 212 16.6 12.3
      vertex 176.747 10.104 12.3
      vertex 176.752 10.1016 12.3
    endloop
  endfacet
  facet normal 0 0 1
    outer loop
      vertex 212 16.6 12.3
      vertex 176.572 10.1666 12.3
      vertex 176.747 10.104 12.3
    endloop
  endfacet
  facet normal 0 0 1
    outer loop
      vertex 212 16.6 12.3
      vertex 176.567 10.1686 12.3
      vertex 176.572 10.1666 12.3
    endloop
  endfacet
  facet normal 0 0 1
    outer loop
      vertex 212 16.6 12.3
      vertex 176.561 10.1699 12.3
      vertex 176.567 10.1686 12.3
    endloop
  endfacet
  facet normal 0 0 1
    outer loop
      vertex 212 16.6 12.3
      vertex 176.381 10.2151 12.3
      vertex 176.561 10.1699 12.3
    endloop
  endfacet
  facet normal 0 0 1
    outer loop
      vertex 212 16.6 12.3
      vertex 176.375 10.2159 12.3
      vertex 176.381 10.2151 12.3
    endloop
  endfacet
  facet normal 0 0 1
    outer loop
      vertex 212 16.6 12.3
      vertex 176.191 10.2432 12.3
      vertex 176.375 10.2159 12.3
    endloop
  endfacet
  facet normal 0 0 1
    outer loop
      vertex 212 16.6 12.3
      vertex 176.186 10.2435 12.3
      vertex 176.191 10.2432 12.3
    endloop
  endfacet
  facet normal 0 0 1
    outer loop
      vertex 212 16.6 12.3
      vertex 176 10.2526 12.3
      vertex 176.186 10.2435 12.3
    endloop
  endfacet
  facet normal 0 0 1
    outer loop
      vertex 212 16.6 12.3
      vertex 175.814 10.2435 12.3
      vertex 176 10.2526 12.3
    endloop
  endfacet
  facet normal 0 0 1
    outer loop
      vertex 212 16.6 12.3
      vertex 175.809 10.2432 12.3
      vertex 175.814 10.2435 12.3
    endloop
  endfacet
  facet normal 0 0 1
    outer loop
      vertex 148.191 10.2432 12.3
      vertex 175.809 10.2432 12.3
      vertex 212 16.6 12.3
    endloop
  endfacet
  facet normal 0 0 1
    outer loop
      vertex 175.809 10.2432 12.3
      vertex 148.191 10.2432 12.3
      vertex 175.625 10.2159 12.3
    endloop
  endfacet
  facet normal 0 0 1
    outer loop
      vertex 174.915 9.92355 12.3
      vertex 174.761 9.8094 12.3
      vertex 174.911 9.92017 12.3
    endloop
  endfacet
  facet normal 0 0 -1
    outer loop
      vertex 174.761 9.8094 12.3
      vertex 174.619 9.68072 12.3
      vertex 174.623 9.68453 12.3
    endloop
  endfacet
  facet normal 0 0 -1
    outer loop
      vertex 174.619 9.68072 12.3
      vertex 174.491 9.53874 12.3
      vertex 174.615 9.67651 12.3
    endloop
  endfacet
  facet normal 0 0 1
    outer loop
      vertex 174.491 9.53874 12.3
      vertex 174.376 9.38482 12.3
      vertex 174.38 9.38939 12.3
    endloop
  endfacet
  facet normal 0 0 -1
    outer loop
      vertex 174.196 9.04724 12.3
      vertex 174.131 8.86682 12.3
      vertex 174.194 9.04189 12.3
    endloop
  endfacet
  facet normal 0 0 -1
    outer loop
      vertex 174.131 8.86682 12.3
      vertex 174.085 8.68094 12.3
      vertex 174.086 8.68645 12.3
    endloop
  endfacet
  facet normal 0 0 -1
    outer loop
      vertex 174.085 8.68094 12.3
      vertex 174.057 8.49139 12.3
      vertex 174.084 8.67532 12.3
    endloop
  endfacet
  facet normal 0 0 1
    outer loop
      vertex 174.056 8.48572 12.3
      vertex 149.953 8.3 12.3
      vertex 174.047 8.3 12.3
    endloop
  endfacet
  facet normal 0 0 1
    outer loop
      vertex 149.952 8.30567 12.3
      vertex 174.056 8.48572 12.3
      vertex 174.057 8.49139 12.3
    endloop
  endfacet
  facet normal 0 0 1
    outer loop
      vertex 149.943 8.49139 12.3
      vertex 174.057 8.49139 12.3
      vertex 174.085 8.68094 12.3
    endloop
  endfacet
  facet normal 0 0 1
    outer loop
      vertex 149.915 8.68094 12.3
      vertex 174.085 8.68094 12.3
      vertex 174.131 8.86682 12.3
    endloop
  endfacet
  facet normal 0 0 1
    outer loop
      vertex 149.869 8.86682 12.3
      vertex 174.131 8.86682 12.3
      vertex 174.196 9.04724 12.3
    endloop
  endfacet
  facet normal 0 0 1
    outer loop
      vertex 149.804 9.04724 12.3
      vertex 174.196 9.04724 12.3
      vertex 174.198 9.05238 12.3
    endloop
  endfacet
  facet normal 0 0 1
    outer loop
      vertex 149.804 9.04724 12.3
      vertex 174.198 9.05238 12.3
      vertex 174.278 9.22046 12.3
    endloop
  endfacet
  facet normal 0 0 1
    outer loop
      vertex 149.722 9.22046 12.3
      vertex 174.278 9.22046 12.3
      vertex 174.374 9.37995 12.3
    endloop
  endfacet
  facet normal 0 0 1
    outer loop
      vertex 149.722 9.22046 12.3
      vertex 174.374 9.37995 12.3
      vertex 174.376 9.38482 12.3
    endloop
  endfacet
  facet normal 0 0 1
    outer loop
      vertex 149.624 9.38482 12.3
      vertex 174.376 9.38482 12.3
      vertex 174.491 9.53874 12.3
    endloop
  endfacet
  facet normal 0 0 1
    outer loop
      vertex 149.509 9.53874 12.3
      vertex 174.491 9.53874 12.3
      vertex 174.619 9.68072 12.3
    endloop
  endfacet
  facet normal 0 0 1
    outer loop
      vertex 149.381 9.68072 12.3
      vertex 174.619 9.68072 12.3
      vertex 174.761 9.8094 12.3
    endloop
  endfacet
  facet normal 0 0 1
    outer loop
      vertex 149.239 9.8094 12.3
      vertex 174.761 9.8094 12.3
      vertex 174.915 9.92355 12.3
    endloop
  endfacet
  facet normal 0 0 1
    outer loop
      vertex 149.085 9.92355 12.3
      vertex 174.915 9.92355 12.3
      vertex 174.92 9.92647 12.3
    endloop
  endfacet
  facet normal 0 0 1
    outer loop
      vertex 149.085 9.92355 12.3
      vertex 174.92 9.92647 12.3
      vertex 175.08 10.0221 12.3
    endloop
  endfacet
  facet normal 0 0 1
    outer loop
      vertex 148.92 10.0221 12.3
      vertex 175.08 10.0221 12.3
      vertex 175.248 10.1016 12.3
    endloop
  endfacet
  facet normal 0 0 1
    outer loop
      vertex 148.92 10.0221 12.3
      vertex 175.248 10.1016 12.3
      vertex 175.253 10.104 12.3
    endloop
  endfacet
  facet normal 0 0 1
    outer loop
      vertex 148.747 10.104 12.3
      vertex 175.253 10.104 12.3
      vertex 175.428 10.1666 12.3
    endloop
  endfacet
  facet normal 0 0 1
    outer loop
      vertex 148.747 10.104 12.3
      vertex 175.428 10.1666 12.3
      vertex 175.433 10.1686 12.3
    endloop
  endfacet
  facet normal 0 0 1
    outer loop
      vertex 148.567 10.1686 12.3
      vertex 175.433 10.1686 12.3
      vertex 175.439 10.1699 12.3
    endloop
  endfacet
  facet normal 0 0 1
    outer loop
      vertex 148.567 10.1686 12.3
      vertex 175.439 10.1699 12.3
      vertex 175.619 10.2151 12.3
    endloop
  endfacet
  facet normal 0 0 1
    outer loop
      vertex 175.625 10.2159 12.3
      vertex 148.191 10.2432 12.3
      vertex 175.619 10.2151 12.3
    endloop
  endfacet
  facet normal 0 0 1
    outer loop
      vertex 174.056 8.48572 12.3
      vertex 149.952 8.30567 12.3
      vertex 149.953 8.3 12.3
    endloop
  endfacet
  facet normal 0 0 1
    outer loop
      vertex 174.057 8.49139 12.3
      vertex 149.943 8.49139 12.3
      vertex 149.952 8.30567 12.3
    endloop
  endfacet
  facet normal 0 0 1
    outer loop
      vertex 174.085 8.68094 12.3
      vertex 149.916 8.67532 12.3
      vertex 149.943 8.49139 12.3
    endloop
  endfacet
  facet normal 0 0 1
    outer loop
      vertex 174.085 8.68094 12.3
      vertex 149.915 8.68094 12.3
      vertex 149.916 8.67532 12.3
    endloop
  endfacet
  facet normal 0 0 1
    outer loop
      vertex 174.131 8.86682 12.3
      vertex 149.914 8.68645 12.3
      vertex 149.915 8.68094 12.3
    endloop
  endfacet
  facet normal 0 0 1
    outer loop
      vertex 174.131 8.86682 12.3
      vertex 149.869 8.86682 12.3
      vertex 149.914 8.68645 12.3
    endloop
  endfacet
  facet normal 0 0 1
    outer loop
      vertex 174.196 9.04724 12.3
      vertex 149.806 9.04189 12.3
      vertex 149.869 8.86682 12.3
    endloop
  endfacet
  facet normal 0 0 1
    outer loop
      vertex 174.196 9.04724 12.3
      vertex 149.804 9.04724 12.3
      vertex 149.806 9.04189 12.3
    endloop
  endfacet
  facet normal 0 0 1
    outer loop
      vertex 174.278 9.22046 12.3
      vertex 149.802 9.05238 12.3
      vertex 149.804 9.04724 12.3
    endloop
  endfacet
  facet normal 0 0 1
    outer loop
      vertex 174.278 9.22046 12.3
      vertex 149.722 9.22046 12.3
      vertex 149.802 9.05238 12.3
    endloop
  endfacet
  facet normal 0 0 1
    outer loop
      vertex 174.376 9.38482 12.3
      vertex 149.626 9.37995 12.3
      vertex 149.722 9.22046 12.3
    endloop
  endfacet
  facet normal 0 0 1
    outer loop
      vertex 174.376 9.38482 12.3
      vertex 149.624 9.38482 12.3
      vertex 149.626 9.37995 12.3
    endloop
  endfacet
  facet normal 0 0 1
    outer loop
      vertex 174.491 9.53874 12.3
      vertex 149.62 9.38939 12.3
      vertex 149.624 9.38482 12.3
    endloop
  endfacet
  facet normal 0 0 1
    outer loop
      vertex 174.491 9.53874 12.3
      vertex 149.509 9.53874 12.3
      vertex 149.62 9.38939 12.3
    endloop
  endfacet
  facet normal 0 0 1
    outer loop
      vertex 174.619 9.68072 12.3
      vertex 149.385 9.67651 12.3
      vertex 149.509 9.53874 12.3
    endloop
  endfacet
  facet normal 0 0 1
    outer loop
      vertex 174.619 9.68072 12.3
      vertex 149.381 9.68072 12.3
      vertex 149.385 9.67651 12.3
    endloop
  endfacet
  facet normal 0 0 1
    outer loop
      vertex 174.761 9.8094 12.3
      vertex 149.377 9.68453 12.3
      vertex 149.381 9.68072 12.3
    endloop
  endfacet
  facet normal 0 0 1
    outer loop
      vertex 174.761 9.8094 12.3
      vertex 149.239 9.8094 12.3
      vertex 149.377 9.68453 12.3
    endloop
  endfacet
  facet normal 0 0 1
    outer loop
      vertex 174.915 9.92355 12.3
      vertex 149.089 9.92017 12.3
      vertex 149.239 9.8094 12.3
    endloop
  endfacet
  facet normal 0 0 1
    outer loop
      vertex 174.915 9.92355 12.3
      vertex 149.085 9.92355 12.3
      vertex 149.089 9.92017 12.3
    endloop
  endfacet
  facet normal 0 0 1
    outer loop
      vertex 175.08 10.0221 12.3
      vertex 149.08 9.92647 12.3
      vertex 149.085 9.92355 12.3
    endloop
  endfacet
  facet normal 0 0 1
    outer loop
      vertex 175.08 10.0221 12.3
      vertex 148.92 10.0221 12.3
      vertex 149.08 9.92647 12.3
    endloop
  endfacet
  facet normal 0 0 1
    outer loop
      vertex 175.253 10.104 12.3
      vertex 148.752 10.1016 12.3
      vertex 148.92 10.0221 12.3
    endloop
  endfacet
  facet normal 0 0 1
    outer loop
      vertex 175.253 10.104 12.3
      vertex 148.747 10.104 12.3
      vertex 148.752 10.1016 12.3
    endloop
  endfacet
  facet normal 0 0 1
    outer loop
      vertex 175.433 10.1686 12.3
      vertex 148.572 10.1666 12.3
      vertex 148.747 10.104 12.3
    endloop
  endfacet
  facet normal 0 0 1
    outer loop
      vertex 175.433 10.1686 12.3
      vertex 148.567 10.1686 12.3
      vertex 148.572 10.1666 12.3
    endloop
  endfacet
  facet normal 0 0 1
    outer loop
      vertex 175.619 10.2151 12.3
      vertex 148.561 10.1699 12.3
      vertex 148.567 10.1686 12.3
    endloop
  endfacet
  facet normal 0 0 1
    outer loop
      vertex 175.619 10.2151 12.3
      vertex 148.381 10.2151 12.3
      vertex 148.561 10.1699 12.3
    endloop
  endfacet
  facet normal 0 0 1
    outer loop
      vertex 175.619 10.2151 12.3
      vertex 148.375 10.2159 12.3
      vertex 148.381 10.2151 12.3
    endloop
  endfacet
  facet normal 0 0 1
    outer loop
      vertex 175.619 10.2151 12.3
      vertex 148.191 10.2432 12.3
      vertex 148.375 10.2159 12.3
    endloop
  endfacet
  facet normal 0 0 1
    outer loop
      vertex 212 16.6 12.3
      vertex 148.186 10.2435 12.3
      vertex 148.191 10.2432 12.3
    endloop
  endfacet
  facet normal 0 0 1
    outer loop
      vertex 212 16.6 12.3
      vertex 148 10.2526 12.3
      vertex 148.186 10.2435 12.3
    endloop
  endfacet
  facet normal 0 0 1
    outer loop
      vertex 120 10.2526 12.3
      vertex 148 10.2526 12.3
      vertex 212 16.6 12.3
    endloop
  endfacet
  facet normal 0 0 1
    outer loop
      vertex 148 10.2526 12.3
      vertex 120 10.2526 12.3
      vertex 147.814 10.2435 12.3
    endloop
  endfacet
  facet normal 0 0 1
    outer loop
      vertex 146.915 9.92355 12.3
      vertex 146.761 9.8094 12.3
      vertex 146.911 9.92017 12.3
    endloop
  endfacet
  facet normal 0 0 -1
    outer loop
      vertex 146.761 9.8094 12.3
      vertex 146.619 9.68072 12.3
      vertex 146.623 9.68453 12.3
    endloop
  endfacet
  facet normal 0 0 -1
    outer loop
      vertex 146.619 9.68072 12.3
      vertex 146.491 9.53874 12.3
      vertex 146.615 9.67651 12.3
    endloop
  endfacet
  facet normal 0 0 1
    outer loop
      vertex 146.491 9.53874 12.3
      vertex 146.376 9.38482 12.3
      vertex 146.38 9.38939 12.3
    endloop
  endfacet
  facet normal 0 0 -1
    outer loop
      vertex 146.196 9.04724 12.3
      vertex 146.131 8.86682 12.3
      vertex 146.194 9.04189 12.3
    endloop
  endfacet
  facet normal 0 0 -1
    outer loop
      vertex 146.131 8.86682 12.3
      vertex 146.085 8.68094 12.3
      vertex 146.086 8.68645 12.3
    endloop
  endfacet
  facet normal 0 0 -1
    outer loop
      vertex 146.085 8.68094 12.3
      vertex 146.057 8.49139 12.3
      vertex 146.084 8.67532 12.3
    endloop
  endfacet
  facet normal 0 0 1
    outer loop
      vertex 146.056 8.48572 12.3
      vertex 121.953 8.3 12.3
      vertex 146.047 8.3 12.3
    endloop
  endfacet
  facet normal 0 0 1
    outer loop
      vertex 121.952 8.30567 12.3
      vertex 146.056 8.48572 12.3
      vertex 146.057 8.49139 12.3
    endloop
  endfacet
  facet normal 0 0 1
    outer loop
      vertex 121.943 8.49139 12.3
      vertex 146.057 8.49139 12.3
      vertex 146.085 8.68094 12.3
    endloop
  endfacet
  facet normal 0 0 1
    outer loop
      vertex 121.915 8.68094 12.3
      vertex 146.085 8.68094 12.3
      vertex 146.131 8.86682 12.3
    endloop
  endfacet
  facet normal 0 0 1
    outer loop
      vertex 121.869 8.86682 12.3
      vertex 146.131 8.86682 12.3
      vertex 146.196 9.04724 12.3
    endloop
  endfacet
  facet normal 0 0 1
    outer loop
      vertex 121.804 9.04724 12.3
      vertex 146.196 9.04724 12.3
      vertex 146.198 9.05238 12.3
    endloop
  endfacet
  facet normal 0 0 1
    outer loop
      vertex 121.804 9.04724 12.3
      vertex 146.198 9.05238 12.3
      vertex 146.278 9.22046 12.3
    endloop
  endfacet
  facet normal 0 0 1
    outer loop
      vertex 121.722 9.22046 12.3
      vertex 146.278 9.22046 12.3
      vertex 146.374 9.37995 12.3
    endloop
  endfacet
  facet normal 0 0 1
    outer loop
      vertex 121.722 9.22046 12.3
      vertex 146.374 9.37995 12.3
      vertex 146.376 9.38482 12.3
    endloop
  endfacet
  facet normal 0 0 1
    outer loop
      vertex 121.624 9.38482 12.3
      vertex 146.376 9.38482 12.3
      vertex 146.491 9.53874 12.3
    endloop
  endfacet
  facet normal 0 0 1
    outer loop
      vertex 121.509 9.53874 12.3
      vertex 146.491 9.53874 12.3
      vertex 146.619 9.68072 12.3
    endloop
  endfacet
  facet normal 0 0 1
    outer loop
      vertex 121.381 9.68072 12.3
      vertex 146.619 9.68072 12.3
      vertex 146.761 9.8094 12.3
    endloop
  endfacet
  facet normal 0 0 1
    outer loop
      vertex 121.239 9.8094 12.3
      vertex 146.761 9.8094 12.3
      vertex 146.915 9.92355 12.3
    endloop
  endfacet
  facet normal 0 0 1
    outer loop
      vertex 121.085 9.92355 12.3
      vertex 146.915 9.92355 12.3
      vertex 146.92 9.92647 12.3
    endloop
  endfacet
  facet normal 0 0 1
    outer loop
      vertex 121.085 9.92355 12.3
      vertex 146.92 9.92647 12.3
      vertex 147.08 10.0221 12.3
    endloop
  endfacet
  facet normal 0 0 1
    outer loop
      vertex 120.92 10.0221 12.3
      vertex 147.08 10.0221 12.3
      vertex 147.248 10.1016 12.3
    endloop
  endfacet
  facet normal 0 0 1
    outer loop
      vertex 120.92 10.0221 12.3
      vertex 147.248 10.1016 12.3
      vertex 147.253 10.104 12.3
    endloop
  endfacet
  facet normal 0 0 1
    outer loop
      vertex 120.747 10.104 12.3
      vertex 147.253 10.104 12.3
      vertex 147.428 10.1666 12.3
    endloop
  endfacet
  facet normal 0 0 1
    outer loop
      vertex 120.747 10.104 12.3
      vertex 147.428 10.1666 12.3
      vertex 147.433 10.1686 12.3
    endloop
  endfacet
  facet normal 0 0 1
    outer loop
      vertex 120.567 10.1686 12.3
      vertex 147.433 10.1686 12.3
      vertex 147.439 10.1699 12.3
    endloop
  endfacet
  facet normal 0 0 1
    outer loop
      vertex 120.567 10.1686 12.3
      vertex 147.439 10.1699 12.3
      vertex 147.619 10.2151 12.3
    endloop
  endfacet
  facet normal 0 0 1
    outer loop
      vertex 120.381 10.2151 12.3
      vertex 147.619 10.2151 12.3
      vertex 147.625 10.2159 12.3
    endloop
  endfacet
  facet normal 0 0 1
    outer loop
      vertex 120.381 10.2151 12.3
      vertex 147.625 10.2159 12.3
      vertex 147.809 10.2432 12.3
    endloop
  endfacet
  facet normal 0 0 1
    outer loop
      vertex 147.814 10.2435 12.3
      vertex 120 10.2526 12.3
      vertex 147.809 10.2432 12.3
    endloop
  endfacet
  facet normal 0 0 1
    outer loop
      vertex 146.056 8.48572 12.3
      vertex 121.952 8.30567 12.3
      vertex 121.953 8.3 12.3
    endloop
  endfacet
  facet normal 0 0 1
    outer loop
      vertex 146.057 8.49139 12.3
      vertex 121.943 8.49139 12.3
      vertex 121.952 8.30567 12.3
    endloop
  endfacet
  facet normal 0 0 1
    outer loop
      vertex 146.085 8.68094 12.3
      vertex 121.916 8.67532 12.3
      vertex 121.943 8.49139 12.3
    endloop
  endfacet
  facet normal 0 0 1
    outer loop
      vertex 146.085 8.68094 12.3
      vertex 121.915 8.68094 12.3
      vertex 121.916 8.67532 12.3
    endloop
  endfacet
  facet normal 0 0 1
    outer loop
      vertex 146.131 8.86682 12.3
      vertex 121.914 8.68645 12.3
      vertex 121.915 8.68094 12.3
    endloop
  endfacet
  facet normal 0 0 1
    outer loop
      vertex 146.131 8.86682 12.3
      vertex 121.869 8.86682 12.3
      vertex 121.914 8.68645 12.3
    endloop
  endfacet
  facet normal 0 0 1
    outer loop
      vertex 146.196 9.04724 12.3
      vertex 121.806 9.04189 12.3
      vertex 121.869 8.86682 12.3
    endloop
  endfacet
  facet normal 0 0 1
    outer loop
      vertex 146.196 9.04724 12.3
      vertex 121.804 9.04724 12.3
      vertex 121.806 9.04189 12.3
    endloop
  endfacet
  facet normal 0 0 1
    outer loop
      vertex 146.278 9.22046 12.3
      vertex 121.802 9.05238 12.3
      vertex 121.804 9.04724 12.3
    endloop
  endfacet
  facet normal 0 0 1
    outer loop
      vertex 146.278 9.22046 12.3
      vertex 121.722 9.22046 12.3
      vertex 121.802 9.05238 12.3
    endloop
  endfacet
  facet normal 0 0 1
    outer loop
      vertex 146.376 9.38482 12.3
      vertex 121.626 9.37995 12.3
      vertex 121.722 9.22046 12.3
    endloop
  endfacet
  facet normal 0 0 1
    outer loop
      vertex 146.376 9.38482 12.3
      vertex 121.624 9.38482 12.3
      vertex 121.626 9.37995 12.3
    endloop
  endfacet
  facet normal 0 0 1
    outer loop
      vertex 146.491 9.53874 12.3
      vertex 121.62 9.38939 12.3
      vertex 121.624 9.38482 12.3
    endloop
  endfacet
  facet normal 0 0 1
    outer loop
      vertex 146.491 9.53874 12.3
      vertex 121.509 9.53874 12.3
      vertex 121.62 9.38939 12.3
    endloop
  endfacet
  facet normal 0 0 1
    outer loop
      vertex 146.619 9.68072 12.3
      vertex 121.385 9.67651 12.3
      vertex 121.509 9.53874 12.3
    endloop
  endfacet
  facet normal 0 0 1
    outer loop
      vertex 146.619 9.68072 12.3
      vertex 121.381 9.68072 12.3
      vertex 121.385 9.67651 12.3
    endloop
  endfacet
  facet normal 0 0 1
    outer loop
      vertex 146.761 9.8094 12.3
      vertex 121.377 9.68453 12.3
      vertex 121.381 9.68072 12.3
    endloop
  endfacet
  facet normal 0 0 1
    outer loop
      vertex 146.761 9.8094 12.3
      vertex 121.239 9.8094 12.3
      vertex 121.377 9.68453 12.3
    endloop
  endfacet
  facet normal 0 0 1
    outer loop
      vertex 146.915 9.92355 12.3
      vertex 121.089 9.92017 12.3
      vertex 121.239 9.8094 12.3
    endloop
  endfacet
  facet normal 0 0 1
    outer loop
      vertex 146.915 9.92355 12.3
      vertex 121.085 9.92355 12.3
      vertex 121.089 9.92017 12.3
    endloop
  endfacet
  facet normal 0 0 1
    outer loop
      vertex 147.08 10.0221 12.3
      vertex 121.08 9.92647 12.3
      vertex 121.085 9.92355 12.3
    endloop
  endfacet
  facet normal 0 0 1
    outer loop
      vertex 147.08 10.0221 12.3
      vertex 120.92 10.0221 12.3
      vertex 121.08 9.92647 12.3
    endloop
  endfacet
  facet normal 0 0 1
    outer loop
      vertex 147.253 10.104 12.3
      vertex 120.752 10.1016 12.3
      vertex 120.92 10.0221 12.3
    endloop
  endfacet
  facet normal 0 0 1
    outer loop
      vertex 147.253 10.104 12.3
      vertex 120.747 10.104 12.3
      vertex 120.752 10.1016 12.3
    endloop
  endfacet
  facet normal 0 0 1
    outer loop
      vertex 147.433 10.1686 12.3
      vertex 120.572 10.1666 12.3
      vertex 120.747 10.104 12.3
    endloop
  endfacet
  facet normal 0 0 1
    outer loop
      vertex 147.433 10.1686 12.3
      vertex 120.567 10.1686 12.3
      vertex 120.572 10.1666 12.3
    endloop
  endfacet
  facet normal 0 0 1
    outer loop
      vertex 147.619 10.2151 12.3
      vertex 120.561 10.1699 12.3
      vertex 120.567 10.1686 12.3
    endloop
  endfacet
  facet normal 0 0 1
    outer loop
      vertex 147.619 10.2151 12.3
      vertex 120.381 10.2151 12.3
      vertex 120.561 10.1699 12.3
    endloop
  endfacet
  facet normal 0 0 1
    outer loop
      vertex 147.809 10.2432 12.3
      vertex 120.375 10.2159 12.3
      vertex 120.381 10.2151 12.3
    endloop
  endfacet
  facet normal 0 0 1
    outer loop
      vertex 147.809 10.2432 12.3
      vertex 120.191 10.2432 12.3
      vertex 120.375 10.2159 12.3
    endloop
  endfacet
  facet normal 0 0 1
    outer loop
      vertex 147.809 10.2432 12.3
      vertex 120.186 10.2435 12.3
      vertex 120.191 10.2432 12.3
    endloop
  endfacet
  facet normal 0 0 1
    outer loop
      vertex 147.809 10.2432 12.3
      vertex 120 10.2526 12.3
      vertex 120.186 10.2435 12.3
    endloop
  endfacet
  facet normal 0 0 1
    outer loop
      vertex 92 10.2526 12.3
      vertex 120 10.2526 12.3
      vertex 212 16.6 12.3
    endloop
  endfacet
  facet normal 0 0 1
    outer loop
      vertex 120 10.2526 12.3
      vertex 92 10.2526 12.3
      vertex 119.814 10.2435 12.3
    endloop
  endfacet
  facet normal 0 0 1
    outer loop
      vertex 119.809 10.2432 12.3
      vertex 119.619 10.2151 12.3
      vertex 119.625 10.2159 12.3
    endloop
  endfacet
  facet normal 0 0 1
    outer loop
      vertex 119.433 10.1686 12.3
      vertex 119.253 10.104 12.3
      vertex 119.428 10.1666 12.3
    endloop
  endfacet
  facet normal 0 0 1
    outer loop
      vertex 119.253 10.104 12.3
      vertex 119.08 10.0221 12.3
      vertex 119.248 10.1016 12.3
    endloop
  endfacet
  facet normal 0 0 1
    outer loop
      vertex 119.08 10.0221 12.3
      vertex 118.915 9.92355 12.3
      vertex 118.92 9.92647 12.3
    endloop
  endfacet
  facet normal 0 0 1
    outer loop
      vertex 118.915 9.92355 12.3
      vertex 118.761 9.8094 12.3
      vertex 118.911 9.92017 12.3
    endloop
  endfacet
  facet normal 0 0 -1
    outer loop
      vertex 118.761 9.8094 12.3
      vertex 118.619 9.68072 12.3
      vertex 118.623 9.68453 12.3
    endloop
  endfacet
  facet normal 0 0 -1
    outer loop
      vertex 118.619 9.68072 12.3
      vertex 118.491 9.53874 12.3
      vertex 118.615 9.67651 12.3
    endloop
  endfacet
  facet normal 0 0 1
    outer loop
      vertex 118.491 9.53874 12.3
      vertex 118.376 9.38482 12.3
      vertex 118.38 9.38939 12.3
    endloop
  endfacet
  facet normal 0 0 1
    outer loop
      vertex 118.376 9.38482 12.3
      vertex 118.278 9.22046 12.3
      vertex 118.374 9.37995 12.3
    endloop
  endfacet
  facet normal 0 0 -1
    outer loop
      vertex 118.131 8.86682 12.3
      vertex 118.085 8.68094 12.3
      vertex 118.086 8.68645 12.3
    endloop
  endfacet
  facet normal 0 0 -1
    outer loop
      vertex 118.085 8.68094 12.3
      vertex 118.057 8.49139 12.3
      vertex 118.084 8.67532 12.3
    endloop
  endfacet
  facet normal 0 0 -1
    outer loop
      vertex 118.057 8.49139 12.3
      vertex 118.047 8.3 12.3
      vertex 118.056 8.48572 12.3
    endloop
  endfacet
  facet normal 0 0 1
    outer loop
      vertex 118.057 8.49139 12.3
      vertex 93.9526 8.3 12.3
      vertex 118.047 8.3 12.3
    endloop
  endfacet
  facet normal 0 0 1
    outer loop
      vertex 93.9432 8.49139 12.3
      vertex 118.057 8.49139 12.3
      vertex 118.085 8.68094 12.3
    endloop
  endfacet
  facet normal 0 0 1
    outer loop
      vertex 93.9151 8.68094 12.3
      vertex 118.085 8.68094 12.3
      vertex 118.131 8.86682 12.3
    endloop
  endfacet
  facet normal 0 0 1
    outer loop
      vertex 93.8686 8.86682 12.3
      vertex 118.131 8.86682 12.3
      vertex 118.194 9.04189 12.3
    endloop
  endfacet
  facet normal 0 0 1
    outer loop
      vertex 93.8686 8.86682 12.3
      vertex 118.194 9.04189 12.3
      vertex 118.196 9.04724 12.3
    endloop
  endfacet
  facet normal 0 0 1
    outer loop
      vertex 93.804 9.04724 12.3
      vertex 118.196 9.04724 12.3
      vertex 118.198 9.05238 12.3
    endloop
  endfacet
  facet normal 0 0 1
    outer loop
      vertex 93.804 9.04724 12.3
      vertex 118.198 9.05238 12.3
      vertex 118.278 9.22046 12.3
    endloop
  endfacet
  facet normal 0 0 1
    outer loop
      vertex 93.7221 9.22046 12.3
      vertex 118.278 9.22046 12.3
      vertex 118.376 9.38482 12.3
    endloop
  endfacet
  facet normal 0 0 1
    outer loop
      vertex 93.6236 9.38482 12.3
      vertex 118.376 9.38482 12.3
      vertex 118.491 9.53874 12.3
    endloop
  endfacet
  facet normal 0 0 1
    outer loop
      vertex 93.5094 9.53874 12.3
      vertex 118.491 9.53874 12.3
      vertex 118.619 9.68072 12.3
    endloop
  endfacet
  facet normal 0 0 1
    outer loop
      vertex 93.3807 9.68072 12.3
      vertex 118.619 9.68072 12.3
      vertex 118.761 9.8094 12.3
    endloop
  endfacet
  facet normal 0 0 1
    outer loop
      vertex 93.2387 9.8094 12.3
      vertex 118.761 9.8094 12.3
      vertex 118.915 9.92355 12.3
    endloop
  endfacet
  facet normal 0 0 1
    outer loop
      vertex 93.0848 9.92355 12.3
      vertex 118.915 9.92355 12.3
      vertex 119.08 10.0221 12.3
    endloop
  endfacet
  facet normal 0 0 1
    outer loop
      vertex 92.9205 10.0221 12.3
      vertex 119.08 10.0221 12.3
      vertex 119.253 10.104 12.3
    endloop
  endfacet
  facet normal 0 0 1
    outer loop
      vertex 92.7472 10.104 12.3
      vertex 119.253 10.104 12.3
      vertex 119.433 10.1686 12.3
    endloop
  endfacet
  facet normal 0 0 1
    outer loop
      vertex 92.5668 10.1686 12.3
      vertex 119.433 10.1686 12.3
      vertex 119.439 10.1699 12.3
    endloop
  endfacet
  facet normal 0 0 1
    outer loop
      vertex 92.5668 10.1686 12.3
      vertex 119.439 10.1699 12.3
      vertex 119.619 10.2151 12.3
    endloop
  endfacet
  facet normal 0 0 1
    outer loop
      vertex 92.3809 10.2151 12.3
      vertex 119.619 10.2151 12.3
      vertex 119.809 10.2432 12.3
    endloop
  endfacet
  facet normal 0 0 1
    outer loop
      vertex 118.057 8.49139 12.3
      vertex 93.9524 8.30567 12.3
      vertex 93.9526 8.3 12.3
    endloop
  endfacet
  facet normal 0 0 1
    outer loop
      vertex 118.057 8.49139 12.3
      vertex 93.9432 8.49139 12.3
      vertex 93.9524 8.30567 12.3
    endloop
  endfacet
  facet normal 0 0 1
    outer loop
      vertex 119.814 10.2435 12.3
      vertex 92 10.2526 12.3
      vertex 119.809 10.2432 12.3
    endloop
  endfacet
  facet normal 0 0 1
    outer loop
      vertex 118.085 8.68094 12.3
      vertex 93.9159 8.67532 12.3
      vertex 93.9432 8.49139 12.3
    endloop
  endfacet
  facet normal 0 0 1
    outer loop
      vertex 118.085 8.68094 12.3
      vertex 93.9151 8.68094 12.3
      vertex 93.9159 8.67532 12.3
    endloop
  endfacet
  facet normal 0 0 1
    outer loop
      vertex 118.131 8.86682 12.3
      vertex 93.9137 8.68645 12.3
      vertex 93.9151 8.68094 12.3
    endloop
  endfacet
  facet normal 0 0 1
    outer loop
      vertex 118.131 8.86682 12.3
      vertex 93.8686 8.86682 12.3
      vertex 93.9137 8.68645 12.3
    endloop
  endfacet
  facet normal 0 0 1
    outer loop
      vertex 118.196 9.04724 12.3
      vertex 93.8059 9.04189 12.3
      vertex 93.8686 8.86682 12.3
    endloop
  endfacet
  facet normal 0 0 1
    outer loop
      vertex 118.196 9.04724 12.3
      vertex 93.804 9.04724 12.3
      vertex 93.8059 9.04189 12.3
    endloop
  endfacet
  facet normal 0 0 1
    outer loop
      vertex 118.278 9.22046 12.3
      vertex 93.8016 9.05238 12.3
      vertex 93.804 9.04724 12.3
    endloop
  endfacet
  facet normal 0 0 1
    outer loop
      vertex 118.278 9.22046 12.3
      vertex 93.7221 9.22046 12.3
      vertex 93.8016 9.05238 12.3
    endloop
  endfacet
  facet normal 0 0 1
    outer loop
      vertex 118.376 9.38482 12.3
      vertex 93.6265 9.37995 12.3
      vertex 93.7221 9.22046 12.3
    endloop
  endfacet
  facet normal 0 0 1
    outer loop
      vertex 118.376 9.38482 12.3
      vertex 93.6236 9.38482 12.3
      vertex 93.6265 9.37995 12.3
    endloop
  endfacet
  facet normal 0 0 1
    outer loop
      vertex 118.491 9.53874 12.3
      vertex 93.6202 9.38939 12.3
      vertex 93.6236 9.38482 12.3
    endloop
  endfacet
  facet normal 0 0 1
    outer loop
      vertex 118.491 9.53874 12.3
      vertex 93.5094 9.53874 12.3
      vertex 93.6202 9.38939 12.3
    endloop
  endfacet
  facet normal 0 0 1
    outer loop
      vertex 118.619 9.68072 12.3
      vertex 93.3845 9.67651 12.3
      vertex 93.5094 9.53874 12.3
    endloop
  endfacet
  facet normal 0 0 1
    outer loop
      vertex 118.619 9.68072 12.3
      vertex 93.3807 9.68072 12.3
      vertex 93.3845 9.67651 12.3
    endloop
  endfacet
  facet normal 0 0 1
    outer loop
      vertex 118.761 9.8094 12.3
      vertex 93.3765 9.68453 12.3
      vertex 93.3807 9.68072 12.3
    endloop
  endfacet
  facet normal 0 0 1
    outer loop
      vertex 118.761 9.8094 12.3
      vertex 93.2387 9.8094 12.3
      vertex 93.3765 9.68453 12.3
    endloop
  endfacet
  facet normal 0 0 1
    outer loop
      vertex 118.915 9.92355 12.3
      vertex 93.0894 9.92017 12.3
      vertex 93.2387 9.8094 12.3
    endloop
  endfacet
  facet normal 0 0 1
    outer loop
      vertex 118.915 9.92355 12.3
      vertex 93.0848 9.92355 12.3
      vertex 93.0894 9.92017 12.3
    endloop
  endfacet
  facet normal 0 0 1
    outer loop
      vertex 119.08 10.0221 12.3
      vertex 93.0799 9.92647 12.3
      vertex 93.0848 9.92355 12.3
    endloop
  endfacet
  facet normal 0 0 1
    outer loop
      vertex 119.08 10.0221 12.3
      vertex 92.9205 10.0221 12.3
      vertex 93.0799 9.92647 12.3
    endloop
  endfacet
  facet normal 0 0 1
    outer loop
      vertex 119.253 10.104 12.3
      vertex 92.7524 10.1016 12.3
      vertex 92.9205 10.0221 12.3
    endloop
  endfacet
  facet normal 0 0 1
    outer loop
      vertex 119.253 10.104 12.3
      vertex 92.7472 10.104 12.3
      vertex 92.7524 10.1016 12.3
    endloop
  endfacet
  facet normal 0 0 1
    outer loop
      vertex 119.433 10.1686 12.3
      vertex 92.5722 10.1666 12.3
      vertex 92.7472 10.104 12.3
    endloop
  endfacet
  facet normal 0 0 1
    outer loop
      vertex 119.433 10.1686 12.3
      vertex 92.5668 10.1686 12.3
      vertex 92.5722 10.1666 12.3
    endloop
  endfacet
  facet normal 0 0 1
    outer loop
      vertex 119.619 10.2151 12.3
      vertex 92.5613 10.1699 12.3
      vertex 92.5668 10.1686 12.3
    endloop
  endfacet
  facet normal 0 0 1
    outer loop
      vertex 119.619 10.2151 12.3
      vertex 92.3809 10.2151 12.3
      vertex 92.5613 10.1699 12.3
    endloop
  endfacet
  facet normal 0 0 1
    outer loop
      vertex 119.809 10.2432 12.3
      vertex 92.3753 10.2159 12.3
      vertex 92.3809 10.2151 12.3
    endloop
  endfacet
  facet normal 0 0 1
    outer loop
      vertex 119.809 10.2432 12.3
      vertex 92.1914 10.2432 12.3
      vertex 92.3753 10.2159 12.3
    endloop
  endfacet
  facet normal 0 0 1
    outer loop
      vertex 119.809 10.2432 12.3
      vertex 92.1857 10.2435 12.3
      vertex 92.1914 10.2432 12.3
    endloop
  endfacet
  facet normal 0 0 1
    outer loop
      vertex 119.809 10.2432 12.3
      vertex 92 10.2526 12.3
      vertex 92.1857 10.2435 12.3
    endloop
  endfacet
  facet normal -0 0 1
    outer loop
      vertex 0 16.6 12.3
      vertex 92 10.2526 12.3
      vertex 212 16.6 12.3
    endloop
  endfacet
  facet normal 0 -0 1
    outer loop
      vertex 64 10.2526 12.3
      vertex 92 10.2526 12.3
      vertex 0 16.6 12.3
    endloop
  endfacet
  facet normal 0 0 1
    outer loop
      vertex 91.8086 10.2432 12.3
      vertex 91.6191 10.2151 12.3
      vertex 91.6247 10.2159 12.3
    endloop
  endfacet
  facet normal 0 0 1
    outer loop
      vertex 91.4332 10.1686 12.3
      vertex 91.2528 10.104 12.3
      vertex 91.4278 10.1666 12.3
    endloop
  endfacet
  facet normal 0 0 -1
    outer loop
      vertex 91.2528 10.104 12.3
      vertex 91.0795 10.0221 12.3
      vertex 91.2476 10.1016 12.3
    endloop
  endfacet
  facet normal 0 0 1
    outer loop
      vertex 91.0795 10.0221 12.3
      vertex 90.9152 9.92355 12.3
      vertex 90.9201 9.92647 12.3
    endloop
  endfacet
  facet normal 0 0 -1
    outer loop
      vertex 90.9152 9.92355 12.3
      vertex 90.7613 9.8094 12.3
      vertex 90.9106 9.92017 12.3
    endloop
  endfacet
  facet normal 0 0 -1
    outer loop
      vertex 90.7613 9.8094 12.3
      vertex 90.6193 9.68072 12.3
      vertex 90.6235 9.68453 12.3
    endloop
  endfacet
  facet normal 0 0 1
    outer loop
      vertex 90.6193 9.68072 12.3
      vertex 90.4906 9.53874 12.3
      vertex 90.6155 9.67651 12.3
    endloop
  endfacet
  facet normal 0 0 1
    outer loop
      vertex 90.4906 9.53874 12.3
      vertex 90.3764 9.38482 12.3
      vertex 90.3798 9.38939 12.3
    endloop
  endfacet
  facet normal 0 0 1
    outer loop
      vertex 90.3764 9.38482 12.3
      vertex 90.2779 9.22046 12.3
      vertex 90.3735 9.37995 12.3
    endloop
  endfacet
  facet normal 0 0 1
    outer loop
      vertex 90.1314 8.86682 12.3
      vertex 90.0849 8.68094 12.3
      vertex 90.0863 8.68645 12.3
    endloop
  endfacet
  facet normal 0 0 1
    outer loop
      vertex 90.0849 8.68094 12.3
      vertex 90.0568 8.49139 12.3
      vertex 90.0841 8.67532 12.3
    endloop
  endfacet
  facet normal 0 0 -1
    outer loop
      vertex 90.0568 8.49139 12.3
      vertex 90.0474 8.3 12.3
      vertex 90.0565 8.48572 12.3
    endloop
  endfacet
  facet normal 0 0 1
    outer loop
      vertex 90.0568 8.49139 12.3
      vertex 65.9526 8.3 12.3
      vertex 90.0474 8.3 12.3
    endloop
  endfacet
  facet normal 0 0 1
    outer loop
      vertex 65.9432 8.49139 12.3
      vertex 90.0568 8.49139 12.3
      vertex 90.0849 8.68094 12.3
    endloop
  endfacet
  facet normal 0 0 1
    outer loop
      vertex 65.9151 8.68094 12.3
      vertex 90.0849 8.68094 12.3
      vertex 90.1314 8.86682 12.3
    endloop
  endfacet
  facet normal 0 0 1
    outer loop
      vertex 65.8686 8.86682 12.3
      vertex 90.1314 8.86682 12.3
      vertex 90.1941 9.04189 12.3
    endloop
  endfacet
  facet normal 0 0 1
    outer loop
      vertex 65.8686 8.86682 12.3
      vertex 90.1941 9.04189 12.3
      vertex 90.196 9.04724 12.3
    endloop
  endfacet
  facet normal 0 0 1
    outer loop
      vertex 65.804 9.04724 12.3
      vertex 90.196 9.04724 12.3
      vertex 90.1984 9.05238 12.3
    endloop
  endfacet
  facet normal 0 0 1
    outer loop
      vertex 65.804 9.04724 12.3
      vertex 90.1984 9.05238 12.3
      vertex 90.2779 9.22046 12.3
    endloop
  endfacet
  facet normal 0 0 1
    outer loop
      vertex 65.7221 9.22046 12.3
      vertex 90.2779 9.22046 12.3
      vertex 90.3764 9.38482 12.3
    endloop
  endfacet
  facet normal 0 0 1
    outer loop
      vertex 65.6236 9.38482 12.3
      vertex 90.3764 9.38482 12.3
      vertex 90.4906 9.53874 12.3
    endloop
  endfacet
  facet normal 0 0 1
    outer loop
      vertex 65.5094 9.53874 12.3
      vertex 90.4906 9.53874 12.3
      vertex 90.6193 9.68072 12.3
    endloop
  endfacet
  facet normal 0 0 1
    outer loop
      vertex 65.3807 9.68072 12.3
      vertex 90.6193 9.68072 12.3
      vertex 90.7613 9.8094 12.3
    endloop
  endfacet
  facet normal 0 0 1
    outer loop
      vertex 65.2387 9.8094 12.3
      vertex 90.7613 9.8094 12.3
      vertex 90.9152 9.92355 12.3
    endloop
  endfacet
  facet normal 0 0 1
    outer loop
      vertex 65.0848 9.92355 12.3
      vertex 90.9152 9.92355 12.3
      vertex 91.0795 10.0221 12.3
    endloop
  endfacet
  facet normal 0 0 1
    outer loop
      vertex 64.9205 10.0221 12.3
      vertex 91.0795 10.0221 12.3
      vertex 91.2528 10.104 12.3
    endloop
  endfacet
  facet normal 0 0 1
    outer loop
      vertex 64.7472 10.104 12.3
      vertex 91.2528 10.104 12.3
      vertex 91.4332 10.1686 12.3
    endloop
  endfacet
  facet normal 0 0 1
    outer loop
      vertex 64.5668 10.1686 12.3
      vertex 91.4332 10.1686 12.3
      vertex 91.4387 10.1699 12.3
    endloop
  endfacet
  facet normal 0 0 1
    outer loop
      vertex 64.5668 10.1686 12.3
      vertex 91.4387 10.1699 12.3
      vertex 91.6191 10.2151 12.3
    endloop
  endfacet
  facet normal 0 0 1
    outer loop
      vertex 64.3809 10.2151 12.3
      vertex 91.6191 10.2151 12.3
      vertex 91.8086 10.2432 12.3
    endloop
  endfacet
  facet normal 0 0 1
    outer loop
      vertex 90.0568 8.49139 12.3
      vertex 65.9524 8.30567 12.3
      vertex 65.9526 8.3 12.3
    endloop
  endfacet
  facet normal 0 0 1
    outer loop
      vertex 90.0568 8.49139 12.3
      vertex 65.9432 8.49139 12.3
      vertex 65.9524 8.30567 12.3
    endloop
  endfacet
  facet normal 0 0 1
    outer loop
      vertex 90.0849 8.68094 12.3
      vertex 65.9159 8.67532 12.3
      vertex 65.9432 8.49139 12.3
    endloop
  endfacet
  facet normal 0 0 1
    outer loop
      vertex 90.0849 8.68094 12.3
      vertex 65.9151 8.68094 12.3
      vertex 65.9159 8.67532 12.3
    endloop
  endfacet
  facet normal 0 0 1
    outer loop
      vertex 90.1314 8.86682 12.3
      vertex 65.9137 8.68645 12.3
      vertex 65.9151 8.68094 12.3
    endloop
  endfacet
  facet normal 0 0 1
    outer loop
      vertex 90.1314 8.86682 12.3
      vertex 65.8686 8.86682 12.3
      vertex 65.9137 8.68645 12.3
    endloop
  endfacet
  facet normal 0 0 1
    outer loop
      vertex 90.196 9.04724 12.3
      vertex 65.8059 9.04189 12.3
      vertex 65.8686 8.86682 12.3
    endloop
  endfacet
  facet normal 0 0 1
    outer loop
      vertex 92 10.2526 12.3
      vertex 64 10.2526 12.3
      vertex 91.8143 10.2435 12.3
    endloop
  endfacet
  facet normal 0 0 1
    outer loop
      vertex 90.196 9.04724 12.3
      vertex 65.804 9.04724 12.3
      vertex 65.8059 9.04189 12.3
    endloop
  endfacet
  facet normal 0 0 1
    outer loop
      vertex 90.2779 9.22046 12.3
      vertex 65.8016 9.05238 12.3
      vertex 65.804 9.04724 12.3
    endloop
  endfacet
  facet normal 0 0 1
    outer loop
      vertex 90.2779 9.22046 12.3
      vertex 65.7221 9.22046 12.3
      vertex 65.8016 9.05238 12.3
    endloop
  endfacet
  facet normal 0 0 1
    outer loop
      vertex 90.3764 9.38482 12.3
      vertex 65.6265 9.37995 12.3
      vertex 65.7221 9.22046 12.3
    endloop
  endfacet
  facet normal 0 0 1
    outer loop
      vertex 90.3764 9.38482 12.3
      vertex 65.6236 9.38482 12.3
      vertex 65.6265 9.37995 12.3
    endloop
  endfacet
  facet normal 0 0 1
    outer loop
      vertex 90.4906 9.53874 12.3
      vertex 65.6202 9.38939 12.3
      vertex 65.6236 9.38482 12.3
    endloop
  endfacet
  facet normal 0 0 1
    outer loop
      vertex 90.4906 9.53874 12.3
      vertex 65.5094 9.53874 12.3
      vertex 65.6202 9.38939 12.3
    endloop
  endfacet
  facet normal 0 0 1
    outer loop
      vertex 90.6193 9.68072 12.3
      vertex 65.3845 9.67651 12.3
      vertex 65.5094 9.53874 12.3
    endloop
  endfacet
  facet normal 0 0 1
    outer loop
      vertex 90.6193 9.68072 12.3
      vertex 65.3807 9.68072 12.3
      vertex 65.3845 9.67651 12.3
    endloop
  endfacet
  facet normal 0 0 1
    outer loop
      vertex 90.7613 9.8094 12.3
      vertex 65.3765 9.68453 12.3
      vertex 65.3807 9.68072 12.3
    endloop
  endfacet
  facet normal 0 0 1
    outer loop
      vertex 90.7613 9.8094 12.3
      vertex 65.2387 9.8094 12.3
      vertex 65.3765 9.68453 12.3
    endloop
  endfacet
  facet normal 0 0 1
    outer loop
      vertex 90.9152 9.92355 12.3
      vertex 65.0894 9.92017 12.3
      vertex 65.2387 9.8094 12.3
    endloop
  endfacet
  facet normal 0 0 1
    outer loop
      vertex 90.9152 9.92355 12.3
      vertex 65.0848 9.92355 12.3
      vertex 65.0894 9.92017 12.3
    endloop
  endfacet
  facet normal 0 0 1
    outer loop
      vertex 91.0795 10.0221 12.3
      vertex 65.0799 9.92647 12.3
      vertex 65.0848 9.92355 12.3
    endloop
  endfacet
  facet normal 0 0 1
    outer loop
      vertex 91.0795 10.0221 12.3
      vertex 64.9205 10.0221 12.3
      vertex 65.0799 9.92647 12.3
    endloop
  endfacet
  facet normal 0 0 1
    outer loop
      vertex 91.2528 10.104 12.3
      vertex 64.7524 10.1016 12.3
      vertex 64.9205 10.0221 12.3
    endloop
  endfacet
  facet normal 0 0 1
    outer loop
      vertex 91.2528 10.104 12.3
      vertex 64.7472 10.104 12.3
      vertex 64.7524 10.1016 12.3
    endloop
  endfacet
  facet normal 0 0 1
    outer loop
      vertex 91.4332 10.1686 12.3
      vertex 64.5722 10.1666 12.3
      vertex 64.7472 10.104 12.3
    endloop
  endfacet
  facet normal 0 0 1
    outer loop
      vertex 91.4332 10.1686 12.3
      vertex 64.5668 10.1686 12.3
      vertex 64.5722 10.1666 12.3
    endloop
  endfacet
  facet normal 0 0 1
    outer loop
      vertex 91.6191 10.2151 12.3
      vertex 64.5613 10.1699 12.3
      vertex 64.5668 10.1686 12.3
    endloop
  endfacet
  facet normal 0 0 1
    outer loop
      vertex 91.6191 10.2151 12.3
      vertex 64.3809 10.2151 12.3
      vertex 64.5613 10.1699 12.3
    endloop
  endfacet
  facet normal 0 0 1
    outer loop
      vertex 91.8086 10.2432 12.3
      vertex 64.3753 10.2159 12.3
      vertex 64.3809 10.2151 12.3
    endloop
  endfacet
  facet normal 0 0 1
    outer loop
      vertex 91.8086 10.2432 12.3
      vertex 64.1914 10.2432 12.3
      vertex 64.3753 10.2159 12.3
    endloop
  endfacet
  facet normal 0 0 1
    outer loop
      vertex 91.8086 10.2432 12.3
      vertex 64.1857 10.2435 12.3
      vertex 64.1914 10.2432 12.3
    endloop
  endfacet
  facet normal 0 0 1
    outer loop
      vertex 91.8086 10.2432 12.3
      vertex 64 10.2526 12.3
      vertex 64.1857 10.2435 12.3
    endloop
  endfacet
  facet normal 0 0 -1
    outer loop
      vertex 64 10.2526 12.3
      vertex 63.8086 10.2432 12.3
      vertex 63.8143 10.2435 12.3
    endloop
  endfacet
  facet normal 0 0 1
    outer loop
      vertex 63.8086 10.2432 12.3
      vertex 63.6191 10.2151 12.3
      vertex 63.6247 10.2159 12.3
    endloop
  endfacet
  facet normal 0 0 -1
    outer loop
      vertex 63.2528 10.104 12.3
      vertex 63.0795 10.0221 12.3
      vertex 63.2476 10.1016 12.3
    endloop
  endfacet
  facet normal 0 0 -1
    outer loop
      vertex 62.2779 9.22046 12.3
      vertex 62.196 9.04724 12.3
      vertex 62.1984 9.05238 12.3
    endloop
  endfacet
  facet normal 0 0 1
    outer loop
      vertex 62.1314 8.86682 12.3
      vertex 62.0849 8.68094 12.3
      vertex 62.0863 8.68645 12.3
    endloop
  endfacet
  facet normal 0 0 -1
    outer loop
      vertex 62.0568 8.49139 12.3
      vertex 62.0474 8.3 12.3
      vertex 62.0565 8.48572 12.3
    endloop
  endfacet
  facet normal 0 0 1
    outer loop
      vertex 62.0568 8.49139 12.3
      vertex 37.9526 8.3 12.3
      vertex 62.0474 8.3 12.3
    endloop
  endfacet
  facet normal 0 0 1
    outer loop
      vertex 37.9432 8.49139 12.3
      vertex 62.0568 8.49139 12.3
      vertex 62.0841 8.67532 12.3
    endloop
  endfacet
  facet normal 0 0 1
    outer loop
      vertex 37.9432 8.49139 12.3
      vertex 62.0841 8.67532 12.3
      vertex 62.0849 8.68094 12.3
    endloop
  endfacet
  facet normal 0 0 1
    outer loop
      vertex 37.9151 8.68094 12.3
      vertex 62.0849 8.68094 12.3
      vertex 62.1314 8.86682 12.3
    endloop
  endfacet
  facet normal 0 0 1
    outer loop
      vertex 37.8686 8.86682 12.3
      vertex 62.1314 8.86682 12.3
      vertex 62.1941 9.04189 12.3
    endloop
  endfacet
  facet normal 0 0 1
    outer loop
      vertex 37.8686 8.86682 12.3
      vertex 62.1941 9.04189 12.3
      vertex 62.196 9.04724 12.3
    endloop
  endfacet
  facet normal 0 0 1
    outer loop
      vertex 37.804 9.04724 12.3
      vertex 62.196 9.04724 12.3
      vertex 62.2779 9.22046 12.3
    endloop
  endfacet
  facet normal 0 0 1
    outer loop
      vertex 37.7221 9.22046 12.3
      vertex 62.2779 9.22046 12.3
      vertex 62.3735 9.37995 12.3
    endloop
  endfacet
  facet normal 0 0 1
    outer loop
      vertex 37.7221 9.22046 12.3
      vertex 62.3735 9.37995 12.3
      vertex 62.3764 9.38482 12.3
    endloop
  endfacet
  facet normal 0 0 1
    outer loop
      vertex 37.6236 9.38482 12.3
      vertex 62.3764 9.38482 12.3
      vertex 62.3798 9.38939 12.3
    endloop
  endfacet
  facet normal 0 0 1
    outer loop
      vertex 37.6236 9.38482 12.3
      vertex 62.3798 9.38939 12.3
      vertex 62.4906 9.53874 12.3
    endloop
  endfacet
  facet normal 0 0 1
    outer loop
      vertex 37.5094 9.53874 12.3
      vertex 62.4906 9.53874 12.3
      vertex 62.6155 9.67651 12.3
    endloop
  endfacet
  facet normal 0 0 1
    outer loop
      vertex 37.5094 9.53874 12.3
      vertex 62.6155 9.67651 12.3
      vertex 62.6193 9.68072 12.3
    endloop
  endfacet
  facet normal 0 0 1
    outer loop
      vertex 37.3807 9.68072 12.3
      vertex 62.6193 9.68072 12.3
      vertex 62.6235 9.68453 12.3
    endloop
  endfacet
  facet normal 0 0 1
    outer loop
      vertex 37.3807 9.68072 12.3
      vertex 62.6235 9.68453 12.3
      vertex 62.7613 9.8094 12.3
    endloop
  endfacet
  facet normal 0 0 1
    outer loop
      vertex 37.2387 9.8094 12.3
      vertex 62.7613 9.8094 12.3
      vertex 62.9106 9.92017 12.3
    endloop
  endfacet
  facet normal 0 0 1
    outer loop
      vertex 37.2387 9.8094 12.3
      vertex 62.9106 9.92017 12.3
      vertex 62.9152 9.92355 12.3
    endloop
  endfacet
  facet normal 0 0 1
    outer loop
      vertex 37.0848 9.92355 12.3
      vertex 62.9152 9.92355 12.3
      vertex 62.92 9.92647 12.3
    endloop
  endfacet
  facet normal 0 0 1
    outer loop
      vertex 37.0848 9.92355 12.3
      vertex 62.92 9.92647 12.3
      vertex 63.0795 10.0221 12.3
    endloop
  endfacet
  facet normal 0 0 1
    outer loop
      vertex 36.9205 10.0221 12.3
      vertex 63.0795 10.0221 12.3
      vertex 63.2528 10.104 12.3
    endloop
  endfacet
  facet normal 0 0 1
    outer loop
      vertex 36.7472 10.104 12.3
      vertex 63.2528 10.104 12.3
      vertex 63.4278 10.1666 12.3
    endloop
  endfacet
  facet normal 0 0 1
    outer loop
      vertex 36.7472 10.104 12.3
      vertex 63.4278 10.1666 12.3
      vertex 63.4332 10.1686 12.3
    endloop
  endfacet
  facet normal 0 0 1
    outer loop
      vertex 36.5668 10.1686 12.3
      vertex 63.4332 10.1686 12.3
      vertex 63.4387 10.1699 12.3
    endloop
  endfacet
  facet normal 0 0 1
    outer loop
      vertex 36.5668 10.1686 12.3
      vertex 63.4387 10.1699 12.3
      vertex 63.6191 10.2151 12.3
    endloop
  endfacet
  facet normal 0 0 1
    outer loop
      vertex 36.3809 10.2151 12.3
      vertex 63.6191 10.2151 12.3
      vertex 63.8086 10.2432 12.3
    endloop
  endfacet
  facet normal 0 0 1
    outer loop
      vertex 62.0568 8.49139 12.3
      vertex 37.9524 8.30567 12.3
      vertex 37.9526 8.3 12.3
    endloop
  endfacet
  facet normal 0 0 1
    outer loop
      vertex 62.0568 8.49139 12.3
      vertex 37.9432 8.49139 12.3
      vertex 37.9524 8.30567 12.3
    endloop
  endfacet
  facet normal 0 0 1
    outer loop
      vertex 62.0849 8.68094 12.3
      vertex 37.9159 8.67532 12.3
      vertex 37.9432 8.49139 12.3
    endloop
  endfacet
  facet normal 0 0 1
    outer loop
      vertex 62.0849 8.68094 12.3
      vertex 37.9151 8.68094 12.3
      vertex 37.9159 8.67532 12.3
    endloop
  endfacet
  facet normal 0 0 1
    outer loop
      vertex 62.1314 8.86682 12.3
      vertex 37.9137 8.68645 12.3
      vertex 37.9151 8.68094 12.3
    endloop
  endfacet
  facet normal 0 0 1
    outer loop
      vertex 62.1314 8.86682 12.3
      vertex 37.8686 8.86682 12.3
      vertex 37.9137 8.68645 12.3
    endloop
  endfacet
  facet normal 0 0 1
    outer loop
      vertex 62.196 9.04724 12.3
      vertex 37.8059 9.04189 12.3
      vertex 37.8686 8.86682 12.3
    endloop
  endfacet
  facet normal 0 0 1
    outer loop
      vertex 0 16.6 12.3
      vertex 63.8086 10.2432 12.3
      vertex 64 10.2526 12.3
    endloop
  endfacet
  facet normal 0 0 1
    outer loop
      vertex 62.196 9.04724 12.3
      vertex 37.804 9.04724 12.3
      vertex 37.8059 9.04189 12.3
    endloop
  endfacet
  facet normal 0 0 1
    outer loop
      vertex 62.2779 9.22046 12.3
      vertex 37.8016 9.05238 12.3
      vertex 37.804 9.04724 12.3
    endloop
  endfacet
  facet normal 0 0 1
    outer loop
      vertex 62.2779 9.22046 12.3
      vertex 37.7221 9.22046 12.3
      vertex 37.8016 9.05238 12.3
    endloop
  endfacet
  facet normal 0 0 1
    outer loop
      vertex 91.8143 10.2435 12.3
      vertex 64 10.2526 12.3
      vertex 91.8086 10.2432 12.3
    endloop
  endfacet
  facet normal 0 0 1
    outer loop
      vertex 62.3764 9.38482 12.3
      vertex 37.6265 9.37995 12.3
      vertex 37.7221 9.22046 12.3
    endloop
  endfacet
  facet normal 0 0 1
    outer loop
      vertex 62.3764 9.38482 12.3
      vertex 37.6236 9.38482 12.3
      vertex 37.6265 9.37995 12.3
    endloop
  endfacet
  facet normal 0 0 1
    outer loop
      vertex 62.4906 9.53874 12.3
      vertex 37.6202 9.38939 12.3
      vertex 37.6236 9.38482 12.3
    endloop
  endfacet
  facet normal 0 0 1
    outer loop
      vertex 62.4906 9.53874 12.3
      vertex 37.5094 9.53874 12.3
      vertex 37.6202 9.38939 12.3
    endloop
  endfacet
  facet normal 0 0 1
    outer loop
      vertex 62.6193 9.68072 12.3
      vertex 37.3845 9.67651 12.3
      vertex 37.5094 9.53874 12.3
    endloop
  endfacet
  facet normal 0 0 1
    outer loop
      vertex 62.6193 9.68072 12.3
      vertex 37.3807 9.68072 12.3
      vertex 37.3845 9.67651 12.3
    endloop
  endfacet
  facet normal 0 0 1
    outer loop
      vertex 62.7613 9.8094 12.3
      vertex 37.3765 9.68453 12.3
      vertex 37.3807 9.68072 12.3
    endloop
  endfacet
  facet normal 0 0 1
    outer loop
      vertex 62.7613 9.8094 12.3
      vertex 37.2387 9.8094 12.3
      vertex 37.3765 9.68453 12.3
    endloop
  endfacet
  facet normal 0 0 1
    outer loop
      vertex 62.9152 9.92355 12.3
      vertex 37.0894 9.92017 12.3
      vertex 37.2387 9.8094 12.3
    endloop
  endfacet
  facet normal 0 0 1
    outer loop
      vertex 62.9152 9.92355 12.3
      vertex 37.0848 9.92355 12.3
      vertex 37.0894 9.92017 12.3
    endloop
  endfacet
  facet normal 0 0 1
    outer loop
      vertex 63.0795 10.0221 12.3
      vertex 37.08 9.92647 12.3
      vertex 37.0848 9.92355 12.3
    endloop
  endfacet
  facet normal 0 0 1
    outer loop
      vertex 63.0795 10.0221 12.3
      vertex 36.9205 10.0221 12.3
      vertex 37.08 9.92647 12.3
    endloop
  endfacet
  facet normal 0 0 1
    outer loop
      vertex 63.2528 10.104 12.3
      vertex 36.7524 10.1016 12.3
      vertex 36.9205 10.0221 12.3
    endloop
  endfacet
  facet normal 0 0 1
    outer loop
      vertex 63.2528 10.104 12.3
      vertex 36.7472 10.104 12.3
      vertex 36.7524 10.1016 12.3
    endloop
  endfacet
  facet normal 0 0 1
    outer loop
      vertex 63.4332 10.1686 12.3
      vertex 36.5722 10.1666 12.3
      vertex 36.7472 10.104 12.3
    endloop
  endfacet
  facet normal 0 0 1
    outer loop
      vertex 63.4332 10.1686 12.3
      vertex 36.5668 10.1686 12.3
      vertex 36.5722 10.1666 12.3
    endloop
  endfacet
  facet normal 0 0 1
    outer loop
      vertex 63.6191 10.2151 12.3
      vertex 36.5613 10.1699 12.3
      vertex 36.5668 10.1686 12.3
    endloop
  endfacet
  facet normal 0 0 1
    outer loop
      vertex 63.6191 10.2151 12.3
      vertex 36.3809 10.2151 12.3
      vertex 36.5613 10.1699 12.3
    endloop
  endfacet
  facet normal 0 0 1
    outer loop
      vertex 63.8086 10.2432 12.3
      vertex 36.3753 10.2159 12.3
      vertex 36.3809 10.2151 12.3
    endloop
  endfacet
  facet normal 0 0 1
    outer loop
      vertex 63.8086 10.2432 12.3
      vertex 36.1914 10.2432 12.3
      vertex 36.3753 10.2159 12.3
    endloop
  endfacet
  facet normal 0 0 1
    outer loop
      vertex 63.8086 10.2432 12.3
      vertex 0 16.6 12.3
      vertex 36.1914 10.2432 12.3
    endloop
  endfacet
  facet normal 0 0 1
    outer loop
      vertex 36.1914 10.2432 12.3
      vertex 0 16.6 12.3
      vertex 36.1857 10.2435 12.3
    endloop
  endfacet
  facet normal 0 0 -1
    outer loop
      vertex 36 10.2526 12.3
      vertex 35.8086 10.2432 12.3
      vertex 35.8143 10.2435 12.3
    endloop
  endfacet
  facet normal 0 0 1
    outer loop
      vertex 35.8086 10.2432 12.3
      vertex 35.6191 10.2151 12.3
      vertex 35.6247 10.2159 12.3
    endloop
  endfacet
  facet normal 0 0 -1
    outer loop
      vertex 35.2528 10.104 12.3
      vertex 35.0795 10.0221 12.3
      vertex 35.2476 10.1016 12.3
    endloop
  endfacet
  facet normal 0 0 -1
    outer loop
      vertex 34.2779 9.22046 12.3
      vertex 34.196 9.04724 12.3
      vertex 34.1984 9.05238 12.3
    endloop
  endfacet
  facet normal 0 0 1
    outer loop
      vertex 34.1314 8.86682 12.3
      vertex 34.0849 8.68094 12.3
      vertex 34.0863 8.68645 12.3
    endloop
  endfacet
  facet normal 0 0 -1
    outer loop
      vertex 34.0568 8.49139 12.3
      vertex 34.0474 8.3 12.3
      vertex 34.0565 8.48572 12.3
    endloop
  endfacet
  facet normal 0 0 1
    outer loop
      vertex 34.0568 8.49139 12.3
      vertex 9.95263 8.3 12.3
      vertex 34.0474 8.3 12.3
    endloop
  endfacet
  facet normal 0 0 1
    outer loop
      vertex 9.94323 8.49139 12.3
      vertex 34.0568 8.49139 12.3
      vertex 34.0841 8.67532 12.3
    endloop
  endfacet
  facet normal 0 0 1
    outer loop
      vertex 9.94323 8.49139 12.3
      vertex 34.0841 8.67532 12.3
      vertex 34.0849 8.68094 12.3
    endloop
  endfacet
  facet normal 0 0 1
    outer loop
      vertex 9.91511 8.68094 12.3
      vertex 34.0849 8.68094 12.3
      vertex 34.1314 8.86682 12.3
    endloop
  endfacet
  facet normal 0 0 1
    outer loop
      vertex 9.86855 8.86682 12.3
      vertex 34.1314 8.86682 12.3
      vertex 34.1941 9.04189 12.3
    endloop
  endfacet
  facet normal 0 0 1
    outer loop
      vertex 9.86855 8.86682 12.3
      vertex 34.1941 9.04189 12.3
      vertex 34.196 9.04724 12.3
    endloop
  endfacet
  facet normal 0 0 1
    outer loop
      vertex 9.804 9.04724 12.3
      vertex 34.196 9.04724 12.3
      vertex 34.2779 9.22046 12.3
    endloop
  endfacet
  facet normal 0 0 1
    outer loop
      vertex 9.72207 9.22046 12.3
      vertex 34.2779 9.22046 12.3
      vertex 34.3735 9.37995 12.3
    endloop
  endfacet
  facet normal 0 0 1
    outer loop
      vertex 9.72207 9.22046 12.3
      vertex 34.3735 9.37995 12.3
      vertex 34.3764 9.38482 12.3
    endloop
  endfacet
  facet normal 0 0 1
    outer loop
      vertex 9.62355 9.38482 12.3
      vertex 34.3764 9.38482 12.3
      vertex 34.3798 9.38939 12.3
    endloop
  endfacet
  facet normal 0 0 1
    outer loop
      vertex 9.62355 9.38482 12.3
      vertex 34.3798 9.38939 12.3
      vertex 34.4906 9.53874 12.3
    endloop
  endfacet
  facet normal 0 0 1
    outer loop
      vertex 9.5094 9.53874 12.3
      vertex 34.4906 9.53874 12.3
      vertex 34.6155 9.67651 12.3
    endloop
  endfacet
  facet normal 0 0 1
    outer loop
      vertex 9.5094 9.53874 12.3
      vertex 34.6155 9.67651 12.3
      vertex 34.6193 9.68072 12.3
    endloop
  endfacet
  facet normal 0 0 1
    outer loop
      vertex 9.38072 9.68072 12.3
      vertex 34.6193 9.68072 12.3
      vertex 34.6235 9.68453 12.3
    endloop
  endfacet
  facet normal 0 0 1
    outer loop
      vertex 9.38072 9.68072 12.3
      vertex 34.6235 9.68453 12.3
      vertex 34.7613 9.8094 12.3
    endloop
  endfacet
  facet normal 0 0 1
    outer loop
      vertex 9.23874 9.8094 12.3
      vertex 34.7613 9.8094 12.3
      vertex 34.9106 9.92017 12.3
    endloop
  endfacet
  facet normal 0 0 1
    outer loop
      vertex 9.23874 9.8094 12.3
      vertex 34.9106 9.92017 12.3
      vertex 34.9152 9.92355 12.3
    endloop
  endfacet
  facet normal 0 0 1
    outer loop
      vertex 9.08482 9.92355 12.3
      vertex 34.9152 9.92355 12.3
      vertex 34.92 9.92647 12.3
    endloop
  endfacet
  facet normal 0 0 1
    outer loop
      vertex 9.08482 9.92355 12.3
      vertex 34.92 9.92647 12.3
      vertex 35.0795 10.0221 12.3
    endloop
  endfacet
  facet normal 0 0 1
    outer loop
      vertex 0 16.6 12.3
      vertex 35.0795 10.0221 12.3
      vertex 35.2528 10.104 12.3
    endloop
  endfacet
  facet normal 0 0 1
    outer loop
      vertex 0 16.6 12.3
      vertex 35.2528 10.104 12.3
      vertex 35.4278 10.1666 12.3
    endloop
  endfacet
  facet normal 0 0 1
    outer loop
      vertex 0 16.6 12.3
      vertex 35.4278 10.1666 12.3
      vertex 35.4332 10.1686 12.3
    endloop
  endfacet
  facet normal 0 0 1
    outer loop
      vertex 0 16.6 12.3
      vertex 35.4332 10.1686 12.3
      vertex 35.4387 10.1699 12.3
    endloop
  endfacet
  facet normal 0 0 1
    outer loop
      vertex 0 16.6 12.3
      vertex 35.4387 10.1699 12.3
      vertex 35.6191 10.2151 12.3
    endloop
  endfacet
  facet normal 0 0 1
    outer loop
      vertex 0 16.6 12.3
      vertex 35.6191 10.2151 12.3
      vertex 35.8086 10.2432 12.3
    endloop
  endfacet
  facet normal 0 0 1
    outer loop
      vertex 34.0568 8.49139 12.3
      vertex 9.95235 8.30567 12.3
      vertex 9.95263 8.3 12.3
    endloop
  endfacet
  facet normal 0 0 1
    outer loop
      vertex 34.0568 8.49139 12.3
      vertex 9.94323 8.49139 12.3
      vertex 9.95235 8.30567 12.3
    endloop
  endfacet
  facet normal 0 0 1
    outer loop
      vertex 34.0849 8.68094 12.3
      vertex 9.91595 8.67532 12.3
      vertex 9.94323 8.49139 12.3
    endloop
  endfacet
  facet normal 0 0 1
    outer loop
      vertex 34.0849 8.68094 12.3
      vertex 9.91511 8.68094 12.3
      vertex 9.91595 8.67532 12.3
    endloop
  endfacet
  facet normal 0 0 1
    outer loop
      vertex 34.1314 8.86682 12.3
      vertex 9.91373 8.68645 12.3
      vertex 9.91511 8.68094 12.3
    endloop
  endfacet
  facet normal 0 0 1
    outer loop
      vertex 34.1314 8.86682 12.3
      vertex 9.86855 8.86682 12.3
      vertex 9.91373 8.68645 12.3
    endloop
  endfacet
  facet normal 0 0 1
    outer loop
      vertex 34.196 9.04724 12.3
      vertex 9.80591 9.04189 12.3
      vertex 9.86855 8.86682 12.3
    endloop
  endfacet
  facet normal 0 0 1
    outer loop
      vertex 0 16.6 12.3
      vertex 35.8086 10.2432 12.3
      vertex 36 10.2526 12.3
    endloop
  endfacet
  facet normal 0 0 1
    outer loop
      vertex 34.196 9.04724 12.3
      vertex 9.804 9.04724 12.3
      vertex 9.80591 9.04189 12.3
    endloop
  endfacet
  facet normal 0 0 1
    outer loop
      vertex 34.2779 9.22046 12.3
      vertex 9.80157 9.05238 12.3
      vertex 9.804 9.04724 12.3
    endloop
  endfacet
  facet normal 0 0 1
    outer loop
      vertex 34.2779 9.22046 12.3
      vertex 9.72207 9.22046 12.3
      vertex 9.80157 9.05238 12.3
    endloop
  endfacet
  facet normal 0 0 1
    outer loop
      vertex 34.3764 9.38482 12.3
      vertex 9.62647 9.37995 12.3
      vertex 9.72207 9.22046 12.3
    endloop
  endfacet
  facet normal 0 0 1
    outer loop
      vertex 36.1857 10.2435 12.3
      vertex 0 16.6 12.3
      vertex 36 10.2526 12.3
    endloop
  endfacet
  facet normal 0 0 1
    outer loop
      vertex 34.3764 9.38482 12.3
      vertex 9.62355 9.38482 12.3
      vertex 9.62647 9.37995 12.3
    endloop
  endfacet
  facet normal 0 0 1
    outer loop
      vertex 34.4906 9.53874 12.3
      vertex 9.62017 9.38939 12.3
      vertex 9.62355 9.38482 12.3
    endloop
  endfacet
  facet normal 0 0 1
    outer loop
      vertex 34.4906 9.53874 12.3
      vertex 9.5094 9.53874 12.3
      vertex 9.62017 9.38939 12.3
    endloop
  endfacet
  facet normal 0 0 1
    outer loop
      vertex 34.6193 9.68072 12.3
      vertex 9.38453 9.67651 12.3
      vertex 9.5094 9.53874 12.3
    endloop
  endfacet
  facet normal 0 0 1
    outer loop
      vertex 34.6193 9.68072 12.3
      vertex 9.38072 9.68072 12.3
      vertex 9.38453 9.67651 12.3
    endloop
  endfacet
  facet normal 0 0 1
    outer loop
      vertex 34.7613 9.8094 12.3
      vertex 9.37651 9.68453 12.3
      vertex 9.38072 9.68072 12.3
    endloop
  endfacet
  facet normal 0 0 1
    outer loop
      vertex 34.7613 9.8094 12.3
      vertex 9.23874 9.8094 12.3
      vertex 9.37651 9.68453 12.3
    endloop
  endfacet
  facet normal 0 0 1
    outer loop
      vertex 34.9152 9.92355 12.3
      vertex 9.08939 9.92017 12.3
      vertex 9.23874 9.8094 12.3
    endloop
  endfacet
  facet normal 0 0 1
    outer loop
      vertex 34.9152 9.92355 12.3
      vertex 9.08482 9.92355 12.3
      vertex 9.08939 9.92017 12.3
    endloop
  endfacet
  facet normal 0 0 1
    outer loop
      vertex 35.0795 10.0221 12.3
      vertex 0 16.6 12.3
      vertex 8.92046 10.0221 12.3
    endloop
  endfacet
  facet normal 0 0 1
    outer loop
      vertex 35.0795 10.0221 12.3
      vertex 9.07995 9.92647 12.3
      vertex 9.08482 9.92355 12.3
    endloop
  endfacet
  facet normal 0 0 1
    outer loop
      vertex 35.0795 10.0221 12.3
      vertex 8.92046 10.0221 12.3
      vertex 9.07995 9.92647 12.3
    endloop
  endfacet
  facet normal 0 0 1
    outer loop
      vertex 8.92046 10.0221 12.3
      vertex 0 16.6 12.3
      vertex 8.75238 10.1016 12.3
    endloop
  endfacet
  facet normal 0 0 1
    outer loop
      vertex 8.75238 10.1016 12.3
      vertex 0 16.6 12.3
      vertex 8.74724 10.104 12.3
    endloop
  endfacet
  facet normal 0 0 1
    outer loop
      vertex 8.74724 10.104 12.3
      vertex 0 16.6 12.3
      vertex 8.57217 10.1666 12.3
    endloop
  endfacet
  facet normal 0 0 1
    outer loop
      vertex 8.57217 10.1666 12.3
      vertex 0 16.6 12.3
      vertex 8.56682 10.1686 12.3
    endloop
  endfacet
  facet normal 0 0 1
    outer loop
      vertex 8.56682 10.1686 12.3
      vertex 0 16.6 12.3
      vertex 8.56131 10.1699 12.3
    endloop
  endfacet
  facet normal 0 0 1
    outer loop
      vertex 8.56131 10.1699 12.3
      vertex 0 16.6 12.3
      vertex 8.38094 10.2151 12.3
    endloop
  endfacet
  facet normal 0 0 1
    outer loop
      vertex 8.38094 10.2151 12.3
      vertex 0 16.6 12.3
      vertex 8.37532 10.2159 12.3
    endloop
  endfacet
  facet normal 0 0 1
    outer loop
      vertex 8.37532 10.2159 12.3
      vertex 0 16.6 12.3
      vertex 8.19139 10.2432 12.3
    endloop
  endfacet
  facet normal 0 0 1
    outer loop
      vertex 8.19139 10.2432 12.3
      vertex 0 16.6 12.3
      vertex 8.18572 10.2435 12.3
    endloop
  endfacet
  facet normal 0 0 1
    outer loop
      vertex 0 16.6 12.3
      vertex 7.81428 10.2435 12.3
      vertex 8 10.2526 12.3
    endloop
  endfacet
  facet normal 0 0 1
    outer loop
      vertex 0 16.6 12.3
      vertex 7.62468 10.2159 12.3
      vertex 7.80861 10.2432 12.3
    endloop
  endfacet
  facet normal 0 0 1
    outer loop
      vertex 0 16.6 12.3
      vertex 6.91061 9.92017 12.3
      vertex 6.91518 9.92355 12.3
    endloop
  endfacet
  facet normal 0 0 1
    outer loop
      vertex 0 16.6 12.3
      vertex 6.62349 9.68453 12.3
      vertex 6.76126 9.8094 12.3
    endloop
  endfacet
  facet normal 0 0 1
    outer loop
      vertex 0 16.6 12.3
      vertex 6.61547 9.67651 12.3
      vertex 6.61928 9.68072 12.3
    endloop
  endfacet
  facet normal 0 0 1
    outer loop
      vertex 0 16.6 12.3
      vertex 6.19843 9.05238 12.3
      vertex 6.27793 9.22046 12.3
    endloop
  endfacet
  facet normal 0 0 1
    outer loop
      vertex 0 16.6 12.3
      vertex 6.08405 8.67532 12.3
      vertex 6.08489 8.68094 12.3
    endloop
  endfacet
  facet normal 0 0 1
    outer loop
      vertex 6.05649 8.48572 12.3
      vertex 0 16.6 12.3
      vertex 6.04737 8.3 12.3
    endloop
  endfacet
  facet normal 0 0 1
    outer loop
      vertex 6.05677 8.49139 12.3
      vertex 0 16.6 12.3
      vertex 6.05649 8.48572 12.3
    endloop
  endfacet
  facet normal 0 0 1
    outer loop
      vertex 6.08405 8.67532 12.3
      vertex 0 16.6 12.3
      vertex 6.05677 8.49139 12.3
    endloop
  endfacet
  facet normal 0 0 1
    outer loop
      vertex 6.08627 8.68645 12.3
      vertex 0 16.6 12.3
      vertex 6.08489 8.68094 12.3
    endloop
  endfacet
  facet normal 0 0 1
    outer loop
      vertex 6.13145 8.86682 12.3
      vertex 0 16.6 12.3
      vertex 6.08627 8.68645 12.3
    endloop
  endfacet
  facet normal 0 0 1
    outer loop
      vertex 6.19409 9.04189 12.3
      vertex 0 16.6 12.3
      vertex 6.13145 8.86682 12.3
    endloop
  endfacet
  facet normal 0 0 1
    outer loop
      vertex 6.196 9.04724 12.3
      vertex 0 16.6 12.3
      vertex 6.19409 9.04189 12.3
    endloop
  endfacet
  facet normal 0 0 1
    outer loop
      vertex 6.19843 9.05238 12.3
      vertex 0 16.6 12.3
      vertex 6.196 9.04724 12.3
    endloop
  endfacet
  facet normal 0 0 1
    outer loop
      vertex 6.37352 9.37995 12.3
      vertex 0 16.6 12.3
      vertex 6.27793 9.22046 12.3
    endloop
  endfacet
  facet normal 0 0 1
    outer loop
      vertex 6.37645 9.38482 12.3
      vertex 0 16.6 12.3
      vertex 6.37352 9.37995 12.3
    endloop
  endfacet
  facet normal 0 0 1
    outer loop
      vertex 6.37983 9.38939 12.3
      vertex 0 16.6 12.3
      vertex 6.37645 9.38482 12.3
    endloop
  endfacet
  facet normal 0 0 1
    outer loop
      vertex 6.49059 9.53874 12.3
      vertex 0 16.6 12.3
      vertex 6.37983 9.38939 12.3
    endloop
  endfacet
  facet normal 0 0 1
    outer loop
      vertex 6.61547 9.67651 12.3
      vertex 0 16.6 12.3
      vertex 6.49059 9.53874 12.3
    endloop
  endfacet
  facet normal 0 0 1
    outer loop
      vertex 6.62349 9.68453 12.3
      vertex 0 16.6 12.3
      vertex 6.61928 9.68072 12.3
    endloop
  endfacet
  facet normal 0 0 1
    outer loop
      vertex 6.91061 9.92017 12.3
      vertex 0 16.6 12.3
      vertex 6.76126 9.8094 12.3
    endloop
  endfacet
  facet normal 0 0 1
    outer loop
      vertex 6.92005 9.92647 12.3
      vertex 0 16.6 12.3
      vertex 6.91518 9.92355 12.3
    endloop
  endfacet
  facet normal 0 0 1
    outer loop
      vertex 7.07954 10.0221 12.3
      vertex 0 16.6 12.3
      vertex 6.92005 9.92647 12.3
    endloop
  endfacet
  facet normal 0 0 1
    outer loop
      vertex 7.24762 10.1016 12.3
      vertex 0 16.6 12.3
      vertex 7.07954 10.0221 12.3
    endloop
  endfacet
  facet normal 0 0 1
    outer loop
      vertex 7.25276 10.104 12.3
      vertex 0 16.6 12.3
      vertex 7.24762 10.1016 12.3
    endloop
  endfacet
  facet normal 0 0 1
    outer loop
      vertex 7.42783 10.1666 12.3
      vertex 0 16.6 12.3
      vertex 7.25276 10.104 12.3
    endloop
  endfacet
  facet normal 0 0 1
    outer loop
      vertex 7.43318 10.1686 12.3
      vertex 0 16.6 12.3
      vertex 7.42783 10.1666 12.3
    endloop
  endfacet
  facet normal 0 0 1
    outer loop
      vertex 7.43869 10.1699 12.3
      vertex 0 16.6 12.3
      vertex 7.43318 10.1686 12.3
    endloop
  endfacet
  facet normal 0 0 1
    outer loop
      vertex 7.61906 10.2151 12.3
      vertex 0 16.6 12.3
      vertex 7.43869 10.1699 12.3
    endloop
  endfacet
  facet normal 0 0 1
    outer loop
      vertex 7.62468 10.2159 12.3
      vertex 0 16.6 12.3
      vertex 7.61906 10.2151 12.3
    endloop
  endfacet
  facet normal 0 0 1
    outer loop
      vertex 7.81428 10.2435 12.3
      vertex 0 16.6 12.3
      vertex 7.80861 10.2432 12.3
    endloop
  endfacet
  facet normal 0 0 1
    outer loop
      vertex 8.18572 10.2435 12.3
      vertex 0 16.6 12.3
      vertex 8 10.2526 12.3
    endloop
  endfacet
  facet normal -0 0 1
    outer loop
      vertex 205.952 8.29432 12.3
      vertex 212 0 12.3
      vertex 205.953 8.3 12.3
    endloop
  endfacet
  facet normal -0 0 1
    outer loop
      vertex 205.943 8.10861 12.3
      vertex 212 0 12.3
      vertex 205.952 8.29432 12.3
    endloop
  endfacet
  facet normal -0 0 1
    outer loop
      vertex 205.916 7.92468 12.3
      vertex 212 0 12.3
      vertex 205.943 8.10861 12.3
    endloop
  endfacet
  facet normal -0 0 1
    outer loop
      vertex 205.915 7.91906 12.3
      vertex 212 0 12.3
      vertex 205.916 7.92468 12.3
    endloop
  endfacet
  facet normal -0 0 1
    outer loop
      vertex 205.914 7.91355 12.3
      vertex 212 0 12.3
      vertex 205.915 7.91906 12.3
    endloop
  endfacet
  facet normal -0 0 1
    outer loop
      vertex 205.869 7.73318 12.3
      vertex 212 0 12.3
      vertex 205.914 7.91355 12.3
    endloop
  endfacet
  facet normal -0 0 1
    outer loop
      vertex 205.806 7.55811 12.3
      vertex 212 0 12.3
      vertex 205.869 7.73318 12.3
    endloop
  endfacet
  facet normal -0 0 1
    outer loop
      vertex 205.804 7.55276 12.3
      vertex 212 0 12.3
      vertex 205.806 7.55811 12.3
    endloop
  endfacet
  facet normal -0 0 1
    outer loop
      vertex 205.802 7.54762 12.3
      vertex 212 0 12.3
      vertex 205.804 7.55276 12.3
    endloop
  endfacet
  facet normal -0 0 1
    outer loop
      vertex 205.722 7.37954 12.3
      vertex 212 0 12.3
      vertex 205.802 7.54762 12.3
    endloop
  endfacet
  facet normal -0 0 1
    outer loop
      vertex 205.626 7.22005 12.3
      vertex 212 0 12.3
      vertex 205.722 7.37954 12.3
    endloop
  endfacet
  facet normal -0 0 1
    outer loop
      vertex 205.624 7.21518 12.3
      vertex 212 0 12.3
      vertex 205.626 7.22005 12.3
    endloop
  endfacet
  facet normal -0 0 1
    outer loop
      vertex 205.62 7.21061 12.3
      vertex 212 0 12.3
      vertex 205.624 7.21518 12.3
    endloop
  endfacet
  facet normal -0 0 1
    outer loop
      vertex 205.509 7.06126 12.3
      vertex 212 0 12.3
      vertex 205.62 7.21061 12.3
    endloop
  endfacet
  facet normal -0 0 1
    outer loop
      vertex 205.385 6.92349 12.3
      vertex 212 0 12.3
      vertex 205.509 7.06126 12.3
    endloop
  endfacet
  facet normal -0 0 1
    outer loop
      vertex 205.381 6.91928 12.3
      vertex 212 0 12.3
      vertex 205.385 6.92349 12.3
    endloop
  endfacet
  facet normal -0 0 1
    outer loop
      vertex 205.377 6.91547 12.3
      vertex 212 0 12.3
      vertex 205.381 6.91928 12.3
    endloop
  endfacet
  facet normal -0 0 1
    outer loop
      vertex 205.239 6.7906 12.3
      vertex 212 0 12.3
      vertex 205.377 6.91547 12.3
    endloop
  endfacet
  facet normal -0 0 1
    outer loop
      vertex 205.234 6.78721 12.3
      vertex 212 0 12.3
      vertex 205.239 6.7906 12.3
    endloop
  endfacet
  facet normal -0 0 1
    outer loop
      vertex 205.085 6.67645 12.3
      vertex 212 0 12.3
      vertex 205.234 6.78721 12.3
    endloop
  endfacet
  facet normal -0 0 1
    outer loop
      vertex 204.925 6.58085 12.3
      vertex 212 0 12.3
      vertex 205.085 6.67645 12.3
    endloop
  endfacet
  facet normal -0 0 1
    outer loop
      vertex 204.92 6.57793 12.3
      vertex 212 0 12.3
      vertex 204.925 6.58085 12.3
    endloop
  endfacet
  facet normal -0 0 1
    outer loop
      vertex 204.752 6.49843 12.3
      vertex 212 0 12.3
      vertex 204.92 6.57793 12.3
    endloop
  endfacet
  facet normal -0 0 1
    outer loop
      vertex 204.747 6.496 12.3
      vertex 212 0 12.3
      vertex 204.752 6.49843 12.3
    endloop
  endfacet
  facet normal -0 0 1
    outer loop
      vertex 204.742 6.49409 12.3
      vertex 212 0 12.3
      vertex 204.747 6.496 12.3
    endloop
  endfacet
  facet normal -0 0 1
    outer loop
      vertex 204.567 6.43145 12.3
      vertex 212 0 12.3
      vertex 204.742 6.49409 12.3
    endloop
  endfacet
  facet normal -0 0 1
    outer loop
      vertex 204.386 6.38627 12.3
      vertex 212 0 12.3
      vertex 204.567 6.43145 12.3
    endloop
  endfacet
  facet normal -0 0 1
    outer loop
      vertex 204.381 6.38489 12.3
      vertex 212 0 12.3
      vertex 204.386 6.38627 12.3
    endloop
  endfacet
  facet normal -0 0 1
    outer loop
      vertex 204.375 6.38405 12.3
      vertex 212 0 12.3
      vertex 204.381 6.38489 12.3
    endloop
  endfacet
  facet normal -0 0 1
    outer loop
      vertex 204.191 6.35677 12.3
      vertex 212 0 12.3
      vertex 204.375 6.38405 12.3
    endloop
  endfacet
  facet normal -0 0 1
    outer loop
      vertex 204.006 6.34765 12.3
      vertex 212 0 12.3
      vertex 204.191 6.35677 12.3
    endloop
  endfacet
  facet normal -0 0 1
    outer loop
      vertex 204 6.34737 12.3
      vertex 212 0 12.3
      vertex 204.006 6.34765 12.3
    endloop
  endfacet
  facet normal 0 0 1
    outer loop
      vertex 203.994 6.34765 12.3
      vertex 212 0 12.3
      vertex 204 6.34737 12.3
    endloop
  endfacet
  facet normal 0 0 1
    outer loop
      vertex 203.809 6.35677 12.3
      vertex 212 0 12.3
      vertex 203.994 6.34765 12.3
    endloop
  endfacet
  facet normal 0 0 1
    outer loop
      vertex 203.625 6.38405 12.3
      vertex 212 0 12.3
      vertex 203.809 6.35677 12.3
    endloop
  endfacet
  facet normal 0 0 1
    outer loop
      vertex 203.619 6.38489 12.3
      vertex 212 0 12.3
      vertex 203.625 6.38405 12.3
    endloop
  endfacet
  facet normal 0 0 1
    outer loop
      vertex 203.614 6.38627 12.3
      vertex 212 0 12.3
      vertex 203.619 6.38489 12.3
    endloop
  endfacet
  facet normal 0 0 1
    outer loop
      vertex 203.433 6.43145 12.3
      vertex 212 0 12.3
      vertex 203.614 6.38627 12.3
    endloop
  endfacet
  facet normal 0 0 1
    outer loop
      vertex 203.258 6.49409 12.3
      vertex 212 0 12.3
      vertex 203.433 6.43145 12.3
    endloop
  endfacet
  facet normal 0 0 1
    outer loop
      vertex 203.253 6.496 12.3
      vertex 212 0 12.3
      vertex 203.258 6.49409 12.3
    endloop
  endfacet
  facet normal 0 0 1
    outer loop
      vertex 203.248 6.49843 12.3
      vertex 212 0 12.3
      vertex 203.253 6.496 12.3
    endloop
  endfacet
  facet normal 0 0 1
    outer loop
      vertex 203.08 6.57793 12.3
      vertex 212 0 12.3
      vertex 203.248 6.49843 12.3
    endloop
  endfacet
  facet normal 0 0 1
    outer loop
      vertex 176.92 6.57793 12.3
      vertex 203.08 6.57793 12.3
      vertex 203.075 6.58085 12.3
    endloop
  endfacet
  facet normal 0 0 1
    outer loop
      vertex 176.92 6.57793 12.3
      vertex 203.075 6.58085 12.3
      vertex 202.915 6.67645 12.3
    endloop
  endfacet
  facet normal 0 0 -1
    outer loop
      vertex 202.619 6.91928 12.3
      vertex 202.761 6.7906 12.3
      vertex 202.623 6.91547 12.3
    endloop
  endfacet
  facet normal 0 0 -1
    outer loop
      vertex 202.491 7.06126 12.3
      vertex 202.619 6.91928 12.3
      vertex 202.615 6.92349 12.3
    endloop
  endfacet
  facet normal 0 0 1
    outer loop
      vertex 202.376 7.21518 12.3
      vertex 202.491 7.06126 12.3
      vertex 202.38 7.21061 12.3
    endloop
  endfacet
  facet normal 0 0 -1
    outer loop
      vertex 202.131 7.73318 12.3
      vertex 202.196 7.55276 12.3
      vertex 202.194 7.55811 12.3
    endloop
  endfacet
  facet normal 0 0 -1
    outer loop
      vertex 202.085 7.91906 12.3
      vertex 202.131 7.73318 12.3
      vertex 202.086 7.91355 12.3
    endloop
  endfacet
  facet normal 0 0 -1
    outer loop
      vertex 202.057 8.10861 12.3
      vertex 202.085 7.91906 12.3
      vertex 202.084 7.92468 12.3
    endloop
  endfacet
  facet normal -0 0 1
    outer loop
      vertex 177.953 8.3 12.3
      vertex 202.056 8.11428 12.3
      vertex 202.047 8.3 12.3
    endloop
  endfacet
  facet normal -0 0 1
    outer loop
      vertex 177.952 8.29432 12.3
      vertex 202.056 8.11428 12.3
      vertex 177.953 8.3 12.3
    endloop
  endfacet
  facet normal 0 0 1
    outer loop
      vertex 202.056 8.11428 12.3
      vertex 177.952 8.29432 12.3
      vertex 202.057 8.10861 12.3
    endloop
  endfacet
  facet normal 0 0 1
    outer loop
      vertex 177.943 8.10861 12.3
      vertex 202.057 8.10861 12.3
      vertex 177.952 8.29432 12.3
    endloop
  endfacet
  facet normal 0 0 1
    outer loop
      vertex 202.057 8.10861 12.3
      vertex 177.943 8.10861 12.3
      vertex 202.085 7.91906 12.3
    endloop
  endfacet
  facet normal -0 0 1
    outer loop
      vertex 177.916 7.92468 12.3
      vertex 202.085 7.91906 12.3
      vertex 177.943 8.10861 12.3
    endloop
  endfacet
  facet normal 0 0 1
    outer loop
      vertex 177.915 7.91906 12.3
      vertex 202.085 7.91906 12.3
      vertex 177.916 7.92468 12.3
    endloop
  endfacet
  facet normal 0 0 1
    outer loop
      vertex 202.085 7.91906 12.3
      vertex 177.915 7.91906 12.3
      vertex 202.131 7.73318 12.3
    endloop
  endfacet
  facet normal -0 0 1
    outer loop
      vertex 177.914 7.91355 12.3
      vertex 202.131 7.73318 12.3
      vertex 177.915 7.91906 12.3
    endloop
  endfacet
  facet normal 0 0 1
    outer loop
      vertex 177.869 7.73318 12.3
      vertex 202.131 7.73318 12.3
      vertex 177.914 7.91355 12.3
    endloop
  endfacet
  facet normal 0 0 1
    outer loop
      vertex 202.131 7.73318 12.3
      vertex 177.869 7.73318 12.3
      vertex 202.196 7.55276 12.3
    endloop
  endfacet
  facet normal -0 0 1
    outer loop
      vertex 177.806 7.55811 12.3
      vertex 202.196 7.55276 12.3
      vertex 177.869 7.73318 12.3
    endloop
  endfacet
  facet normal 0 0 1
    outer loop
      vertex 177.804 7.55276 12.3
      vertex 202.196 7.55276 12.3
      vertex 177.806 7.55811 12.3
    endloop
  endfacet
  facet normal 0 0 1
    outer loop
      vertex 202.196 7.55276 12.3
      vertex 177.804 7.55276 12.3
      vertex 202.198 7.54762 12.3
    endloop
  endfacet
  facet normal 0 0 1
    outer loop
      vertex 202.198 7.54762 12.3
      vertex 177.804 7.55276 12.3
      vertex 202.278 7.37954 12.3
    endloop
  endfacet
  facet normal -0 0 1
    outer loop
      vertex 177.802 7.54762 12.3
      vertex 202.278 7.37954 12.3
      vertex 177.804 7.55276 12.3
    endloop
  endfacet
  facet normal 0 0 1
    outer loop
      vertex 177.722 7.37954 12.3
      vertex 202.278 7.37954 12.3
      vertex 177.802 7.54762 12.3
    endloop
  endfacet
  facet normal 0 0 1
    outer loop
      vertex 202.278 7.37954 12.3
      vertex 177.722 7.37954 12.3
      vertex 202.374 7.22005 12.3
    endloop
  endfacet
  facet normal 0 0 1
    outer loop
      vertex 202.374 7.22005 12.3
      vertex 177.722 7.37954 12.3
      vertex 202.376 7.21518 12.3
    endloop
  endfacet
  facet normal -0 0 1
    outer loop
      vertex 177.626 7.22005 12.3
      vertex 202.376 7.21518 12.3
      vertex 177.722 7.37954 12.3
    endloop
  endfacet
  facet normal 0 0 1
    outer loop
      vertex 177.624 7.21518 12.3
      vertex 202.376 7.21518 12.3
      vertex 177.626 7.22005 12.3
    endloop
  endfacet
  facet normal 0 0 1
    outer loop
      vertex 202.376 7.21518 12.3
      vertex 177.624 7.21518 12.3
      vertex 202.491 7.06126 12.3
    endloop
  endfacet
  facet normal -0 0 1
    outer loop
      vertex 177.62 7.21061 12.3
      vertex 202.491 7.06126 12.3
      vertex 177.624 7.21518 12.3
    endloop
  endfacet
  facet normal 0 0 1
    outer loop
      vertex 177.509 7.06126 12.3
      vertex 202.491 7.06126 12.3
      vertex 177.62 7.21061 12.3
    endloop
  endfacet
  facet normal 0 0 1
    outer loop
      vertex 202.491 7.06126 12.3
      vertex 177.509 7.06126 12.3
      vertex 202.619 6.91928 12.3
    endloop
  endfacet
  facet normal -0 0 1
    outer loop
      vertex 177.385 6.92349 12.3
      vertex 202.619 6.91928 12.3
      vertex 177.509 7.06126 12.3
    endloop
  endfacet
  facet normal 0 0 1
    outer loop
      vertex 177.381 6.91928 12.3
      vertex 202.619 6.91928 12.3
      vertex 177.385 6.92349 12.3
    endloop
  endfacet
  facet normal 0 0 1
    outer loop
      vertex 202.619 6.91928 12.3
      vertex 177.381 6.91928 12.3
      vertex 202.761 6.7906 12.3
    endloop
  endfacet
  facet normal -0 0 1
    outer loop
      vertex 177.377 6.91547 12.3
      vertex 202.761 6.7906 12.3
      vertex 177.381 6.91928 12.3
    endloop
  endfacet
  facet normal 0 0 1
    outer loop
      vertex 177.239 6.7906 12.3
      vertex 202.761 6.7906 12.3
      vertex 177.377 6.91547 12.3
    endloop
  endfacet
  facet normal 0 0 1
    outer loop
      vertex 202.761 6.7906 12.3
      vertex 177.239 6.7906 12.3
      vertex 202.766 6.78721 12.3
    endloop
  endfacet
  facet normal 0 0 1
    outer loop
      vertex 202.766 6.78721 12.3
      vertex 177.239 6.7906 12.3
      vertex 202.915 6.67645 12.3
    endloop
  endfacet
  facet normal -0 0 1
    outer loop
      vertex 177.234 6.78721 12.3
      vertex 202.915 6.67645 12.3
      vertex 177.239 6.7906 12.3
    endloop
  endfacet
  facet normal 0 0 1
    outer loop
      vertex 177.085 6.67645 12.3
      vertex 202.915 6.67645 12.3
      vertex 177.234 6.78721 12.3
    endloop
  endfacet
  facet normal 0 0 1
    outer loop
      vertex 176.925 6.58085 12.3
      vertex 202.915 6.67645 12.3
      vertex 177.085 6.67645 12.3
    endloop
  endfacet
  facet normal 0 0 1
    outer loop
      vertex 176.92 6.57793 12.3
      vertex 202.915 6.67645 12.3
      vertex 176.925 6.58085 12.3
    endloop
  endfacet
  facet normal 0 0 1
    outer loop
      vertex 203.08 6.57793 12.3
      vertex 176.92 6.57793 12.3
      vertex 212 0 12.3
    endloop
  endfacet
  facet normal -0 0 1
    outer loop
      vertex 176.752 6.49843 12.3
      vertex 212 0 12.3
      vertex 176.92 6.57793 12.3
    endloop
  endfacet
  facet normal -0 0 1
    outer loop
      vertex 176.747 6.496 12.3
      vertex 212 0 12.3
      vertex 176.752 6.49843 12.3
    endloop
  endfacet
  facet normal -0 0 1
    outer loop
      vertex 176.742 6.49409 12.3
      vertex 212 0 12.3
      vertex 176.747 6.496 12.3
    endloop
  endfacet
  facet normal -0 0 1
    outer loop
      vertex 176.567 6.43145 12.3
      vertex 212 0 12.3
      vertex 176.742 6.49409 12.3
    endloop
  endfacet
  facet normal -0 0 1
    outer loop
      vertex 176.386 6.38627 12.3
      vertex 212 0 12.3
      vertex 176.567 6.43145 12.3
    endloop
  endfacet
  facet normal -0 0 1
    outer loop
      vertex 176.381 6.38489 12.3
      vertex 212 0 12.3
      vertex 176.386 6.38627 12.3
    endloop
  endfacet
  facet normal -0 0 1
    outer loop
      vertex 176.375 6.38405 12.3
      vertex 212 0 12.3
      vertex 176.381 6.38489 12.3
    endloop
  endfacet
  facet normal -0 0 1
    outer loop
      vertex 176.191 6.35677 12.3
      vertex 212 0 12.3
      vertex 176.375 6.38405 12.3
    endloop
  endfacet
  facet normal -0 0 1
    outer loop
      vertex 176.006 6.34765 12.3
      vertex 212 0 12.3
      vertex 176.191 6.35677 12.3
    endloop
  endfacet
  facet normal -0 0 1
    outer loop
      vertex 176 6.34737 12.3
      vertex 212 0 12.3
      vertex 176.006 6.34765 12.3
    endloop
  endfacet
  facet normal 0 0 1
    outer loop
      vertex 175.994 6.34765 12.3
      vertex 212 0 12.3
      vertex 176 6.34737 12.3
    endloop
  endfacet
  facet normal 0 0 1
    outer loop
      vertex 175.809 6.35677 12.3
      vertex 212 0 12.3
      vertex 175.994 6.34765 12.3
    endloop
  endfacet
  facet normal 0 0 1
    outer loop
      vertex 148.191 6.35677 12.3
      vertex 175.809 6.35677 12.3
      vertex 175.625 6.38405 12.3
    endloop
  endfacet
  facet normal 0 0 1
    outer loop
      vertex 148.191 6.35677 12.3
      vertex 175.625 6.38405 12.3
      vertex 175.619 6.38489 12.3
    endloop
  endfacet
  facet normal 0 0 1
    outer loop
      vertex 175.433 6.43145 12.3
      vertex 175.619 6.38489 12.3
      vertex 175.614 6.38627 12.3
    endloop
  endfacet
  facet normal 0 0 -1
    outer loop
      vertex 174.915 6.67645 12.3
      vertex 175.08 6.57793 12.3
      vertex 175.075 6.58085 12.3
    endloop
  endfacet
  facet normal 0 0 -1
    outer loop
      vertex 174.619 6.91928 12.3
      vertex 174.761 6.7906 12.3
      vertex 174.623 6.91547 12.3
    endloop
  endfacet
  facet normal 0 0 -1
    outer loop
      vertex 174.491 7.06126 12.3
      vertex 174.619 6.91928 12.3
      vertex 174.615 6.92349 12.3
    endloop
  endfacet
  facet normal 0 0 1
    outer loop
      vertex 174.376 7.21518 12.3
      vertex 174.491 7.06126 12.3
      vertex 174.38 7.21061 12.3
    endloop
  endfacet
  facet normal 0 0 -1
    outer loop
      vertex 174.131 7.73318 12.3
      vertex 174.196 7.55276 12.3
      vertex 174.194 7.55811 12.3
    endloop
  endfacet
  facet normal 0 0 -1
    outer loop
      vertex 174.085 7.91906 12.3
      vertex 174.131 7.73318 12.3
      vertex 174.086 7.91355 12.3
    endloop
  endfacet
  facet normal 0 0 -1
    outer loop
      vertex 174.057 8.10861 12.3
      vertex 174.085 7.91906 12.3
      vertex 174.084 7.92468 12.3
    endloop
  endfacet
  facet normal -0 0 1
    outer loop
      vertex 149.953 8.3 12.3
      vertex 174.056 8.11428 12.3
      vertex 174.047 8.3 12.3
    endloop
  endfacet
  facet normal -0 0 1
    outer loop
      vertex 149.952 8.29432 12.3
      vertex 174.056 8.11428 12.3
      vertex 149.953 8.3 12.3
    endloop
  endfacet
  facet normal 0 0 1
    outer loop
      vertex 174.056 8.11428 12.3
      vertex 149.952 8.29432 12.3
      vertex 174.057 8.10861 12.3
    endloop
  endfacet
  facet normal 0 0 1
    outer loop
      vertex 149.943 8.10861 12.3
      vertex 174.057 8.10861 12.3
      vertex 149.952 8.29432 12.3
    endloop
  endfacet
  facet normal 0 0 1
    outer loop
      vertex 174.057 8.10861 12.3
      vertex 149.943 8.10861 12.3
      vertex 174.085 7.91906 12.3
    endloop
  endfacet
  facet normal -0 0 1
    outer loop
      vertex 149.916 7.92468 12.3
      vertex 174.085 7.91906 12.3
      vertex 149.943 8.10861 12.3
    endloop
  endfacet
  facet normal 0 0 1
    outer loop
      vertex 149.915 7.91906 12.3
      vertex 174.085 7.91906 12.3
      vertex 149.916 7.92468 12.3
    endloop
  endfacet
  facet normal 0 0 1
    outer loop
      vertex 174.085 7.91906 12.3
      vertex 149.915 7.91906 12.3
      vertex 174.131 7.73318 12.3
    endloop
  endfacet
  facet normal -0 0 1
    outer loop
      vertex 149.914 7.91355 12.3
      vertex 174.131 7.73318 12.3
      vertex 149.915 7.91906 12.3
    endloop
  endfacet
  facet normal 0 0 1
    outer loop
      vertex 149.869 7.73318 12.3
      vertex 174.131 7.73318 12.3
      vertex 149.914 7.91355 12.3
    endloop
  endfacet
  facet normal 0 0 1
    outer loop
      vertex 174.131 7.73318 12.3
      vertex 149.869 7.73318 12.3
      vertex 174.196 7.55276 12.3
    endloop
  endfacet
  facet normal -0 0 1
    outer loop
      vertex 149.806 7.55811 12.3
      vertex 174.196 7.55276 12.3
      vertex 149.869 7.73318 12.3
    endloop
  endfacet
  facet normal 0 0 1
    outer loop
      vertex 149.804 7.55276 12.3
      vertex 174.196 7.55276 12.3
      vertex 149.806 7.55811 12.3
    endloop
  endfacet
  facet normal 0 0 1
    outer loop
      vertex 174.196 7.55276 12.3
      vertex 149.804 7.55276 12.3
      vertex 174.198 7.54762 12.3
    endloop
  endfacet
  facet normal 0 0 1
    outer loop
      vertex 174.198 7.54762 12.3
      vertex 149.804 7.55276 12.3
      vertex 174.278 7.37954 12.3
    endloop
  endfacet
  facet normal -0 0 1
    outer loop
      vertex 149.802 7.54762 12.3
      vertex 174.278 7.37954 12.3
      vertex 149.804 7.55276 12.3
    endloop
  endfacet
  facet normal 0 0 1
    outer loop
      vertex 149.722 7.37954 12.3
      vertex 174.278 7.37954 12.3
      vertex 149.802 7.54762 12.3
    endloop
  endfacet
  facet normal 0 0 1
    outer loop
      vertex 174.278 7.37954 12.3
      vertex 149.722 7.37954 12.3
      vertex 174.374 7.22005 12.3
    endloop
  endfacet
  facet normal 0 0 1
    outer loop
      vertex 174.374 7.22005 12.3
      vertex 149.722 7.37954 12.3
      vertex 174.376 7.21518 12.3
    endloop
  endfacet
  facet normal -0 0 1
    outer loop
      vertex 149.626 7.22005 12.3
      vertex 174.376 7.21518 12.3
      vertex 149.722 7.37954 12.3
    endloop
  endfacet
  facet normal 0 0 1
    outer loop
      vertex 149.624 7.21518 12.3
      vertex 174.376 7.21518 12.3
      vertex 149.626 7.22005 12.3
    endloop
  endfacet
  facet normal 0 0 1
    outer loop
      vertex 174.376 7.21518 12.3
      vertex 149.624 7.21518 12.3
      vertex 174.491 7.06126 12.3
    endloop
  endfacet
  facet normal -0 0 1
    outer loop
      vertex 149.62 7.21061 12.3
      vertex 174.491 7.06126 12.3
      vertex 149.624 7.21518 12.3
    endloop
  endfacet
  facet normal 0 0 1
    outer loop
      vertex 149.509 7.06126 12.3
      vertex 174.491 7.06126 12.3
      vertex 149.62 7.21061 12.3
    endloop
  endfacet
  facet normal 0 0 1
    outer loop
      vertex 174.491 7.06126 12.3
      vertex 149.509 7.06126 12.3
      vertex 174.619 6.91928 12.3
    endloop
  endfacet
  facet normal -0 0 1
    outer loop
      vertex 149.385 6.92349 12.3
      vertex 174.619 6.91928 12.3
      vertex 149.509 7.06126 12.3
    endloop
  endfacet
  facet normal 0 0 1
    outer loop
      vertex 149.381 6.91928 12.3
      vertex 174.619 6.91928 12.3
      vertex 149.385 6.92349 12.3
    endloop
  endfacet
  facet normal 0 0 1
    outer loop
      vertex 174.619 6.91928 12.3
      vertex 149.381 6.91928 12.3
      vertex 174.761 6.7906 12.3
    endloop
  endfacet
  facet normal -0 0 1
    outer loop
      vertex 149.377 6.91547 12.3
      vertex 174.761 6.7906 12.3
      vertex 149.381 6.91928 12.3
    endloop
  endfacet
  facet normal 0 0 1
    outer loop
      vertex 149.239 6.7906 12.3
      vertex 174.761 6.7906 12.3
      vertex 149.377 6.91547 12.3
    endloop
  endfacet
  facet normal 0 0 1
    outer loop
      vertex 174.761 6.7906 12.3
      vertex 149.239 6.7906 12.3
      vertex 174.766 6.78721 12.3
    endloop
  endfacet
  facet normal 0 0 1
    outer loop
      vertex 174.766 6.78721 12.3
      vertex 149.239 6.7906 12.3
      vertex 174.915 6.67645 12.3
    endloop
  endfacet
  facet normal -0 0 1
    outer loop
      vertex 149.234 6.78721 12.3
      vertex 174.915 6.67645 12.3
      vertex 149.239 6.7906 12.3
    endloop
  endfacet
  facet normal 0 0 1
    outer loop
      vertex 149.085 6.67645 12.3
      vertex 174.915 6.67645 12.3
      vertex 149.234 6.78721 12.3
    endloop
  endfacet
  facet normal 0 0 1
    outer loop
      vertex 174.915 6.67645 12.3
      vertex 149.085 6.67645 12.3
      vertex 175.08 6.57793 12.3
    endloop
  endfacet
  facet normal -0 0 1
    outer loop
      vertex 148.925 6.58085 12.3
      vertex 175.08 6.57793 12.3
      vertex 149.085 6.67645 12.3
    endloop
  endfacet
  facet normal 0 0 1
    outer loop
      vertex 148.92 6.57793 12.3
      vertex 175.08 6.57793 12.3
      vertex 148.925 6.58085 12.3
    endloop
  endfacet
  facet normal 0 0 1
    outer loop
      vertex 175.08 6.57793 12.3
      vertex 148.92 6.57793 12.3
      vertex 175.248 6.49843 12.3
    endloop
  endfacet
  facet normal 0 0 1
    outer loop
      vertex 175.248 6.49843 12.3
      vertex 148.92 6.57793 12.3
      vertex 175.253 6.496 12.3
    endloop
  endfacet
  facet normal -0 0 1
    outer loop
      vertex 148.752 6.49843 12.3
      vertex 175.253 6.496 12.3
      vertex 148.92 6.57793 12.3
    endloop
  endfacet
  facet normal 0 0 1
    outer loop
      vertex 148.747 6.496 12.3
      vertex 175.253 6.496 12.3
      vertex 148.752 6.49843 12.3
    endloop
  endfacet
  facet normal 0 0 1
    outer loop
      vertex 175.253 6.496 12.3
      vertex 148.747 6.496 12.3
      vertex 175.258 6.49409 12.3
    endloop
  endfacet
  facet normal 0 0 1
    outer loop
      vertex 175.258 6.49409 12.3
      vertex 148.747 6.496 12.3
      vertex 175.433 6.43145 12.3
    endloop
  endfacet
  facet normal -0 0 1
    outer loop
      vertex 148.742 6.49409 12.3
      vertex 175.433 6.43145 12.3
      vertex 148.747 6.496 12.3
    endloop
  endfacet
  facet normal 0 0 1
    outer loop
      vertex 148.567 6.43145 12.3
      vertex 175.433 6.43145 12.3
      vertex 148.742 6.49409 12.3
    endloop
  endfacet
  facet normal 0 0 1
    outer loop
      vertex 175.433 6.43145 12.3
      vertex 148.567 6.43145 12.3
      vertex 175.619 6.38489 12.3
    endloop
  endfacet
  facet normal -0 0 1
    outer loop
      vertex 148.386 6.38627 12.3
      vertex 175.619 6.38489 12.3
      vertex 148.567 6.43145 12.3
    endloop
  endfacet
  facet normal 0 0 1
    outer loop
      vertex 148.381 6.38489 12.3
      vertex 175.619 6.38489 12.3
      vertex 148.386 6.38627 12.3
    endloop
  endfacet
  facet normal 0 0 1
    outer loop
      vertex 148.375 6.38405 12.3
      vertex 175.619 6.38489 12.3
      vertex 148.381 6.38489 12.3
    endloop
  endfacet
  facet normal 0 0 1
    outer loop
      vertex 148.191 6.35677 12.3
      vertex 175.619 6.38489 12.3
      vertex 148.375 6.38405 12.3
    endloop
  endfacet
  facet normal 0 0 1
    outer loop
      vertex 175.809 6.35677 12.3
      vertex 148.191 6.35677 12.3
      vertex 212 0 12.3
    endloop
  endfacet
  facet normal -0 0 1
    outer loop
      vertex 148.006 6.34765 12.3
      vertex 212 0 12.3
      vertex 148.191 6.35677 12.3
    endloop
  endfacet
  facet normal -0 0 1
    outer loop
      vertex 148 6.34737 12.3
      vertex 212 0 12.3
      vertex 148.006 6.34765 12.3
    endloop
  endfacet
  facet normal 0 0 1
    outer loop
      vertex 120 6.34737 12.3
      vertex 148 6.34737 12.3
      vertex 147.994 6.34765 12.3
    endloop
  endfacet
  facet normal 0 0 1
    outer loop
      vertex 120 6.34737 12.3
      vertex 147.994 6.34765 12.3
      vertex 147.809 6.35677 12.3
    endloop
  endfacet
  facet normal 0 0 1
    outer loop
      vertex 147.433 6.43145 12.3
      vertex 147.619 6.38489 12.3
      vertex 147.614 6.38627 12.3
    endloop
  endfacet
  facet normal 0 0 -1
    outer loop
      vertex 146.915 6.67645 12.3
      vertex 147.08 6.57793 12.3
      vertex 147.075 6.58085 12.3
    endloop
  endfacet
  facet normal 0 0 -1
    outer loop
      vertex 146.619 6.91928 12.3
      vertex 146.761 6.7906 12.3
      vertex 146.623 6.91547 12.3
    endloop
  endfacet
  facet normal 0 0 -1
    outer loop
      vertex 146.491 7.06126 12.3
      vertex 146.619 6.91928 12.3
      vertex 146.615 6.92349 12.3
    endloop
  endfacet
  facet normal 0 0 1
    outer loop
      vertex 146.376 7.21518 12.3
      vertex 146.491 7.06126 12.3
      vertex 146.38 7.21061 12.3
    endloop
  endfacet
  facet normal 0 0 -1
    outer loop
      vertex 146.131 7.73318 12.3
      vertex 146.196 7.55276 12.3
      vertex 146.194 7.55811 12.3
    endloop
  endfacet
  facet normal 0 0 -1
    outer loop
      vertex 146.085 7.91906 12.3
      vertex 146.131 7.73318 12.3
      vertex 146.086 7.91355 12.3
    endloop
  endfacet
  facet normal 0 0 -1
    outer loop
      vertex 146.057 8.10861 12.3
      vertex 146.085 7.91906 12.3
      vertex 146.084 7.92468 12.3
    endloop
  endfacet
  facet normal -0 0 1
    outer loop
      vertex 121.953 8.3 12.3
      vertex 146.056 8.11428 12.3
      vertex 146.047 8.3 12.3
    endloop
  endfacet
  facet normal -0 0 1
    outer loop
      vertex 121.952 8.29432 12.3
      vertex 146.056 8.11428 12.3
      vertex 121.953 8.3 12.3
    endloop
  endfacet
  facet normal 0 0 1
    outer loop
      vertex 146.056 8.11428 12.3
      vertex 121.952 8.29432 12.3
      vertex 146.057 8.10861 12.3
    endloop
  endfacet
  facet normal 0 0 1
    outer loop
      vertex 121.943 8.10861 12.3
      vertex 146.057 8.10861 12.3
      vertex 121.952 8.29432 12.3
    endloop
  endfacet
  facet normal 0 0 1
    outer loop
      vertex 146.057 8.10861 12.3
      vertex 121.943 8.10861 12.3
      vertex 146.085 7.91906 12.3
    endloop
  endfacet
  facet normal -0 0 1
    outer loop
      vertex 121.916 7.92468 12.3
      vertex 146.085 7.91906 12.3
      vertex 121.943 8.10861 12.3
    endloop
  endfacet
  facet normal 0 0 1
    outer loop
      vertex 121.915 7.91906 12.3
      vertex 146.085 7.91906 12.3
      vertex 121.916 7.92468 12.3
    endloop
  endfacet
  facet normal 0 0 1
    outer loop
      vertex 146.085 7.91906 12.3
      vertex 121.915 7.91906 12.3
      vertex 146.131 7.73318 12.3
    endloop
  endfacet
  facet normal -0 0 1
    outer loop
      vertex 121.914 7.91355 12.3
      vertex 146.131 7.73318 12.3
      vertex 121.915 7.91906 12.3
    endloop
  endfacet
  facet normal 0 0 1
    outer loop
      vertex 121.869 7.73318 12.3
      vertex 146.131 7.73318 12.3
      vertex 121.914 7.91355 12.3
    endloop
  endfacet
  facet normal 0 0 1
    outer loop
      vertex 146.131 7.73318 12.3
      vertex 121.869 7.73318 12.3
      vertex 146.196 7.55276 12.3
    endloop
  endfacet
  facet normal -0 0 1
    outer loop
      vertex 121.806 7.55811 12.3
      vertex 146.196 7.55276 12.3
      vertex 121.869 7.73318 12.3
    endloop
  endfacet
  facet normal 0 0 1
    outer loop
      vertex 121.804 7.55276 12.3
      vertex 146.196 7.55276 12.3
      vertex 121.806 7.55811 12.3
    endloop
  endfacet
  facet normal 0 0 1
    outer loop
      vertex 146.196 7.55276 12.3
      vertex 121.804 7.55276 12.3
      vertex 146.198 7.54762 12.3
    endloop
  endfacet
  facet normal 0 0 1
    outer loop
      vertex 146.198 7.54762 12.3
      vertex 121.804 7.55276 12.3
      vertex 146.278 7.37954 12.3
    endloop
  endfacet
  facet normal -0 0 1
    outer loop
      vertex 121.802 7.54762 12.3
      vertex 146.278 7.37954 12.3
      vertex 121.804 7.55276 12.3
    endloop
  endfacet
  facet normal 0 0 1
    outer loop
      vertex 121.722 7.37954 12.3
      vertex 146.278 7.37954 12.3
      vertex 121.802 7.54762 12.3
    endloop
  endfacet
  facet normal 0 0 1
    outer loop
      vertex 146.278 7.37954 12.3
      vertex 121.722 7.37954 12.3
      vertex 146.374 7.22005 12.3
    endloop
  endfacet
  facet normal 0 0 1
    outer loop
      vertex 146.374 7.22005 12.3
      vertex 121.722 7.37954 12.3
      vertex 146.376 7.21518 12.3
    endloop
  endfacet
  facet normal -0 0 1
    outer loop
      vertex 121.626 7.22005 12.3
      vertex 146.376 7.21518 12.3
      vertex 121.722 7.37954 12.3
    endloop
  endfacet
  facet normal 0 0 1
    outer loop
      vertex 121.624 7.21518 12.3
      vertex 146.376 7.21518 12.3
      vertex 121.626 7.22005 12.3
    endloop
  endfacet
  facet normal 0 0 1
    outer loop
      vertex 146.376 7.21518 12.3
      vertex 121.624 7.21518 12.3
      vertex 146.491 7.06126 12.3
    endloop
  endfacet
  facet normal -0 0 1
    outer loop
      vertex 121.62 7.21061 12.3
      vertex 146.491 7.06126 12.3
      vertex 121.624 7.21518 12.3
    endloop
  endfacet
  facet normal 0 0 1
    outer loop
      vertex 121.509 7.06126 12.3
      vertex 146.491 7.06126 12.3
      vertex 121.62 7.21061 12.3
    endloop
  endfacet
  facet normal 0 0 1
    outer loop
      vertex 146.491 7.06126 12.3
      vertex 121.509 7.06126 12.3
      vertex 146.619 6.91928 12.3
    endloop
  endfacet
  facet normal -0 0 1
    outer loop
      vertex 121.385 6.92349 12.3
      vertex 146.619 6.91928 12.3
      vertex 121.509 7.06126 12.3
    endloop
  endfacet
  facet normal 0 0 1
    outer loop
      vertex 121.381 6.91928 12.3
      vertex 146.619 6.91928 12.3
      vertex 121.385 6.92349 12.3
    endloop
  endfacet
  facet normal 0 0 1
    outer loop
      vertex 146.619 6.91928 12.3
      vertex 121.381 6.91928 12.3
      vertex 146.761 6.7906 12.3
    endloop
  endfacet
  facet normal -0 0 1
    outer loop
      vertex 121.377 6.91547 12.3
      vertex 146.761 6.7906 12.3
      vertex 121.381 6.91928 12.3
    endloop
  endfacet
  facet normal 0 0 1
    outer loop
      vertex 121.239 6.7906 12.3
      vertex 146.761 6.7906 12.3
      vertex 121.377 6.91547 12.3
    endloop
  endfacet
  facet normal 0 0 1
    outer loop
      vertex 146.761 6.7906 12.3
      vertex 121.239 6.7906 12.3
      vertex 146.766 6.78721 12.3
    endloop
  endfacet
  facet normal 0 0 1
    outer loop
      vertex 146.766 6.78721 12.3
      vertex 121.239 6.7906 12.3
      vertex 146.915 6.67645 12.3
    endloop
  endfacet
  facet normal -0 0 1
    outer loop
      vertex 121.234 6.78721 12.3
      vertex 146.915 6.67645 12.3
      vertex 121.239 6.7906 12.3
    endloop
  endfacet
  facet normal 0 0 1
    outer loop
      vertex 121.085 6.67645 12.3
      vertex 146.915 6.67645 12.3
      vertex 121.234 6.78721 12.3
    endloop
  endfacet
  facet normal 0 0 1
    outer loop
      vertex 146.915 6.67645 12.3
      vertex 121.085 6.67645 12.3
      vertex 147.08 6.57793 12.3
    endloop
  endfacet
  facet normal -0 0 1
    outer loop
      vertex 120.925 6.58085 12.3
      vertex 147.08 6.57793 12.3
      vertex 121.085 6.67645 12.3
    endloop
  endfacet
  facet normal 0 0 1
    outer loop
      vertex 120.92 6.57793 12.3
      vertex 147.08 6.57793 12.3
      vertex 120.925 6.58085 12.3
    endloop
  endfacet
  facet normal 0 0 1
    outer loop
      vertex 147.08 6.57793 12.3
      vertex 120.92 6.57793 12.3
      vertex 147.248 6.49843 12.3
    endloop
  endfacet
  facet normal 0 0 1
    outer loop
      vertex 147.248 6.49843 12.3
      vertex 120.92 6.57793 12.3
      vertex 147.253 6.496 12.3
    endloop
  endfacet
  facet normal -0 0 1
    outer loop
      vertex 120.752 6.49843 12.3
      vertex 147.253 6.496 12.3
      vertex 120.92 6.57793 12.3
    endloop
  endfacet
  facet normal 0 0 1
    outer loop
      vertex 120.747 6.496 12.3
      vertex 147.253 6.496 12.3
      vertex 120.752 6.49843 12.3
    endloop
  endfacet
  facet normal 0 0 1
    outer loop
      vertex 147.253 6.496 12.3
      vertex 120.747 6.496 12.3
      vertex 147.258 6.49409 12.3
    endloop
  endfacet
  facet normal 0 0 1
    outer loop
      vertex 147.258 6.49409 12.3
      vertex 120.747 6.496 12.3
      vertex 147.433 6.43145 12.3
    endloop
  endfacet
  facet normal -0 0 1
    outer loop
      vertex 120.742 6.49409 12.3
      vertex 147.433 6.43145 12.3
      vertex 120.747 6.496 12.3
    endloop
  endfacet
  facet normal 0 0 1
    outer loop
      vertex 120.567 6.43145 12.3
      vertex 147.433 6.43145 12.3
      vertex 120.742 6.49409 12.3
    endloop
  endfacet
  facet normal 0 0 1
    outer loop
      vertex 147.433 6.43145 12.3
      vertex 120.567 6.43145 12.3
      vertex 147.619 6.38489 12.3
    endloop
  endfacet
  facet normal -0 0 1
    outer loop
      vertex 120.386 6.38627 12.3
      vertex 147.619 6.38489 12.3
      vertex 120.567 6.43145 12.3
    endloop
  endfacet
  facet normal 0 0 1
    outer loop
      vertex 120.381 6.38489 12.3
      vertex 147.619 6.38489 12.3
      vertex 120.386 6.38627 12.3
    endloop
  endfacet
  facet normal 0 0 1
    outer loop
      vertex 147.619 6.38489 12.3
      vertex 120.381 6.38489 12.3
      vertex 147.625 6.38405 12.3
    endloop
  endfacet
  facet normal 0 0 1
    outer loop
      vertex 147.625 6.38405 12.3
      vertex 120.381 6.38489 12.3
      vertex 147.809 6.35677 12.3
    endloop
  endfacet
  facet normal -0 0 1
    outer loop
      vertex 120.375 6.38405 12.3
      vertex 147.809 6.35677 12.3
      vertex 120.381 6.38489 12.3
    endloop
  endfacet
  facet normal 0 0 1
    outer loop
      vertex 120.191 6.35677 12.3
      vertex 147.809 6.35677 12.3
      vertex 120.375 6.38405 12.3
    endloop
  endfacet
  facet normal 0 0 1
    outer loop
      vertex 120.006 6.34765 12.3
      vertex 147.809 6.35677 12.3
      vertex 120.191 6.35677 12.3
    endloop
  endfacet
  facet normal 0 0 1
    outer loop
      vertex 120 6.34737 12.3
      vertex 147.809 6.35677 12.3
      vertex 120.006 6.34765 12.3
    endloop
  endfacet
  facet normal 0 0 1
    outer loop
      vertex 148 6.34737 12.3
      vertex 120 6.34737 12.3
      vertex 212 0 12.3
    endloop
  endfacet
  facet normal 0 0 1
    outer loop
      vertex 92 6.34737 12.3
      vertex 120 6.34737 12.3
      vertex 119.994 6.34765 12.3
    endloop
  endfacet
  facet normal 0 0 1
    outer loop
      vertex 92 6.34737 12.3
      vertex 119.994 6.34765 12.3
      vertex 119.809 6.35677 12.3
    endloop
  endfacet
  facet normal 0 0 1
    outer loop
      vertex 119.619 6.38489 12.3
      vertex 119.809 6.35677 12.3
      vertex 119.625 6.38405 12.3
    endloop
  endfacet
  facet normal 0 0 1
    outer loop
      vertex 119.433 6.43145 12.3
      vertex 119.619 6.38489 12.3
      vertex 119.614 6.38627 12.3
    endloop
  endfacet
  facet normal 0 0 1
    outer loop
      vertex 119.08 6.57793 12.3
      vertex 119.253 6.496 12.3
      vertex 119.248 6.49843 12.3
    endloop
  endfacet
  facet normal 0 0 -1
    outer loop
      vertex 118.619 6.91928 12.3
      vertex 118.761 6.7906 12.3
      vertex 118.623 6.91547 12.3
    endloop
  endfacet
  facet normal 0 0 -1
    outer loop
      vertex 118.491 7.06126 12.3
      vertex 118.619 6.91928 12.3
      vertex 118.615 6.92349 12.3
    endloop
  endfacet
  facet normal 0 0 1
    outer loop
      vertex 118.376 7.21518 12.3
      vertex 118.491 7.06126 12.3
      vertex 118.38 7.21061 12.3
    endloop
  endfacet
  facet normal 0 0 1
    outer loop
      vertex 118.278 7.37954 12.3
      vertex 118.376 7.21518 12.3
      vertex 118.374 7.22005 12.3
    endloop
  endfacet
  facet normal 0 0 -1
    outer loop
      vertex 118.085 7.91906 12.3
      vertex 118.131 7.73318 12.3
      vertex 118.086 7.91355 12.3
    endloop
  endfacet
  facet normal 0 0 -1
    outer loop
      vertex 118.057 8.10861 12.3
      vertex 118.085 7.91906 12.3
      vertex 118.084 7.92468 12.3
    endloop
  endfacet
  facet normal 0 0 -1
    outer loop
      vertex 118.047 8.3 12.3
      vertex 118.057 8.10861 12.3
      vertex 118.056 8.11428 12.3
    endloop
  endfacet
  facet normal -0 0 1
    outer loop
      vertex 93.9526 8.3 12.3
      vertex 118.057 8.10861 12.3
      vertex 118.047 8.3 12.3
    endloop
  endfacet
  facet normal -0 0 1
    outer loop
      vertex 93.9524 8.29432 12.3
      vertex 118.057 8.10861 12.3
      vertex 93.9526 8.3 12.3
    endloop
  endfacet
  facet normal 0 0 1
    outer loop
      vertex 93.9432 8.10861 12.3
      vertex 118.057 8.10861 12.3
      vertex 93.9524 8.29432 12.3
    endloop
  endfacet
  facet normal 0 0 1
    outer loop
      vertex 118.057 8.10861 12.3
      vertex 93.9432 8.10861 12.3
      vertex 118.085 7.91906 12.3
    endloop
  endfacet
  facet normal -0 0 1
    outer loop
      vertex 93.9159 7.92468 12.3
      vertex 118.085 7.91906 12.3
      vertex 93.9432 8.10861 12.3
    endloop
  endfacet
  facet normal 0 0 1
    outer loop
      vertex 93.9151 7.91906 12.3
      vertex 118.085 7.91906 12.3
      vertex 93.9159 7.92468 12.3
    endloop
  endfacet
  facet normal 0 0 1
    outer loop
      vertex 118.085 7.91906 12.3
      vertex 93.9151 7.91906 12.3
      vertex 118.131 7.73318 12.3
    endloop
  endfacet
  facet normal -0 0 1
    outer loop
      vertex 93.9137 7.91355 12.3
      vertex 118.131 7.73318 12.3
      vertex 93.9151 7.91906 12.3
    endloop
  endfacet
  facet normal 0 0 1
    outer loop
      vertex 93.8686 7.73318 12.3
      vertex 118.131 7.73318 12.3
      vertex 93.9137 7.91355 12.3
    endloop
  endfacet
  facet normal 0 0 1
    outer loop
      vertex 118.131 7.73318 12.3
      vertex 93.8686 7.73318 12.3
      vertex 118.194 7.55811 12.3
    endloop
  endfacet
  facet normal 0 0 1
    outer loop
      vertex 118.194 7.55811 12.3
      vertex 93.8686 7.73318 12.3
      vertex 118.196 7.55276 12.3
    endloop
  endfacet
  facet normal -0 0 1
    outer loop
      vertex 93.8059 7.55811 12.3
      vertex 118.196 7.55276 12.3
      vertex 93.8686 7.73318 12.3
    endloop
  endfacet
  facet normal 0 0 1
    outer loop
      vertex 93.804 7.55276 12.3
      vertex 118.196 7.55276 12.3
      vertex 93.8059 7.55811 12.3
    endloop
  endfacet
  facet normal 0 0 1
    outer loop
      vertex 118.196 7.55276 12.3
      vertex 93.804 7.55276 12.3
      vertex 118.198 7.54762 12.3
    endloop
  endfacet
  facet normal 0 0 1
    outer loop
      vertex 118.198 7.54762 12.3
      vertex 93.804 7.55276 12.3
      vertex 118.278 7.37954 12.3
    endloop
  endfacet
  facet normal -0 0 1
    outer loop
      vertex 93.8016 7.54762 12.3
      vertex 118.278 7.37954 12.3
      vertex 93.804 7.55276 12.3
    endloop
  endfacet
  facet normal 0 0 1
    outer loop
      vertex 93.7221 7.37954 12.3
      vertex 118.278 7.37954 12.3
      vertex 93.8016 7.54762 12.3
    endloop
  endfacet
  facet normal 0 0 1
    outer loop
      vertex 118.278 7.37954 12.3
      vertex 93.7221 7.37954 12.3
      vertex 118.376 7.21518 12.3
    endloop
  endfacet
  facet normal -0 0 1
    outer loop
      vertex 93.6265 7.22005 12.3
      vertex 118.376 7.21518 12.3
      vertex 93.7221 7.37954 12.3
    endloop
  endfacet
  facet normal 0 0 1
    outer loop
      vertex 93.6236 7.21518 12.3
      vertex 118.376 7.21518 12.3
      vertex 93.6265 7.22005 12.3
    endloop
  endfacet
  facet normal 0 0 1
    outer loop
      vertex 118.376 7.21518 12.3
      vertex 93.6236 7.21518 12.3
      vertex 118.491 7.06126 12.3
    endloop
  endfacet
  facet normal -0 0 1
    outer loop
      vertex 93.6202 7.21061 12.3
      vertex 118.491 7.06126 12.3
      vertex 93.6236 7.21518 12.3
    endloop
  endfacet
  facet normal 0 0 1
    outer loop
      vertex 93.5094 7.06126 12.3
      vertex 118.491 7.06126 12.3
      vertex 93.6202 7.21061 12.3
    endloop
  endfacet
  facet normal 0 0 1
    outer loop
      vertex 118.491 7.06126 12.3
      vertex 93.5094 7.06126 12.3
      vertex 118.619 6.91928 12.3
    endloop
  endfacet
  facet normal -0 0 1
    outer loop
      vertex 93.3845 6.92349 12.3
      vertex 118.619 6.91928 12.3
      vertex 93.5094 7.06126 12.3
    endloop
  endfacet
  facet normal 0 0 1
    outer loop
      vertex 93.3807 6.91928 12.3
      vertex 118.619 6.91928 12.3
      vertex 93.3845 6.92349 12.3
    endloop
  endfacet
  facet normal 0 0 1
    outer loop
      vertex 118.619 6.91928 12.3
      vertex 93.3807 6.91928 12.3
      vertex 118.761 6.7906 12.3
    endloop
  endfacet
  facet normal -0 0 1
    outer loop
      vertex 93.3765 6.91547 12.3
      vertex 118.761 6.7906 12.3
      vertex 93.3807 6.91928 12.3
    endloop
  endfacet
  facet normal 0 0 1
    outer loop
      vertex 93.2387 6.7906 12.3
      vertex 118.761 6.7906 12.3
      vertex 93.3765 6.91547 12.3
    endloop
  endfacet
  facet normal 0 0 1
    outer loop
      vertex 118.761 6.7906 12.3
      vertex 93.2387 6.7906 12.3
      vertex 118.766 6.78721 12.3
    endloop
  endfacet
  facet normal 0 0 1
    outer loop
      vertex 118.766 6.78721 12.3
      vertex 93.2387 6.7906 12.3
      vertex 118.915 6.67645 12.3
    endloop
  endfacet
  facet normal -0 0 1
    outer loop
      vertex 93.2342 6.78721 12.3
      vertex 118.915 6.67645 12.3
      vertex 93.2387 6.7906 12.3
    endloop
  endfacet
  facet normal 0 0 1
    outer loop
      vertex 93.0848 6.67645 12.3
      vertex 118.915 6.67645 12.3
      vertex 93.2342 6.78721 12.3
    endloop
  endfacet
  facet normal 0 0 1
    outer loop
      vertex 118.915 6.67645 12.3
      vertex 93.0848 6.67645 12.3
      vertex 119.075 6.58085 12.3
    endloop
  endfacet
  facet normal 0 0 1
    outer loop
      vertex 119.075 6.58085 12.3
      vertex 93.0848 6.67645 12.3
      vertex 119.08 6.57793 12.3
    endloop
  endfacet
  facet normal -0 0 1
    outer loop
      vertex 92.9253 6.58085 12.3
      vertex 119.08 6.57793 12.3
      vertex 93.0848 6.67645 12.3
    endloop
  endfacet
  facet normal 0 0 1
    outer loop
      vertex 92.9205 6.57793 12.3
      vertex 119.08 6.57793 12.3
      vertex 92.9253 6.58085 12.3
    endloop
  endfacet
  facet normal 0 0 1
    outer loop
      vertex 119.08 6.57793 12.3
      vertex 92.9205 6.57793 12.3
      vertex 119.253 6.496 12.3
    endloop
  endfacet
  facet normal -0 0 1
    outer loop
      vertex 92.7524 6.49843 12.3
      vertex 119.253 6.496 12.3
      vertex 92.9205 6.57793 12.3
    endloop
  endfacet
  facet normal 0 0 1
    outer loop
      vertex 92.7472 6.496 12.3
      vertex 119.253 6.496 12.3
      vertex 92.7524 6.49843 12.3
    endloop
  endfacet
  facet normal 0 0 1
    outer loop
      vertex 119.253 6.496 12.3
      vertex 92.7472 6.496 12.3
      vertex 119.258 6.49409 12.3
    endloop
  endfacet
  facet normal 0 0 1
    outer loop
      vertex 119.258 6.49409 12.3
      vertex 92.7472 6.496 12.3
      vertex 119.433 6.43145 12.3
    endloop
  endfacet
  facet normal -0 0 1
    outer loop
      vertex 92.7419 6.49409 12.3
      vertex 119.433 6.43145 12.3
      vertex 92.7472 6.496 12.3
    endloop
  endfacet
  facet normal 0 0 1
    outer loop
      vertex 92.5668 6.43145 12.3
      vertex 119.433 6.43145 12.3
      vertex 92.7419 6.49409 12.3
    endloop
  endfacet
  facet normal 0 0 1
    outer loop
      vertex 119.433 6.43145 12.3
      vertex 92.5668 6.43145 12.3
      vertex 119.619 6.38489 12.3
    endloop
  endfacet
  facet normal -0 0 1
    outer loop
      vertex 92.3865 6.38627 12.3
      vertex 119.619 6.38489 12.3
      vertex 92.5668 6.43145 12.3
    endloop
  endfacet
  facet normal 0 0 1
    outer loop
      vertex 92.3809 6.38489 12.3
      vertex 119.619 6.38489 12.3
      vertex 92.3865 6.38627 12.3
    endloop
  endfacet
  facet normal 0 0 1
    outer loop
      vertex 119.619 6.38489 12.3
      vertex 92.3809 6.38489 12.3
      vertex 119.809 6.35677 12.3
    endloop
  endfacet
  facet normal -0 0 1
    outer loop
      vertex 92.3753 6.38405 12.3
      vertex 119.809 6.35677 12.3
      vertex 92.3809 6.38489 12.3
    endloop
  endfacet
  facet normal 0 0 1
    outer loop
      vertex 92.1914 6.35677 12.3
      vertex 119.809 6.35677 12.3
      vertex 92.3753 6.38405 12.3
    endloop
  endfacet
  facet normal 0 0 1
    outer loop
      vertex 92.0057 6.34765 12.3
      vertex 119.809 6.35677 12.3
      vertex 92.1914 6.35677 12.3
    endloop
  endfacet
  facet normal 0 0 1
    outer loop
      vertex 92 6.34737 12.3
      vertex 119.809 6.35677 12.3
      vertex 92.0057 6.34765 12.3
    endloop
  endfacet
  facet normal 0 0 1
    outer loop
      vertex 120 6.34737 12.3
      vertex 92 6.34737 12.3
      vertex 212 0 12.3
    endloop
  endfacet
  facet normal 0 0 1
    outer loop
      vertex 64 6.34737 12.3
      vertex 92 6.34737 12.3
      vertex 91.9943 6.34765 12.3
    endloop
  endfacet
  facet normal 0 0 1
    outer loop
      vertex 64 6.34737 12.3
      vertex 91.9943 6.34765 12.3
      vertex 91.8086 6.35677 12.3
    endloop
  endfacet
  facet normal 0 0 -1
    outer loop
      vertex 91.6191 6.38489 12.3
      vertex 91.8086 6.35677 12.3
      vertex 91.6247 6.38405 12.3
    endloop
  endfacet
  facet normal 0 0 -1
    outer loop
      vertex 91.4332 6.43145 12.3
      vertex 91.6191 6.38489 12.3
      vertex 91.6135 6.38627 12.3
    endloop
  endfacet
  facet normal 0 0 -1
    outer loop
      vertex 91.0795 6.57793 12.3
      vertex 91.2528 6.496 12.3
      vertex 91.2476 6.49843 12.3
    endloop
  endfacet
  facet normal 0 0 -1
    outer loop
      vertex 90.6193 6.91928 12.3
      vertex 90.7613 6.7906 12.3
      vertex 90.6235 6.91547 12.3
    endloop
  endfacet
  facet normal 0 0 1
    outer loop
      vertex 90.4906 7.06126 12.3
      vertex 90.6193 6.91928 12.3
      vertex 90.6155 6.92349 12.3
    endloop
  endfacet
  facet normal 0 0 1
    outer loop
      vertex 90.3764 7.21518 12.3
      vertex 90.4906 7.06126 12.3
      vertex 90.3798 7.21061 12.3
    endloop
  endfacet
  facet normal 0 0 1
    outer loop
      vertex 90.2779 7.37954 12.3
      vertex 90.3764 7.21518 12.3
      vertex 90.3735 7.22005 12.3
    endloop
  endfacet
  facet normal 0 0 1
    outer loop
      vertex 90.0849 7.91906 12.3
      vertex 90.1314 7.73318 12.3
      vertex 90.0863 7.91355 12.3
    endloop
  endfacet
  facet normal 0 0 1
    outer loop
      vertex 90.0568 8.10861 12.3
      vertex 90.0849 7.91906 12.3
      vertex 90.0841 7.92468 12.3
    endloop
  endfacet
  facet normal 0 0 -1
    outer loop
      vertex 90.0474 8.3 12.3
      vertex 90.0568 8.10861 12.3
      vertex 90.0565 8.11428 12.3
    endloop
  endfacet
  facet normal -0 0 1
    outer loop
      vertex 65.9526 8.3 12.3
      vertex 90.0568 8.10861 12.3
      vertex 90.0474 8.3 12.3
    endloop
  endfacet
  facet normal -0 0 1
    outer loop
      vertex 65.9524 8.29432 12.3
      vertex 90.0568 8.10861 12.3
      vertex 65.9526 8.3 12.3
    endloop
  endfacet
  facet normal 0 0 1
    outer loop
      vertex 65.9432 8.10861 12.3
      vertex 90.0568 8.10861 12.3
      vertex 65.9524 8.29432 12.3
    endloop
  endfacet
  facet normal 0 0 1
    outer loop
      vertex 90.0568 8.10861 12.3
      vertex 65.9432 8.10861 12.3
      vertex 90.0849 7.91906 12.3
    endloop
  endfacet
  facet normal -0 0 1
    outer loop
      vertex 65.9159 7.92468 12.3
      vertex 90.0849 7.91906 12.3
      vertex 65.9432 8.10861 12.3
    endloop
  endfacet
  facet normal 0 0 1
    outer loop
      vertex 65.9151 7.91906 12.3
      vertex 90.0849 7.91906 12.3
      vertex 65.9159 7.92468 12.3
    endloop
  endfacet
  facet normal 0 0 1
    outer loop
      vertex 90.0849 7.91906 12.3
      vertex 65.9151 7.91906 12.3
      vertex 90.1314 7.73318 12.3
    endloop
  endfacet
  facet normal -0 0 1
    outer loop
      vertex 65.9137 7.91355 12.3
      vertex 90.1314 7.73318 12.3
      vertex 65.9151 7.91906 12.3
    endloop
  endfacet
  facet normal 0 0 1
    outer loop
      vertex 65.8686 7.73318 12.3
      vertex 90.1314 7.73318 12.3
      vertex 65.9137 7.91355 12.3
    endloop
  endfacet
  facet normal 0 0 1
    outer loop
      vertex 90.1314 7.73318 12.3
      vertex 65.8686 7.73318 12.3
      vertex 90.1941 7.55811 12.3
    endloop
  endfacet
  facet normal 0 0 1
    outer loop
      vertex 90.1941 7.55811 12.3
      vertex 65.8686 7.73318 12.3
      vertex 90.196 7.55276 12.3
    endloop
  endfacet
  facet normal -0 0 1
    outer loop
      vertex 65.8059 7.55811 12.3
      vertex 90.196 7.55276 12.3
      vertex 65.8686 7.73318 12.3
    endloop
  endfacet
  facet normal 0 0 1
    outer loop
      vertex 65.804 7.55276 12.3
      vertex 90.196 7.55276 12.3
      vertex 65.8059 7.55811 12.3
    endloop
  endfacet
  facet normal 0 0 1
    outer loop
      vertex 90.196 7.55276 12.3
      vertex 65.804 7.55276 12.3
      vertex 90.1984 7.54762 12.3
    endloop
  endfacet
  facet normal 0 0 1
    outer loop
      vertex 90.1984 7.54762 12.3
      vertex 65.804 7.55276 12.3
      vertex 90.2779 7.37954 12.3
    endloop
  endfacet
  facet normal -0 0 1
    outer loop
      vertex 65.8016 7.54762 12.3
      vertex 90.2779 7.37954 12.3
      vertex 65.804 7.55276 12.3
    endloop
  endfacet
  facet normal 0 0 1
    outer loop
      vertex 65.7221 7.37954 12.3
      vertex 90.2779 7.37954 12.3
      vertex 65.8016 7.54762 12.3
    endloop
  endfacet
  facet normal 0 0 1
    outer loop
      vertex 90.2779 7.37954 12.3
      vertex 65.7221 7.37954 12.3
      vertex 90.3764 7.21518 12.3
    endloop
  endfacet
  facet normal -0 0 1
    outer loop
      vertex 65.6265 7.22005 12.3
      vertex 90.3764 7.21518 12.3
      vertex 65.7221 7.37954 12.3
    endloop
  endfacet
  facet normal 0 0 1
    outer loop
      vertex 65.6236 7.21518 12.3
      vertex 90.3764 7.21518 12.3
      vertex 65.6265 7.22005 12.3
    endloop
  endfacet
  facet normal 0 0 1
    outer loop
      vertex 90.3764 7.21518 12.3
      vertex 65.6236 7.21518 12.3
      vertex 90.4906 7.06126 12.3
    endloop
  endfacet
  facet normal -0 0 1
    outer loop
      vertex 65.6202 7.21061 12.3
      vertex 90.4906 7.06126 12.3
      vertex 65.6236 7.21518 12.3
    endloop
  endfacet
  facet normal 0 0 1
    outer loop
      vertex 65.5094 7.06126 12.3
      vertex 90.4906 7.06126 12.3
      vertex 65.6202 7.21061 12.3
    endloop
  endfacet
  facet normal 0 0 1
    outer loop
      vertex 90.4906 7.06126 12.3
      vertex 65.5094 7.06126 12.3
      vertex 90.6193 6.91928 12.3
    endloop
  endfacet
  facet normal -0 0 1
    outer loop
      vertex 65.3845 6.92349 12.3
      vertex 90.6193 6.91928 12.3
      vertex 65.5094 7.06126 12.3
    endloop
  endfacet
  facet normal 0 0 1
    outer loop
      vertex 65.3807 6.91928 12.3
      vertex 90.6193 6.91928 12.3
      vertex 65.3845 6.92349 12.3
    endloop
  endfacet
  facet normal 0 0 1
    outer loop
      vertex 90.6193 6.91928 12.3
      vertex 65.3807 6.91928 12.3
      vertex 90.7613 6.7906 12.3
    endloop
  endfacet
  facet normal -0 0 1
    outer loop
      vertex 65.3765 6.91547 12.3
      vertex 90.7613 6.7906 12.3
      vertex 65.3807 6.91928 12.3
    endloop
  endfacet
  facet normal 0 0 1
    outer loop
      vertex 65.2387 6.7906 12.3
      vertex 90.7613 6.7906 12.3
      vertex 65.3765 6.91547 12.3
    endloop
  endfacet
  facet normal 0 0 1
    outer loop
      vertex 90.7613 6.7906 12.3
      vertex 65.2387 6.7906 12.3
      vertex 90.7658 6.78721 12.3
    endloop
  endfacet
  facet normal 0 0 1
    outer loop
      vertex 90.7658 6.78721 12.3
      vertex 65.2387 6.7906 12.3
      vertex 90.9152 6.67645 12.3
    endloop
  endfacet
  facet normal -0 0 1
    outer loop
      vertex 65.2342 6.78721 12.3
      vertex 90.9152 6.67645 12.3
      vertex 65.2387 6.7906 12.3
    endloop
  endfacet
  facet normal 0 0 1
    outer loop
      vertex 65.0848 6.67645 12.3
      vertex 90.9152 6.67645 12.3
      vertex 65.2342 6.78721 12.3
    endloop
  endfacet
  facet normal 0 0 1
    outer loop
      vertex 90.9152 6.67645 12.3
      vertex 65.0848 6.67645 12.3
      vertex 91.0747 6.58085 12.3
    endloop
  endfacet
  facet normal 0 0 1
    outer loop
      vertex 91.0747 6.58085 12.3
      vertex 65.0848 6.67645 12.3
      vertex 91.0795 6.57793 12.3
    endloop
  endfacet
  facet normal -0 0 1
    outer loop
      vertex 64.9253 6.58085 12.3
      vertex 91.0795 6.57793 12.3
      vertex 65.0848 6.67645 12.3
    endloop
  endfacet
  facet normal 0 0 1
    outer loop
      vertex 64.9205 6.57793 12.3
      vertex 91.0795 6.57793 12.3
      vertex 64.9253 6.58085 12.3
    endloop
  endfacet
  facet normal 0 0 1
    outer loop
      vertex 91.0795 6.57793 12.3
      vertex 64.9205 6.57793 12.3
      vertex 91.2528 6.496 12.3
    endloop
  endfacet
  facet normal -0 0 1
    outer loop
      vertex 64.7524 6.49843 12.3
      vertex 91.2528 6.496 12.3
      vertex 64.9205 6.57793 12.3
    endloop
  endfacet
  facet normal 0 0 1
    outer loop
      vertex 64.7472 6.496 12.3
      vertex 91.2528 6.496 12.3
      vertex 64.7524 6.49843 12.3
    endloop
  endfacet
  facet normal 0 0 1
    outer loop
      vertex 91.2528 6.496 12.3
      vertex 64.7472 6.496 12.3
      vertex 91.2581 6.49409 12.3
    endloop
  endfacet
  facet normal 0 0 1
    outer loop
      vertex 91.2581 6.49409 12.3
      vertex 64.7472 6.496 12.3
      vertex 91.4332 6.43145 12.3
    endloop
  endfacet
  facet normal -0 0 1
    outer loop
      vertex 64.7419 6.49409 12.3
      vertex 91.4332 6.43145 12.3
      vertex 64.7472 6.496 12.3
    endloop
  endfacet
  facet normal 0 0 1
    outer loop
      vertex 64.5668 6.43145 12.3
      vertex 91.4332 6.43145 12.3
      vertex 64.7419 6.49409 12.3
    endloop
  endfacet
  facet normal 0 0 1
    outer loop
      vertex 91.4332 6.43145 12.3
      vertex 64.5668 6.43145 12.3
      vertex 91.6191 6.38489 12.3
    endloop
  endfacet
  facet normal -0 0 1
    outer loop
      vertex 64.3865 6.38627 12.3
      vertex 91.6191 6.38489 12.3
      vertex 64.5668 6.43145 12.3
    endloop
  endfacet
  facet normal 0 0 1
    outer loop
      vertex 64.3809 6.38489 12.3
      vertex 91.6191 6.38489 12.3
      vertex 64.3865 6.38627 12.3
    endloop
  endfacet
  facet normal 0 0 1
    outer loop
      vertex 91.6191 6.38489 12.3
      vertex 64.3809 6.38489 12.3
      vertex 91.8086 6.35677 12.3
    endloop
  endfacet
  facet normal -0 0 1
    outer loop
      vertex 64.3753 6.38405 12.3
      vertex 91.8086 6.35677 12.3
      vertex 64.3809 6.38489 12.3
    endloop
  endfacet
  facet normal 0 0 1
    outer loop
      vertex 64.1914 6.35677 12.3
      vertex 91.8086 6.35677 12.3
      vertex 64.3753 6.38405 12.3
    endloop
  endfacet
  facet normal 0 0 1
    outer loop
      vertex 64.0057 6.34765 12.3
      vertex 91.8086 6.35677 12.3
      vertex 64.1914 6.35677 12.3
    endloop
  endfacet
  facet normal 0 0 1
    outer loop
      vertex 64 6.34737 12.3
      vertex 91.8086 6.35677 12.3
      vertex 64.0057 6.34765 12.3
    endloop
  endfacet
  facet normal 0 0 1
    outer loop
      vertex 92 6.34737 12.3
      vertex 64 6.34737 12.3
      vertex 0 0 12.3
    endloop
  endfacet
  facet normal 0 0 1
    outer loop
      vertex 63.8086 6.35677 12.3
      vertex 64 6.34737 12.3
      vertex 63.9943 6.34765 12.3
    endloop
  endfacet
  facet normal 0 0 -1
    outer loop
      vertex 63.4332 6.43145 12.3
      vertex 63.6191 6.38489 12.3
      vertex 63.6135 6.38627 12.3
    endloop
  endfacet
  facet normal 0 0 -1
    outer loop
      vertex 63.2528 6.496 12.3
      vertex 63.4332 6.43145 12.3
      vertex 63.2581 6.49409 12.3
    endloop
  endfacet
  facet normal 0 0 -1
    outer loop
      vertex 63.0795 6.57793 12.3
      vertex 63.2528 6.496 12.3
      vertex 63.2476 6.49843 12.3
    endloop
  endfacet
  facet normal 0 0 -1
    outer loop
      vertex 62.196 7.55276 12.3
      vertex 62.2779 7.37954 12.3
      vertex 62.1984 7.54762 12.3
    endloop
  endfacet
  facet normal 0 0 1
    outer loop
      vertex 62.0849 7.91906 12.3
      vertex 62.1314 7.73318 12.3
      vertex 62.0863 7.91355 12.3
    endloop
  endfacet
  facet normal 0 0 -1
    outer loop
      vertex 62.0474 8.3 12.3
      vertex 62.0568 8.10861 12.3
      vertex 62.0565 8.11428 12.3
    endloop
  endfacet
  facet normal -0 0 1
    outer loop
      vertex 37.9526 8.3 12.3
      vertex 62.0568 8.10861 12.3
      vertex 62.0474 8.3 12.3
    endloop
  endfacet
  facet normal -0 0 1
    outer loop
      vertex 37.9524 8.29432 12.3
      vertex 62.0568 8.10861 12.3
      vertex 37.9526 8.3 12.3
    endloop
  endfacet
  facet normal 0 0 1
    outer loop
      vertex 37.9432 8.10861 12.3
      vertex 62.0568 8.10861 12.3
      vertex 37.9524 8.29432 12.3
    endloop
  endfacet
  facet normal 0 0 1
    outer loop
      vertex 62.0568 8.10861 12.3
      vertex 37.9432 8.10861 12.3
      vertex 62.0841 7.92468 12.3
    endloop
  endfacet
  facet normal 0 0 1
    outer loop
      vertex 62.0841 7.92468 12.3
      vertex 37.9432 8.10861 12.3
      vertex 62.0849 7.91906 12.3
    endloop
  endfacet
  facet normal -0 0 1
    outer loop
      vertex 37.9159 7.92468 12.3
      vertex 62.0849 7.91906 12.3
      vertex 37.9432 8.10861 12.3
    endloop
  endfacet
  facet normal 0 0 1
    outer loop
      vertex 37.9151 7.91906 12.3
      vertex 62.0849 7.91906 12.3
      vertex 37.9159 7.92468 12.3
    endloop
  endfacet
  facet normal 0 0 1
    outer loop
      vertex 62.0849 7.91906 12.3
      vertex 37.9151 7.91906 12.3
      vertex 62.1314 7.73318 12.3
    endloop
  endfacet
  facet normal -0 0 1
    outer loop
      vertex 37.9137 7.91355 12.3
      vertex 62.1314 7.73318 12.3
      vertex 37.9151 7.91906 12.3
    endloop
  endfacet
  facet normal 0 0 1
    outer loop
      vertex 37.8686 7.73318 12.3
      vertex 62.1314 7.73318 12.3
      vertex 37.9137 7.91355 12.3
    endloop
  endfacet
  facet normal 0 0 1
    outer loop
      vertex 62.1314 7.73318 12.3
      vertex 37.8686 7.73318 12.3
      vertex 62.1941 7.55811 12.3
    endloop
  endfacet
  facet normal 0 0 1
    outer loop
      vertex 62.1941 7.55811 12.3
      vertex 37.8686 7.73318 12.3
      vertex 62.196 7.55276 12.3
    endloop
  endfacet
  facet normal -0 0 1
    outer loop
      vertex 37.8059 7.55811 12.3
      vertex 62.196 7.55276 12.3
      vertex 37.8686 7.73318 12.3
    endloop
  endfacet
  facet normal 0 0 1
    outer loop
      vertex 37.804 7.55276 12.3
      vertex 62.196 7.55276 12.3
      vertex 37.8059 7.55811 12.3
    endloop
  endfacet
  facet normal 0 0 1
    outer loop
      vertex 62.196 7.55276 12.3
      vertex 37.804 7.55276 12.3
      vertex 62.2779 7.37954 12.3
    endloop
  endfacet
  facet normal -0 0 1
    outer loop
      vertex 37.8016 7.54762 12.3
      vertex 62.2779 7.37954 12.3
      vertex 37.804 7.55276 12.3
    endloop
  endfacet
  facet normal 0 0 1
    outer loop
      vertex 37.7221 7.37954 12.3
      vertex 62.2779 7.37954 12.3
      vertex 37.8016 7.54762 12.3
    endloop
  endfacet
  facet normal 0 0 1
    outer loop
      vertex 62.2779 7.37954 12.3
      vertex 37.7221 7.37954 12.3
      vertex 62.3735 7.22005 12.3
    endloop
  endfacet
  facet normal 0 0 1
    outer loop
      vertex 62.3735 7.22005 12.3
      vertex 37.7221 7.37954 12.3
      vertex 62.3764 7.21518 12.3
    endloop
  endfacet
  facet normal -0 0 1
    outer loop
      vertex 37.6265 7.22005 12.3
      vertex 62.3764 7.21518 12.3
      vertex 37.7221 7.37954 12.3
    endloop
  endfacet
  facet normal 0 0 1
    outer loop
      vertex 37.6236 7.21518 12.3
      vertex 62.3764 7.21518 12.3
      vertex 37.6265 7.22005 12.3
    endloop
  endfacet
  facet normal 0 0 1
    outer loop
      vertex 62.3764 7.21518 12.3
      vertex 37.6236 7.21518 12.3
      vertex 62.3798 7.21061 12.3
    endloop
  endfacet
  facet normal 0 0 1
    outer loop
      vertex 62.3798 7.21061 12.3
      vertex 37.6236 7.21518 12.3
      vertex 62.4906 7.06126 12.3
    endloop
  endfacet
  facet normal -0 0 1
    outer loop
      vertex 37.6202 7.21061 12.3
      vertex 62.4906 7.06126 12.3
      vertex 37.6236 7.21518 12.3
    endloop
  endfacet
  facet normal 0 0 1
    outer loop
      vertex 37.5094 7.06126 12.3
      vertex 62.4906 7.06126 12.3
      vertex 37.6202 7.21061 12.3
    endloop
  endfacet
  facet normal 0 0 1
    outer loop
      vertex 62.4906 7.06126 12.3
      vertex 37.5094 7.06126 12.3
      vertex 62.6155 6.92349 12.3
    endloop
  endfacet
  facet normal 0 0 1
    outer loop
      vertex 62.6155 6.92349 12.3
      vertex 37.5094 7.06126 12.3
      vertex 62.6193 6.91928 12.3
    endloop
  endfacet
  facet normal -0 0 1
    outer loop
      vertex 37.3845 6.92349 12.3
      vertex 62.6193 6.91928 12.3
      vertex 37.5094 7.06126 12.3
    endloop
  endfacet
  facet normal 0 0 1
    outer loop
      vertex 37.3807 6.91928 12.3
      vertex 62.6193 6.91928 12.3
      vertex 37.3845 6.92349 12.3
    endloop
  endfacet
  facet normal 0 0 1
    outer loop
      vertex 62.6193 6.91928 12.3
      vertex 37.3807 6.91928 12.3
      vertex 62.6235 6.91547 12.3
    endloop
  endfacet
  facet normal 0 0 1
    outer loop
      vertex 62.6235 6.91547 12.3
      vertex 37.3807 6.91928 12.3
      vertex 62.7613 6.7906 12.3
    endloop
  endfacet
  facet normal -0 0 1
    outer loop
      vertex 37.3765 6.91547 12.3
      vertex 62.7613 6.7906 12.3
      vertex 37.3807 6.91928 12.3
    endloop
  endfacet
  facet normal 0 0 1
    outer loop
      vertex 37.2387 6.7906 12.3
      vertex 62.7613 6.7906 12.3
      vertex 37.3765 6.91547 12.3
    endloop
  endfacet
  facet normal 0 0 1
    outer loop
      vertex 62.7613 6.7906 12.3
      vertex 37.2387 6.7906 12.3
      vertex 62.7658 6.78721 12.3
    endloop
  endfacet
  facet normal 0 0 1
    outer loop
      vertex 62.7658 6.78721 12.3
      vertex 37.2387 6.7906 12.3
      vertex 62.9152 6.67645 12.3
    endloop
  endfacet
  facet normal -0 0 1
    outer loop
      vertex 37.2342 6.78721 12.3
      vertex 62.9152 6.67645 12.3
      vertex 37.2387 6.7906 12.3
    endloop
  endfacet
  facet normal 0 0 1
    outer loop
      vertex 37.0848 6.67645 12.3
      vertex 62.9152 6.67645 12.3
      vertex 37.2342 6.78721 12.3
    endloop
  endfacet
  facet normal 0 0 1
    outer loop
      vertex 62.9152 6.67645 12.3
      vertex 37.0848 6.67645 12.3
      vertex 63.0747 6.58085 12.3
    endloop
  endfacet
  facet normal 0 0 1
    outer loop
      vertex 63.0747 6.58085 12.3
      vertex 37.0848 6.67645 12.3
      vertex 63.0795 6.57793 12.3
    endloop
  endfacet
  facet normal -0 0 1
    outer loop
      vertex 36.9253 6.58085 12.3
      vertex 63.0795 6.57793 12.3
      vertex 37.0848 6.67645 12.3
    endloop
  endfacet
  facet normal 0 0 1
    outer loop
      vertex 36.9205 6.57793 12.3
      vertex 63.0795 6.57793 12.3
      vertex 36.9253 6.58085 12.3
    endloop
  endfacet
  facet normal 0 0 1
    outer loop
      vertex 63.0795 6.57793 12.3
      vertex 36.9205 6.57793 12.3
      vertex 63.2528 6.496 12.3
    endloop
  endfacet
  facet normal -0 0 1
    outer loop
      vertex 36.7524 6.49843 12.3
      vertex 63.2528 6.496 12.3
      vertex 36.9205 6.57793 12.3
    endloop
  endfacet
  facet normal 0 0 1
    outer loop
      vertex 36.7472 6.496 12.3
      vertex 63.2528 6.496 12.3
      vertex 36.7524 6.49843 12.3
    endloop
  endfacet
  facet normal 0 0 1
    outer loop
      vertex 63.2528 6.496 12.3
      vertex 36.7472 6.496 12.3
      vertex 63.4332 6.43145 12.3
    endloop
  endfacet
  facet normal -0 0 1
    outer loop
      vertex 36.7419 6.49409 12.3
      vertex 63.4332 6.43145 12.3
      vertex 36.7472 6.496 12.3
    endloop
  endfacet
  facet normal 0 0 1
    outer loop
      vertex 36.5668 6.43145 12.3
      vertex 63.4332 6.43145 12.3
      vertex 36.7419 6.49409 12.3
    endloop
  endfacet
  facet normal 0 0 1
    outer loop
      vertex 63.4332 6.43145 12.3
      vertex 36.5668 6.43145 12.3
      vertex 63.6191 6.38489 12.3
    endloop
  endfacet
  facet normal -0 0 1
    outer loop
      vertex 36.3865 6.38627 12.3
      vertex 63.6191 6.38489 12.3
      vertex 36.5668 6.43145 12.3
    endloop
  endfacet
  facet normal 0 0 1
    outer loop
      vertex 36.3809 6.38489 12.3
      vertex 63.6191 6.38489 12.3
      vertex 36.3865 6.38627 12.3
    endloop
  endfacet
  facet normal 0 0 1
    outer loop
      vertex 63.6191 6.38489 12.3
      vertex 36.3809 6.38489 12.3
      vertex 63.6247 6.38405 12.3
    endloop
  endfacet
  facet normal 0 0 1
    outer loop
      vertex 63.6247 6.38405 12.3
      vertex 36.3809 6.38489 12.3
      vertex 63.8086 6.35677 12.3
    endloop
  endfacet
  facet normal -0 0 1
    outer loop
      vertex 36.3753 6.38405 12.3
      vertex 63.8086 6.35677 12.3
      vertex 36.3809 6.38489 12.3
    endloop
  endfacet
  facet normal 0 0 1
    outer loop
      vertex 36.1914 6.35677 12.3
      vertex 63.8086 6.35677 12.3
      vertex 36.3753 6.38405 12.3
    endloop
  endfacet
  facet normal 0 0 1
    outer loop
      vertex 0 0 12.3
      vertex 63.8086 6.35677 12.3
      vertex 36.1914 6.35677 12.3
    endloop
  endfacet
  facet normal 0 0 1
    outer loop
      vertex 63.8086 6.35677 12.3
      vertex 0 0 12.3
      vertex 64 6.34737 12.3
    endloop
  endfacet
  facet normal 0 0 1
    outer loop
      vertex 0 0 12.3
      vertex 36.1914 6.35677 12.3
      vertex 36.0057 6.34765 12.3
    endloop
  endfacet
  facet normal 0 0 1
    outer loop
      vertex 0 0 12.3
      vertex 36.0057 6.34765 12.3
      vertex 36 6.34737 12.3
    endloop
  endfacet
  facet normal 0 0 1
    outer loop
      vertex 35.8086 6.35677 12.3
      vertex 36 6.34737 12.3
      vertex 35.9943 6.34765 12.3
    endloop
  endfacet
  facet normal 0 0 -1
    outer loop
      vertex 35.4332 6.43145 12.3
      vertex 35.6191 6.38489 12.3
      vertex 35.6135 6.38627 12.3
    endloop
  endfacet
  facet normal 0 0 -1
    outer loop
      vertex 35.2528 6.496 12.3
      vertex 35.4332 6.43145 12.3
      vertex 35.2581 6.49409 12.3
    endloop
  endfacet
  facet normal 0 0 -1
    outer loop
      vertex 35.0795 6.57793 12.3
      vertex 35.2528 6.496 12.3
      vertex 35.2476 6.49843 12.3
    endloop
  endfacet
  facet normal 0 0 -1
    outer loop
      vertex 34.196 7.55276 12.3
      vertex 34.2779 7.37954 12.3
      vertex 34.1984 7.54762 12.3
    endloop
  endfacet
  facet normal 0 0 1
    outer loop
      vertex 34.0849 7.91906 12.3
      vertex 34.1314 7.73318 12.3
      vertex 34.0863 7.91355 12.3
    endloop
  endfacet
  facet normal 0 0 -1
    outer loop
      vertex 34.0474 8.3 12.3
      vertex 34.0568 8.10861 12.3
      vertex 34.0565 8.11428 12.3
    endloop
  endfacet
  facet normal -0 0 1
    outer loop
      vertex 9.95263 8.3 12.3
      vertex 34.0568 8.10861 12.3
      vertex 34.0474 8.3 12.3
    endloop
  endfacet
  facet normal -0 0 1
    outer loop
      vertex 9.95235 8.29432 12.3
      vertex 34.0568 8.10861 12.3
      vertex 9.95263 8.3 12.3
    endloop
  endfacet
  facet normal 0 0 1
    outer loop
      vertex 9.94323 8.10861 12.3
      vertex 34.0568 8.10861 12.3
      vertex 9.95235 8.29432 12.3
    endloop
  endfacet
  facet normal 0 0 1
    outer loop
      vertex 34.0568 8.10861 12.3
      vertex 9.94323 8.10861 12.3
      vertex 34.0841 7.92468 12.3
    endloop
  endfacet
  facet normal 0 0 1
    outer loop
      vertex 34.0841 7.92468 12.3
      vertex 9.94323 8.10861 12.3
      vertex 34.0849 7.91906 12.3
    endloop
  endfacet
  facet normal -0 0 1
    outer loop
      vertex 9.91595 7.92468 12.3
      vertex 34.0849 7.91906 12.3
      vertex 9.94323 8.10861 12.3
    endloop
  endfacet
  facet normal 0 0 1
    outer loop
      vertex 9.91511 7.91906 12.3
      vertex 34.0849 7.91906 12.3
      vertex 9.91595 7.92468 12.3
    endloop
  endfacet
  facet normal 0 0 1
    outer loop
      vertex 34.0849 7.91906 12.3
      vertex 9.91511 7.91906 12.3
      vertex 34.1314 7.73318 12.3
    endloop
  endfacet
  facet normal -0 0 1
    outer loop
      vertex 9.91373 7.91355 12.3
      vertex 34.1314 7.73318 12.3
      vertex 9.91511 7.91906 12.3
    endloop
  endfacet
  facet normal 0 0 1
    outer loop
      vertex 9.86855 7.73318 12.3
      vertex 34.1314 7.73318 12.3
      vertex 9.91373 7.91355 12.3
    endloop
  endfacet
  facet normal 0 0 1
    outer loop
      vertex 34.1314 7.73318 12.3
      vertex 9.86855 7.73318 12.3
      vertex 34.1941 7.55811 12.3
    endloop
  endfacet
  facet normal 0 0 1
    outer loop
      vertex 34.1941 7.55811 12.3
      vertex 9.86855 7.73318 12.3
      vertex 34.196 7.55276 12.3
    endloop
  endfacet
  facet normal -0 0 1
    outer loop
      vertex 9.80591 7.55811 12.3
      vertex 34.196 7.55276 12.3
      vertex 9.86855 7.73318 12.3
    endloop
  endfacet
  facet normal 0 0 1
    outer loop
      vertex 9.804 7.55276 12.3
      vertex 34.196 7.55276 12.3
      vertex 9.80591 7.55811 12.3
    endloop
  endfacet
  facet normal 0 0 1
    outer loop
      vertex 34.196 7.55276 12.3
      vertex 9.804 7.55276 12.3
      vertex 34.2779 7.37954 12.3
    endloop
  endfacet
  facet normal -0 0 1
    outer loop
      vertex 9.80157 7.54762 12.3
      vertex 34.2779 7.37954 12.3
      vertex 9.804 7.55276 12.3
    endloop
  endfacet
  facet normal 0 0 1
    outer loop
      vertex 9.72207 7.37954 12.3
      vertex 34.2779 7.37954 12.3
      vertex 9.80157 7.54762 12.3
    endloop
  endfacet
  facet normal 0 0 1
    outer loop
      vertex 34.2779 7.37954 12.3
      vertex 9.72207 7.37954 12.3
      vertex 34.3735 7.22005 12.3
    endloop
  endfacet
  facet normal 0 0 1
    outer loop
      vertex 34.3735 7.22005 12.3
      vertex 9.72207 7.37954 12.3
      vertex 34.3764 7.21518 12.3
    endloop
  endfacet
  facet normal -0 0 1
    outer loop
      vertex 9.62647 7.22005 12.3
      vertex 34.3764 7.21518 12.3
      vertex 9.72207 7.37954 12.3
    endloop
  endfacet
  facet normal 0 0 1
    outer loop
      vertex 9.62355 7.21518 12.3
      vertex 34.3764 7.21518 12.3
      vertex 9.62647 7.22005 12.3
    endloop
  endfacet
  facet normal 0 0 1
    outer loop
      vertex 34.3764 7.21518 12.3
      vertex 9.62355 7.21518 12.3
      vertex 34.3798 7.21061 12.3
    endloop
  endfacet
  facet normal 0 0 1
    outer loop
      vertex 34.3798 7.21061 12.3
      vertex 9.62355 7.21518 12.3
      vertex 34.4906 7.06126 12.3
    endloop
  endfacet
  facet normal -0 0 1
    outer loop
      vertex 9.62017 7.21061 12.3
      vertex 34.4906 7.06126 12.3
      vertex 9.62355 7.21518 12.3
    endloop
  endfacet
  facet normal 0 0 1
    outer loop
      vertex 9.5094 7.06126 12.3
      vertex 34.4906 7.06126 12.3
      vertex 9.62017 7.21061 12.3
    endloop
  endfacet
  facet normal 0 0 1
    outer loop
      vertex 34.4906 7.06126 12.3
      vertex 9.5094 7.06126 12.3
      vertex 34.6155 6.92349 12.3
    endloop
  endfacet
  facet normal 0 0 1
    outer loop
      vertex 34.6155 6.92349 12.3
      vertex 9.5094 7.06126 12.3
      vertex 34.6193 6.91928 12.3
    endloop
  endfacet
  facet normal -0 0 1
    outer loop
      vertex 9.38453 6.92349 12.3
      vertex 34.6193 6.91928 12.3
      vertex 9.5094 7.06126 12.3
    endloop
  endfacet
  facet normal 0 0 1
    outer loop
      vertex 9.38072 6.91928 12.3
      vertex 34.6193 6.91928 12.3
      vertex 9.38453 6.92349 12.3
    endloop
  endfacet
  facet normal 0 0 1
    outer loop
      vertex 34.6193 6.91928 12.3
      vertex 9.38072 6.91928 12.3
      vertex 34.6235 6.91547 12.3
    endloop
  endfacet
  facet normal 0 0 1
    outer loop
      vertex 34.6235 6.91547 12.3
      vertex 9.38072 6.91928 12.3
      vertex 34.7613 6.7906 12.3
    endloop
  endfacet
  facet normal -0 0 1
    outer loop
      vertex 9.37651 6.91547 12.3
      vertex 34.7613 6.7906 12.3
      vertex 9.38072 6.91928 12.3
    endloop
  endfacet
  facet normal 0 0 1
    outer loop
      vertex 9.23874 6.7906 12.3
      vertex 34.7613 6.7906 12.3
      vertex 9.37651 6.91547 12.3
    endloop
  endfacet
  facet normal 0 0 1
    outer loop
      vertex 34.7613 6.7906 12.3
      vertex 9.23874 6.7906 12.3
      vertex 34.7658 6.78721 12.3
    endloop
  endfacet
  facet normal 0 0 1
    outer loop
      vertex 34.7658 6.78721 12.3
      vertex 9.23874 6.7906 12.3
      vertex 34.9152 6.67645 12.3
    endloop
  endfacet
  facet normal -0 0 1
    outer loop
      vertex 9.23417 6.78721 12.3
      vertex 34.9152 6.67645 12.3
      vertex 9.23874 6.7906 12.3
    endloop
  endfacet
  facet normal 0 0 1
    outer loop
      vertex 9.08482 6.67645 12.3
      vertex 34.9152 6.67645 12.3
      vertex 9.23417 6.78721 12.3
    endloop
  endfacet
  facet normal 0 0 1
    outer loop
      vertex 34.9152 6.67645 12.3
      vertex 9.08482 6.67645 12.3
      vertex 35.0747 6.58085 12.3
    endloop
  endfacet
  facet normal 0 0 1
    outer loop
      vertex 35.0747 6.58085 12.3
      vertex 9.08482 6.67645 12.3
      vertex 35.0795 6.57793 12.3
    endloop
  endfacet
  facet normal -0 0 1
    outer loop
      vertex 8.92534 6.58085 12.3
      vertex 35.0795 6.57793 12.3
      vertex 9.08482 6.67645 12.3
    endloop
  endfacet
  facet normal 0 0 1
    outer loop
      vertex 8.92046 6.57793 12.3
      vertex 35.0795 6.57793 12.3
      vertex 8.92534 6.58085 12.3
    endloop
  endfacet
  facet normal 0 0 1
    outer loop
      vertex 0 0 12.3
      vertex 35.0795 6.57793 12.3
      vertex 8.92046 6.57793 12.3
    endloop
  endfacet
  facet normal 0 0 1
    outer loop
      vertex 35.0795 6.57793 12.3
      vertex 0 0 12.3
      vertex 35.2528 6.496 12.3
    endloop
  endfacet
  facet normal 0 0 1
    outer loop
      vertex 35.2528 6.496 12.3
      vertex 0 0 12.3
      vertex 35.4332 6.43145 12.3
    endloop
  endfacet
  facet normal 0 0 1
    outer loop
      vertex 35.4332 6.43145 12.3
      vertex 0 0 12.3
      vertex 35.6191 6.38489 12.3
    endloop
  endfacet
  facet normal 0 0 1
    outer loop
      vertex 35.6191 6.38489 12.3
      vertex 0 0 12.3
      vertex 35.6247 6.38405 12.3
    endloop
  endfacet
  facet normal 0 0 1
    outer loop
      vertex 35.6247 6.38405 12.3
      vertex 0 0 12.3
      vertex 35.8086 6.35677 12.3
    endloop
  endfacet
  facet normal 0 0 1
    outer loop
      vertex 35.8086 6.35677 12.3
      vertex 0 0 12.3
      vertex 36 6.34737 12.3
    endloop
  endfacet
  facet normal 0 0 1
    outer loop
      vertex 0 0 12.3
      vertex 8.92046 6.57793 12.3
      vertex 8.75238 6.49843 12.3
    endloop
  endfacet
  facet normal 0 0 1
    outer loop
      vertex 0 0 12.3
      vertex 8.75238 6.49843 12.3
      vertex 8.74724 6.496 12.3
    endloop
  endfacet
  facet normal 0 0 1
    outer loop
      vertex 0 0 12.3
      vertex 8.74724 6.496 12.3
      vertex 8.74189 6.49409 12.3
    endloop
  endfacet
  facet normal 0 0 1
    outer loop
      vertex 0 0 12.3
      vertex 8.74189 6.49409 12.3
      vertex 8.56682 6.43145 12.3
    endloop
  endfacet
  facet normal 0 0 1
    outer loop
      vertex 0 0 12.3
      vertex 8.56682 6.43145 12.3
      vertex 8.38645 6.38627 12.3
    endloop
  endfacet
  facet normal 0 0 1
    outer loop
      vertex 0 0 12.3
      vertex 8.38645 6.38627 12.3
      vertex 8.38094 6.38489 12.3
    endloop
  endfacet
  facet normal 0 0 1
    outer loop
      vertex 0 0 12.3
      vertex 8.38094 6.38489 12.3
      vertex 8.37532 6.38405 12.3
    endloop
  endfacet
  facet normal 0 0 1
    outer loop
      vertex 0 0 12.3
      vertex 8.37532 6.38405 12.3
      vertex 8.19139 6.35677 12.3
    endloop
  endfacet
  facet normal 0 0 1
    outer loop
      vertex 0 0 12.3
      vertex 8.19139 6.35677 12.3
      vertex 8.00567 6.34765 12.3
    endloop
  endfacet
  facet normal 0 0 1
    outer loop
      vertex 0 0 12.3
      vertex 8.00567 6.34765 12.3
      vertex 8 6.34737 12.3
    endloop
  endfacet
  facet normal 0 0 1
    outer loop
      vertex 0 0 12.3
      vertex 7.99433 6.34765 12.3
      vertex 7.80861 6.35677 12.3
    endloop
  endfacet
  facet normal 0 0 1
    outer loop
      vertex 0 0 12.3
      vertex 7.62468 6.38405 12.3
      vertex 7.61906 6.38489 12.3
    endloop
  endfacet
  facet normal 0 0 1
    outer loop
      vertex 0 0 12.3
      vertex 7.61355 6.38627 12.3
      vertex 7.43318 6.43145 12.3
    endloop
  endfacet
  facet normal 0 0 1
    outer loop
      vertex 0 0 12.3
      vertex 7.07466 6.58085 12.3
      vertex 6.91518 6.67645 12.3
    endloop
  endfacet
  facet normal 0 0 1
    outer loop
      vertex 0 0 12.3
      vertex 6.62349 6.91547 12.3
      vertex 6.61928 6.91928 12.3
    endloop
  endfacet
  facet normal 0 0 1
    outer loop
      vertex 0 0 12.3
      vertex 6.61547 6.92349 12.3
      vertex 6.49059 7.06126 12.3
    endloop
  endfacet
  facet normal 0 0 1
    outer loop
      vertex 0 0 12.3
      vertex 6.19843 7.54762 12.3
      vertex 6.196 7.55276 12.3
    endloop
  endfacet
  facet normal 0 0 1
    outer loop
      vertex 0 0 12.3
      vertex 6.19409 7.55811 12.3
      vertex 6.13145 7.73318 12.3
    endloop
  endfacet
  facet normal 0 0 1
    outer loop
      vertex 0 0 12.3
      vertex 6.08405 7.92468 12.3
      vertex 6.05677 8.10861 12.3
    endloop
  endfacet
  facet normal 0 0 1
    outer loop
      vertex 0 0 12.3
      vertex 6.04737 8.3 12.3
      vertex 0 16.6 12.3
    endloop
  endfacet
  facet normal 0 0 1
    outer loop
      vertex 6.04737 8.3 12.3
      vertex 0 0 12.3
      vertex 6.05649 8.11428 12.3
    endloop
  endfacet
  facet normal 0 0 1
    outer loop
      vertex 6.05649 8.11428 12.3
      vertex 0 0 12.3
      vertex 6.05677 8.10861 12.3
    endloop
  endfacet
  facet normal 0 0 1
    outer loop
      vertex 6.08405 7.92468 12.3
      vertex 0 0 12.3
      vertex 6.08489 7.91906 12.3
    endloop
  endfacet
  facet normal 0 0 1
    outer loop
      vertex 6.08489 7.91906 12.3
      vertex 0 0 12.3
      vertex 6.08627 7.91355 12.3
    endloop
  endfacet
  facet normal 0 0 1
    outer loop
      vertex 6.08627 7.91355 12.3
      vertex 0 0 12.3
      vertex 6.13145 7.73318 12.3
    endloop
  endfacet
  facet normal 0 0 1
    outer loop
      vertex 6.19409 7.55811 12.3
      vertex 0 0 12.3
      vertex 6.196 7.55276 12.3
    endloop
  endfacet
  facet normal 0 0 1
    outer loop
      vertex 6.19843 7.54762 12.3
      vertex 0 0 12.3
      vertex 6.27793 7.37954 12.3
    endloop
  endfacet
  facet normal 0 0 1
    outer loop
      vertex 6.27793 7.37954 12.3
      vertex 0 0 12.3
      vertex 6.37352 7.22005 12.3
    endloop
  endfacet
  facet normal 0 0 1
    outer loop
      vertex 92 6.34737 12.3
      vertex 0 0 12.3
      vertex 212 0 12.3
    endloop
  endfacet
  facet normal 0 0 1
    outer loop
      vertex 7.99433 6.34765 12.3
      vertex 0 0 12.3
      vertex 8 6.34737 12.3
    endloop
  endfacet
  facet normal 0 0 1
    outer loop
      vertex 7.62468 6.38405 12.3
      vertex 0 0 12.3
      vertex 7.80861 6.35677 12.3
    endloop
  endfacet
  facet normal 0 0 1
    outer loop
      vertex 7.61355 6.38627 12.3
      vertex 0 0 12.3
      vertex 7.61906 6.38489 12.3
    endloop
  endfacet
  facet normal 0 0 1
    outer loop
      vertex 7.25811 6.49409 12.3
      vertex 0 0 12.3
      vertex 7.43318 6.43145 12.3
    endloop
  endfacet
  facet normal 0 0 1
    outer loop
      vertex 7.25276 6.496 12.3
      vertex 0 0 12.3
      vertex 7.25811 6.49409 12.3
    endloop
  endfacet
  facet normal 0 0 1
    outer loop
      vertex 7.24762 6.49843 12.3
      vertex 0 0 12.3
      vertex 7.25276 6.496 12.3
    endloop
  endfacet
  facet normal 0 0 1
    outer loop
      vertex 7.07954 6.57793 12.3
      vertex 0 0 12.3
      vertex 7.24762 6.49843 12.3
    endloop
  endfacet
  facet normal 0 0 1
    outer loop
      vertex 7.07466 6.58085 12.3
      vertex 0 0 12.3
      vertex 7.07954 6.57793 12.3
    endloop
  endfacet
  facet normal 0 0 1
    outer loop
      vertex 6.76583 6.78721 12.3
      vertex 0 0 12.3
      vertex 6.91518 6.67645 12.3
    endloop
  endfacet
  facet normal 0 0 1
    outer loop
      vertex 6.76126 6.7906 12.3
      vertex 0 0 12.3
      vertex 6.76583 6.78721 12.3
    endloop
  endfacet
  facet normal 0 0 1
    outer loop
      vertex 6.62349 6.91547 12.3
      vertex 0 0 12.3
      vertex 6.76126 6.7906 12.3
    endloop
  endfacet
  facet normal 0 0 1
    outer loop
      vertex 6.61547 6.92349 12.3
      vertex 0 0 12.3
      vertex 6.61928 6.91928 12.3
    endloop
  endfacet
  facet normal 0 0 1
    outer loop
      vertex 6.37983 7.21061 12.3
      vertex 0 0 12.3
      vertex 6.49059 7.06126 12.3
    endloop
  endfacet
  facet normal 0 0 1
    outer loop
      vertex 6.37645 7.21518 12.3
      vertex 0 0 12.3
      vertex 6.37983 7.21061 12.3
    endloop
  endfacet
  facet normal 0 0 1
    outer loop
      vertex 6.37352 7.22005 12.3
      vertex 0 0 12.3
      vertex 6.37645 7.21518 12.3
    endloop
  endfacet
  facet normal 0 0 -1
    outer loop
      vertex 0 13.6 0
      vertex 212 16.6 0
      vertex 212 13.6 0
    endloop
  endfacet
  facet normal -0 0 -1
    outer loop
      vertex 212 16.6 0
      vertex 0 13.6 0
      vertex 0 16.6 0
    endloop
  endfacet
  facet normal 0 0 -1
    outer loop
      vertex 0 0 0
      vertex 212 3 0
      vertex 212 0 0
    endloop
  endfacet
  facet normal -0 0 -1
    outer loop
      vertex 212 3 0
      vertex 0 0 0
      vertex 0 3 0
    endloop
  endfacet
  facet normal -1 0 0
    outer loop
      vertex 0 3 0
      vertex 0 0 0
      vertex 0 3 3.3
    endloop
  endfacet
  facet normal -1 0 0
    outer loop
      vertex 0 13.6 3.3
      vertex 0 16.6 0
      vertex 0 13.6 0
    endloop
  endfacet
  facet normal -1 0 0
    outer loop
      vertex 0 16.6 0
      vertex 0 13.6 3.3
      vertex 0 16.6 12.3
    endloop
  endfacet
  facet normal -1 0 0
    outer loop
      vertex 0 3 3.3
      vertex 0 16.6 12.3
      vertex 0 13.6 3.3
    endloop
  endfacet
  facet normal -1 0 0
    outer loop
      vertex 0 3 3.3
      vertex 0 0 12.3
      vertex 0 16.6 12.3
    endloop
  endfacet
  facet normal -1 0 0
    outer loop
      vertex 0 0 12.3
      vertex 0 3 3.3
      vertex 0 0 0
    endloop
  endfacet
  facet normal 0 1 -0
    outer loop
      vertex 212 16.6 0
      vertex 0 16.6 12.3
      vertex 212 16.6 12.3
    endloop
  endfacet
  facet normal 0 1 0
    outer loop
      vertex 0 16.6 12.3
      vertex 212 16.6 0
      vertex 0 16.6 0
    endloop
  endfacet
  facet normal 0 -1 0
    outer loop
      vertex 0 0 0
      vertex 212 0 12.3
      vertex 0 0 12.3
    endloop
  endfacet
  facet normal 0 -1 -0
    outer loop
      vertex 212 0 12.3
      vertex 0 0 0
      vertex 212 0 0
    endloop
  endfacet
  facet normal 0 0 -1
    outer loop
      vertex 212 3 3.3
      vertex 205.1 8.3 3.3
      vertex 212 13.6 3.3
    endloop
  endfacet
  facet normal 0 0 -1
    outer loop
      vertex 212 3 3.3
      vertex 205.095 8.19218 3.3
      vertex 205.1 8.3 3.3
    endloop
  endfacet
  facet normal 0 0 -1
    outer loop
      vertex 212 3 3.3
      vertex 205.079 8.0854 3.3
      vertex 205.095 8.19218 3.3
    endloop
  endfacet
  facet normal 0 0 -1
    outer loop
      vertex 212 3 3.3
      vertex 205.053 7.98069 3.3
      vertex 205.079 8.0854 3.3
    endloop
  endfacet
  facet normal 0 0 -1
    outer loop
      vertex 212 3 3.3
      vertex 205.016 7.87905 3.3
      vertex 205.053 7.98069 3.3
    endloop
  endfacet
  facet normal 0 0 -1
    outer loop
      vertex 212 3 3.3
      vertex 204.97 7.78146 3.3
      vertex 205.016 7.87905 3.3
    endloop
  endfacet
  facet normal 0 0 -1
    outer loop
      vertex 212 3 3.3
      vertex 204.915 7.68887 3.3
      vertex 204.97 7.78146 3.3
    endloop
  endfacet
  facet normal 0 0 -1
    outer loop
      vertex 212 3 3.3
      vertex 204.85 7.60217 3.3
      vertex 204.915 7.68887 3.3
    endloop
  endfacet
  facet normal 0 0 -1
    outer loop
      vertex 212 3 3.3
      vertex 204.778 7.52218 3.3
      vertex 204.85 7.60217 3.3
    endloop
  endfacet
  facet normal 0 0 -1
    outer loop
      vertex 212 3 3.3
      vertex 204.698 7.44969 3.3
      vertex 204.778 7.52218 3.3
    endloop
  endfacet
  facet normal 0 0 -1
    outer loop
      vertex 212 3 3.3
      vertex 204.611 7.38538 3.3
      vertex 204.698 7.44969 3.3
    endloop
  endfacet
  facet normal 0 0 -1
    outer loop
      vertex 212 3 3.3
      vertex 204.519 7.32989 3.3
      vertex 204.611 7.38538 3.3
    endloop
  endfacet
  facet normal 0 0 -1
    outer loop
      vertex 212 3 3.3
      vertex 204.421 7.28373 3.3
      vertex 204.519 7.32989 3.3
    endloop
  endfacet
  facet normal 0 0 -1
    outer loop
      vertex 212 3 3.3
      vertex 204.319 7.24736 3.3
      vertex 204.421 7.28373 3.3
    endloop
  endfacet
  facet normal 0 0 -1
    outer loop
      vertex 212 3 3.3
      vertex 204.215 7.22114 3.3
      vertex 204.319 7.24736 3.3
    endloop
  endfacet
  facet normal 0 0 -1
    outer loop
      vertex 212 3 3.3
      vertex 204.108 7.2053 3.3
      vertex 204.215 7.22114 3.3
    endloop
  endfacet
  facet normal 0 0 -1
    outer loop
      vertex 212 3 3.3
      vertex 204 7.2 3.3
      vertex 204.108 7.2053 3.3
    endloop
  endfacet
  facet normal 0 0 -1
    outer loop
      vertex 212 3 3.3
      vertex 203.892 7.2053 3.3
      vertex 204 7.2 3.3
    endloop
  endfacet
  facet normal 0 0 -1
    outer loop
      vertex 212 3 3.3
      vertex 203.785 7.22114 3.3
      vertex 203.892 7.2053 3.3
    endloop
  endfacet
  facet normal 0 0 -1
    outer loop
      vertex 212 3 3.3
      vertex 203.681 7.24736 3.3
      vertex 203.785 7.22114 3.3
    endloop
  endfacet
  facet normal 0 0 -1
    outer loop
      vertex 212 3 3.3
      vertex 203.579 7.28373 3.3
      vertex 203.681 7.24736 3.3
    endloop
  endfacet
  facet normal 0 0 -1
    outer loop
      vertex 176.421 7.28373 3.3
      vertex 203.579 7.28373 3.3
      vertex 212 3 3.3
    endloop
  endfacet
  facet normal 0 0 -1
    outer loop
      vertex 202.905 8.19218 3.3
      vertex 177.1 8.3 3.3
      vertex 202.9 8.3 3.3
    endloop
  endfacet
  facet normal 0 0 -1
    outer loop
      vertex 177.095 8.19218 3.3
      vertex 202.905 8.19218 3.3
      vertex 202.921 8.0854 3.3
    endloop
  endfacet
  facet normal 0 0 -1
    outer loop
      vertex 177.079 8.0854 3.3
      vertex 202.921 8.0854 3.3
      vertex 202.947 7.98069 3.3
    endloop
  endfacet
  facet normal 0 0 -1
    outer loop
      vertex 177.053 7.98069 3.3
      vertex 202.947 7.98069 3.3
      vertex 202.984 7.87905 3.3
    endloop
  endfacet
  facet normal 0 0 -1
    outer loop
      vertex 177.016 7.87905 3.3
      vertex 202.984 7.87905 3.3
      vertex 203.03 7.78146 3.3
    endloop
  endfacet
  facet normal 0 0 -1
    outer loop
      vertex 176.97 7.78146 3.3
      vertex 203.03 7.78146 3.3
      vertex 203.085 7.68887 3.3
    endloop
  endfacet
  facet normal 0 0 -1
    outer loop
      vertex 176.915 7.68887 3.3
      vertex 203.085 7.68887 3.3
      vertex 203.15 7.60217 3.3
    endloop
  endfacet
  facet normal 0 0 -1
    outer loop
      vertex 176.85 7.60217 3.3
      vertex 203.15 7.60217 3.3
      vertex 203.222 7.52218 3.3
    endloop
  endfacet
  facet normal 0 0 -1
    outer loop
      vertex 176.778 7.52218 3.3
      vertex 203.222 7.52218 3.3
      vertex 203.302 7.44969 3.3
    endloop
  endfacet
  facet normal 0 0 -1
    outer loop
      vertex 176.698 7.44969 3.3
      vertex 203.302 7.44969 3.3
      vertex 203.389 7.38538 3.3
    endloop
  endfacet
  facet normal 0 0 -1
    outer loop
      vertex 176.611 7.38538 3.3
      vertex 203.389 7.38538 3.3
      vertex 203.481 7.32989 3.3
    endloop
  endfacet
  facet normal 0 0 -1
    outer loop
      vertex 203.579 7.28373 3.3
      vertex 176.421 7.28373 3.3
      vertex 203.481 7.32989 3.3
    endloop
  endfacet
  facet normal 0 0 -1
    outer loop
      vertex 202.905 8.19218 3.3
      vertex 177.095 8.19218 3.3
      vertex 177.1 8.3 3.3
    endloop
  endfacet
  facet normal 0 0 -1
    outer loop
      vertex 202.921 8.0854 3.3
      vertex 177.079 8.0854 3.3
      vertex 177.095 8.19218 3.3
    endloop
  endfacet
  facet normal 0 0 -1
    outer loop
      vertex 202.947 7.98069 3.3
      vertex 177.053 7.98069 3.3
      vertex 177.079 8.0854 3.3
    endloop
  endfacet
  facet normal 0 0 -1
    outer loop
      vertex 202.984 7.87905 3.3
      vertex 177.016 7.87905 3.3
      vertex 177.053 7.98069 3.3
    endloop
  endfacet
  facet normal 0 0 -1
    outer loop
      vertex 203.03 7.78146 3.3
      vertex 176.97 7.78146 3.3
      vertex 177.016 7.87905 3.3
    endloop
  endfacet
  facet normal 0 0 -1
    outer loop
      vertex 203.085 7.68887 3.3
      vertex 176.915 7.68887 3.3
      vertex 176.97 7.78146 3.3
    endloop
  endfacet
  facet normal 0 0 -1
    outer loop
      vertex 203.15 7.60217 3.3
      vertex 176.85 7.60217 3.3
      vertex 176.915 7.68887 3.3
    endloop
  endfacet
  facet normal 0 0 -1
    outer loop
      vertex 203.222 7.52218 3.3
      vertex 176.778 7.52218 3.3
      vertex 176.85 7.60217 3.3
    endloop
  endfacet
  facet normal 0 0 -1
    outer loop
      vertex 203.302 7.44969 3.3
      vertex 176.698 7.44969 3.3
      vertex 176.778 7.52218 3.3
    endloop
  endfacet
  facet normal 0 0 -1
    outer loop
      vertex 203.389 7.38538 3.3
      vertex 176.611 7.38538 3.3
      vertex 176.698 7.44969 3.3
    endloop
  endfacet
  facet normal 0 0 -1
    outer loop
      vertex 203.481 7.32989 3.3
      vertex 176.519 7.32989 3.3
      vertex 176.611 7.38538 3.3
    endloop
  endfacet
  facet normal -0 0 -1
    outer loop
      vertex 203.481 7.32989 3.3
      vertex 176.421 7.28373 3.3
      vertex 176.519 7.32989 3.3
    endloop
  endfacet
  facet normal 0 0 -1
    outer loop
      vertex 212 3 3.3
      vertex 176.319 7.24736 3.3
      vertex 176.421 7.28373 3.3
    endloop
  endfacet
  facet normal 0 0 -1
    outer loop
      vertex 212 3 3.3
      vertex 176.215 7.22114 3.3
      vertex 176.319 7.24736 3.3
    endloop
  endfacet
  facet normal 0 0 -1
    outer loop
      vertex 212 3 3.3
      vertex 176.108 7.2053 3.3
      vertex 176.215 7.22114 3.3
    endloop
  endfacet
  facet normal 0 0 -1
    outer loop
      vertex 212 3 3.3
      vertex 176 7.2 3.3
      vertex 176.108 7.2053 3.3
    endloop
  endfacet
  facet normal 0 0 -1
    outer loop
      vertex 212 3 3.3
      vertex 175.892 7.2053 3.3
      vertex 176 7.2 3.3
    endloop
  endfacet
  facet normal 0 0 -1
    outer loop
      vertex 174.905 8.19218 3.3
      vertex 149.1 8.3 3.3
      vertex 174.9 8.3 3.3
    endloop
  endfacet
  facet normal 0 0 -1
    outer loop
      vertex 149.095 8.19218 3.3
      vertex 174.905 8.19218 3.3
      vertex 174.921 8.0854 3.3
    endloop
  endfacet
  facet normal 0 0 -1
    outer loop
      vertex 149.079 8.0854 3.3
      vertex 174.921 8.0854 3.3
      vertex 174.947 7.98069 3.3
    endloop
  endfacet
  facet normal 0 0 -1
    outer loop
      vertex 149.053 7.98069 3.3
      vertex 174.947 7.98069 3.3
      vertex 174.984 7.87905 3.3
    endloop
  endfacet
  facet normal 0 0 -1
    outer loop
      vertex 149.016 7.87905 3.3
      vertex 174.984 7.87905 3.3
      vertex 175.03 7.78146 3.3
    endloop
  endfacet
  facet normal 0 0 -1
    outer loop
      vertex 148.97 7.78146 3.3
      vertex 175.03 7.78146 3.3
      vertex 175.085 7.68887 3.3
    endloop
  endfacet
  facet normal 0 0 -1
    outer loop
      vertex 148.915 7.68887 3.3
      vertex 175.085 7.68887 3.3
      vertex 175.15 7.60217 3.3
    endloop
  endfacet
  facet normal 0 0 -1
    outer loop
      vertex 148.85 7.60217 3.3
      vertex 175.15 7.60217 3.3
      vertex 175.222 7.52218 3.3
    endloop
  endfacet
  facet normal 0 0 -1
    outer loop
      vertex 148.778 7.52218 3.3
      vertex 175.222 7.52218 3.3
      vertex 175.302 7.44969 3.3
    endloop
  endfacet
  facet normal 0 0 -1
    outer loop
      vertex 148.698 7.44969 3.3
      vertex 175.302 7.44969 3.3
      vertex 175.389 7.38538 3.3
    endloop
  endfacet
  facet normal 0 0 -1
    outer loop
      vertex 148.611 7.38538 3.3
      vertex 175.389 7.38538 3.3
      vertex 175.481 7.32989 3.3
    endloop
  endfacet
  facet normal 0 0 -1
    outer loop
      vertex 148.519 7.32989 3.3
      vertex 175.481 7.32989 3.3
      vertex 175.579 7.28373 3.3
    endloop
  endfacet
  facet normal 0 0 -1
    outer loop
      vertex 148.421 7.28373 3.3
      vertex 175.579 7.28373 3.3
      vertex 175.681 7.24736 3.3
    endloop
  endfacet
  facet normal 0 0 -1
    outer loop
      vertex 148.319 7.24736 3.3
      vertex 175.681 7.24736 3.3
      vertex 175.785 7.22114 3.3
    endloop
  endfacet
  facet normal 0 0 -1
    outer loop
      vertex 148.215 7.22114 3.3
      vertex 175.785 7.22114 3.3
      vertex 175.892 7.2053 3.3
    endloop
  endfacet
  facet normal 0 0 -1
    outer loop
      vertex 148.108 7.2053 3.3
      vertex 175.892 7.2053 3.3
      vertex 212 3 3.3
    endloop
  endfacet
  facet normal 0 0 -1
    outer loop
      vertex 174.905 8.19218 3.3
      vertex 149.095 8.19218 3.3
      vertex 149.1 8.3 3.3
    endloop
  endfacet
  facet normal 0 0 -1
    outer loop
      vertex 174.921 8.0854 3.3
      vertex 149.079 8.0854 3.3
      vertex 149.095 8.19218 3.3
    endloop
  endfacet
  facet normal 0 0 -1
    outer loop
      vertex 174.947 7.98069 3.3
      vertex 149.053 7.98069 3.3
      vertex 149.079 8.0854 3.3
    endloop
  endfacet
  facet normal 0 0 -1
    outer loop
      vertex 174.984 7.87905 3.3
      vertex 149.016 7.87905 3.3
      vertex 149.053 7.98069 3.3
    endloop
  endfacet
  facet normal 0 0 -1
    outer loop
      vertex 175.03 7.78146 3.3
      vertex 148.97 7.78146 3.3
      vertex 149.016 7.87905 3.3
    endloop
  endfacet
  facet normal 0 0 -1
    outer loop
      vertex 175.085 7.68887 3.3
      vertex 148.915 7.68887 3.3
      vertex 148.97 7.78146 3.3
    endloop
  endfacet
  facet normal 0 0 -1
    outer loop
      vertex 175.15 7.60217 3.3
      vertex 148.85 7.60217 3.3
      vertex 148.915 7.68887 3.3
    endloop
  endfacet
  facet normal 0 0 -1
    outer loop
      vertex 175.222 7.52218 3.3
      vertex 148.778 7.52218 3.3
      vertex 148.85 7.60217 3.3
    endloop
  endfacet
  facet normal 0 0 -1
    outer loop
      vertex 175.302 7.44969 3.3
      vertex 148.698 7.44969 3.3
      vertex 148.778 7.52218 3.3
    endloop
  endfacet
  facet normal 0 0 -1
    outer loop
      vertex 175.389 7.38538 3.3
      vertex 148.611 7.38538 3.3
      vertex 148.698 7.44969 3.3
    endloop
  endfacet
  facet normal 0 0 -1
    outer loop
      vertex 175.481 7.32989 3.3
      vertex 148.519 7.32989 3.3
      vertex 148.611 7.38538 3.3
    endloop
  endfacet
  facet normal 0 0 -1
    outer loop
      vertex 175.579 7.28373 3.3
      vertex 148.421 7.28373 3.3
      vertex 148.519 7.32989 3.3
    endloop
  endfacet
  facet normal 0 0 -1
    outer loop
      vertex 175.681 7.24736 3.3
      vertex 148.319 7.24736 3.3
      vertex 148.421 7.28373 3.3
    endloop
  endfacet
  facet normal 0 0 -1
    outer loop
      vertex 175.785 7.22114 3.3
      vertex 148.215 7.22114 3.3
      vertex 148.319 7.24736 3.3
    endloop
  endfacet
  facet normal 0 0 -1
    outer loop
      vertex 175.892 7.2053 3.3
      vertex 148.108 7.2053 3.3
      vertex 148.215 7.22114 3.3
    endloop
  endfacet
  facet normal 0 0 -1
    outer loop
      vertex 212 3 3.3
      vertex 148 7.2 3.3
      vertex 148.108 7.2053 3.3
    endloop
  endfacet
  facet normal 0 0 -1
    outer loop
      vertex 120 7.2 3.3
      vertex 148 7.2 3.3
      vertex 212 3 3.3
    endloop
  endfacet
  facet normal 0 0 -1
    outer loop
      vertex 146.905 8.19218 3.3
      vertex 121.1 8.3 3.3
      vertex 146.9 8.3 3.3
    endloop
  endfacet
  facet normal 0 0 -1
    outer loop
      vertex 121.095 8.19218 3.3
      vertex 146.905 8.19218 3.3
      vertex 146.921 8.0854 3.3
    endloop
  endfacet
  facet normal 0 0 -1
    outer loop
      vertex 121.079 8.0854 3.3
      vertex 146.921 8.0854 3.3
      vertex 146.947 7.98069 3.3
    endloop
  endfacet
  facet normal 0 0 -1
    outer loop
      vertex 121.053 7.98069 3.3
      vertex 146.947 7.98069 3.3
      vertex 146.984 7.87905 3.3
    endloop
  endfacet
  facet normal 0 0 -1
    outer loop
      vertex 121.016 7.87905 3.3
      vertex 146.984 7.87905 3.3
      vertex 147.03 7.78146 3.3
    endloop
  endfacet
  facet normal 0 0 -1
    outer loop
      vertex 120.97 7.78146 3.3
      vertex 147.03 7.78146 3.3
      vertex 147.085 7.68887 3.3
    endloop
  endfacet
  facet normal 0 0 -1
    outer loop
      vertex 120.915 7.68887 3.3
      vertex 147.085 7.68887 3.3
      vertex 147.15 7.60217 3.3
    endloop
  endfacet
  facet normal 0 0 -1
    outer loop
      vertex 120.85 7.60217 3.3
      vertex 147.15 7.60217 3.3
      vertex 147.222 7.52218 3.3
    endloop
  endfacet
  facet normal 0 0 -1
    outer loop
      vertex 120.778 7.52218 3.3
      vertex 147.222 7.52218 3.3
      vertex 147.302 7.44969 3.3
    endloop
  endfacet
  facet normal 0 0 -1
    outer loop
      vertex 120.698 7.44969 3.3
      vertex 147.302 7.44969 3.3
      vertex 147.389 7.38538 3.3
    endloop
  endfacet
  facet normal 0 0 -1
    outer loop
      vertex 120.611 7.38538 3.3
      vertex 147.389 7.38538 3.3
      vertex 147.481 7.32989 3.3
    endloop
  endfacet
  facet normal 0 0 -1
    outer loop
      vertex 120.519 7.32989 3.3
      vertex 147.481 7.32989 3.3
      vertex 147.579 7.28373 3.3
    endloop
  endfacet
  facet normal 0 0 -1
    outer loop
      vertex 120.421 7.28373 3.3
      vertex 147.579 7.28373 3.3
      vertex 147.681 7.24736 3.3
    endloop
  endfacet
  facet normal 0 0 -1
    outer loop
      vertex 120.319 7.24736 3.3
      vertex 147.681 7.24736 3.3
      vertex 147.785 7.22114 3.3
    endloop
  endfacet
  facet normal 0 0 -1
    outer loop
      vertex 120.215 7.22114 3.3
      vertex 147.785 7.22114 3.3
      vertex 147.892 7.2053 3.3
    endloop
  endfacet
  facet normal 0 0 -1
    outer loop
      vertex 148 7.2 3.3
      vertex 120 7.2 3.3
      vertex 147.892 7.2053 3.3
    endloop
  endfacet
  facet normal 0 0 -1
    outer loop
      vertex 146.905 8.19218 3.3
      vertex 121.095 8.19218 3.3
      vertex 121.1 8.3 3.3
    endloop
  endfacet
  facet normal 0 0 -1
    outer loop
      vertex 146.921 8.0854 3.3
      vertex 121.079 8.0854 3.3
      vertex 121.095 8.19218 3.3
    endloop
  endfacet
  facet normal 0 0 -1
    outer loop
      vertex 146.947 7.98069 3.3
      vertex 121.053 7.98069 3.3
      vertex 121.079 8.0854 3.3
    endloop
  endfacet
  facet normal 0 0 -1
    outer loop
      vertex 146.984 7.87905 3.3
      vertex 121.016 7.87905 3.3
      vertex 121.053 7.98069 3.3
    endloop
  endfacet
  facet normal 0 0 -1
    outer loop
      vertex 147.03 7.78146 3.3
      vertex 120.97 7.78146 3.3
      vertex 121.016 7.87905 3.3
    endloop
  endfacet
  facet normal 0 0 -1
    outer loop
      vertex 147.085 7.68887 3.3
      vertex 120.915 7.68887 3.3
      vertex 120.97 7.78146 3.3
    endloop
  endfacet
  facet normal 0 0 -1
    outer loop
      vertex 147.15 7.60217 3.3
      vertex 120.85 7.60217 3.3
      vertex 120.915 7.68887 3.3
    endloop
  endfacet
  facet normal 0 0 -1
    outer loop
      vertex 147.222 7.52218 3.3
      vertex 120.778 7.52218 3.3
      vertex 120.85 7.60217 3.3
    endloop
  endfacet
  facet normal 0 0 -1
    outer loop
      vertex 147.302 7.44969 3.3
      vertex 120.698 7.44969 3.3
      vertex 120.778 7.52218 3.3
    endloop
  endfacet
  facet normal 0 0 -1
    outer loop
      vertex 147.389 7.38538 3.3
      vertex 120.611 7.38538 3.3
      vertex 120.698 7.44969 3.3
    endloop
  endfacet
  facet normal 0 0 -1
    outer loop
      vertex 147.481 7.32989 3.3
      vertex 120.519 7.32989 3.3
      vertex 120.611 7.38538 3.3
    endloop
  endfacet
  facet normal 0 0 -1
    outer loop
      vertex 147.579 7.28373 3.3
      vertex 120.421 7.28373 3.3
      vertex 120.519 7.32989 3.3
    endloop
  endfacet
  facet normal 0 0 -1
    outer loop
      vertex 147.681 7.24736 3.3
      vertex 120.319 7.24736 3.3
      vertex 120.421 7.28373 3.3
    endloop
  endfacet
  facet normal 0 0 -1
    outer loop
      vertex 147.785 7.22114 3.3
      vertex 120.215 7.22114 3.3
      vertex 120.319 7.24736 3.3
    endloop
  endfacet
  facet normal 0 0 -1
    outer loop
      vertex 147.892 7.2053 3.3
      vertex 120.108 7.2053 3.3
      vertex 120.215 7.22114 3.3
    endloop
  endfacet
  facet normal -0 0 -1
    outer loop
      vertex 147.892 7.2053 3.3
      vertex 120 7.2 3.3
      vertex 120.108 7.2053 3.3
    endloop
  endfacet
  facet normal 0 0 -1
    outer loop
      vertex 118.905 8.19218 3.3
      vertex 93.1 8.3 3.3
      vertex 118.9 8.3 3.3
    endloop
  endfacet
  facet normal 0 0 -1
    outer loop
      vertex 93.0947 8.19218 3.3
      vertex 118.905 8.19218 3.3
      vertex 118.921 8.0854 3.3
    endloop
  endfacet
  facet normal 0 0 -1
    outer loop
      vertex 93.0789 8.0854 3.3
      vertex 118.921 8.0854 3.3
      vertex 118.947 7.98069 3.3
    endloop
  endfacet
  facet normal 0 0 -1
    outer loop
      vertex 93.0526 7.98069 3.3
      vertex 118.947 7.98069 3.3
      vertex 118.984 7.87905 3.3
    endloop
  endfacet
  facet normal 0 0 -1
    outer loop
      vertex 93.0163 7.87905 3.3
      vertex 118.984 7.87905 3.3
      vertex 119.03 7.78146 3.3
    endloop
  endfacet
  facet normal 0 0 -1
    outer loop
      vertex 92.9701 7.78146 3.3
      vertex 119.03 7.78146 3.3
      vertex 119.085 7.68887 3.3
    endloop
  endfacet
  facet normal 0 0 -1
    outer loop
      vertex 92.9146 7.68887 3.3
      vertex 119.085 7.68887 3.3
      vertex 119.15 7.60217 3.3
    endloop
  endfacet
  facet normal 0 0 -1
    outer loop
      vertex 92.8503 7.60217 3.3
      vertex 119.15 7.60217 3.3
      vertex 119.222 7.52218 3.3
    endloop
  endfacet
  facet normal 0 0 -1
    outer loop
      vertex 92.7778 7.52218 3.3
      vertex 119.222 7.52218 3.3
      vertex 119.302 7.44969 3.3
    endloop
  endfacet
  facet normal 0 0 -1
    outer loop
      vertex 92.6978 7.44969 3.3
      vertex 119.302 7.44969 3.3
      vertex 119.389 7.38538 3.3
    endloop
  endfacet
  facet normal 0 0 -1
    outer loop
      vertex 92.6111 7.38538 3.3
      vertex 119.389 7.38538 3.3
      vertex 119.481 7.32989 3.3
    endloop
  endfacet
  facet normal 0 0 -1
    outer loop
      vertex 92.5185 7.32989 3.3
      vertex 119.481 7.32989 3.3
      vertex 119.579 7.28373 3.3
    endloop
  endfacet
  facet normal 0 0 -1
    outer loop
      vertex 92.421 7.28373 3.3
      vertex 119.579 7.28373 3.3
      vertex 119.681 7.24736 3.3
    endloop
  endfacet
  facet normal 0 0 -1
    outer loop
      vertex 92.3193 7.24736 3.3
      vertex 119.681 7.24736 3.3
      vertex 119.785 7.22114 3.3
    endloop
  endfacet
  facet normal 0 0 -1
    outer loop
      vertex 92.2146 7.22114 3.3
      vertex 119.785 7.22114 3.3
      vertex 119.892 7.2053 3.3
    endloop
  endfacet
  facet normal 0 0 -1
    outer loop
      vertex 92.1078 7.2053 3.3
      vertex 119.892 7.2053 3.3
      vertex 120 7.2 3.3
    endloop
  endfacet
  facet normal 0 0 -1
    outer loop
      vertex 92 7.2 3.3
      vertex 120 7.2 3.3
      vertex 212 3 3.3
    endloop
  endfacet
  facet normal 0 0 -1
    outer loop
      vertex 118.905 8.19218 3.3
      vertex 93.0947 8.19218 3.3
      vertex 93.1 8.3 3.3
    endloop
  endfacet
  facet normal 0 0 -1
    outer loop
      vertex 118.921 8.0854 3.3
      vertex 93.0789 8.0854 3.3
      vertex 93.0947 8.19218 3.3
    endloop
  endfacet
  facet normal 0 0 -1
    outer loop
      vertex 118.947 7.98069 3.3
      vertex 93.0526 7.98069 3.3
      vertex 93.0789 8.0854 3.3
    endloop
  endfacet
  facet normal 0 0 -1
    outer loop
      vertex 118.984 7.87905 3.3
      vertex 93.0163 7.87905 3.3
      vertex 93.0526 7.98069 3.3
    endloop
  endfacet
  facet normal 0 0 -1
    outer loop
      vertex 119.03 7.78146 3.3
      vertex 92.9701 7.78146 3.3
      vertex 93.0163 7.87905 3.3
    endloop
  endfacet
  facet normal 0 0 -1
    outer loop
      vertex 119.085 7.68887 3.3
      vertex 92.9146 7.68887 3.3
      vertex 92.9701 7.78146 3.3
    endloop
  endfacet
  facet normal 0 0 -1
    outer loop
      vertex 119.15 7.60217 3.3
      vertex 92.8503 7.60217 3.3
      vertex 92.9146 7.68887 3.3
    endloop
  endfacet
  facet normal 0 0 -1
    outer loop
      vertex 119.222 7.52218 3.3
      vertex 92.7778 7.52218 3.3
      vertex 92.8503 7.60217 3.3
    endloop
  endfacet
  facet normal 0 0 -1
    outer loop
      vertex 119.302 7.44969 3.3
      vertex 92.6978 7.44969 3.3
      vertex 92.7778 7.52218 3.3
    endloop
  endfacet
  facet normal 0 0 -1
    outer loop
      vertex 119.389 7.38538 3.3
      vertex 92.6111 7.38538 3.3
      vertex 92.6978 7.44969 3.3
    endloop
  endfacet
  facet normal 0 0 -1
    outer loop
      vertex 119.481 7.32989 3.3
      vertex 92.5185 7.32989 3.3
      vertex 92.6111 7.38538 3.3
    endloop
  endfacet
  facet normal 0 0 -1
    outer loop
      vertex 119.579 7.28373 3.3
      vertex 92.421 7.28373 3.3
      vertex 92.5185 7.32989 3.3
    endloop
  endfacet
  facet normal 0 0 -1
    outer loop
      vertex 119.681 7.24736 3.3
      vertex 92.3193 7.24736 3.3
      vertex 92.421 7.28373 3.3
    endloop
  endfacet
  facet normal 0 0 -1
    outer loop
      vertex 119.785 7.22114 3.3
      vertex 92.2146 7.22114 3.3
      vertex 92.3193 7.24736 3.3
    endloop
  endfacet
  facet normal 0 0 -1
    outer loop
      vertex 119.892 7.2053 3.3
      vertex 92.1078 7.2053 3.3
      vertex 92.2146 7.22114 3.3
    endloop
  endfacet
  facet normal 0 0 -1
    outer loop
      vertex 120 7.2 3.3
      vertex 92 7.2 3.3
      vertex 92.1078 7.2053 3.3
    endloop
  endfacet
  facet normal 0 0 -1
    outer loop
      vertex 90.9053 8.19218 3.3
      vertex 65.1 8.3 3.3
      vertex 90.9 8.3 3.3
    endloop
  endfacet
  facet normal 0 0 -1
    outer loop
      vertex 65.0947 8.19218 3.3
      vertex 90.9053 8.19218 3.3
      vertex 90.9211 8.0854 3.3
    endloop
  endfacet
  facet normal 0 0 -1
    outer loop
      vertex 65.0789 8.0854 3.3
      vertex 90.9211 8.0854 3.3
      vertex 90.9474 7.98069 3.3
    endloop
  endfacet
  facet normal 0 0 -1
    outer loop
      vertex 65.0526 7.98069 3.3
      vertex 90.9474 7.98069 3.3
      vertex 90.9837 7.87905 3.3
    endloop
  endfacet
  facet normal 0 0 -1
    outer loop
      vertex 65.0163 7.87905 3.3
      vertex 90.9837 7.87905 3.3
      vertex 91.0299 7.78146 3.3
    endloop
  endfacet
  facet normal 0 0 -1
    outer loop
      vertex 64.9701 7.78146 3.3
      vertex 91.0299 7.78146 3.3
      vertex 91.0854 7.68887 3.3
    endloop
  endfacet
  facet normal 0 0 -1
    outer loop
      vertex 64.9146 7.68887 3.3
      vertex 91.0854 7.68887 3.3
      vertex 91.1497 7.60217 3.3
    endloop
  endfacet
  facet normal 0 0 -1
    outer loop
      vertex 64.8503 7.60217 3.3
      vertex 91.1497 7.60217 3.3
      vertex 91.2222 7.52218 3.3
    endloop
  endfacet
  facet normal 0 0 -1
    outer loop
      vertex 64.7778 7.52218 3.3
      vertex 91.2222 7.52218 3.3
      vertex 91.3022 7.44969 3.3
    endloop
  endfacet
  facet normal 0 0 -1
    outer loop
      vertex 64.6978 7.44969 3.3
      vertex 91.3022 7.44969 3.3
      vertex 91.3889 7.38538 3.3
    endloop
  endfacet
  facet normal 0 0 -1
    outer loop
      vertex 64.6111 7.38538 3.3
      vertex 91.3889 7.38538 3.3
      vertex 91.4815 7.32989 3.3
    endloop
  endfacet
  facet normal 0 0 -1
    outer loop
      vertex 64.5185 7.32989 3.3
      vertex 91.4815 7.32989 3.3
      vertex 91.579 7.28373 3.3
    endloop
  endfacet
  facet normal 0 0 -1
    outer loop
      vertex 64.421 7.28373 3.3
      vertex 91.579 7.28373 3.3
      vertex 91.6807 7.24736 3.3
    endloop
  endfacet
  facet normal 0 0 -1
    outer loop
      vertex 64.3193 7.24736 3.3
      vertex 91.6807 7.24736 3.3
      vertex 91.7854 7.22114 3.3
    endloop
  endfacet
  facet normal 0 0 -1
    outer loop
      vertex 64.2146 7.22114 3.3
      vertex 91.7854 7.22114 3.3
      vertex 91.8922 7.2053 3.3
    endloop
  endfacet
  facet normal 0 0 -1
    outer loop
      vertex 64.1078 7.2053 3.3
      vertex 91.8922 7.2053 3.3
      vertex 92 7.2 3.3
    endloop
  endfacet
  facet normal 0 0 -1
    outer loop
      vertex 90.9053 8.19218 3.3
      vertex 65.0947 8.19218 3.3
      vertex 65.1 8.3 3.3
    endloop
  endfacet
  facet normal 0 0 -1
    outer loop
      vertex 90.9211 8.0854 3.3
      vertex 65.0789 8.0854 3.3
      vertex 65.0947 8.19218 3.3
    endloop
  endfacet
  facet normal 0 0 -1
    outer loop
      vertex 0 3 3.3
      vertex 92 7.2 3.3
      vertex 212 3 3.3
    endloop
  endfacet
  facet normal 0 0 -1
    outer loop
      vertex 90.9474 7.98069 3.3
      vertex 65.0526 7.98069 3.3
      vertex 65.0789 8.0854 3.3
    endloop
  endfacet
  facet normal 0 0 -1
    outer loop
      vertex 90.9837 7.87905 3.3
      vertex 65.0163 7.87905 3.3
      vertex 65.0526 7.98069 3.3
    endloop
  endfacet
  facet normal 0 0 -1
    outer loop
      vertex 91.0299 7.78146 3.3
      vertex 64.9701 7.78146 3.3
      vertex 65.0163 7.87905 3.3
    endloop
  endfacet
  facet normal 0 0 -1
    outer loop
      vertex 91.0854 7.68887 3.3
      vertex 64.9146 7.68887 3.3
      vertex 64.9701 7.78146 3.3
    endloop
  endfacet
  facet normal 0 0 -1
    outer loop
      vertex 91.1497 7.60217 3.3
      vertex 64.8503 7.60217 3.3
      vertex 64.9146 7.68887 3.3
    endloop
  endfacet
  facet normal 0 0 -1
    outer loop
      vertex 91.2222 7.52218 3.3
      vertex 64.7778 7.52218 3.3
      vertex 64.8503 7.60217 3.3
    endloop
  endfacet
  facet normal 0 0 -1
    outer loop
      vertex 91.3022 7.44969 3.3
      vertex 64.6978 7.44969 3.3
      vertex 64.7778 7.52218 3.3
    endloop
  endfacet
  facet normal 0 0 -1
    outer loop
      vertex 91.3889 7.38538 3.3
      vertex 64.6111 7.38538 3.3
      vertex 64.6978 7.44969 3.3
    endloop
  endfacet
  facet normal 0 0 -1
    outer loop
      vertex 91.4815 7.32989 3.3
      vertex 64.5185 7.32989 3.3
      vertex 64.6111 7.38538 3.3
    endloop
  endfacet
  facet normal 0 0 -1
    outer loop
      vertex 91.579 7.28373 3.3
      vertex 64.421 7.28373 3.3
      vertex 64.5185 7.32989 3.3
    endloop
  endfacet
  facet normal 0 0 -1
    outer loop
      vertex 91.6807 7.24736 3.3
      vertex 64.3193 7.24736 3.3
      vertex 64.421 7.28373 3.3
    endloop
  endfacet
  facet normal 0 0 -1
    outer loop
      vertex 91.7854 7.22114 3.3
      vertex 64.2146 7.22114 3.3
      vertex 64.3193 7.24736 3.3
    endloop
  endfacet
  facet normal 0 0 -1
    outer loop
      vertex 91.8922 7.2053 3.3
      vertex 64.1078 7.2053 3.3
      vertex 64.2146 7.22114 3.3
    endloop
  endfacet
  facet normal 0 0 -1
    outer loop
      vertex 92 7.2 3.3
      vertex 64 7.2 3.3
      vertex 64.1078 7.2053 3.3
    endloop
  endfacet
  facet normal 0 0 -1
    outer loop
      vertex 62.9053 8.19218 3.3
      vertex 37.1 8.3 3.3
      vertex 62.9 8.3 3.3
    endloop
  endfacet
  facet normal 0 0 -1
    outer loop
      vertex 37.0947 8.19218 3.3
      vertex 62.9053 8.19218 3.3
      vertex 62.9211 8.0854 3.3
    endloop
  endfacet
  facet normal 0 0 -1
    outer loop
      vertex 37.0789 8.0854 3.3
      vertex 62.9211 8.0854 3.3
      vertex 62.9474 7.98069 3.3
    endloop
  endfacet
  facet normal 0 0 -1
    outer loop
      vertex 37.0526 7.98069 3.3
      vertex 62.9474 7.98069 3.3
      vertex 62.9837 7.87905 3.3
    endloop
  endfacet
  facet normal 0 0 -1
    outer loop
      vertex 37.0163 7.87905 3.3
      vertex 62.9837 7.87905 3.3
      vertex 63.0299 7.78146 3.3
    endloop
  endfacet
  facet normal 0 0 -1
    outer loop
      vertex 36.9701 7.78146 3.3
      vertex 63.0299 7.78146 3.3
      vertex 63.0854 7.68887 3.3
    endloop
  endfacet
  facet normal 0 0 -1
    outer loop
      vertex 36.9146 7.68887 3.3
      vertex 63.0854 7.68887 3.3
      vertex 63.1497 7.60217 3.3
    endloop
  endfacet
  facet normal 0 0 -1
    outer loop
      vertex 36.8503 7.60217 3.3
      vertex 63.1497 7.60217 3.3
      vertex 63.2222 7.52218 3.3
    endloop
  endfacet
  facet normal 0 0 -1
    outer loop
      vertex 36.7778 7.52218 3.3
      vertex 63.2222 7.52218 3.3
      vertex 63.3022 7.44969 3.3
    endloop
  endfacet
  facet normal 0 0 -1
    outer loop
      vertex 36.6978 7.44969 3.3
      vertex 63.3022 7.44969 3.3
      vertex 63.3889 7.38538 3.3
    endloop
  endfacet
  facet normal 0 0 -1
    outer loop
      vertex 36.6111 7.38538 3.3
      vertex 63.3889 7.38538 3.3
      vertex 63.4815 7.32989 3.3
    endloop
  endfacet
  facet normal 0 0 -1
    outer loop
      vertex 36.5185 7.32989 3.3
      vertex 63.4815 7.32989 3.3
      vertex 63.579 7.28373 3.3
    endloop
  endfacet
  facet normal 0 0 -1
    outer loop
      vertex 36.421 7.28373 3.3
      vertex 63.579 7.28373 3.3
      vertex 63.6807 7.24736 3.3
    endloop
  endfacet
  facet normal 0 0 -1
    outer loop
      vertex 36.3193 7.24736 3.3
      vertex 63.6807 7.24736 3.3
      vertex 63.7854 7.22114 3.3
    endloop
  endfacet
  facet normal 0 0 -1
    outer loop
      vertex 36.2146 7.22114 3.3
      vertex 63.7854 7.22114 3.3
      vertex 63.8922 7.2053 3.3
    endloop
  endfacet
  facet normal 0 0 -1
    outer loop
      vertex 36.1078 7.2053 3.3
      vertex 63.8922 7.2053 3.3
      vertex 64 7.2 3.3
    endloop
  endfacet
  facet normal 0 0 -1
    outer loop
      vertex 62.9053 8.19218 3.3
      vertex 37.0947 8.19218 3.3
      vertex 37.1 8.3 3.3
    endloop
  endfacet
  facet normal 0 0 -1
    outer loop
      vertex 62.9211 8.0854 3.3
      vertex 37.0789 8.0854 3.3
      vertex 37.0947 8.19218 3.3
    endloop
  endfacet
  facet normal 0 0 -1
    outer loop
      vertex 62.9474 7.98069 3.3
      vertex 37.0526 7.98069 3.3
      vertex 37.0789 8.0854 3.3
    endloop
  endfacet
  facet normal 0 0 -1
    outer loop
      vertex 62.9837 7.87905 3.3
      vertex 37.0163 7.87905 3.3
      vertex 37.0526 7.98069 3.3
    endloop
  endfacet
  facet normal -0 0 -1
    outer loop
      vertex 92 7.2 3.3
      vertex 0 3 3.3
      vertex 64 7.2 3.3
    endloop
  endfacet
  facet normal 0 0 -1
    outer loop
      vertex 63.0299 7.78146 3.3
      vertex 36.9701 7.78146 3.3
      vertex 37.0163 7.87905 3.3
    endloop
  endfacet
  facet normal 0 0 -1
    outer loop
      vertex 63.0854 7.68887 3.3
      vertex 36.9146 7.68887 3.3
      vertex 36.9701 7.78146 3.3
    endloop
  endfacet
  facet normal 0 0 -1
    outer loop
      vertex 63.1497 7.60217 3.3
      vertex 36.8503 7.60217 3.3
      vertex 36.9146 7.68887 3.3
    endloop
  endfacet
  facet normal 0 0 -1
    outer loop
      vertex 63.2222 7.52218 3.3
      vertex 36.7778 7.52218 3.3
      vertex 36.8503 7.60217 3.3
    endloop
  endfacet
  facet normal 0 0 -1
    outer loop
      vertex 63.3022 7.44969 3.3
      vertex 36.6978 7.44969 3.3
      vertex 36.7778 7.52218 3.3
    endloop
  endfacet
  facet normal 0 0 -1
    outer loop
      vertex 63.3889 7.38538 3.3
      vertex 36.6111 7.38538 3.3
      vertex 36.6978 7.44969 3.3
    endloop
  endfacet
  facet normal 0 0 -1
    outer loop
      vertex 63.4815 7.32989 3.3
      vertex 36.5185 7.32989 3.3
      vertex 36.6111 7.38538 3.3
    endloop
  endfacet
  facet normal 0 0 -1
    outer loop
      vertex 63.579 7.28373 3.3
      vertex 36.421 7.28373 3.3
      vertex 36.5185 7.32989 3.3
    endloop
  endfacet
  facet normal 0 0 -1
    outer loop
      vertex 63.6807 7.24736 3.3
      vertex 36.3193 7.24736 3.3
      vertex 36.421 7.28373 3.3
    endloop
  endfacet
  facet normal 0 0 -1
    outer loop
      vertex 63.7854 7.22114 3.3
      vertex 36.2146 7.22114 3.3
      vertex 36.3193 7.24736 3.3
    endloop
  endfacet
  facet normal 0 0 -1
    outer loop
      vertex 63.8922 7.2053 3.3
      vertex 36.1078 7.2053 3.3
      vertex 36.2146 7.22114 3.3
    endloop
  endfacet
  facet normal -0 0 -1
    outer loop
      vertex 64 7.2 3.3
      vertex 0 3 3.3
      vertex 36.1078 7.2053 3.3
    endloop
  endfacet
  facet normal 0 0 -1
    outer loop
      vertex 34.9053 8.19218 3.3
      vertex 9.1 8.3 3.3
      vertex 34.9 8.3 3.3
    endloop
  endfacet
  facet normal 0 0 -1
    outer loop
      vertex 9.0947 8.19218 3.3
      vertex 34.9053 8.19218 3.3
      vertex 34.9211 8.0854 3.3
    endloop
  endfacet
  facet normal 0 0 -1
    outer loop
      vertex 9.07886 8.0854 3.3
      vertex 34.9211 8.0854 3.3
      vertex 34.9474 7.98069 3.3
    endloop
  endfacet
  facet normal 0 0 -1
    outer loop
      vertex 9.05263 7.98069 3.3
      vertex 34.9474 7.98069 3.3
      vertex 34.9837 7.87905 3.3
    endloop
  endfacet
  facet normal 0 0 -1
    outer loop
      vertex 9.01627 7.87905 3.3
      vertex 34.9837 7.87905 3.3
      vertex 35.0299 7.78146 3.3
    endloop
  endfacet
  facet normal 0 0 -1
    outer loop
      vertex 8.97011 7.78146 3.3
      vertex 35.0299 7.78146 3.3
      vertex 35.0854 7.68887 3.3
    endloop
  endfacet
  facet normal 0 0 -1
    outer loop
      vertex 8.91462 7.68887 3.3
      vertex 35.0854 7.68887 3.3
      vertex 35.1497 7.60217 3.3
    endloop
  endfacet
  facet normal 0 0 -1
    outer loop
      vertex 8.85031 7.60217 3.3
      vertex 35.1497 7.60217 3.3
      vertex 35.2222 7.52218 3.3
    endloop
  endfacet
  facet normal 0 0 -1
    outer loop
      vertex 8.77782 7.52218 3.3
      vertex 35.2222 7.52218 3.3
      vertex 35.3022 7.44969 3.3
    endloop
  endfacet
  facet normal 0 0 -1
    outer loop
      vertex 8.69783 7.44969 3.3
      vertex 35.3022 7.44969 3.3
      vertex 35.3889 7.38538 3.3
    endloop
  endfacet
  facet normal 0 0 -1
    outer loop
      vertex 8.61113 7.38538 3.3
      vertex 35.3889 7.38538 3.3
      vertex 35.4815 7.32989 3.3
    endloop
  endfacet
  facet normal 0 0 -1
    outer loop
      vertex 8.51854 7.32989 3.3
      vertex 35.4815 7.32989 3.3
      vertex 35.579 7.28373 3.3
    endloop
  endfacet
  facet normal 0 0 -1
    outer loop
      vertex 8.42095 7.28373 3.3
      vertex 35.579 7.28373 3.3
      vertex 35.6807 7.24736 3.3
    endloop
  endfacet
  facet normal 0 0 -1
    outer loop
      vertex 0 3 3.3
      vertex 35.6807 7.24736 3.3
      vertex 35.7854 7.22114 3.3
    endloop
  endfacet
  facet normal 0 0 -1
    outer loop
      vertex 0 3 3.3
      vertex 35.7854 7.22114 3.3
      vertex 35.8922 7.2053 3.3
    endloop
  endfacet
  facet normal 0 0 -1
    outer loop
      vertex 0 3 3.3
      vertex 35.8922 7.2053 3.3
      vertex 36 7.2 3.3
    endloop
  endfacet
  facet normal 0 0 -1
    outer loop
      vertex 34.9053 8.19218 3.3
      vertex 9.0947 8.19218 3.3
      vertex 9.1 8.3 3.3
    endloop
  endfacet
  facet normal 0 0 -1
    outer loop
      vertex 34.9211 8.0854 3.3
      vertex 9.07886 8.0854 3.3
      vertex 9.0947 8.19218 3.3
    endloop
  endfacet
  facet normal 0 0 -1
    outer loop
      vertex 34.9474 7.98069 3.3
      vertex 9.05263 7.98069 3.3
      vertex 9.07886 8.0854 3.3
    endloop
  endfacet
  facet normal 0 0 -1
    outer loop
      vertex 34.9837 7.87905 3.3
      vertex 9.01627 7.87905 3.3
      vertex 9.05263 7.98069 3.3
    endloop
  endfacet
  facet normal 0 0 -1
    outer loop
      vertex 35.0299 7.78146 3.3
      vertex 8.97011 7.78146 3.3
      vertex 9.01627 7.87905 3.3
    endloop
  endfacet
  facet normal 0 0 -1
    outer loop
      vertex 36.1078 7.2053 3.3
      vertex 0 3 3.3
      vertex 36 7.2 3.3
    endloop
  endfacet
  facet normal 0 0 -1
    outer loop
      vertex 35.0854 7.68887 3.3
      vertex 8.91462 7.68887 3.3
      vertex 8.97011 7.78146 3.3
    endloop
  endfacet
  facet normal 0 0 -1
    outer loop
      vertex 35.1497 7.60217 3.3
      vertex 8.85031 7.60217 3.3
      vertex 8.91462 7.68887 3.3
    endloop
  endfacet
  facet normal 0 0 -1
    outer loop
      vertex 35.2222 7.52218 3.3
      vertex 8.77782 7.52218 3.3
      vertex 8.85031 7.60217 3.3
    endloop
  endfacet
  facet normal 0 0 -1
    outer loop
      vertex 35.3022 7.44969 3.3
      vertex 8.69783 7.44969 3.3
      vertex 8.77782 7.52218 3.3
    endloop
  endfacet
  facet normal 0 0 -1
    outer loop
      vertex 35.3889 7.38538 3.3
      vertex 8.61113 7.38538 3.3
      vertex 8.69783 7.44969 3.3
    endloop
  endfacet
  facet normal 0 0 -1
    outer loop
      vertex 35.4815 7.32989 3.3
      vertex 8.51854 7.32989 3.3
      vertex 8.61113 7.38538 3.3
    endloop
  endfacet
  facet normal 0 0 -1
    outer loop
      vertex 35.579 7.28373 3.3
      vertex 8.42095 7.28373 3.3
      vertex 8.51854 7.32989 3.3
    endloop
  endfacet
  facet normal -0 0 -1
    outer loop
      vertex 35.6807 7.24736 3.3
      vertex 0 3 3.3
      vertex 8.42095 7.28373 3.3
    endloop
  endfacet
  facet normal 0 0 -1
    outer loop
      vertex 8.42095 7.28373 3.3
      vertex 0 3 3.3
      vertex 8.31931 7.24736 3.3
    endloop
  endfacet
  facet normal 0 0 -1
    outer loop
      vertex 8.31931 7.24736 3.3
      vertex 0 3 3.3
      vertex 8.2146 7.22114 3.3
    endloop
  endfacet
  facet normal 0 0 -1
    outer loop
      vertex 8.2146 7.22114 3.3
      vertex 0 3 3.3
      vertex 8.10782 7.2053 3.3
    endloop
  endfacet
  facet normal -0 0 -1
    outer loop
      vertex 6.9053 8.19218 3.3
      vertex 0 3 3.3
      vertex 6.9 8.3 3.3
    endloop
  endfacet
  facet normal -0 0 -1
    outer loop
      vertex 6.92114 8.0854 3.3
      vertex 0 3 3.3
      vertex 6.9053 8.19218 3.3
    endloop
  endfacet
  facet normal -0 0 -1
    outer loop
      vertex 6.94736 7.98069 3.3
      vertex 0 3 3.3
      vertex 6.92114 8.0854 3.3
    endloop
  endfacet
  facet normal -0 0 -1
    outer loop
      vertex 6.98373 7.87905 3.3
      vertex 0 3 3.3
      vertex 6.94736 7.98069 3.3
    endloop
  endfacet
  facet normal -0 0 -1
    outer loop
      vertex 7.02989 7.78146 3.3
      vertex 0 3 3.3
      vertex 6.98373 7.87905 3.3
    endloop
  endfacet
  facet normal -0 0 -1
    outer loop
      vertex 7.08538 7.68887 3.3
      vertex 0 3 3.3
      vertex 7.02989 7.78146 3.3
    endloop
  endfacet
  facet normal -0 0 -1
    outer loop
      vertex 7.14969 7.60217 3.3
      vertex 0 3 3.3
      vertex 7.08538 7.68887 3.3
    endloop
  endfacet
  facet normal -0 0 -1
    outer loop
      vertex 7.22218 7.52218 3.3
      vertex 0 3 3.3
      vertex 7.14969 7.60217 3.3
    endloop
  endfacet
  facet normal -0 0 -1
    outer loop
      vertex 7.30217 7.44969 3.3
      vertex 0 3 3.3
      vertex 7.22218 7.52218 3.3
    endloop
  endfacet
  facet normal -0 0 -1
    outer loop
      vertex 7.38887 7.38538 3.3
      vertex 0 3 3.3
      vertex 7.30217 7.44969 3.3
    endloop
  endfacet
  facet normal -0 0 -1
    outer loop
      vertex 7.48146 7.32989 3.3
      vertex 0 3 3.3
      vertex 7.38887 7.38538 3.3
    endloop
  endfacet
  facet normal -0 0 -1
    outer loop
      vertex 7.57905 7.28373 3.3
      vertex 0 3 3.3
      vertex 7.48146 7.32989 3.3
    endloop
  endfacet
  facet normal -0 0 -1
    outer loop
      vertex 7.68069 7.24736 3.3
      vertex 0 3 3.3
      vertex 7.57905 7.28373 3.3
    endloop
  endfacet
  facet normal -0 0 -1
    outer loop
      vertex 7.7854 7.22114 3.3
      vertex 0 3 3.3
      vertex 7.68069 7.24736 3.3
    endloop
  endfacet
  facet normal -0 0 -1
    outer loop
      vertex 7.89218 7.2053 3.3
      vertex 0 3 3.3
      vertex 7.7854 7.22114 3.3
    endloop
  endfacet
  facet normal -0 0 -1
    outer loop
      vertex 8 7.2 3.3
      vertex 0 3 3.3
      vertex 7.89218 7.2053 3.3
    endloop
  endfacet
  facet normal 0 0 -1
    outer loop
      vertex 8.10782 7.2053 3.3
      vertex 0 3 3.3
      vertex 8 7.2 3.3
    endloop
  endfacet
  facet normal 0 0 -1
    outer loop
      vertex 205.095 8.40782 3.3
      vertex 212 13.6 3.3
      vertex 205.1 8.3 3.3
    endloop
  endfacet
  facet normal 0 0 -1
    outer loop
      vertex 205.079 8.5146 3.3
      vertex 212 13.6 3.3
      vertex 205.095 8.40782 3.3
    endloop
  endfacet
  facet normal 0 0 -1
    outer loop
      vertex 205.053 8.61931 3.3
      vertex 212 13.6 3.3
      vertex 205.079 8.5146 3.3
    endloop
  endfacet
  facet normal 0 0 -1
    outer loop
      vertex 205.016 8.72095 3.3
      vertex 212 13.6 3.3
      vertex 205.053 8.61931 3.3
    endloop
  endfacet
  facet normal 0 0 -1
    outer loop
      vertex 204.97 8.81854 3.3
      vertex 212 13.6 3.3
      vertex 205.016 8.72095 3.3
    endloop
  endfacet
  facet normal 0 0 -1
    outer loop
      vertex 204.915 8.91113 3.3
      vertex 212 13.6 3.3
      vertex 204.97 8.81854 3.3
    endloop
  endfacet
  facet normal 0 0 -1
    outer loop
      vertex 204.85 8.99783 3.3
      vertex 212 13.6 3.3
      vertex 204.915 8.91113 3.3
    endloop
  endfacet
  facet normal 0 0 -1
    outer loop
      vertex 204.778 9.07782 3.3
      vertex 212 13.6 3.3
      vertex 204.85 8.99783 3.3
    endloop
  endfacet
  facet normal 0 0 -1
    outer loop
      vertex 204.698 9.15031 3.3
      vertex 212 13.6 3.3
      vertex 204.778 9.07782 3.3
    endloop
  endfacet
  facet normal 0 0 -1
    outer loop
      vertex 204.611 9.21462 3.3
      vertex 212 13.6 3.3
      vertex 204.698 9.15031 3.3
    endloop
  endfacet
  facet normal 0 0 -1
    outer loop
      vertex 204.519 9.27011 3.3
      vertex 212 13.6 3.3
      vertex 204.611 9.21462 3.3
    endloop
  endfacet
  facet normal 0 0 -1
    outer loop
      vertex 204.421 9.31627 3.3
      vertex 212 13.6 3.3
      vertex 204.519 9.27011 3.3
    endloop
  endfacet
  facet normal 0 0 -1
    outer loop
      vertex 204.319 9.35263 3.3
      vertex 212 13.6 3.3
      vertex 204.421 9.31627 3.3
    endloop
  endfacet
  facet normal 0 0 -1
    outer loop
      vertex 204.215 9.37886 3.3
      vertex 212 13.6 3.3
      vertex 204.319 9.35263 3.3
    endloop
  endfacet
  facet normal 0 0 -1
    outer loop
      vertex 204.108 9.3947 3.3
      vertex 212 13.6 3.3
      vertex 204.215 9.37886 3.3
    endloop
  endfacet
  facet normal 0 0 -1
    outer loop
      vertex 204 9.4 3.3
      vertex 212 13.6 3.3
      vertex 204.108 9.3947 3.3
    endloop
  endfacet
  facet normal 0 0 -1
    outer loop
      vertex 203.892 9.3947 3.3
      vertex 212 13.6 3.3
      vertex 204 9.4 3.3
    endloop
  endfacet
  facet normal 0 0 -1
    outer loop
      vertex 203.785 9.37886 3.3
      vertex 212 13.6 3.3
      vertex 203.892 9.3947 3.3
    endloop
  endfacet
  facet normal 0 0 -1
    outer loop
      vertex 203.681 9.35263 3.3
      vertex 212 13.6 3.3
      vertex 203.785 9.37886 3.3
    endloop
  endfacet
  facet normal 0 0 -1
    outer loop
      vertex 203.579 9.31627 3.3
      vertex 212 13.6 3.3
      vertex 203.681 9.35263 3.3
    endloop
  endfacet
  facet normal 0 0 -1
    outer loop
      vertex 176.421 9.31627 3.3
      vertex 203.579 9.31627 3.3
      vertex 203.481 9.27011 3.3
    endloop
  endfacet
  facet normal 0 0 -1
    outer loop
      vertex 177.1 8.3 3.3
      vertex 202.905 8.40782 3.3
      vertex 202.9 8.3 3.3
    endloop
  endfacet
  facet normal 0 0 -1
    outer loop
      vertex 177.095 8.40782 3.3
      vertex 202.905 8.40782 3.3
      vertex 177.1 8.3 3.3
    endloop
  endfacet
  facet normal 0 0 -1
    outer loop
      vertex 202.905 8.40782 3.3
      vertex 177.095 8.40782 3.3
      vertex 202.921 8.5146 3.3
    endloop
  endfacet
  facet normal 0 0 -1
    outer loop
      vertex 177.079 8.5146 3.3
      vertex 202.921 8.5146 3.3
      vertex 177.095 8.40782 3.3
    endloop
  endfacet
  facet normal 0 0 -1
    outer loop
      vertex 202.921 8.5146 3.3
      vertex 177.079 8.5146 3.3
      vertex 202.947 8.61931 3.3
    endloop
  endfacet
  facet normal 0 0 -1
    outer loop
      vertex 177.053 8.61931 3.3
      vertex 202.947 8.61931 3.3
      vertex 177.079 8.5146 3.3
    endloop
  endfacet
  facet normal 0 0 -1
    outer loop
      vertex 202.947 8.61931 3.3
      vertex 177.053 8.61931 3.3
      vertex 202.984 8.72095 3.3
    endloop
  endfacet
  facet normal 0 0 -1
    outer loop
      vertex 177.016 8.72095 3.3
      vertex 202.984 8.72095 3.3
      vertex 177.053 8.61931 3.3
    endloop
  endfacet
  facet normal 0 0 -1
    outer loop
      vertex 202.984 8.72095 3.3
      vertex 177.016 8.72095 3.3
      vertex 203.03 8.81854 3.3
    endloop
  endfacet
  facet normal 0 0 -1
    outer loop
      vertex 176.97 8.81854 3.3
      vertex 203.03 8.81854 3.3
      vertex 177.016 8.72095 3.3
    endloop
  endfacet
  facet normal 0 0 -1
    outer loop
      vertex 203.03 8.81854 3.3
      vertex 176.97 8.81854 3.3
      vertex 203.085 8.91113 3.3
    endloop
  endfacet
  facet normal 0 0 -1
    outer loop
      vertex 176.915 8.91113 3.3
      vertex 203.085 8.91113 3.3
      vertex 176.97 8.81854 3.3
    endloop
  endfacet
  facet normal 0 0 -1
    outer loop
      vertex 203.085 8.91113 3.3
      vertex 176.915 8.91113 3.3
      vertex 203.15 8.99783 3.3
    endloop
  endfacet
  facet normal 0 0 -1
    outer loop
      vertex 176.85 8.99783 3.3
      vertex 203.15 8.99783 3.3
      vertex 176.915 8.91113 3.3
    endloop
  endfacet
  facet normal 0 0 -1
    outer loop
      vertex 203.15 8.99783 3.3
      vertex 176.85 8.99783 3.3
      vertex 203.222 9.07782 3.3
    endloop
  endfacet
  facet normal 0 0 -1
    outer loop
      vertex 176.778 9.07782 3.3
      vertex 203.222 9.07782 3.3
      vertex 176.85 8.99783 3.3
    endloop
  endfacet
  facet normal 0 0 -1
    outer loop
      vertex 203.222 9.07782 3.3
      vertex 176.778 9.07782 3.3
      vertex 203.302 9.15031 3.3
    endloop
  endfacet
  facet normal 0 0 -1
    outer loop
      vertex 176.698 9.15031 3.3
      vertex 203.302 9.15031 3.3
      vertex 176.778 9.07782 3.3
    endloop
  endfacet
  facet normal 0 0 -1
    outer loop
      vertex 203.302 9.15031 3.3
      vertex 176.698 9.15031 3.3
      vertex 203.389 9.21462 3.3
    endloop
  endfacet
  facet normal 0 0 -1
    outer loop
      vertex 176.611 9.21462 3.3
      vertex 203.389 9.21462 3.3
      vertex 176.698 9.15031 3.3
    endloop
  endfacet
  facet normal 0 0 -1
    outer loop
      vertex 203.389 9.21462 3.3
      vertex 176.611 9.21462 3.3
      vertex 203.481 9.27011 3.3
    endloop
  endfacet
  facet normal 0 0 -1
    outer loop
      vertex 176.519 9.27011 3.3
      vertex 203.481 9.27011 3.3
      vertex 176.611 9.21462 3.3
    endloop
  endfacet
  facet normal 0 0 -1
    outer loop
      vertex 176.421 9.31627 3.3
      vertex 203.481 9.27011 3.3
      vertex 176.519 9.27011 3.3
    endloop
  endfacet
  facet normal 0 0 -1
    outer loop
      vertex 203.579 9.31627 3.3
      vertex 176.421 9.31627 3.3
      vertex 212 13.6 3.3
    endloop
  endfacet
  facet normal 0 0 -1
    outer loop
      vertex 176.319 9.35263 3.3
      vertex 212 13.6 3.3
      vertex 176.421 9.31627 3.3
    endloop
  endfacet
  facet normal 0 0 -1
    outer loop
      vertex 176.215 9.37886 3.3
      vertex 212 13.6 3.3
      vertex 176.319 9.35263 3.3
    endloop
  endfacet
  facet normal 0 0 -1
    outer loop
      vertex 176.108 9.3947 3.3
      vertex 212 13.6 3.3
      vertex 176.215 9.37886 3.3
    endloop
  endfacet
  facet normal 0 0 -1
    outer loop
      vertex 176 9.4 3.3
      vertex 212 13.6 3.3
      vertex 176.108 9.3947 3.3
    endloop
  endfacet
  facet normal 0 0 -1
    outer loop
      vertex 175.892 9.3947 3.3
      vertex 212 13.6 3.3
      vertex 176 9.4 3.3
    endloop
  endfacet
  facet normal 0 0 -1
    outer loop
      vertex 149.1 8.3 3.3
      vertex 174.905 8.40782 3.3
      vertex 174.9 8.3 3.3
    endloop
  endfacet
  facet normal 0 0 -1
    outer loop
      vertex 149.095 8.40782 3.3
      vertex 174.905 8.40782 3.3
      vertex 149.1 8.3 3.3
    endloop
  endfacet
  facet normal 0 0 -1
    outer loop
      vertex 174.905 8.40782 3.3
      vertex 149.095 8.40782 3.3
      vertex 174.921 8.5146 3.3
    endloop
  endfacet
  facet normal 0 0 -1
    outer loop
      vertex 149.079 8.5146 3.3
      vertex 174.921 8.5146 3.3
      vertex 149.095 8.40782 3.3
    endloop
  endfacet
  facet normal 0 0 -1
    outer loop
      vertex 174.921 8.5146 3.3
      vertex 149.079 8.5146 3.3
      vertex 174.947 8.61931 3.3
    endloop
  endfacet
  facet normal 0 0 -1
    outer loop
      vertex 149.053 8.61931 3.3
      vertex 174.947 8.61931 3.3
      vertex 149.079 8.5146 3.3
    endloop
  endfacet
  facet normal 0 0 -1
    outer loop
      vertex 174.947 8.61931 3.3
      vertex 149.053 8.61931 3.3
      vertex 174.984 8.72095 3.3
    endloop
  endfacet
  facet normal 0 0 -1
    outer loop
      vertex 149.016 8.72095 3.3
      vertex 174.984 8.72095 3.3
      vertex 149.053 8.61931 3.3
    endloop
  endfacet
  facet normal 0 0 -1
    outer loop
      vertex 174.984 8.72095 3.3
      vertex 149.016 8.72095 3.3
      vertex 175.03 8.81854 3.3
    endloop
  endfacet
  facet normal 0 0 -1
    outer loop
      vertex 148.97 8.81854 3.3
      vertex 175.03 8.81854 3.3
      vertex 149.016 8.72095 3.3
    endloop
  endfacet
  facet normal 0 0 -1
    outer loop
      vertex 175.03 8.81854 3.3
      vertex 148.97 8.81854 3.3
      vertex 175.085 8.91113 3.3
    endloop
  endfacet
  facet normal 0 0 -1
    outer loop
      vertex 148.915 8.91113 3.3
      vertex 175.085 8.91113 3.3
      vertex 148.97 8.81854 3.3
    endloop
  endfacet
  facet normal 0 0 -1
    outer loop
      vertex 175.085 8.91113 3.3
      vertex 148.915 8.91113 3.3
      vertex 175.15 8.99783 3.3
    endloop
  endfacet
  facet normal 0 0 -1
    outer loop
      vertex 148.85 8.99783 3.3
      vertex 175.15 8.99783 3.3
      vertex 148.915 8.91113 3.3
    endloop
  endfacet
  facet normal 0 0 -1
    outer loop
      vertex 175.15 8.99783 3.3
      vertex 148.85 8.99783 3.3
      vertex 175.222 9.07782 3.3
    endloop
  endfacet
  facet normal 0 0 -1
    outer loop
      vertex 148.778 9.07782 3.3
      vertex 175.222 9.07782 3.3
      vertex 148.85 8.99783 3.3
    endloop
  endfacet
  facet normal 0 0 -1
    outer loop
      vertex 175.222 9.07782 3.3
      vertex 148.778 9.07782 3.3
      vertex 175.302 9.15031 3.3
    endloop
  endfacet
  facet normal 0 0 -1
    outer loop
      vertex 148.698 9.15031 3.3
      vertex 175.302 9.15031 3.3
      vertex 148.778 9.07782 3.3
    endloop
  endfacet
  facet normal 0 0 -1
    outer loop
      vertex 175.302 9.15031 3.3
      vertex 148.698 9.15031 3.3
      vertex 175.389 9.21462 3.3
    endloop
  endfacet
  facet normal 0 0 -1
    outer loop
      vertex 148.611 9.21462 3.3
      vertex 175.389 9.21462 3.3
      vertex 148.698 9.15031 3.3
    endloop
  endfacet
  facet normal 0 0 -1
    outer loop
      vertex 175.389 9.21462 3.3
      vertex 148.611 9.21462 3.3
      vertex 175.481 9.27011 3.3
    endloop
  endfacet
  facet normal 0 0 -1
    outer loop
      vertex 148.519 9.27011 3.3
      vertex 175.481 9.27011 3.3
      vertex 148.611 9.21462 3.3
    endloop
  endfacet
  facet normal 0 0 -1
    outer loop
      vertex 175.481 9.27011 3.3
      vertex 148.519 9.27011 3.3
      vertex 175.579 9.31627 3.3
    endloop
  endfacet
  facet normal 0 0 -1
    outer loop
      vertex 148.421 9.31627 3.3
      vertex 175.579 9.31627 3.3
      vertex 148.519 9.27011 3.3
    endloop
  endfacet
  facet normal 0 0 -1
    outer loop
      vertex 175.579 9.31627 3.3
      vertex 148.421 9.31627 3.3
      vertex 175.681 9.35263 3.3
    endloop
  endfacet
  facet normal 0 0 -1
    outer loop
      vertex 148.319 9.35263 3.3
      vertex 175.681 9.35263 3.3
      vertex 148.421 9.31627 3.3
    endloop
  endfacet
  facet normal 0 0 -1
    outer loop
      vertex 175.681 9.35263 3.3
      vertex 148.319 9.35263 3.3
      vertex 175.785 9.37886 3.3
    endloop
  endfacet
  facet normal 0 0 -1
    outer loop
      vertex 148.215 9.37886 3.3
      vertex 175.785 9.37886 3.3
      vertex 148.319 9.35263 3.3
    endloop
  endfacet
  facet normal 0 0 -1
    outer loop
      vertex 175.785 9.37886 3.3
      vertex 148.215 9.37886 3.3
      vertex 175.892 9.3947 3.3
    endloop
  endfacet
  facet normal 0 0 -1
    outer loop
      vertex 148.108 9.3947 3.3
      vertex 175.892 9.3947 3.3
      vertex 148.215 9.37886 3.3
    endloop
  endfacet
  facet normal 0 0 -1
    outer loop
      vertex 175.892 9.3947 3.3
      vertex 148.108 9.3947 3.3
      vertex 212 13.6 3.3
    endloop
  endfacet
  facet normal 0 0 -1
    outer loop
      vertex 148 9.4 3.3
      vertex 212 13.6 3.3
      vertex 148.108 9.3947 3.3
    endloop
  endfacet
  facet normal 0 0 -1
    outer loop
      vertex 120 9.4 3.3
      vertex 148 9.4 3.3
      vertex 147.892 9.3947 3.3
    endloop
  endfacet
  facet normal 0 0 -1
    outer loop
      vertex 121.1 8.3 3.3
      vertex 146.905 8.40782 3.3
      vertex 146.9 8.3 3.3
    endloop
  endfacet
  facet normal 0 0 -1
    outer loop
      vertex 121.095 8.40782 3.3
      vertex 146.905 8.40782 3.3
      vertex 121.1 8.3 3.3
    endloop
  endfacet
  facet normal 0 0 -1
    outer loop
      vertex 146.905 8.40782 3.3
      vertex 121.095 8.40782 3.3
      vertex 146.921 8.5146 3.3
    endloop
  endfacet
  facet normal 0 0 -1
    outer loop
      vertex 121.079 8.5146 3.3
      vertex 146.921 8.5146 3.3
      vertex 121.095 8.40782 3.3
    endloop
  endfacet
  facet normal 0 0 -1
    outer loop
      vertex 146.921 8.5146 3.3
      vertex 121.079 8.5146 3.3
      vertex 146.947 8.61931 3.3
    endloop
  endfacet
  facet normal 0 0 -1
    outer loop
      vertex 121.053 8.61931 3.3
      vertex 146.947 8.61931 3.3
      vertex 121.079 8.5146 3.3
    endloop
  endfacet
  facet normal 0 0 -1
    outer loop
      vertex 146.947 8.61931 3.3
      vertex 121.053 8.61931 3.3
      vertex 146.984 8.72095 3.3
    endloop
  endfacet
  facet normal 0 0 -1
    outer loop
      vertex 121.016 8.72095 3.3
      vertex 146.984 8.72095 3.3
      vertex 121.053 8.61931 3.3
    endloop
  endfacet
  facet normal 0 0 -1
    outer loop
      vertex 146.984 8.72095 3.3
      vertex 121.016 8.72095 3.3
      vertex 147.03 8.81854 3.3
    endloop
  endfacet
  facet normal 0 0 -1
    outer loop
      vertex 120.97 8.81854 3.3
      vertex 147.03 8.81854 3.3
      vertex 121.016 8.72095 3.3
    endloop
  endfacet
  facet normal 0 0 -1
    outer loop
      vertex 147.03 8.81854 3.3
      vertex 120.97 8.81854 3.3
      vertex 147.085 8.91113 3.3
    endloop
  endfacet
  facet normal 0 0 -1
    outer loop
      vertex 120.915 8.91113 3.3
      vertex 147.085 8.91113 3.3
      vertex 120.97 8.81854 3.3
    endloop
  endfacet
  facet normal 0 0 -1
    outer loop
      vertex 147.085 8.91113 3.3
      vertex 120.915 8.91113 3.3
      vertex 147.15 8.99783 3.3
    endloop
  endfacet
  facet normal 0 0 -1
    outer loop
      vertex 120.85 8.99783 3.3
      vertex 147.15 8.99783 3.3
      vertex 120.915 8.91113 3.3
    endloop
  endfacet
  facet normal 0 0 -1
    outer loop
      vertex 147.15 8.99783 3.3
      vertex 120.85 8.99783 3.3
      vertex 147.222 9.07782 3.3
    endloop
  endfacet
  facet normal 0 0 -1
    outer loop
      vertex 120.778 9.07782 3.3
      vertex 147.222 9.07782 3.3
      vertex 120.85 8.99783 3.3
    endloop
  endfacet
  facet normal 0 0 -1
    outer loop
      vertex 147.222 9.07782 3.3
      vertex 120.778 9.07782 3.3
      vertex 147.302 9.15031 3.3
    endloop
  endfacet
  facet normal 0 0 -1
    outer loop
      vertex 120.698 9.15031 3.3
      vertex 147.302 9.15031 3.3
      vertex 120.778 9.07782 3.3
    endloop
  endfacet
  facet normal 0 0 -1
    outer loop
      vertex 147.302 9.15031 3.3
      vertex 120.698 9.15031 3.3
      vertex 147.389 9.21462 3.3
    endloop
  endfacet
  facet normal 0 0 -1
    outer loop
      vertex 120.611 9.21462 3.3
      vertex 147.389 9.21462 3.3
      vertex 120.698 9.15031 3.3
    endloop
  endfacet
  facet normal 0 0 -1
    outer loop
      vertex 147.389 9.21462 3.3
      vertex 120.611 9.21462 3.3
      vertex 147.481 9.27011 3.3
    endloop
  endfacet
  facet normal 0 0 -1
    outer loop
      vertex 120.519 9.27011 3.3
      vertex 147.481 9.27011 3.3
      vertex 120.611 9.21462 3.3
    endloop
  endfacet
  facet normal 0 0 -1
    outer loop
      vertex 147.481 9.27011 3.3
      vertex 120.519 9.27011 3.3
      vertex 147.579 9.31627 3.3
    endloop
  endfacet
  facet normal 0 0 -1
    outer loop
      vertex 120.421 9.31627 3.3
      vertex 147.579 9.31627 3.3
      vertex 120.519 9.27011 3.3
    endloop
  endfacet
  facet normal 0 0 -1
    outer loop
      vertex 147.579 9.31627 3.3
      vertex 120.421 9.31627 3.3
      vertex 147.681 9.35263 3.3
    endloop
  endfacet
  facet normal 0 0 -1
    outer loop
      vertex 120.319 9.35263 3.3
      vertex 147.681 9.35263 3.3
      vertex 120.421 9.31627 3.3
    endloop
  endfacet
  facet normal 0 0 -1
    outer loop
      vertex 147.681 9.35263 3.3
      vertex 120.319 9.35263 3.3
      vertex 147.785 9.37886 3.3
    endloop
  endfacet
  facet normal 0 0 -1
    outer loop
      vertex 120.215 9.37886 3.3
      vertex 147.785 9.37886 3.3
      vertex 120.319 9.35263 3.3
    endloop
  endfacet
  facet normal 0 0 -1
    outer loop
      vertex 147.785 9.37886 3.3
      vertex 120.215 9.37886 3.3
      vertex 147.892 9.3947 3.3
    endloop
  endfacet
  facet normal 0 0 -1
    outer loop
      vertex 120.108 9.3947 3.3
      vertex 147.892 9.3947 3.3
      vertex 120.215 9.37886 3.3
    endloop
  endfacet
  facet normal 0 0 -1
    outer loop
      vertex 120 9.4 3.3
      vertex 147.892 9.3947 3.3
      vertex 120.108 9.3947 3.3
    endloop
  endfacet
  facet normal 0 0 -1
    outer loop
      vertex 148 9.4 3.3
      vertex 120 9.4 3.3
      vertex 212 13.6 3.3
    endloop
  endfacet
  facet normal 0 0 -1
    outer loop
      vertex 93.1 8.3 3.3
      vertex 118.905 8.40782 3.3
      vertex 118.9 8.3 3.3
    endloop
  endfacet
  facet normal 0 0 -1
    outer loop
      vertex 93.0947 8.40782 3.3
      vertex 118.905 8.40782 3.3
      vertex 93.1 8.3 3.3
    endloop
  endfacet
  facet normal 0 0 -1
    outer loop
      vertex 118.905 8.40782 3.3
      vertex 93.0947 8.40782 3.3
      vertex 118.921 8.5146 3.3
    endloop
  endfacet
  facet normal 0 0 -1
    outer loop
      vertex 93.0789 8.5146 3.3
      vertex 118.921 8.5146 3.3
      vertex 93.0947 8.40782 3.3
    endloop
  endfacet
  facet normal 0 0 -1
    outer loop
      vertex 118.921 8.5146 3.3
      vertex 93.0789 8.5146 3.3
      vertex 118.947 8.61931 3.3
    endloop
  endfacet
  facet normal 0 0 -1
    outer loop
      vertex 93.0526 8.61931 3.3
      vertex 118.947 8.61931 3.3
      vertex 93.0789 8.5146 3.3
    endloop
  endfacet
  facet normal 0 0 -1
    outer loop
      vertex 118.947 8.61931 3.3
      vertex 93.0526 8.61931 3.3
      vertex 118.984 8.72095 3.3
    endloop
  endfacet
  facet normal 0 0 -1
    outer loop
      vertex 93.0163 8.72095 3.3
      vertex 118.984 8.72095 3.3
      vertex 93.0526 8.61931 3.3
    endloop
  endfacet
  facet normal 0 0 -1
    outer loop
      vertex 118.984 8.72095 3.3
      vertex 93.0163 8.72095 3.3
      vertex 119.03 8.81854 3.3
    endloop
  endfacet
  facet normal 0 0 -1
    outer loop
      vertex 92.9701 8.81854 3.3
      vertex 119.03 8.81854 3.3
      vertex 93.0163 8.72095 3.3
    endloop
  endfacet
  facet normal 0 0 -1
    outer loop
      vertex 119.03 8.81854 3.3
      vertex 92.9701 8.81854 3.3
      vertex 119.085 8.91113 3.3
    endloop
  endfacet
  facet normal 0 0 -1
    outer loop
      vertex 92.9146 8.91113 3.3
      vertex 119.085 8.91113 3.3
      vertex 92.9701 8.81854 3.3
    endloop
  endfacet
  facet normal 0 0 -1
    outer loop
      vertex 119.085 8.91113 3.3
      vertex 92.9146 8.91113 3.3
      vertex 119.15 8.99783 3.3
    endloop
  endfacet
  facet normal 0 0 -1
    outer loop
      vertex 92.8503 8.99783 3.3
      vertex 119.15 8.99783 3.3
      vertex 92.9146 8.91113 3.3
    endloop
  endfacet
  facet normal 0 0 -1
    outer loop
      vertex 119.15 8.99783 3.3
      vertex 92.8503 8.99783 3.3
      vertex 119.222 9.07782 3.3
    endloop
  endfacet
  facet normal 0 0 -1
    outer loop
      vertex 92.7778 9.07782 3.3
      vertex 119.222 9.07782 3.3
      vertex 92.8503 8.99783 3.3
    endloop
  endfacet
  facet normal 0 0 -1
    outer loop
      vertex 119.222 9.07782 3.3
      vertex 92.7778 9.07782 3.3
      vertex 119.302 9.15031 3.3
    endloop
  endfacet
  facet normal 0 0 -1
    outer loop
      vertex 92.6978 9.15031 3.3
      vertex 119.302 9.15031 3.3
      vertex 92.7778 9.07782 3.3
    endloop
  endfacet
  facet normal 0 0 -1
    outer loop
      vertex 119.302 9.15031 3.3
      vertex 92.6978 9.15031 3.3
      vertex 119.389 9.21462 3.3
    endloop
  endfacet
  facet normal 0 0 -1
    outer loop
      vertex 92.6111 9.21462 3.3
      vertex 119.389 9.21462 3.3
      vertex 92.6978 9.15031 3.3
    endloop
  endfacet
  facet normal 0 0 -1
    outer loop
      vertex 119.389 9.21462 3.3
      vertex 92.6111 9.21462 3.3
      vertex 119.481 9.27011 3.3
    endloop
  endfacet
  facet normal 0 0 -1
    outer loop
      vertex 92.5185 9.27011 3.3
      vertex 119.481 9.27011 3.3
      vertex 92.6111 9.21462 3.3
    endloop
  endfacet
  facet normal 0 0 -1
    outer loop
      vertex 119.481 9.27011 3.3
      vertex 92.5185 9.27011 3.3
      vertex 119.579 9.31627 3.3
    endloop
  endfacet
  facet normal 0 0 -1
    outer loop
      vertex 92.421 9.31627 3.3
      vertex 119.579 9.31627 3.3
      vertex 92.5185 9.27011 3.3
    endloop
  endfacet
  facet normal 0 0 -1
    outer loop
      vertex 119.579 9.31627 3.3
      vertex 92.421 9.31627 3.3
      vertex 119.681 9.35263 3.3
    endloop
  endfacet
  facet normal 0 0 -1
    outer loop
      vertex 92.3193 9.35263 3.3
      vertex 119.681 9.35263 3.3
      vertex 92.421 9.31627 3.3
    endloop
  endfacet
  facet normal 0 0 -1
    outer loop
      vertex 119.681 9.35263 3.3
      vertex 92.3193 9.35263 3.3
      vertex 119.785 9.37886 3.3
    endloop
  endfacet
  facet normal 0 0 -1
    outer loop
      vertex 92.2146 9.37886 3.3
      vertex 119.785 9.37886 3.3
      vertex 92.3193 9.35263 3.3
    endloop
  endfacet
  facet normal 0 0 -1
    outer loop
      vertex 119.785 9.37886 3.3
      vertex 92.2146 9.37886 3.3
      vertex 119.892 9.3947 3.3
    endloop
  endfacet
  facet normal 0 0 -1
    outer loop
      vertex 92.1078 9.3947 3.3
      vertex 119.892 9.3947 3.3
      vertex 92.2146 9.37886 3.3
    endloop
  endfacet
  facet normal 0 0 -1
    outer loop
      vertex 119.892 9.3947 3.3
      vertex 92.1078 9.3947 3.3
      vertex 120 9.4 3.3
    endloop
  endfacet
  facet normal 0 0 -1
    outer loop
      vertex 92 9.4 3.3
      vertex 120 9.4 3.3
      vertex 92.1078 9.3947 3.3
    endloop
  endfacet
  facet normal 0 0 -1
    outer loop
      vertex 120 9.4 3.3
      vertex 92 9.4 3.3
      vertex 212 13.6 3.3
    endloop
  endfacet
  facet normal 0 0 -1
    outer loop
      vertex 65.1 8.3 3.3
      vertex 90.9053 8.40782 3.3
      vertex 90.9 8.3 3.3
    endloop
  endfacet
  facet normal 0 0 -1
    outer loop
      vertex 65.0947 8.40782 3.3
      vertex 90.9053 8.40782 3.3
      vertex 65.1 8.3 3.3
    endloop
  endfacet
  facet normal 0 0 -1
    outer loop
      vertex 90.9053 8.40782 3.3
      vertex 65.0947 8.40782 3.3
      vertex 90.9211 8.5146 3.3
    endloop
  endfacet
  facet normal 0 0 -1
    outer loop
      vertex 65.0789 8.5146 3.3
      vertex 90.9211 8.5146 3.3
      vertex 65.0947 8.40782 3.3
    endloop
  endfacet
  facet normal 0 0 -1
    outer loop
      vertex 90.9211 8.5146 3.3
      vertex 65.0789 8.5146 3.3
      vertex 90.9474 8.61931 3.3
    endloop
  endfacet
  facet normal 0 0 -1
    outer loop
      vertex 65.0526 8.61931 3.3
      vertex 90.9474 8.61931 3.3
      vertex 65.0789 8.5146 3.3
    endloop
  endfacet
  facet normal 0 0 -1
    outer loop
      vertex 90.9474 8.61931 3.3
      vertex 65.0526 8.61931 3.3
      vertex 90.9837 8.72095 3.3
    endloop
  endfacet
  facet normal 0 0 -1
    outer loop
      vertex 65.0163 8.72095 3.3
      vertex 90.9837 8.72095 3.3
      vertex 65.0526 8.61931 3.3
    endloop
  endfacet
  facet normal 0 0 -1
    outer loop
      vertex 90.9837 8.72095 3.3
      vertex 65.0163 8.72095 3.3
      vertex 91.0299 8.81854 3.3
    endloop
  endfacet
  facet normal 0 0 -1
    outer loop
      vertex 64.9701 8.81854 3.3
      vertex 91.0299 8.81854 3.3
      vertex 65.0163 8.72095 3.3
    endloop
  endfacet
  facet normal 0 0 -1
    outer loop
      vertex 91.0299 8.81854 3.3
      vertex 64.9701 8.81854 3.3
      vertex 91.0854 8.91113 3.3
    endloop
  endfacet
  facet normal 0 0 -1
    outer loop
      vertex 64.9146 8.91113 3.3
      vertex 91.0854 8.91113 3.3
      vertex 64.9701 8.81854 3.3
    endloop
  endfacet
  facet normal 0 0 -1
    outer loop
      vertex 91.0854 8.91113 3.3
      vertex 64.9146 8.91113 3.3
      vertex 91.1497 8.99783 3.3
    endloop
  endfacet
  facet normal 0 0 -1
    outer loop
      vertex 64.8503 8.99783 3.3
      vertex 91.1497 8.99783 3.3
      vertex 64.9146 8.91113 3.3
    endloop
  endfacet
  facet normal 0 0 -1
    outer loop
      vertex 91.1497 8.99783 3.3
      vertex 64.8503 8.99783 3.3
      vertex 91.2222 9.07782 3.3
    endloop
  endfacet
  facet normal 0 0 -1
    outer loop
      vertex 64.7778 9.07782 3.3
      vertex 91.2222 9.07782 3.3
      vertex 64.8503 8.99783 3.3
    endloop
  endfacet
  facet normal 0 0 -1
    outer loop
      vertex 91.2222 9.07782 3.3
      vertex 64.7778 9.07782 3.3
      vertex 91.3022 9.15031 3.3
    endloop
  endfacet
  facet normal 0 0 -1
    outer loop
      vertex 64.6978 9.15031 3.3
      vertex 91.3022 9.15031 3.3
      vertex 64.7778 9.07782 3.3
    endloop
  endfacet
  facet normal 0 0 -1
    outer loop
      vertex 91.3022 9.15031 3.3
      vertex 64.6978 9.15031 3.3
      vertex 91.3889 9.21462 3.3
    endloop
  endfacet
  facet normal 0 0 -1
    outer loop
      vertex 64.6111 9.21462 3.3
      vertex 91.3889 9.21462 3.3
      vertex 64.6978 9.15031 3.3
    endloop
  endfacet
  facet normal 0 0 -1
    outer loop
      vertex 91.3889 9.21462 3.3
      vertex 64.6111 9.21462 3.3
      vertex 91.4815 9.27011 3.3
    endloop
  endfacet
  facet normal 0 0 -1
    outer loop
      vertex 64.5185 9.27011 3.3
      vertex 91.4815 9.27011 3.3
      vertex 64.6111 9.21462 3.3
    endloop
  endfacet
  facet normal 0 0 -1
    outer loop
      vertex 91.4815 9.27011 3.3
      vertex 64.5185 9.27011 3.3
      vertex 91.579 9.31627 3.3
    endloop
  endfacet
  facet normal 0 0 -1
    outer loop
      vertex 64.421 9.31627 3.3
      vertex 91.579 9.31627 3.3
      vertex 64.5185 9.27011 3.3
    endloop
  endfacet
  facet normal 0 0 -1
    outer loop
      vertex 91.579 9.31627 3.3
      vertex 64.421 9.31627 3.3
      vertex 91.6807 9.35263 3.3
    endloop
  endfacet
  facet normal 0 0 -1
    outer loop
      vertex 64.3193 9.35263 3.3
      vertex 91.6807 9.35263 3.3
      vertex 64.421 9.31627 3.3
    endloop
  endfacet
  facet normal 0 0 -1
    outer loop
      vertex 91.6807 9.35263 3.3
      vertex 64.3193 9.35263 3.3
      vertex 91.7854 9.37886 3.3
    endloop
  endfacet
  facet normal 0 0 -1
    outer loop
      vertex 64.2146 9.37886 3.3
      vertex 91.7854 9.37886 3.3
      vertex 64.3193 9.35263 3.3
    endloop
  endfacet
  facet normal 0 0 -1
    outer loop
      vertex 91.7854 9.37886 3.3
      vertex 64.2146 9.37886 3.3
      vertex 91.8922 9.3947 3.3
    endloop
  endfacet
  facet normal 0 0 -1
    outer loop
      vertex 64.1078 9.3947 3.3
      vertex 91.8922 9.3947 3.3
      vertex 64.2146 9.37886 3.3
    endloop
  endfacet
  facet normal 0 0 -1
    outer loop
      vertex 91.8922 9.3947 3.3
      vertex 64.1078 9.3947 3.3
      vertex 92 9.4 3.3
    endloop
  endfacet
  facet normal 0 0 -1
    outer loop
      vertex 64 9.4 3.3
      vertex 92 9.4 3.3
      vertex 64.1078 9.3947 3.3
    endloop
  endfacet
  facet normal 0 0 -1
    outer loop
      vertex 0 13.6 3.3
      vertex 92 9.4 3.3
      vertex 64 9.4 3.3
    endloop
  endfacet
  facet normal 0 0 -1
    outer loop
      vertex 37.1 8.3 3.3
      vertex 62.9053 8.40782 3.3
      vertex 62.9 8.3 3.3
    endloop
  endfacet
  facet normal 0 0 -1
    outer loop
      vertex 37.0947 8.40782 3.3
      vertex 62.9053 8.40782 3.3
      vertex 37.1 8.3 3.3
    endloop
  endfacet
  facet normal 0 0 -1
    outer loop
      vertex 62.9053 8.40782 3.3
      vertex 37.0947 8.40782 3.3
      vertex 62.9211 8.5146 3.3
    endloop
  endfacet
  facet normal 0 0 -1
    outer loop
      vertex 37.0789 8.5146 3.3
      vertex 62.9211 8.5146 3.3
      vertex 37.0947 8.40782 3.3
    endloop
  endfacet
  facet normal 0 0 -1
    outer loop
      vertex 62.9211 8.5146 3.3
      vertex 37.0789 8.5146 3.3
      vertex 62.9474 8.61931 3.3
    endloop
  endfacet
  facet normal 0 0 -1
    outer loop
      vertex 37.0526 8.61931 3.3
      vertex 62.9474 8.61931 3.3
      vertex 37.0789 8.5146 3.3
    endloop
  endfacet
  facet normal 0 0 -1
    outer loop
      vertex 62.9474 8.61931 3.3
      vertex 37.0526 8.61931 3.3
      vertex 62.9837 8.72095 3.3
    endloop
  endfacet
  facet normal 0 0 -1
    outer loop
      vertex 37.0163 8.72095 3.3
      vertex 62.9837 8.72095 3.3
      vertex 37.0526 8.61931 3.3
    endloop
  endfacet
  facet normal 0 0 -1
    outer loop
      vertex 62.9837 8.72095 3.3
      vertex 37.0163 8.72095 3.3
      vertex 63.0299 8.81854 3.3
    endloop
  endfacet
  facet normal 0 0 -1
    outer loop
      vertex 36.9701 8.81854 3.3
      vertex 63.0299 8.81854 3.3
      vertex 37.0163 8.72095 3.3
    endloop
  endfacet
  facet normal 0 0 -1
    outer loop
      vertex 63.0299 8.81854 3.3
      vertex 36.9701 8.81854 3.3
      vertex 63.0854 8.91113 3.3
    endloop
  endfacet
  facet normal 0 0 -1
    outer loop
      vertex 36.9146 8.91113 3.3
      vertex 63.0854 8.91113 3.3
      vertex 36.9701 8.81854 3.3
    endloop
  endfacet
  facet normal 0 0 -1
    outer loop
      vertex 63.0854 8.91113 3.3
      vertex 36.9146 8.91113 3.3
      vertex 63.1497 8.99783 3.3
    endloop
  endfacet
  facet normal 0 0 -1
    outer loop
      vertex 36.8503 8.99783 3.3
      vertex 63.1497 8.99783 3.3
      vertex 36.9146 8.91113 3.3
    endloop
  endfacet
  facet normal 0 0 -1
    outer loop
      vertex 63.1497 8.99783 3.3
      vertex 36.8503 8.99783 3.3
      vertex 63.2222 9.07782 3.3
    endloop
  endfacet
  facet normal 0 0 -1
    outer loop
      vertex 36.7778 9.07782 3.3
      vertex 63.2222 9.07782 3.3
      vertex 36.8503 8.99783 3.3
    endloop
  endfacet
  facet normal 0 0 -1
    outer loop
      vertex 63.2222 9.07782 3.3
      vertex 36.7778 9.07782 3.3
      vertex 63.3022 9.15031 3.3
    endloop
  endfacet
  facet normal 0 0 -1
    outer loop
      vertex 36.6978 9.15031 3.3
      vertex 63.3022 9.15031 3.3
      vertex 36.7778 9.07782 3.3
    endloop
  endfacet
  facet normal 0 0 -1
    outer loop
      vertex 63.3022 9.15031 3.3
      vertex 36.6978 9.15031 3.3
      vertex 63.3889 9.21462 3.3
    endloop
  endfacet
  facet normal 0 0 -1
    outer loop
      vertex 36.6111 9.21462 3.3
      vertex 63.3889 9.21462 3.3
      vertex 36.6978 9.15031 3.3
    endloop
  endfacet
  facet normal 0 0 -1
    outer loop
      vertex 63.3889 9.21462 3.3
      vertex 36.6111 9.21462 3.3
      vertex 63.4815 9.27011 3.3
    endloop
  endfacet
  facet normal 0 0 -1
    outer loop
      vertex 36.5185 9.27011 3.3
      vertex 63.4815 9.27011 3.3
      vertex 36.6111 9.21462 3.3
    endloop
  endfacet
  facet normal 0 0 -1
    outer loop
      vertex 63.4815 9.27011 3.3
      vertex 36.5185 9.27011 3.3
      vertex 63.579 9.31627 3.3
    endloop
  endfacet
  facet normal 0 0 -1
    outer loop
      vertex 36.421 9.31627 3.3
      vertex 63.579 9.31627 3.3
      vertex 36.5185 9.27011 3.3
    endloop
  endfacet
  facet normal 0 0 -1
    outer loop
      vertex 63.579 9.31627 3.3
      vertex 36.421 9.31627 3.3
      vertex 63.6807 9.35263 3.3
    endloop
  endfacet
  facet normal 0 0 -1
    outer loop
      vertex 36.3193 9.35263 3.3
      vertex 63.6807 9.35263 3.3
      vertex 36.421 9.31627 3.3
    endloop
  endfacet
  facet normal 0 0 -1
    outer loop
      vertex 63.6807 9.35263 3.3
      vertex 36.3193 9.35263 3.3
      vertex 63.7854 9.37886 3.3
    endloop
  endfacet
  facet normal 0 0 -1
    outer loop
      vertex 36.2146 9.37886 3.3
      vertex 63.7854 9.37886 3.3
      vertex 36.3193 9.35263 3.3
    endloop
  endfacet
  facet normal 0 0 -1
    outer loop
      vertex 63.7854 9.37886 3.3
      vertex 36.2146 9.37886 3.3
      vertex 63.8922 9.3947 3.3
    endloop
  endfacet
  facet normal 0 0 -1
    outer loop
      vertex 36.1078 9.3947 3.3
      vertex 63.8922 9.3947 3.3
      vertex 36.2146 9.37886 3.3
    endloop
  endfacet
  facet normal 0 0 -1
    outer loop
      vertex 63.8922 9.3947 3.3
      vertex 36.1078 9.3947 3.3
      vertex 64 9.4 3.3
    endloop
  endfacet
  facet normal 0 0 -1
    outer loop
      vertex 0 13.6 3.3
      vertex 64 9.4 3.3
      vertex 36.1078 9.3947 3.3
    endloop
  endfacet
  facet normal 0 0 -1
    outer loop
      vertex 0 13.6 3.3
      vertex 36.1078 9.3947 3.3
      vertex 36 9.4 3.3
    endloop
  endfacet
  facet normal 0 0 -1
    outer loop
      vertex 9.1 8.3 3.3
      vertex 34.9053 8.40782 3.3
      vertex 34.9 8.3 3.3
    endloop
  endfacet
  facet normal 0 0 -1
    outer loop
      vertex 9.0947 8.40782 3.3
      vertex 34.9053 8.40782 3.3
      vertex 9.1 8.3 3.3
    endloop
  endfacet
  facet normal 0 0 -1
    outer loop
      vertex 34.9053 8.40782 3.3
      vertex 9.0947 8.40782 3.3
      vertex 34.9211 8.5146 3.3
    endloop
  endfacet
  facet normal 0 0 -1
    outer loop
      vertex 9.07886 8.5146 3.3
      vertex 34.9211 8.5146 3.3
      vertex 9.0947 8.40782 3.3
    endloop
  endfacet
  facet normal 0 0 -1
    outer loop
      vertex 34.9211 8.5146 3.3
      vertex 9.07886 8.5146 3.3
      vertex 34.9474 8.61931 3.3
    endloop
  endfacet
  facet normal 0 0 -1
    outer loop
      vertex 9.05263 8.61931 3.3
      vertex 34.9474 8.61931 3.3
      vertex 9.07886 8.5146 3.3
    endloop
  endfacet
  facet normal 0 0 -1
    outer loop
      vertex 34.9474 8.61931 3.3
      vertex 9.05263 8.61931 3.3
      vertex 34.9837 8.72095 3.3
    endloop
  endfacet
  facet normal 0 0 -1
    outer loop
      vertex 9.01627 8.72095 3.3
      vertex 34.9837 8.72095 3.3
      vertex 9.05263 8.61931 3.3
    endloop
  endfacet
  facet normal 0 0 -1
    outer loop
      vertex 34.9837 8.72095 3.3
      vertex 9.01627 8.72095 3.3
      vertex 35.0299 8.81854 3.3
    endloop
  endfacet
  facet normal 0 0 -1
    outer loop
      vertex 8.97011 8.81854 3.3
      vertex 35.0299 8.81854 3.3
      vertex 9.01627 8.72095 3.3
    endloop
  endfacet
  facet normal 0 0 -1
    outer loop
      vertex 35.0299 8.81854 3.3
      vertex 8.97011 8.81854 3.3
      vertex 35.0854 8.91113 3.3
    endloop
  endfacet
  facet normal 0 0 -1
    outer loop
      vertex 8.91462 8.91113 3.3
      vertex 35.0854 8.91113 3.3
      vertex 8.97011 8.81854 3.3
    endloop
  endfacet
  facet normal 0 0 -1
    outer loop
      vertex 35.0854 8.91113 3.3
      vertex 8.91462 8.91113 3.3
      vertex 35.1497 8.99783 3.3
    endloop
  endfacet
  facet normal 0 0 -1
    outer loop
      vertex 8.85031 8.99783 3.3
      vertex 35.1497 8.99783 3.3
      vertex 8.91462 8.91113 3.3
    endloop
  endfacet
  facet normal 0 0 -1
    outer loop
      vertex 35.1497 8.99783 3.3
      vertex 8.85031 8.99783 3.3
      vertex 35.2222 9.07782 3.3
    endloop
  endfacet
  facet normal 0 0 -1
    outer loop
      vertex 8.77782 9.07782 3.3
      vertex 35.2222 9.07782 3.3
      vertex 8.85031 8.99783 3.3
    endloop
  endfacet
  facet normal 0 0 -1
    outer loop
      vertex 35.2222 9.07782 3.3
      vertex 8.77782 9.07782 3.3
      vertex 35.3022 9.15031 3.3
    endloop
  endfacet
  facet normal 0 0 -1
    outer loop
      vertex 8.69783 9.15031 3.3
      vertex 35.3022 9.15031 3.3
      vertex 8.77782 9.07782 3.3
    endloop
  endfacet
  facet normal 0 0 -1
    outer loop
      vertex 35.3022 9.15031 3.3
      vertex 8.69783 9.15031 3.3
      vertex 35.3889 9.21462 3.3
    endloop
  endfacet
  facet normal 0 0 -1
    outer loop
      vertex 8.61113 9.21462 3.3
      vertex 35.3889 9.21462 3.3
      vertex 8.69783 9.15031 3.3
    endloop
  endfacet
  facet normal 0 0 -1
    outer loop
      vertex 35.3889 9.21462 3.3
      vertex 8.61113 9.21462 3.3
      vertex 35.4815 9.27011 3.3
    endloop
  endfacet
  facet normal 0 0 -1
    outer loop
      vertex 8.51854 9.27011 3.3
      vertex 35.4815 9.27011 3.3
      vertex 8.61113 9.21462 3.3
    endloop
  endfacet
  facet normal 0 0 -1
    outer loop
      vertex 35.4815 9.27011 3.3
      vertex 8.51854 9.27011 3.3
      vertex 35.579 9.31627 3.3
    endloop
  endfacet
  facet normal 0 0 -1
    outer loop
      vertex 8.42095 9.31627 3.3
      vertex 35.579 9.31627 3.3
      vertex 8.51854 9.27011 3.3
    endloop
  endfacet
  facet normal 0 0 -1
    outer loop
      vertex 35.579 9.31627 3.3
      vertex 8.42095 9.31627 3.3
      vertex 35.6807 9.35263 3.3
    endloop
  endfacet
  facet normal 0 0 -1
    outer loop
      vertex 0 13.6 3.3
      vertex 35.6807 9.35263 3.3
      vertex 8.42095 9.31627 3.3
    endloop
  endfacet
  facet normal 0 0 -1
    outer loop
      vertex 35.6807 9.35263 3.3
      vertex 0 13.6 3.3
      vertex 35.7854 9.37886 3.3
    endloop
  endfacet
  facet normal 0 0 -1
    outer loop
      vertex 35.7854 9.37886 3.3
      vertex 0 13.6 3.3
      vertex 35.8922 9.3947 3.3
    endloop
  endfacet
  facet normal 0 0 -1
    outer loop
      vertex 35.8922 9.3947 3.3
      vertex 0 13.6 3.3
      vertex 36 9.4 3.3
    endloop
  endfacet
  facet normal 0 0 -1
    outer loop
      vertex 0 13.6 3.3
      vertex 8.42095 9.31627 3.3
      vertex 8.31931 9.35263 3.3
    endloop
  endfacet
  facet normal 0 0 -1
    outer loop
      vertex 0 13.6 3.3
      vertex 8.31931 9.35263 3.3
      vertex 8.2146 9.37886 3.3
    endloop
  endfacet
  facet normal 0 0 -1
    outer loop
      vertex 0 13.6 3.3
      vertex 8.2146 9.37886 3.3
      vertex 8.10782 9.3947 3.3
    endloop
  endfacet
  facet normal 0 0 -1
    outer loop
      vertex 0 13.6 3.3
      vertex 8.10782 9.3947 3.3
      vertex 8 9.4 3.3
    endloop
  endfacet
  facet normal 0 0 -1
    outer loop
      vertex 0 13.6 3.3
      vertex 6.9 8.3 3.3
      vertex 0 3 3.3
    endloop
  endfacet
  facet normal 0 0 -1
    outer loop
      vertex 6.9 8.3 3.3
      vertex 0 13.6 3.3
      vertex 6.9053 8.40782 3.3
    endloop
  endfacet
  facet normal 0 0 -1
    outer loop
      vertex 6.9053 8.40782 3.3
      vertex 0 13.6 3.3
      vertex 6.92114 8.5146 3.3
    endloop
  endfacet
  facet normal 0 0 -1
    outer loop
      vertex 6.92114 8.5146 3.3
      vertex 0 13.6 3.3
      vertex 6.94736 8.61931 3.3
    endloop
  endfacet
  facet normal 0 0 -1
    outer loop
      vertex 6.94736 8.61931 3.3
      vertex 0 13.6 3.3
      vertex 6.98373 8.72095 3.3
    endloop
  endfacet
  facet normal 0 0 -1
    outer loop
      vertex 6.98373 8.72095 3.3
      vertex 0 13.6 3.3
      vertex 7.02989 8.81854 3.3
    endloop
  endfacet
  facet normal 0 0 -1
    outer loop
      vertex 7.02989 8.81854 3.3
      vertex 0 13.6 3.3
      vertex 7.08538 8.91113 3.3
    endloop
  endfacet
  facet normal 0 0 -1
    outer loop
      vertex 7.08538 8.91113 3.3
      vertex 0 13.6 3.3
      vertex 7.14969 8.99783 3.3
    endloop
  endfacet
  facet normal 0 0 -1
    outer loop
      vertex 7.14969 8.99783 3.3
      vertex 0 13.6 3.3
      vertex 7.22218 9.07782 3.3
    endloop
  endfacet
  facet normal 0 0 -1
    outer loop
      vertex 92 9.4 3.3
      vertex 0 13.6 3.3
      vertex 212 13.6 3.3
    endloop
  endfacet
  facet normal 0 0 -1
    outer loop
      vertex 7.89218 9.3947 3.3
      vertex 0 13.6 3.3
      vertex 8 9.4 3.3
    endloop
  endfacet
  facet normal 0 0 -1
    outer loop
      vertex 7.7854 9.37886 3.3
      vertex 0 13.6 3.3
      vertex 7.89218 9.3947 3.3
    endloop
  endfacet
  facet normal 0 0 -1
    outer loop
      vertex 7.68069 9.35263 3.3
      vertex 0 13.6 3.3
      vertex 7.7854 9.37886 3.3
    endloop
  endfacet
  facet normal 0 0 -1
    outer loop
      vertex 7.57905 9.31627 3.3
      vertex 0 13.6 3.3
      vertex 7.68069 9.35263 3.3
    endloop
  endfacet
  facet normal 0 0 -1
    outer loop
      vertex 7.48146 9.27011 3.3
      vertex 0 13.6 3.3
      vertex 7.57905 9.31627 3.3
    endloop
  endfacet
  facet normal 0 0 -1
    outer loop
      vertex 7.38887 9.21462 3.3
      vertex 0 13.6 3.3
      vertex 7.48146 9.27011 3.3
    endloop
  endfacet
  facet normal 0 0 -1
    outer loop
      vertex 7.30217 9.15031 3.3
      vertex 0 13.6 3.3
      vertex 7.38887 9.21462 3.3
    endloop
  endfacet
  facet normal 0 0 -1
    outer loop
      vertex 7.22218 9.07782 3.3
      vertex 0 13.6 3.3
      vertex 7.30217 9.15031 3.3
    endloop
  endfacet
  facet normal 0 -1 0
    outer loop
      vertex 0 13.6 0
      vertex 212 13.6 3.3
      vertex 0 13.6 3.3
    endloop
  endfacet
  facet normal 0 -1 -0
    outer loop
      vertex 212 13.6 3.3
      vertex 0 13.6 0
      vertex 212 13.6 0
    endloop
  endfacet
  facet normal 0 1 -0
    outer loop
      vertex 212 3 0
      vertex 0 3 3.3
      vertex 212 3 3.3
    endloop
  endfacet
  facet normal 0 1 0
    outer loop
      vertex 0 3 3.3
      vertex 212 3 0
      vertex 0 3 0
    endloop
  endfacet
endsolid OpenSCAD_Model
