solid OpenSCAD_Model
  facet normal -0.980786 -0.195087 0
    outer loop
      vertex 9.09059 9.44358 3.3
      vertex 9.06252 9.5847 11.4
      vertex 9.06252 9.5847 3.3
    endloop
  endfacet
  facet normal -0.980786 -0.195087 0
    outer loop
      vertex 9.06252 9.5847 11.4
      vertex 9.09059 9.44358 3.3
      vertex 9.09059 9.44358 11.4
    endloop
  endfacet
  facet normal -0.997859 -0.0653981 0
    outer loop
      vertex 9.1 9.3 3.3
      vertex 9.09059 9.44358 11.4
      vertex 9.09059 9.44358 3.3
    endloop
  endfacet
  facet normal -0.997859 -0.0653981 0
    outer loop
      vertex 9.09059 9.44358 11.4
      vertex 9.1 9.3 3.3
      vertex 9.1 9.3 11.4
    endloop
  endfacet
  facet normal -0.980786 0.195087 0
    outer loop
      vertex 9.06252 9.0153 3.3
      vertex 9.09059 9.15642 11.4
      vertex 9.09059 9.15642 3.3
    endloop
  endfacet
  facet normal -0.980786 0.195087 0
    outer loop
      vertex 9.09059 9.15642 11.4
      vertex 9.06252 9.0153 3.3
      vertex 9.06252 9.0153 11.4
    endloop
  endfacet
  facet normal 0.997859 0.0653981 0
    outer loop
      vertex 6.90941 9.15642 11.4
      vertex 6.9 9.3 3.3
      vertex 6.9 9.3 11.4
    endloop
  endfacet
  facet normal 0.997859 0.0653981 0
    outer loop
      vertex 6.9 9.3 3.3
      vertex 6.90941 9.15642 11.4
      vertex 6.90941 9.15642 3.3
    endloop
  endfacet
  facet normal 0.751784 -0.65941 0
    outer loop
      vertex 7.12731 9.96964 11.4
      vertex 7.22218 10.0778 3.3
      vertex 7.22218 10.0778 11.4
    endloop
  endfacet
  facet normal 0.751784 -0.65941 0
    outer loop
      vertex 7.22218 10.0778 3.3
      vertex 7.12731 9.96964 11.4
      vertex 7.12731 9.96964 3.3
    endloop
  endfacet
  facet normal -0.555566 0.831472 0
    outer loop
      vertex 8.66964 8.42731 3.3
      vertex 8.55 8.34737 11.4
      vertex 8.66964 8.42731 11.4
    endloop
  endfacet
  facet normal -0.555566 0.831472 0
    outer loop
      vertex 8.55 8.34737 11.4
      vertex 8.66964 8.42731 3.3
      vertex 8.55 8.34737 3.3
    endloop
  endfacet
  facet normal -0.831472 -0.555566 0
    outer loop
      vertex 8.95263 9.85 3.3
      vertex 8.87269 9.96964 11.4
      vertex 8.87269 9.96964 3.3
    endloop
  endfacet
  facet normal -0.831472 -0.555566 0
    outer loop
      vertex 8.87269 9.96964 11.4
      vertex 8.95263 9.85 3.3
      vertex 8.95263 9.85 11.4
    endloop
  endfacet
  facet normal -0.321435 0.946931 0
    outer loop
      vertex 8.42095 8.28373 3.3
      vertex 8.2847 8.23748 11.4
      vertex 8.42095 8.28373 11.4
    endloop
  endfacet
  facet normal -0.321435 0.946931 0
    outer loop
      vertex 8.2847 8.23748 11.4
      vertex 8.42095 8.28373 3.3
      vertex 8.2847 8.23748 3.3
    endloop
  endfacet
  facet normal -0.896874 -0.442286 0
    outer loop
      vertex 9.01627 9.72095 3.3
      vertex 8.95263 9.85 11.4
      vertex 8.95263 9.85 3.3
    endloop
  endfacet
  facet normal -0.896874 -0.442286 0
    outer loop
      vertex 8.95263 9.85 11.4
      vertex 9.01627 9.72095 3.3
      vertex 9.01627 9.72095 11.4
    endloop
  endfacet
  facet normal -0.442286 0.896874 0
    outer loop
      vertex 8.55 8.34737 3.3
      vertex 8.42095 8.28373 11.4
      vertex 8.55 8.34737 11.4
    endloop
  endfacet
  facet normal -0.442286 0.896874 0
    outer loop
      vertex 8.42095 8.28373 11.4
      vertex 8.55 8.34737 3.3
      vertex 8.42095 8.28373 3.3
    endloop
  endfacet
  facet normal -0.946931 0.321435 0
    outer loop
      vertex 9.01627 8.87905 3.3
      vertex 9.06252 9.0153 11.4
      vertex 9.06252 9.0153 3.3
    endloop
  endfacet
  facet normal -0.946931 0.321435 0
    outer loop
      vertex 9.06252 9.0153 11.4
      vertex 9.01627 8.87905 3.3
      vertex 9.01627 8.87905 11.4
    endloop
  endfacet
  facet normal 0.195287 -0.980746 0
    outer loop
      vertex 7.7153 10.3625 3.3
      vertex 7.85642 10.3906 11.4
      vertex 7.7153 10.3625 11.4
    endloop
  endfacet
  facet normal 0.195287 -0.980746 0
    outer loop
      vertex 7.85642 10.3906 11.4
      vertex 7.7153 10.3625 3.3
      vertex 7.85642 10.3906 3.3
    endloop
  endfacet
  facet normal 0.980786 -0.195087 0
    outer loop
      vertex 6.90941 9.44358 11.4
      vertex 6.93748 9.5847 3.3
      vertex 6.93748 9.5847 11.4
    endloop
  endfacet
  facet normal 0.980786 -0.195087 0
    outer loop
      vertex 6.93748 9.5847 3.3
      vertex 6.90941 9.44358 11.4
      vertex 6.90941 9.44358 3.3
    endloop
  endfacet
  facet normal 0.980786 0.195087 0
    outer loop
      vertex 6.93748 9.0153 11.4
      vertex 6.90941 9.15642 3.3
      vertex 6.90941 9.15642 11.4
    endloop
  endfacet
  facet normal 0.980786 0.195087 0
    outer loop
      vertex 6.90941 9.15642 3.3
      vertex 6.93748 9.0153 11.4
      vertex 6.93748 9.0153 3.3
    endloop
  endfacet
  facet normal 0.831472 0.555566 0
    outer loop
      vertex 7.12731 8.63036 11.4
      vertex 7.04737 8.75 3.3
      vertex 7.04737 8.75 11.4
    endloop
  endfacet
  facet normal 0.831472 0.555566 0
    outer loop
      vertex 7.04737 8.75 3.3
      vertex 7.12731 8.63036 11.4
      vertex 7.12731 8.63036 3.3
    endloop
  endfacet
  facet normal -0.0653981 0.997859 0
    outer loop
      vertex 8.14358 8.20941 3.3
      vertex 8 8.2 11.4
      vertex 8.14358 8.20941 11.4
    endloop
  endfacet
  facet normal -0.0653981 0.997859 0
    outer loop
      vertex 8 8.2 11.4
      vertex 8.14358 8.20941 3.3
      vertex 8 8.2 3.3
    endloop
  endfacet
  facet normal 0.195087 0.980786 -0
    outer loop
      vertex 7.85642 8.20941 3.3
      vertex 7.7153 8.23748 11.4
      vertex 7.85642 8.20941 11.4
    endloop
  endfacet
  facet normal 0.195087 0.980786 0
    outer loop
      vertex 7.7153 8.23748 11.4
      vertex 7.85642 8.20941 3.3
      vertex 7.7153 8.23748 3.3
    endloop
  endfacet
  facet normal -0.751844 0.659341 0
    outer loop
      vertex 8.77782 8.52218 3.3
      vertex 8.87269 8.63036 11.4
      vertex 8.87269 8.63036 3.3
    endloop
  endfacet
  facet normal -0.751844 0.659341 0
    outer loop
      vertex 8.87269 8.63036 11.4
      vertex 8.77782 8.52218 3.3
      vertex 8.77782 8.52218 11.4
    endloop
  endfacet
  facet normal -0.659458 -0.751741 0
    outer loop
      vertex 8.66964 10.1727 3.3
      vertex 8.77782 10.0778 11.4
      vertex 8.66964 10.1727 11.4
    endloop
  endfacet
  facet normal -0.659458 -0.751741 -0
    outer loop
      vertex 8.77782 10.0778 11.4
      vertex 8.66964 10.1727 3.3
      vertex 8.77782 10.0778 3.3
    endloop
  endfacet
  facet normal -0.896874 0.442286 0
    outer loop
      vertex 8.95263 8.75 3.3
      vertex 9.01627 8.87905 11.4
      vertex 9.01627 8.87905 3.3
    endloop
  endfacet
  facet normal -0.896874 0.442286 0
    outer loop
      vertex 9.01627 8.87905 11.4
      vertex 8.95263 8.75 3.3
      vertex 8.95263 8.75 11.4
    endloop
  endfacet
  facet normal 0.0653289 -0.997864 0
    outer loop
      vertex 7.85642 10.3906 3.3
      vertex 8 10.4 11.4
      vertex 7.85642 10.3906 11.4
    endloop
  endfacet
  facet normal 0.0653289 -0.997864 0
    outer loop
      vertex 8 10.4 11.4
      vertex 7.85642 10.3906 3.3
      vertex 8 10.4 3.3
    endloop
  endfacet
  facet normal 0.751844 0.659341 0
    outer loop
      vertex 7.22218 8.52218 11.4
      vertex 7.12731 8.63036 3.3
      vertex 7.12731 8.63036 11.4
    endloop
  endfacet
  facet normal 0.751844 0.659341 0
    outer loop
      vertex 7.12731 8.63036 3.3
      vertex 7.22218 8.52218 11.4
      vertex 7.22218 8.52218 3.3
    endloop
  endfacet
  facet normal 0.831472 -0.555566 0
    outer loop
      vertex 7.04737 9.85 11.4
      vertex 7.12731 9.96964 3.3
      vertex 7.12731 9.96964 11.4
    endloop
  endfacet
  facet normal 0.831472 -0.555566 0
    outer loop
      vertex 7.12731 9.96964 3.3
      vertex 7.04737 9.85 11.4
      vertex 7.04737 9.85 3.3
    endloop
  endfacet
  facet normal 0.659458 -0.751741 0
    outer loop
      vertex 7.22218 10.0778 3.3
      vertex 7.33036 10.1727 11.4
      vertex 7.22218 10.0778 11.4
    endloop
  endfacet
  facet normal 0.659458 -0.751741 0
    outer loop
      vertex 7.33036 10.1727 11.4
      vertex 7.22218 10.0778 3.3
      vertex 7.33036 10.1727 3.3
    endloop
  endfacet
  facet normal -0.195087 0.980786 0
    outer loop
      vertex 8.2847 8.23748 3.3
      vertex 8.14358 8.20941 11.4
      vertex 8.2847 8.23748 11.4
    endloop
  endfacet
  facet normal -0.195087 0.980786 0
    outer loop
      vertex 8.14358 8.20941 11.4
      vertex 8.2847 8.23748 3.3
      vertex 8.14358 8.20941 3.3
    endloop
  endfacet
  facet normal 0.0653981 0.997859 -0
    outer loop
      vertex 8 8.2 3.3
      vertex 7.85642 8.20941 11.4
      vertex 8 8.2 11.4
    endloop
  endfacet
  facet normal 0.0653981 0.997859 0
    outer loop
      vertex 7.85642 8.20941 11.4
      vertex 8 8.2 3.3
      vertex 7.85642 8.20941 3.3
    endloop
  endfacet
  facet normal 0.442622 -0.896708 0
    outer loop
      vertex 7.45 10.2526 3.3
      vertex 7.57905 10.3163 11.4
      vertex 7.45 10.2526 11.4
    endloop
  endfacet
  facet normal 0.442622 -0.896708 0
    outer loop
      vertex 7.57905 10.3163 11.4
      vertex 7.45 10.2526 3.3
      vertex 7.57905 10.3163 3.3
    endloop
  endfacet
  facet normal -0.195287 -0.980746 0
    outer loop
      vertex 8.14358 10.3906 3.3
      vertex 8.2847 10.3625 11.4
      vertex 8.14358 10.3906 11.4
    endloop
  endfacet
  facet normal -0.195287 -0.980746 -0
    outer loop
      vertex 8.2847 10.3625 11.4
      vertex 8.14358 10.3906 3.3
      vertex 8.2847 10.3625 3.3
    endloop
  endfacet
  facet normal -0.442622 -0.896708 0
    outer loop
      vertex 8.42095 10.3163 3.3
      vertex 8.55 10.2526 11.4
      vertex 8.42095 10.3163 11.4
    endloop
  endfacet
  facet normal -0.442622 -0.896708 -0
    outer loop
      vertex 8.55 10.2526 11.4
      vertex 8.42095 10.3163 3.3
      vertex 8.55 10.2526 3.3
    endloop
  endfacet
  facet normal 0.896874 0.442286 0
    outer loop
      vertex 7.04737 8.75 11.4
      vertex 6.98373 8.87905 3.3
      vertex 6.98373 8.87905 11.4
    endloop
  endfacet
  facet normal 0.896874 0.442286 0
    outer loop
      vertex 6.98373 8.87905 3.3
      vertex 7.04737 8.75 11.4
      vertex 7.04737 8.75 3.3
    endloop
  endfacet
  facet normal -0.555374 -0.831601 0
    outer loop
      vertex 8.55 10.2526 3.3
      vertex 8.66964 10.1727 11.4
      vertex 8.55 10.2526 11.4
    endloop
  endfacet
  facet normal -0.555374 -0.831601 -0
    outer loop
      vertex 8.66964 10.1727 11.4
      vertex 8.55 10.2526 3.3
      vertex 8.66964 10.1727 3.3
    endloop
  endfacet
  facet normal 0.321124 -0.947037 0
    outer loop
      vertex 7.57905 10.3163 3.3
      vertex 7.7153 10.3625 11.4
      vertex 7.57905 10.3163 11.4
    endloop
  endfacet
  facet normal 0.321124 -0.947037 0
    outer loop
      vertex 7.7153 10.3625 11.4
      vertex 7.57905 10.3163 3.3
      vertex 7.7153 10.3625 3.3
    endloop
  endfacet
  facet normal -0.997859 0.0653981 0
    outer loop
      vertex 9.09059 9.15642 3.3
      vertex 9.1 9.3 11.4
      vertex 9.1 9.3 3.3
    endloop
  endfacet
  facet normal -0.997859 0.0653981 0
    outer loop
      vertex 9.1 9.3 11.4
      vertex 9.09059 9.15642 3.3
      vertex 9.09059 9.15642 11.4
    endloop
  endfacet
  facet normal -0.751784 -0.65941 0
    outer loop
      vertex 8.87269 9.96964 3.3
      vertex 8.77782 10.0778 11.4
      vertex 8.77782 10.0778 3.3
    endloop
  endfacet
  facet normal -0.751784 -0.65941 0
    outer loop
      vertex 8.77782 10.0778 11.4
      vertex 8.87269 9.96964 3.3
      vertex 8.87269 9.96964 11.4
    endloop
  endfacet
  facet normal 0.321435 0.946931 -0
    outer loop
      vertex 7.7153 8.23748 3.3
      vertex 7.57905 8.28373 11.4
      vertex 7.7153 8.23748 11.4
    endloop
  endfacet
  facet normal 0.321435 0.946931 0
    outer loop
      vertex 7.57905 8.28373 11.4
      vertex 7.7153 8.23748 3.3
      vertex 7.57905 8.28373 3.3
    endloop
  endfacet
  facet normal 0.442286 0.896874 -0
    outer loop
      vertex 7.57905 8.28373 3.3
      vertex 7.45 8.34737 11.4
      vertex 7.57905 8.28373 11.4
    endloop
  endfacet
  facet normal 0.442286 0.896874 0
    outer loop
      vertex 7.45 8.34737 11.4
      vertex 7.57905 8.28373 3.3
      vertex 7.45 8.34737 3.3
    endloop
  endfacet
  facet normal 0.946931 -0.321435 0
    outer loop
      vertex 6.93748 9.5847 11.4
      vertex 6.98373 9.72095 3.3
      vertex 6.98373 9.72095 11.4
    endloop
  endfacet
  facet normal 0.946931 -0.321435 0
    outer loop
      vertex 6.98373 9.72095 3.3
      vertex 6.93748 9.5847 11.4
      vertex 6.93748 9.5847 3.3
    endloop
  endfacet
  facet normal -0.0653289 -0.997864 0
    outer loop
      vertex 8 10.4 3.3
      vertex 8.14358 10.3906 11.4
      vertex 8 10.4 11.4
    endloop
  endfacet
  facet normal -0.0653289 -0.997864 -0
    outer loop
      vertex 8.14358 10.3906 11.4
      vertex 8 10.4 3.3
      vertex 8.14358 10.3906 3.3
    endloop
  endfacet
  facet normal -0.321124 -0.947037 0
    outer loop
      vertex 8.2847 10.3625 3.3
      vertex 8.42095 10.3163 11.4
      vertex 8.2847 10.3625 11.4
    endloop
  endfacet
  facet normal -0.321124 -0.947037 -0
    outer loop
      vertex 8.42095 10.3163 11.4
      vertex 8.2847 10.3625 3.3
      vertex 8.42095 10.3163 3.3
    endloop
  endfacet
  facet normal -0.946931 -0.321435 0
    outer loop
      vertex 9.06252 9.5847 3.3
      vertex 9.01627 9.72095 11.4
      vertex 9.01627 9.72095 3.3
    endloop
  endfacet
  facet normal -0.946931 -0.321435 0
    outer loop
      vertex 9.01627 9.72095 11.4
      vertex 9.06252 9.5847 3.3
      vertex 9.06252 9.5847 11.4
    endloop
  endfacet
  facet normal -0.831472 0.555566 0
    outer loop
      vertex 8.87269 8.63036 3.3
      vertex 8.95263 8.75 11.4
      vertex 8.95263 8.75 3.3
    endloop
  endfacet
  facet normal -0.831472 0.555566 0
    outer loop
      vertex 8.95263 8.75 11.4
      vertex 8.87269 8.63036 3.3
      vertex 8.87269 8.63036 11.4
    endloop
  endfacet
  facet normal 0.946931 0.321435 0
    outer loop
      vertex 6.98373 8.87905 11.4
      vertex 6.93748 9.0153 3.3
      vertex 6.93748 9.0153 11.4
    endloop
  endfacet
  facet normal 0.946931 0.321435 0
    outer loop
      vertex 6.93748 9.0153 3.3
      vertex 6.98373 8.87905 11.4
      vertex 6.98373 8.87905 3.3
    endloop
  endfacet
  facet normal 0.659341 0.751844 -0
    outer loop
      vertex 7.33036 8.42731 3.3
      vertex 7.22218 8.52218 11.4
      vertex 7.33036 8.42731 11.4
    endloop
  endfacet
  facet normal 0.659341 0.751844 0
    outer loop
      vertex 7.22218 8.52218 11.4
      vertex 7.33036 8.42731 3.3
      vertex 7.22218 8.52218 3.3
    endloop
  endfacet
  facet normal 0.997859 -0.0653981 0
    outer loop
      vertex 6.9 9.3 11.4
      vertex 6.90941 9.44358 3.3
      vertex 6.90941 9.44358 11.4
    endloop
  endfacet
  facet normal 0.997859 -0.0653981 0
    outer loop
      vertex 6.90941 9.44358 3.3
      vertex 6.9 9.3 11.4
      vertex 6.9 9.3 3.3
    endloop
  endfacet
  facet normal 0.555374 -0.831601 0
    outer loop
      vertex 7.33036 10.1727 3.3
      vertex 7.45 10.2526 11.4
      vertex 7.33036 10.1727 11.4
    endloop
  endfacet
  facet normal 0.555374 -0.831601 0
    outer loop
      vertex 7.45 10.2526 11.4
      vertex 7.33036 10.1727 3.3
      vertex 7.45 10.2526 3.3
    endloop
  endfacet
  facet normal 0.896874 -0.442286 0
    outer loop
      vertex 6.98373 9.72095 11.4
      vertex 7.04737 9.85 3.3
      vertex 7.04737 9.85 11.4
    endloop
  endfacet
  facet normal 0.896874 -0.442286 0
    outer loop
      vertex 7.04737 9.85 3.3
      vertex 6.98373 9.72095 11.4
      vertex 6.98373 9.72095 3.3
    endloop
  endfacet
  facet normal 0.555566 0.831472 -0
    outer loop
      vertex 7.45 8.34737 3.3
      vertex 7.33036 8.42731 11.4
      vertex 7.45 8.34737 11.4
    endloop
  endfacet
  facet normal 0.555566 0.831472 0
    outer loop
      vertex 7.33036 8.42731 11.4
      vertex 7.45 8.34737 3.3
      vertex 7.33036 8.42731 3.3
    endloop
  endfacet
  facet normal -0.659341 0.751844 0
    outer loop
      vertex 8.77782 8.52218 3.3
      vertex 8.66964 8.42731 11.4
      vertex 8.77782 8.52218 11.4
    endloop
  endfacet
  facet normal -0.659341 0.751844 0
    outer loop
      vertex 8.66964 8.42731 11.4
      vertex 8.77782 8.52218 3.3
      vertex 8.66964 8.42731 3.3
    endloop
  endfacet
  facet normal -0.980746 0.195287 0
    outer loop
      vertex 16.0065 9.0153 3.3
      vertex 16.0346 9.15642 11.4
      vertex 16.0346 9.15642 3.3
    endloop
  endfacet
  facet normal -0.980746 0.195287 0
    outer loop
      vertex 16.0346 9.15642 11.4
      vertex 16.0065 9.0153 3.3
      vertex 16.0065 9.0153 11.4
    endloop
  endfacet
  facet normal -0.195113 0.980781 0
    outer loop
      vertex 15.2287 8.23748 3.3
      vertex 15.0876 8.20941 11.4
      vertex 15.2287 8.23748 11.4
    endloop
  endfacet
  facet normal -0.195113 0.980781 0
    outer loop
      vertex 15.0876 8.20941 11.4
      vertex 15.2287 8.23748 3.3
      vertex 15.0876 8.20941 3.3
    endloop
  endfacet
  facet normal -0.980746 -0.195287 0
    outer loop
      vertex 16.0346 9.44358 3.3
      vertex 16.0065 9.5847 11.4
      vertex 16.0065 9.5847 3.3
    endloop
  endfacet
  facet normal -0.980746 -0.195287 0
    outer loop
      vertex 16.0065 9.5847 11.4
      vertex 16.0346 9.44358 3.3
      vertex 16.0346 9.44358 11.4
    endloop
  endfacet
  facet normal -0.997864 -0.0653289 0
    outer loop
      vertex 16.044 9.3 3.3
      vertex 16.0346 9.44358 11.4
      vertex 16.0346 9.44358 3.3
    endloop
  endfacet
  facet normal -0.997864 -0.0653289 0
    outer loop
      vertex 16.0346 9.44358 11.4
      vertex 16.044 9.3 3.3
      vertex 16.044 9.3 11.4
    endloop
  endfacet
  facet normal 0.555694 0.831387 -0
    outer loop
      vertex 14.394 8.34737 3.3
      vertex 14.2744 8.42731 11.4
      vertex 14.394 8.34737 11.4
    endloop
  endfacet
  facet normal 0.555694 0.831387 0
    outer loop
      vertex 14.2744 8.42731 11.4
      vertex 14.394 8.34737 3.3
      vertex 14.2744 8.42731 3.3
    endloop
  endfacet
  facet normal 0.896708 -0.442622 0
    outer loop
      vertex 13.9277 9.72095 11.4
      vertex 13.9914 9.85 3.3
      vertex 13.9914 9.85 11.4
    endloop
  endfacet
  facet normal 0.896708 -0.442622 0
    outer loop
      vertex 13.9914 9.85 3.3
      vertex 13.9277 9.72095 11.4
      vertex 13.9277 9.72095 3.3
    endloop
  endfacet
  facet normal 0.751741 0.659458 0
    outer loop
      vertex 14.1662 8.52218 11.4
      vertex 14.0713 8.63036 3.3
      vertex 14.0713 8.63036 11.4
    endloop
  endfacet
  facet normal 0.751741 0.659458 0
    outer loop
      vertex 14.0713 8.63036 3.3
      vertex 14.1662 8.52218 11.4
      vertex 14.1662 8.52218 3.3
    endloop
  endfacet
  facet normal 0.32133 0.946967 -0
    outer loop
      vertex 14.6593 8.23748 3.3
      vertex 14.523 8.28373 11.4
      vertex 14.6593 8.23748 11.4
    endloop
  endfacet
  facet normal 0.32133 0.946967 0
    outer loop
      vertex 14.523 8.28373 11.4
      vertex 14.6593 8.23748 3.3
      vertex 14.523 8.28373 3.3
    endloop
  endfacet
  facet normal 0.751681 -0.659527 0
    outer loop
      vertex 14.0713 9.96964 11.4
      vertex 14.1662 10.0778 3.3
      vertex 14.1662 10.0778 11.4
    endloop
  endfacet
  facet normal 0.751681 -0.659527 0
    outer loop
      vertex 14.1662 10.0778 3.3
      vertex 14.0713 9.96964 11.4
      vertex 14.0713 9.96964 3.3
    endloop
  endfacet
  facet normal 0.555502 -0.831515 0
    outer loop
      vertex 14.2744 10.1727 3.3
      vertex 14.394 10.2526 11.4
      vertex 14.2744 10.1727 11.4
    endloop
  endfacet
  facet normal 0.555502 -0.831515 0
    outer loop
      vertex 14.394 10.2526 11.4
      vertex 14.2744 10.1727 3.3
      vertex 14.394 10.2526 3.3
    endloop
  endfacet
  facet normal -0.751741 0.659458 0
    outer loop
      vertex 15.7218 8.52218 3.3
      vertex 15.8167 8.63036 11.4
      vertex 15.8167 8.63036 3.3
    endloop
  endfacet
  facet normal -0.751741 0.659458 0
    outer loop
      vertex 15.8167 8.63036 11.4
      vertex 15.7218 8.52218 3.3
      vertex 15.7218 8.52218 11.4
    endloop
  endfacet
  facet normal 0.65939 -0.751801 0
    outer loop
      vertex 14.1662 10.0778 3.3
      vertex 14.2744 10.1727 11.4
      vertex 14.1662 10.0778 11.4
    endloop
  endfacet
  facet normal 0.65939 -0.751801 0
    outer loop
      vertex 14.2744 10.1727 11.4
      vertex 14.1662 10.0778 3.3
      vertex 14.2744 10.1727 3.3
    endloop
  endfacet
  facet normal -0.44276 -0.89664 0
    outer loop
      vertex 15.365 10.3163 3.3
      vertex 15.494 10.2526 11.4
      vertex 15.365 10.3163 11.4
    endloop
  endfacet
  facet normal -0.44276 -0.89664 -0
    outer loop
      vertex 15.494 10.2526 11.4
      vertex 15.365 10.3163 3.3
      vertex 15.494 10.2526 3.3
    endloop
  endfacet
  facet normal -0.947037 0.321124 0
    outer loop
      vertex 15.9603 8.87905 3.3
      vertex 16.0065 9.0153 11.4
      vertex 16.0065 9.0153 3.3
    endloop
  endfacet
  facet normal -0.947037 0.321124 0
    outer loop
      vertex 16.0065 9.0153 11.4
      vertex 15.9603 8.87905 3.3
      vertex 15.9603 8.87905 11.4
    endloop
  endfacet
  facet normal -0.65939 -0.751801 0
    outer loop
      vertex 15.6136 10.1727 3.3
      vertex 15.7218 10.0778 11.4
      vertex 15.6136 10.1727 11.4
    endloop
  endfacet
  facet normal -0.65939 -0.751801 -0
    outer loop
      vertex 15.7218 10.0778 11.4
      vertex 15.6136 10.1727 3.3
      vertex 15.7218 10.0778 3.3
    endloop
  endfacet
  facet normal -0.659272 0.751905 0
    outer loop
      vertex 15.7218 8.52218 3.3
      vertex 15.6136 8.42731 11.4
      vertex 15.7218 8.52218 11.4
    endloop
  endfacet
  facet normal -0.659272 0.751905 0
    outer loop
      vertex 15.6136 8.42731 11.4
      vertex 15.7218 8.52218 3.3
      vertex 15.6136 8.42731 3.3
    endloop
  endfacet
  facet normal -0.065389 0.99786 0
    outer loop
      vertex 15.0876 8.20941 3.3
      vertex 14.944 8.2 11.4
      vertex 15.0876 8.20941 11.4
    endloop
  endfacet
  facet normal -0.065389 0.99786 0
    outer loop
      vertex 14.944 8.2 11.4
      vertex 15.0876 8.20941 3.3
      vertex 14.944 8.2 3.3
    endloop
  endfacet
  facet normal -0.831601 0.555374 0
    outer loop
      vertex 15.8167 8.63036 3.3
      vertex 15.8966 8.75 11.4
      vertex 15.8966 8.75 3.3
    endloop
  endfacet
  facet normal -0.831601 0.555374 0
    outer loop
      vertex 15.8966 8.75 11.4
      vertex 15.8167 8.63036 3.3
      vertex 15.8167 8.63036 11.4
    endloop
  endfacet
  facet normal 0.947037 -0.321124 0
    outer loop
      vertex 13.8815 9.5847 11.4
      vertex 13.9277 9.72095 3.3
      vertex 13.9277 9.72095 11.4
    endloop
  endfacet
  facet normal 0.947037 -0.321124 0
    outer loop
      vertex 13.9277 9.72095 3.3
      vertex 13.8815 9.5847 11.4
      vertex 13.8815 9.5847 3.3
    endloop
  endfacet
  facet normal 0.0653198 -0.997864 0
    outer loop
      vertex 14.8004 10.3906 3.3
      vertex 14.944 10.4 11.4
      vertex 14.8004 10.3906 11.4
    endloop
  endfacet
  facet normal 0.0653198 -0.997864 0
    outer loop
      vertex 14.944 10.4 11.4
      vertex 14.8004 10.3906 3.3
      vertex 14.944 10.4 3.3
    endloop
  endfacet
  facet normal 0.980746 0.195287 0
    outer loop
      vertex 13.8815 9.0153 11.4
      vertex 13.8534 9.15642 3.3
      vertex 13.8534 9.15642 11.4
    endloop
  endfacet
  facet normal 0.980746 0.195287 0
    outer loop
      vertex 13.8534 9.15642 3.3
      vertex 13.8815 9.0153 11.4
      vertex 13.8815 9.0153 3.3
    endloop
  endfacet
  facet normal 0.980746 -0.195287 0
    outer loop
      vertex 13.8534 9.44358 11.4
      vertex 13.8815 9.5847 3.3
      vertex 13.8815 9.5847 11.4
    endloop
  endfacet
  facet normal 0.980746 -0.195287 0
    outer loop
      vertex 13.8815 9.5847 3.3
      vertex 13.8534 9.44358 11.4
      vertex 13.8534 9.44358 3.3
    endloop
  endfacet
  facet normal -0.751681 -0.659527 0
    outer loop
      vertex 15.8167 9.96964 3.3
      vertex 15.7218 10.0778 11.4
      vertex 15.7218 10.0778 3.3
    endloop
  endfacet
  facet normal -0.751681 -0.659527 0
    outer loop
      vertex 15.7218 10.0778 11.4
      vertex 15.8167 9.96964 3.3
      vertex 15.8167 9.96964 11.4
    endloop
  endfacet
  facet normal -0.0653198 -0.997864 0
    outer loop
      vertex 14.944 10.4 3.3
      vertex 15.0876 10.3906 11.4
      vertex 14.944 10.4 11.4
    endloop
  endfacet
  facet normal -0.0653198 -0.997864 -0
    outer loop
      vertex 15.0876 10.3906 11.4
      vertex 14.944 10.4 3.3
      vertex 15.0876 10.3906 3.3
    endloop
  endfacet
  facet normal 0.947037 0.321124 0
    outer loop
      vertex 13.9277 8.87905 11.4
      vertex 13.8815 9.0153 3.3
      vertex 13.8815 9.0153 11.4
    endloop
  endfacet
  facet normal 0.947037 0.321124 0
    outer loop
      vertex 13.8815 9.0153 3.3
      vertex 13.9277 8.87905 11.4
      vertex 13.9277 8.87905 3.3
    endloop
  endfacet
  facet normal -0.831601 -0.555374 0
    outer loop
      vertex 15.8966 9.85 3.3
      vertex 15.8167 9.96964 11.4
      vertex 15.8167 9.96964 3.3
    endloop
  endfacet
  facet normal -0.831601 -0.555374 0
    outer loop
      vertex 15.8167 9.96964 11.4
      vertex 15.8966 9.85 3.3
      vertex 15.8966 9.85 11.4
    endloop
  endfacet
  facet normal -0.555502 -0.831515 0
    outer loop
      vertex 15.494 10.2526 3.3
      vertex 15.6136 10.1727 11.4
      vertex 15.494 10.2526 11.4
    endloop
  endfacet
  facet normal -0.555502 -0.831515 -0
    outer loop
      vertex 15.6136 10.1727 11.4
      vertex 15.494 10.2526 3.3
      vertex 15.6136 10.1727 3.3
    endloop
  endfacet
  facet normal 0.321018 -0.947073 0
    outer loop
      vertex 14.523 10.3163 3.3
      vertex 14.6593 10.3625 11.4
      vertex 14.523 10.3163 11.4
    endloop
  endfacet
  facet normal 0.321018 -0.947073 0
    outer loop
      vertex 14.6593 10.3625 11.4
      vertex 14.523 10.3163 3.3
      vertex 14.6593 10.3625 3.3
    endloop
  endfacet
  facet normal -0.997864 0.0653289 0
    outer loop
      vertex 16.0346 9.15642 3.3
      vertex 16.044 9.3 11.4
      vertex 16.044 9.3 3.3
    endloop
  endfacet
  facet normal -0.997864 0.0653289 0
    outer loop
      vertex 16.044 9.3 11.4
      vertex 16.0346 9.15642 3.3
      vertex 16.0346 9.15642 11.4
    endloop
  endfacet
  facet normal 0.997864 -0.0653289 0
    outer loop
      vertex 13.844 9.3 11.4
      vertex 13.8534 9.44358 3.3
      vertex 13.8534 9.44358 11.4
    endloop
  endfacet
  facet normal 0.997864 -0.0653289 0
    outer loop
      vertex 13.8534 9.44358 3.3
      vertex 13.844 9.3 11.4
      vertex 13.844 9.3 3.3
    endloop
  endfacet
  facet normal -0.442424 0.896806 0
    outer loop
      vertex 15.494 8.34737 3.3
      vertex 15.365 8.28373 11.4
      vertex 15.494 8.34737 11.4
    endloop
  endfacet
  facet normal -0.442424 0.896806 0
    outer loop
      vertex 15.365 8.28373 11.4
      vertex 15.494 8.34737 3.3
      vertex 15.365 8.28373 3.3
    endloop
  endfacet
  facet normal -0.896708 0.442622 0
    outer loop
      vertex 15.8966 8.75 3.3
      vertex 15.9603 8.87905 11.4
      vertex 15.9603 8.87905 3.3
    endloop
  endfacet
  facet normal -0.896708 0.442622 0
    outer loop
      vertex 15.9603 8.87905 11.4
      vertex 15.8966 8.75 3.3
      vertex 15.8966 8.75 11.4
    endloop
  endfacet
  facet normal 0.195314 -0.980741 0
    outer loop
      vertex 14.6593 10.3625 3.3
      vertex 14.8004 10.3906 11.4
      vertex 14.6593 10.3625 11.4
    endloop
  endfacet
  facet normal 0.195314 -0.980741 0
    outer loop
      vertex 14.8004 10.3906 11.4
      vertex 14.6593 10.3625 3.3
      vertex 14.8004 10.3906 3.3
    endloop
  endfacet
  facet normal 0.44276 -0.89664 0
    outer loop
      vertex 14.394 10.2526 3.3
      vertex 14.523 10.3163 11.4
      vertex 14.394 10.2526 11.4
    endloop
  endfacet
  facet normal 0.44276 -0.89664 0
    outer loop
      vertex 14.523 10.3163 11.4
      vertex 14.394 10.2526 3.3
      vertex 14.523 10.3163 3.3
    endloop
  endfacet
  facet normal 0.831601 0.555374 0
    outer loop
      vertex 14.0713 8.63036 11.4
      vertex 13.9914 8.75 3.3
      vertex 13.9914 8.75 11.4
    endloop
  endfacet
  facet normal 0.831601 0.555374 0
    outer loop
      vertex 13.9914 8.75 3.3
      vertex 14.0713 8.63036 11.4
      vertex 14.0713 8.63036 3.3
    endloop
  endfacet
  facet normal -0.195314 -0.980741 0
    outer loop
      vertex 15.0876 10.3906 3.3
      vertex 15.2287 10.3625 11.4
      vertex 15.0876 10.3906 11.4
    endloop
  endfacet
  facet normal -0.195314 -0.980741 -0
    outer loop
      vertex 15.2287 10.3625 11.4
      vertex 15.0876 10.3906 3.3
      vertex 15.2287 10.3625 3.3
    endloop
  endfacet
  facet normal -0.555694 0.831387 0
    outer loop
      vertex 15.6136 8.42731 3.3
      vertex 15.494 8.34737 11.4
      vertex 15.6136 8.42731 11.4
    endloop
  endfacet
  facet normal -0.555694 0.831387 0
    outer loop
      vertex 15.494 8.34737 11.4
      vertex 15.6136 8.42731 3.3
      vertex 15.494 8.34737 3.3
    endloop
  endfacet
  facet normal -0.321018 -0.947073 0
    outer loop
      vertex 15.2287 10.3625 3.3
      vertex 15.365 10.3163 11.4
      vertex 15.2287 10.3625 11.4
    endloop
  endfacet
  facet normal -0.321018 -0.947073 -0
    outer loop
      vertex 15.365 10.3163 11.4
      vertex 15.2287 10.3625 3.3
      vertex 15.365 10.3163 3.3
    endloop
  endfacet
  facet normal 0.896708 0.442622 0
    outer loop
      vertex 13.9914 8.75 11.4
      vertex 13.9277 8.87905 3.3
      vertex 13.9277 8.87905 11.4
    endloop
  endfacet
  facet normal 0.896708 0.442622 0
    outer loop
      vertex 13.9277 8.87905 3.3
      vertex 13.9914 8.75 11.4
      vertex 13.9914 8.75 3.3
    endloop
  endfacet
  facet normal 0.997864 0.0653289 0
    outer loop
      vertex 13.8534 9.15642 11.4
      vertex 13.844 9.3 3.3
      vertex 13.844 9.3 11.4
    endloop
  endfacet
  facet normal 0.997864 0.0653289 0
    outer loop
      vertex 13.844 9.3 3.3
      vertex 13.8534 9.15642 11.4
      vertex 13.8534 9.15642 3.3
    endloop
  endfacet
  facet normal -0.896708 -0.442622 0
    outer loop
      vertex 15.9603 9.72095 3.3
      vertex 15.8966 9.85 11.4
      vertex 15.8966 9.85 3.3
    endloop
  endfacet
  facet normal -0.896708 -0.442622 0
    outer loop
      vertex 15.8966 9.85 11.4
      vertex 15.9603 9.72095 3.3
      vertex 15.9603 9.72095 11.4
    endloop
  endfacet
  facet normal -0.947037 -0.321124 0
    outer loop
      vertex 16.0065 9.5847 3.3
      vertex 15.9603 9.72095 11.4
      vertex 15.9603 9.72095 3.3
    endloop
  endfacet
  facet normal -0.947037 -0.321124 0
    outer loop
      vertex 15.9603 9.72095 11.4
      vertex 16.0065 9.5847 3.3
      vertex 16.0065 9.5847 11.4
    endloop
  endfacet
  facet normal -0.32133 0.946967 0
    outer loop
      vertex 15.365 8.28373 3.3
      vertex 15.2287 8.23748 11.4
      vertex 15.365 8.28373 11.4
    endloop
  endfacet
  facet normal -0.32133 0.946967 0
    outer loop
      vertex 15.2287 8.23748 11.4
      vertex 15.365 8.28373 3.3
      vertex 15.2287 8.23748 3.3
    endloop
  endfacet
  facet normal 0.195113 0.980781 -0
    outer loop
      vertex 14.8004 8.20941 3.3
      vertex 14.6593 8.23748 11.4
      vertex 14.8004 8.20941 11.4
    endloop
  endfacet
  facet normal 0.195113 0.980781 0
    outer loop
      vertex 14.6593 8.23748 11.4
      vertex 14.8004 8.20941 3.3
      vertex 14.6593 8.23748 3.3
    endloop
  endfacet
  facet normal 0.659272 0.751905 -0
    outer loop
      vertex 14.2744 8.42731 3.3
      vertex 14.1662 8.52218 11.4
      vertex 14.2744 8.42731 11.4
    endloop
  endfacet
  facet normal 0.659272 0.751905 0
    outer loop
      vertex 14.1662 8.52218 11.4
      vertex 14.2744 8.42731 3.3
      vertex 14.1662 8.52218 3.3
    endloop
  endfacet
  facet normal 0.831601 -0.555374 0
    outer loop
      vertex 13.9914 9.85 11.4
      vertex 14.0713 9.96964 3.3
      vertex 14.0713 9.96964 11.4
    endloop
  endfacet
  facet normal 0.831601 -0.555374 0
    outer loop
      vertex 14.0713 9.96964 3.3
      vertex 13.9914 9.85 11.4
      vertex 13.9914 9.85 3.3
    endloop
  endfacet
  facet normal 0.065389 0.99786 -0
    outer loop
      vertex 14.944 8.2 3.3
      vertex 14.8004 8.20941 11.4
      vertex 14.944 8.2 11.4
    endloop
  endfacet
  facet normal 0.065389 0.99786 0
    outer loop
      vertex 14.8004 8.20941 11.4
      vertex 14.944 8.2 3.3
      vertex 14.8004 8.20941 3.3
    endloop
  endfacet
  facet normal 0.442424 0.896806 -0
    outer loop
      vertex 14.523 8.28373 3.3
      vertex 14.394 8.34737 11.4
      vertex 14.523 8.28373 11.4
    endloop
  endfacet
  facet normal 0.442424 0.896806 0
    outer loop
      vertex 14.394 8.34737 11.4
      vertex 14.523 8.28373 3.3
      vertex 14.394 8.34737 3.3
    endloop
  endfacet
  facet normal -0.65939 -0.751801 0
    outer loop
      vertex 22.5576 10.1727 3.3
      vertex 22.6658 10.0778 11.4
      vertex 22.5576 10.1727 11.4
    endloop
  endfacet
  facet normal -0.65939 -0.751801 -0
    outer loop
      vertex 22.6658 10.0778 11.4
      vertex 22.5576 10.1727 3.3
      vertex 22.6658 10.0778 3.3
    endloop
  endfacet
  facet normal -0.980746 -0.195287 0
    outer loop
      vertex 22.9786 9.44358 3.3
      vertex 22.9505 9.5847 11.4
      vertex 22.9505 9.5847 3.3
    endloop
  endfacet
  facet normal -0.980746 -0.195287 0
    outer loop
      vertex 22.9505 9.5847 11.4
      vertex 22.9786 9.44358 3.3
      vertex 22.9786 9.44358 11.4
    endloop
  endfacet
  facet normal -0.997864 -0.0653289 0
    outer loop
      vertex 22.988 9.3 3.3
      vertex 22.9786 9.44358 11.4
      vertex 22.9786 9.44358 3.3
    endloop
  endfacet
  facet normal -0.997864 -0.0653289 0
    outer loop
      vertex 22.9786 9.44358 11.4
      vertex 22.988 9.3 3.3
      vertex 22.988 9.3 11.4
    endloop
  endfacet
  facet normal -0.947037 -0.321124 0
    outer loop
      vertex 22.9505 9.5847 3.3
      vertex 22.9043 9.72095 11.4
      vertex 22.9043 9.72095 3.3
    endloop
  endfacet
  facet normal -0.947037 -0.321124 0
    outer loop
      vertex 22.9043 9.72095 11.4
      vertex 22.9505 9.5847 3.3
      vertex 22.9505 9.5847 11.4
    endloop
  endfacet
  facet normal 0.065389 0.99786 -0
    outer loop
      vertex 21.888 8.2 3.3
      vertex 21.7444 8.20941 11.4
      vertex 21.888 8.2 11.4
    endloop
  endfacet
  facet normal 0.065389 0.99786 0
    outer loop
      vertex 21.7444 8.20941 11.4
      vertex 21.888 8.2 3.3
      vertex 21.7444 8.20941 3.3
    endloop
  endfacet
  facet normal 0.195314 -0.980741 0
    outer loop
      vertex 21.6033 10.3625 3.3
      vertex 21.7444 10.3906 11.4
      vertex 21.6033 10.3625 11.4
    endloop
  endfacet
  facet normal 0.195314 -0.980741 0
    outer loop
      vertex 21.7444 10.3906 11.4
      vertex 21.6033 10.3625 3.3
      vertex 21.7444 10.3906 3.3
    endloop
  endfacet
  facet normal -0.44276 -0.89664 0
    outer loop
      vertex 22.309 10.3163 3.3
      vertex 22.438 10.2526 11.4
      vertex 22.309 10.3163 11.4
    endloop
  endfacet
  facet normal -0.44276 -0.89664 -0
    outer loop
      vertex 22.438 10.2526 11.4
      vertex 22.309 10.3163 3.3
      vertex 22.438 10.2526 3.3
    endloop
  endfacet
  facet normal 0.947037 -0.321124 0
    outer loop
      vertex 20.8255 9.5847 11.4
      vertex 20.8717 9.72095 3.3
      vertex 20.8717 9.72095 11.4
    endloop
  endfacet
  facet normal 0.947037 -0.321124 0
    outer loop
      vertex 20.8717 9.72095 3.3
      vertex 20.8255 9.5847 11.4
      vertex 20.8255 9.5847 3.3
    endloop
  endfacet
  facet normal -0.896708 -0.442622 0
    outer loop
      vertex 22.9043 9.72095 3.3
      vertex 22.8406 9.85 11.4
      vertex 22.8406 9.85 3.3
    endloop
  endfacet
  facet normal -0.896708 -0.442622 0
    outer loop
      vertex 22.8406 9.85 11.4
      vertex 22.9043 9.72095 3.3
      vertex 22.9043 9.72095 11.4
    endloop
  endfacet
  facet normal 0.321018 -0.947073 0
    outer loop
      vertex 21.467 10.3163 3.3
      vertex 21.6033 10.3625 11.4
      vertex 21.467 10.3163 11.4
    endloop
  endfacet
  facet normal 0.321018 -0.947073 0
    outer loop
      vertex 21.6033 10.3625 11.4
      vertex 21.467 10.3163 3.3
      vertex 21.6033 10.3625 3.3
    endloop
  endfacet
  facet normal 0.980746 0.195287 0
    outer loop
      vertex 20.8255 9.0153 11.4
      vertex 20.7974 9.15642 3.3
      vertex 20.7974 9.15642 11.4
    endloop
  endfacet
  facet normal 0.980746 0.195287 0
    outer loop
      vertex 20.7974 9.15642 3.3
      vertex 20.8255 9.0153 11.4
      vertex 20.8255 9.0153 3.3
    endloop
  endfacet
  facet normal -0.065389 0.99786 0
    outer loop
      vertex 22.0316 8.20941 3.3
      vertex 21.888 8.2 11.4
      vertex 22.0316 8.20941 11.4
    endloop
  endfacet
  facet normal -0.065389 0.99786 0
    outer loop
      vertex 21.888 8.2 11.4
      vertex 22.0316 8.20941 3.3
      vertex 21.888 8.2 3.3
    endloop
  endfacet
  facet normal -0.659272 0.751905 0
    outer loop
      vertex 22.6658 8.52218 3.3
      vertex 22.5576 8.42731 11.4
      vertex 22.6658 8.52218 11.4
    endloop
  endfacet
  facet normal -0.659272 0.751905 0
    outer loop
      vertex 22.5576 8.42731 11.4
      vertex 22.6658 8.52218 3.3
      vertex 22.5576 8.42731 3.3
    endloop
  endfacet
  facet normal 0.555502 -0.831515 0
    outer loop
      vertex 21.2184 10.1727 3.3
      vertex 21.338 10.2526 11.4
      vertex 21.2184 10.1727 11.4
    endloop
  endfacet
  facet normal 0.555502 -0.831515 0
    outer loop
      vertex 21.338 10.2526 11.4
      vertex 21.2184 10.1727 3.3
      vertex 21.338 10.2526 3.3
    endloop
  endfacet
  facet normal -0.555694 0.831387 0
    outer loop
      vertex 22.5576 8.42731 3.3
      vertex 22.438 8.34737 11.4
      vertex 22.5576 8.42731 11.4
    endloop
  endfacet
  facet normal -0.555694 0.831387 0
    outer loop
      vertex 22.438 8.34737 11.4
      vertex 22.5576 8.42731 3.3
      vertex 22.438 8.34737 3.3
    endloop
  endfacet
  facet normal 0.65939 -0.751801 0
    outer loop
      vertex 21.1102 10.0778 3.3
      vertex 21.2184 10.1727 11.4
      vertex 21.1102 10.0778 11.4
    endloop
  endfacet
  facet normal 0.65939 -0.751801 0
    outer loop
      vertex 21.2184 10.1727 11.4
      vertex 21.1102 10.0778 3.3
      vertex 21.2184 10.1727 3.3
    endloop
  endfacet
  facet normal -0.0653198 -0.997864 0
    outer loop
      vertex 21.888 10.4 3.3
      vertex 22.0316 10.3906 11.4
      vertex 21.888 10.4 11.4
    endloop
  endfacet
  facet normal -0.0653198 -0.997864 -0
    outer loop
      vertex 22.0316 10.3906 11.4
      vertex 21.888 10.4 3.3
      vertex 22.0316 10.3906 3.3
    endloop
  endfacet
  facet normal -0.555502 -0.831515 0
    outer loop
      vertex 22.438 10.2526 3.3
      vertex 22.5576 10.1727 11.4
      vertex 22.438 10.2526 11.4
    endloop
  endfacet
  facet normal -0.555502 -0.831515 -0
    outer loop
      vertex 22.5576 10.1727 11.4
      vertex 22.438 10.2526 3.3
      vertex 22.5576 10.1727 3.3
    endloop
  endfacet
  facet normal -0.831601 -0.555374 0
    outer loop
      vertex 22.8406 9.85 3.3
      vertex 22.7607 9.96964 11.4
      vertex 22.7607 9.96964 3.3
    endloop
  endfacet
  facet normal -0.831601 -0.555374 0
    outer loop
      vertex 22.7607 9.96964 11.4
      vertex 22.8406 9.85 3.3
      vertex 22.8406 9.85 11.4
    endloop
  endfacet
  facet normal -0.442424 0.896806 0
    outer loop
      vertex 22.438 8.34737 3.3
      vertex 22.309 8.28373 11.4
      vertex 22.438 8.34737 11.4
    endloop
  endfacet
  facet normal -0.442424 0.896806 0
    outer loop
      vertex 22.309 8.28373 11.4
      vertex 22.438 8.34737 3.3
      vertex 22.309 8.28373 3.3
    endloop
  endfacet
  facet normal 0.44276 -0.89664 0
    outer loop
      vertex 21.338 10.2526 3.3
      vertex 21.467 10.3163 11.4
      vertex 21.338 10.2526 11.4
    endloop
  endfacet
  facet normal 0.44276 -0.89664 0
    outer loop
      vertex 21.467 10.3163 11.4
      vertex 21.338 10.2526 3.3
      vertex 21.467 10.3163 3.3
    endloop
  endfacet
  facet normal -0.896708 0.442622 0
    outer loop
      vertex 22.8406 8.75 3.3
      vertex 22.9043 8.87905 11.4
      vertex 22.9043 8.87905 3.3
    endloop
  endfacet
  facet normal -0.896708 0.442622 0
    outer loop
      vertex 22.9043 8.87905 11.4
      vertex 22.8406 8.75 3.3
      vertex 22.8406 8.75 11.4
    endloop
  endfacet
  facet normal 0.751741 0.659458 0
    outer loop
      vertex 21.1102 8.52218 11.4
      vertex 21.0153 8.63036 3.3
      vertex 21.0153 8.63036 11.4
    endloop
  endfacet
  facet normal 0.751741 0.659458 0
    outer loop
      vertex 21.0153 8.63036 3.3
      vertex 21.1102 8.52218 11.4
      vertex 21.1102 8.52218 3.3
    endloop
  endfacet
  facet normal 0.195113 0.980781 -0
    outer loop
      vertex 21.7444 8.20941 3.3
      vertex 21.6033 8.23748 11.4
      vertex 21.7444 8.20941 11.4
    endloop
  endfacet
  facet normal 0.195113 0.980781 0
    outer loop
      vertex 21.6033 8.23748 11.4
      vertex 21.7444 8.20941 3.3
      vertex 21.6033 8.23748 3.3
    endloop
  endfacet
  facet normal 0.896708 -0.442622 0
    outer loop
      vertex 20.8717 9.72095 11.4
      vertex 20.9354 9.85 3.3
      vertex 20.9354 9.85 11.4
    endloop
  endfacet
  facet normal 0.896708 -0.442622 0
    outer loop
      vertex 20.9354 9.85 3.3
      vertex 20.8717 9.72095 11.4
      vertex 20.8717 9.72095 3.3
    endloop
  endfacet
  facet normal -0.321018 -0.947073 0
    outer loop
      vertex 22.1727 10.3625 3.3
      vertex 22.309 10.3163 11.4
      vertex 22.1727 10.3625 11.4
    endloop
  endfacet
  facet normal -0.321018 -0.947073 -0
    outer loop
      vertex 22.309 10.3163 11.4
      vertex 22.1727 10.3625 3.3
      vertex 22.309 10.3163 3.3
    endloop
  endfacet
  facet normal 0.896708 0.442622 0
    outer loop
      vertex 20.9354 8.75 11.4
      vertex 20.8717 8.87905 3.3
      vertex 20.8717 8.87905 11.4
    endloop
  endfacet
  facet normal 0.896708 0.442622 0
    outer loop
      vertex 20.8717 8.87905 3.3
      vertex 20.9354 8.75 11.4
      vertex 20.9354 8.75 3.3
    endloop
  endfacet
  facet normal -0.195113 0.980781 0
    outer loop
      vertex 22.1727 8.23748 3.3
      vertex 22.0316 8.20941 11.4
      vertex 22.1727 8.23748 11.4
    endloop
  endfacet
  facet normal -0.195113 0.980781 0
    outer loop
      vertex 22.0316 8.20941 11.4
      vertex 22.1727 8.23748 3.3
      vertex 22.0316 8.20941 3.3
    endloop
  endfacet
  facet normal -0.997864 0.0653289 0
    outer loop
      vertex 22.9786 9.15642 3.3
      vertex 22.988 9.3 11.4
      vertex 22.988 9.3 3.3
    endloop
  endfacet
  facet normal -0.997864 0.0653289 0
    outer loop
      vertex 22.988 9.3 11.4
      vertex 22.9786 9.15642 3.3
      vertex 22.9786 9.15642 11.4
    endloop
  endfacet
  facet normal 0.831601 0.555374 0
    outer loop
      vertex 21.0153 8.63036 11.4
      vertex 20.9354 8.75 3.3
      vertex 20.9354 8.75 11.4
    endloop
  endfacet
  facet normal 0.831601 0.555374 0
    outer loop
      vertex 20.9354 8.75 3.3
      vertex 21.0153 8.63036 11.4
      vertex 21.0153 8.63036 3.3
    endloop
  endfacet
  facet normal -0.831601 0.555374 0
    outer loop
      vertex 22.7607 8.63036 3.3
      vertex 22.8406 8.75 11.4
      vertex 22.8406 8.75 3.3
    endloop
  endfacet
  facet normal -0.831601 0.555374 0
    outer loop
      vertex 22.8406 8.75 11.4
      vertex 22.7607 8.63036 3.3
      vertex 22.7607 8.63036 11.4
    endloop
  endfacet
  facet normal 0.659272 0.751905 -0
    outer loop
      vertex 21.2184 8.42731 3.3
      vertex 21.1102 8.52218 11.4
      vertex 21.2184 8.42731 11.4
    endloop
  endfacet
  facet normal 0.659272 0.751905 0
    outer loop
      vertex 21.1102 8.52218 11.4
      vertex 21.2184 8.42731 3.3
      vertex 21.1102 8.52218 3.3
    endloop
  endfacet
  facet normal 0.831601 -0.555374 0
    outer loop
      vertex 20.9354 9.85 11.4
      vertex 21.0153 9.96964 3.3
      vertex 21.0153 9.96964 11.4
    endloop
  endfacet
  facet normal 0.831601 -0.555374 0
    outer loop
      vertex 21.0153 9.96964 3.3
      vertex 20.9354 9.85 11.4
      vertex 20.9354 9.85 3.3
    endloop
  endfacet
  facet normal -0.32133 0.946967 0
    outer loop
      vertex 22.309 8.28373 3.3
      vertex 22.1727 8.23748 11.4
      vertex 22.309 8.28373 11.4
    endloop
  endfacet
  facet normal -0.32133 0.946967 0
    outer loop
      vertex 22.1727 8.23748 11.4
      vertex 22.309 8.28373 3.3
      vertex 22.1727 8.23748 3.3
    endloop
  endfacet
  facet normal 0.997864 0.0653289 0
    outer loop
      vertex 20.7974 9.15642 11.4
      vertex 20.788 9.3 3.3
      vertex 20.788 9.3 11.4
    endloop
  endfacet
  facet normal 0.997864 0.0653289 0
    outer loop
      vertex 20.788 9.3 3.3
      vertex 20.7974 9.15642 11.4
      vertex 20.7974 9.15642 3.3
    endloop
  endfacet
  facet normal -0.980746 0.195287 0
    outer loop
      vertex 22.9505 9.0153 3.3
      vertex 22.9786 9.15642 11.4
      vertex 22.9786 9.15642 3.3
    endloop
  endfacet
  facet normal -0.980746 0.195287 0
    outer loop
      vertex 22.9786 9.15642 11.4
      vertex 22.9505 9.0153 3.3
      vertex 22.9505 9.0153 11.4
    endloop
  endfacet
  facet normal 0.0653198 -0.997864 0
    outer loop
      vertex 21.7444 10.3906 3.3
      vertex 21.888 10.4 11.4
      vertex 21.7444 10.3906 11.4
    endloop
  endfacet
  facet normal 0.0653198 -0.997864 0
    outer loop
      vertex 21.888 10.4 11.4
      vertex 21.7444 10.3906 3.3
      vertex 21.888 10.4 3.3
    endloop
  endfacet
  facet normal -0.947037 0.321124 0
    outer loop
      vertex 22.9043 8.87905 3.3
      vertex 22.9505 9.0153 11.4
      vertex 22.9505 9.0153 3.3
    endloop
  endfacet
  facet normal -0.947037 0.321124 0
    outer loop
      vertex 22.9505 9.0153 11.4
      vertex 22.9043 8.87905 3.3
      vertex 22.9043 8.87905 11.4
    endloop
  endfacet
  facet normal -0.751681 -0.659527 0
    outer loop
      vertex 22.7607 9.96964 3.3
      vertex 22.6658 10.0778 11.4
      vertex 22.6658 10.0778 3.3
    endloop
  endfacet
  facet normal -0.751681 -0.659527 0
    outer loop
      vertex 22.6658 10.0778 11.4
      vertex 22.7607 9.96964 3.3
      vertex 22.7607 9.96964 11.4
    endloop
  endfacet
  facet normal -0.195314 -0.980741 0
    outer loop
      vertex 22.0316 10.3906 3.3
      vertex 22.1727 10.3625 11.4
      vertex 22.0316 10.3906 11.4
    endloop
  endfacet
  facet normal -0.195314 -0.980741 -0
    outer loop
      vertex 22.1727 10.3625 11.4
      vertex 22.0316 10.3906 3.3
      vertex 22.1727 10.3625 3.3
    endloop
  endfacet
  facet normal 0.947037 0.321124 0
    outer loop
      vertex 20.8717 8.87905 11.4
      vertex 20.8255 9.0153 3.3
      vertex 20.8255 9.0153 11.4
    endloop
  endfacet
  facet normal 0.947037 0.321124 0
    outer loop
      vertex 20.8255 9.0153 3.3
      vertex 20.8717 8.87905 11.4
      vertex 20.8717 8.87905 3.3
    endloop
  endfacet
  facet normal 0.997864 -0.0653289 0
    outer loop
      vertex 20.788 9.3 11.4
      vertex 20.7974 9.44358 3.3
      vertex 20.7974 9.44358 11.4
    endloop
  endfacet
  facet normal 0.997864 -0.0653289 0
    outer loop
      vertex 20.7974 9.44358 3.3
      vertex 20.788 9.3 11.4
      vertex 20.788 9.3 3.3
    endloop
  endfacet
  facet normal 0.32133 0.946967 -0
    outer loop
      vertex 21.6033 8.23748 3.3
      vertex 21.467 8.28373 11.4
      vertex 21.6033 8.23748 11.4
    endloop
  endfacet
  facet normal 0.32133 0.946967 0
    outer loop
      vertex 21.467 8.28373 11.4
      vertex 21.6033 8.23748 3.3
      vertex 21.467 8.28373 3.3
    endloop
  endfacet
  facet normal -0.751741 0.659458 0
    outer loop
      vertex 22.6658 8.52218 3.3
      vertex 22.7607 8.63036 11.4
      vertex 22.7607 8.63036 3.3
    endloop
  endfacet
  facet normal -0.751741 0.659458 0
    outer loop
      vertex 22.7607 8.63036 11.4
      vertex 22.6658 8.52218 3.3
      vertex 22.6658 8.52218 11.4
    endloop
  endfacet
  facet normal 0.980746 -0.195287 0
    outer loop
      vertex 20.7974 9.44358 11.4
      vertex 20.8255 9.5847 3.3
      vertex 20.8255 9.5847 11.4
    endloop
  endfacet
  facet normal 0.980746 -0.195287 0
    outer loop
      vertex 20.8255 9.5847 3.3
      vertex 20.7974 9.44358 11.4
      vertex 20.7974 9.44358 3.3
    endloop
  endfacet
  facet normal 0.555694 0.831387 -0
    outer loop
      vertex 21.338 8.34737 3.3
      vertex 21.2184 8.42731 11.4
      vertex 21.338 8.34737 11.4
    endloop
  endfacet
  facet normal 0.555694 0.831387 0
    outer loop
      vertex 21.2184 8.42731 11.4
      vertex 21.338 8.34737 3.3
      vertex 21.2184 8.42731 3.3
    endloop
  endfacet
  facet normal 0.442424 0.896806 -0
    outer loop
      vertex 21.467 8.28373 3.3
      vertex 21.338 8.34737 11.4
      vertex 21.467 8.28373 11.4
    endloop
  endfacet
  facet normal 0.442424 0.896806 0
    outer loop
      vertex 21.338 8.34737 11.4
      vertex 21.467 8.28373 3.3
      vertex 21.338 8.34737 3.3
    endloop
  endfacet
  facet normal 0.751681 -0.659527 0
    outer loop
      vertex 21.0153 9.96964 11.4
      vertex 21.1102 10.0778 3.3
      vertex 21.1102 10.0778 11.4
    endloop
  endfacet
  facet normal 0.751681 -0.659527 0
    outer loop
      vertex 21.1102 10.0778 3.3
      vertex 21.0153 9.96964 11.4
      vertex 21.0153 9.96964 3.3
    endloop
  endfacet
  facet normal -0.980746 -0.195287 0
    outer loop
      vertex 29.9226 9.44358 3.3
      vertex 29.8945 9.5847 11.4
      vertex 29.8945 9.5847 3.3
    endloop
  endfacet
  facet normal -0.980746 -0.195287 0
    outer loop
      vertex 29.8945 9.5847 11.4
      vertex 29.9226 9.44358 3.3
      vertex 29.9226 9.44358 11.4
    endloop
  endfacet
  facet normal -0.997864 -0.0653289 0
    outer loop
      vertex 29.932 9.3 3.3
      vertex 29.9226 9.44358 11.4
      vertex 29.9226 9.44358 3.3
    endloop
  endfacet
  facet normal -0.997864 -0.0653289 0
    outer loop
      vertex 29.9226 9.44358 11.4
      vertex 29.932 9.3 3.3
      vertex 29.932 9.3 11.4
    endloop
  endfacet
  facet normal -0.32133 0.946967 0
    outer loop
      vertex 29.253 8.28373 3.3
      vertex 29.1167 8.23748 11.4
      vertex 29.253 8.28373 11.4
    endloop
  endfacet
  facet normal -0.32133 0.946967 0
    outer loop
      vertex 29.1167 8.23748 11.4
      vertex 29.253 8.28373 3.3
      vertex 29.1167 8.23748 3.3
    endloop
  endfacet
  facet normal 0.980746 0.195287 0
    outer loop
      vertex 27.7695 9.0153 11.4
      vertex 27.7414 9.15642 3.3
      vertex 27.7414 9.15642 11.4
    endloop
  endfacet
  facet normal 0.980746 0.195287 0
    outer loop
      vertex 27.7414 9.15642 3.3
      vertex 27.7695 9.0153 11.4
      vertex 27.7695 9.0153 3.3
    endloop
  endfacet
  facet normal -0.555502 -0.831515 0
    outer loop
      vertex 29.382 10.2526 3.3
      vertex 29.5016 10.1727 11.4
      vertex 29.382 10.2526 11.4
    endloop
  endfacet
  facet normal -0.555502 -0.831515 -0
    outer loop
      vertex 29.5016 10.1727 11.4
      vertex 29.382 10.2526 3.3
      vertex 29.5016 10.1727 3.3
    endloop
  endfacet
  facet normal -0.195314 -0.980741 0
    outer loop
      vertex 28.9756 10.3906 3.3
      vertex 29.1167 10.3625 11.4
      vertex 28.9756 10.3906 11.4
    endloop
  endfacet
  facet normal -0.195314 -0.980741 -0
    outer loop
      vertex 29.1167 10.3625 11.4
      vertex 28.9756 10.3906 3.3
      vertex 29.1167 10.3625 3.3
    endloop
  endfacet
  facet normal -0.442424 0.896806 0
    outer loop
      vertex 29.382 8.34737 3.3
      vertex 29.253 8.28373 11.4
      vertex 29.382 8.34737 11.4
    endloop
  endfacet
  facet normal -0.442424 0.896806 0
    outer loop
      vertex 29.253 8.28373 11.4
      vertex 29.382 8.34737 3.3
      vertex 29.253 8.28373 3.3
    endloop
  endfacet
  facet normal -0.980746 0.195287 0
    outer loop
      vertex 29.8945 9.0153 3.3
      vertex 29.9226 9.15642 11.4
      vertex 29.9226 9.15642 3.3
    endloop
  endfacet
  facet normal -0.980746 0.195287 0
    outer loop
      vertex 29.9226 9.15642 11.4
      vertex 29.8945 9.0153 3.3
      vertex 29.8945 9.0153 11.4
    endloop
  endfacet
  facet normal 0.751681 -0.659527 0
    outer loop
      vertex 27.9593 9.96964 11.4
      vertex 28.0542 10.0778 3.3
      vertex 28.0542 10.0778 11.4
    endloop
  endfacet
  facet normal 0.751681 -0.659527 0
    outer loop
      vertex 28.0542 10.0778 3.3
      vertex 27.9593 9.96964 11.4
      vertex 27.9593 9.96964 3.3
    endloop
  endfacet
  facet normal -0.831601 -0.555374 0
    outer loop
      vertex 29.7846 9.85 3.3
      vertex 29.7047 9.96964 11.4
      vertex 29.7047 9.96964 3.3
    endloop
  endfacet
  facet normal -0.831601 -0.555374 0
    outer loop
      vertex 29.7047 9.96964 11.4
      vertex 29.7846 9.85 3.3
      vertex 29.7846 9.85 11.4
    endloop
  endfacet
  facet normal 0.980746 -0.195287 0
    outer loop
      vertex 27.7414 9.44358 11.4
      vertex 27.7695 9.5847 3.3
      vertex 27.7695 9.5847 11.4
    endloop
  endfacet
  facet normal 0.980746 -0.195287 0
    outer loop
      vertex 27.7695 9.5847 3.3
      vertex 27.7414 9.44358 11.4
      vertex 27.7414 9.44358 3.3
    endloop
  endfacet
  facet normal -0.997864 0.0653289 0
    outer loop
      vertex 29.9226 9.15642 3.3
      vertex 29.932 9.3 11.4
      vertex 29.932 9.3 3.3
    endloop
  endfacet
  facet normal -0.997864 0.0653289 0
    outer loop
      vertex 29.932 9.3 11.4
      vertex 29.9226 9.15642 3.3
      vertex 29.9226 9.15642 11.4
    endloop
  endfacet
  facet normal 0.997864 0.0653289 0
    outer loop
      vertex 27.7414 9.15642 11.4
      vertex 27.732 9.3 3.3
      vertex 27.732 9.3 11.4
    endloop
  endfacet
  facet normal 0.997864 0.0653289 0
    outer loop
      vertex 27.732 9.3 3.3
      vertex 27.7414 9.15642 11.4
      vertex 27.7414 9.15642 3.3
    endloop
  endfacet
  facet normal 0.947037 0.321124 0
    outer loop
      vertex 27.8157 8.87905 11.4
      vertex 27.7695 9.0153 3.3
      vertex 27.7695 9.0153 11.4
    endloop
  endfacet
  facet normal 0.947037 0.321124 0
    outer loop
      vertex 27.7695 9.0153 3.3
      vertex 27.8157 8.87905 11.4
      vertex 27.8157 8.87905 3.3
    endloop
  endfacet
  facet normal -0.321018 -0.947073 0
    outer loop
      vertex 29.1167 10.3625 3.3
      vertex 29.253 10.3163 11.4
      vertex 29.1167 10.3625 11.4
    endloop
  endfacet
  facet normal -0.321018 -0.947073 -0
    outer loop
      vertex 29.253 10.3163 11.4
      vertex 29.1167 10.3625 3.3
      vertex 29.253 10.3163 3.3
    endloop
  endfacet
  facet normal -0.555694 0.831387 0
    outer loop
      vertex 29.5016 8.42731 3.3
      vertex 29.382 8.34737 11.4
      vertex 29.5016 8.42731 11.4
    endloop
  endfacet
  facet normal -0.555694 0.831387 0
    outer loop
      vertex 29.382 8.34737 11.4
      vertex 29.5016 8.42731 3.3
      vertex 29.382 8.34737 3.3
    endloop
  endfacet
  facet normal 0.555694 0.831387 -0
    outer loop
      vertex 28.282 8.34737 3.3
      vertex 28.1624 8.42731 11.4
      vertex 28.282 8.34737 11.4
    endloop
  endfacet
  facet normal 0.555694 0.831387 0
    outer loop
      vertex 28.1624 8.42731 11.4
      vertex 28.282 8.34737 3.3
      vertex 28.1624 8.42731 3.3
    endloop
  endfacet
  facet normal 0.65939 -0.751801 0
    outer loop
      vertex 28.0542 10.0778 3.3
      vertex 28.1624 10.1727 11.4
      vertex 28.0542 10.0778 11.4
    endloop
  endfacet
  facet normal 0.65939 -0.751801 0
    outer loop
      vertex 28.1624 10.1727 11.4
      vertex 28.0542 10.0778 3.3
      vertex 28.1624 10.1727 3.3
    endloop
  endfacet
  facet normal 0.065389 0.99786 -0
    outer loop
      vertex 28.832 8.2 3.3
      vertex 28.6884 8.20941 11.4
      vertex 28.832 8.2 11.4
    endloop
  endfacet
  facet normal 0.065389 0.99786 0
    outer loop
      vertex 28.6884 8.20941 11.4
      vertex 28.832 8.2 3.3
      vertex 28.6884 8.20941 3.3
    endloop
  endfacet
  facet normal 0.751741 0.659458 0
    outer loop
      vertex 28.0542 8.52218 11.4
      vertex 27.9593 8.63036 3.3
      vertex 27.9593 8.63036 11.4
    endloop
  endfacet
  facet normal 0.751741 0.659458 0
    outer loop
      vertex 27.9593 8.63036 3.3
      vertex 28.0542 8.52218 11.4
      vertex 28.0542 8.52218 3.3
    endloop
  endfacet
  facet normal 0.44276 -0.89664 0
    outer loop
      vertex 28.282 10.2526 3.3
      vertex 28.411 10.3163 11.4
      vertex 28.282 10.2526 11.4
    endloop
  endfacet
  facet normal 0.44276 -0.89664 0
    outer loop
      vertex 28.411 10.3163 11.4
      vertex 28.282 10.2526 3.3
      vertex 28.411 10.3163 3.3
    endloop
  endfacet
  facet normal 0.896708 0.442622 0
    outer loop
      vertex 27.8794 8.75 11.4
      vertex 27.8157 8.87905 3.3
      vertex 27.8157 8.87905 11.4
    endloop
  endfacet
  facet normal 0.896708 0.442622 0
    outer loop
      vertex 27.8157 8.87905 3.3
      vertex 27.8794 8.75 11.4
      vertex 27.8794 8.75 3.3
    endloop
  endfacet
  facet normal -0.896708 -0.442622 0
    outer loop
      vertex 29.8483 9.72095 3.3
      vertex 29.7846 9.85 11.4
      vertex 29.7846 9.85 3.3
    endloop
  endfacet
  facet normal -0.896708 -0.442622 0
    outer loop
      vertex 29.7846 9.85 11.4
      vertex 29.8483 9.72095 3.3
      vertex 29.8483 9.72095 11.4
    endloop
  endfacet
  facet normal -0.831601 0.555374 0
    outer loop
      vertex 29.7047 8.63036 3.3
      vertex 29.7846 8.75 11.4
      vertex 29.7846 8.75 3.3
    endloop
  endfacet
  facet normal -0.831601 0.555374 0
    outer loop
      vertex 29.7846 8.75 11.4
      vertex 29.7047 8.63036 3.3
      vertex 29.7047 8.63036 11.4
    endloop
  endfacet
  facet normal -0.44276 -0.89664 0
    outer loop
      vertex 29.253 10.3163 3.3
      vertex 29.382 10.2526 11.4
      vertex 29.253 10.3163 11.4
    endloop
  endfacet
  facet normal -0.44276 -0.89664 -0
    outer loop
      vertex 29.382 10.2526 11.4
      vertex 29.253 10.3163 3.3
      vertex 29.382 10.2526 3.3
    endloop
  endfacet
  facet normal -0.947037 0.321124 0
    outer loop
      vertex 29.8483 8.87905 3.3
      vertex 29.8945 9.0153 11.4
      vertex 29.8945 9.0153 3.3
    endloop
  endfacet
  facet normal -0.947037 0.321124 0
    outer loop
      vertex 29.8945 9.0153 11.4
      vertex 29.8483 8.87905 3.3
      vertex 29.8483 8.87905 11.4
    endloop
  endfacet
  facet normal -0.0653198 -0.997864 0
    outer loop
      vertex 28.832 10.4 3.3
      vertex 28.9756 10.3906 11.4
      vertex 28.832 10.4 11.4
    endloop
  endfacet
  facet normal -0.0653198 -0.997864 -0
    outer loop
      vertex 28.9756 10.3906 11.4
      vertex 28.832 10.4 3.3
      vertex 28.9756 10.3906 3.3
    endloop
  endfacet
  facet normal 0.947037 -0.321124 0
    outer loop
      vertex 27.7695 9.5847 11.4
      vertex 27.8157 9.72095 3.3
      vertex 27.8157 9.72095 11.4
    endloop
  endfacet
  facet normal 0.947037 -0.321124 0
    outer loop
      vertex 27.8157 9.72095 3.3
      vertex 27.7695 9.5847 11.4
      vertex 27.7695 9.5847 3.3
    endloop
  endfacet
  facet normal 0.321018 -0.947073 0
    outer loop
      vertex 28.411 10.3163 3.3
      vertex 28.5473 10.3625 11.4
      vertex 28.411 10.3163 11.4
    endloop
  endfacet
  facet normal 0.321018 -0.947073 0
    outer loop
      vertex 28.5473 10.3625 11.4
      vertex 28.411 10.3163 3.3
      vertex 28.5473 10.3625 3.3
    endloop
  endfacet
  facet normal -0.195113 0.980781 0
    outer loop
      vertex 29.1167 8.23748 3.3
      vertex 28.9756 8.20941 11.4
      vertex 29.1167 8.23748 11.4
    endloop
  endfacet
  facet normal -0.195113 0.980781 0
    outer loop
      vertex 28.9756 8.20941 11.4
      vertex 29.1167 8.23748 3.3
      vertex 28.9756 8.20941 3.3
    endloop
  endfacet
  facet normal -0.751741 0.659458 0
    outer loop
      vertex 29.6098 8.52218 3.3
      vertex 29.7047 8.63036 11.4
      vertex 29.7047 8.63036 3.3
    endloop
  endfacet
  facet normal -0.751741 0.659458 0
    outer loop
      vertex 29.7047 8.63036 11.4
      vertex 29.6098 8.52218 3.3
      vertex 29.6098 8.52218 11.4
    endloop
  endfacet
  facet normal -0.896708 0.442622 0
    outer loop
      vertex 29.7846 8.75 3.3
      vertex 29.8483 8.87905 11.4
      vertex 29.8483 8.87905 3.3
    endloop
  endfacet
  facet normal -0.896708 0.442622 0
    outer loop
      vertex 29.8483 8.87905 11.4
      vertex 29.7846 8.75 3.3
      vertex 29.7846 8.75 11.4
    endloop
  endfacet
  facet normal -0.065389 0.99786 0
    outer loop
      vertex 28.9756 8.20941 3.3
      vertex 28.832 8.2 11.4
      vertex 28.9756 8.20941 11.4
    endloop
  endfacet
  facet normal -0.065389 0.99786 0
    outer loop
      vertex 28.832 8.2 11.4
      vertex 28.9756 8.20941 3.3
      vertex 28.832 8.2 3.3
    endloop
  endfacet
  facet normal 0.997864 -0.0653289 0
    outer loop
      vertex 27.732 9.3 11.4
      vertex 27.7414 9.44358 3.3
      vertex 27.7414 9.44358 11.4
    endloop
  endfacet
  facet normal 0.997864 -0.0653289 0
    outer loop
      vertex 27.7414 9.44358 3.3
      vertex 27.732 9.3 11.4
      vertex 27.732 9.3 3.3
    endloop
  endfacet
  facet normal 0.659272 0.751905 -0
    outer loop
      vertex 28.1624 8.42731 3.3
      vertex 28.0542 8.52218 11.4
      vertex 28.1624 8.42731 11.4
    endloop
  endfacet
  facet normal 0.659272 0.751905 0
    outer loop
      vertex 28.0542 8.52218 11.4
      vertex 28.1624 8.42731 3.3
      vertex 28.0542 8.52218 3.3
    endloop
  endfacet
  facet normal 0.555502 -0.831515 0
    outer loop
      vertex 28.1624 10.1727 3.3
      vertex 28.282 10.2526 11.4
      vertex 28.1624 10.1727 11.4
    endloop
  endfacet
  facet normal 0.555502 -0.831515 0
    outer loop
      vertex 28.282 10.2526 11.4
      vertex 28.1624 10.1727 3.3
      vertex 28.282 10.2526 3.3
    endloop
  endfacet
  facet normal 0.32133 0.946967 -0
    outer loop
      vertex 28.5473 8.23748 3.3
      vertex 28.411 8.28373 11.4
      vertex 28.5473 8.23748 11.4
    endloop
  endfacet
  facet normal 0.32133 0.946967 0
    outer loop
      vertex 28.411 8.28373 11.4
      vertex 28.5473 8.23748 3.3
      vertex 28.411 8.28373 3.3
    endloop
  endfacet
  facet normal -0.65939 -0.751801 0
    outer loop
      vertex 29.5016 10.1727 3.3
      vertex 29.6098 10.0778 11.4
      vertex 29.5016 10.1727 11.4
    endloop
  endfacet
  facet normal -0.65939 -0.751801 -0
    outer loop
      vertex 29.6098 10.0778 11.4
      vertex 29.5016 10.1727 3.3
      vertex 29.6098 10.0778 3.3
    endloop
  endfacet
  facet normal 0.195314 -0.980741 0
    outer loop
      vertex 28.5473 10.3625 3.3
      vertex 28.6884 10.3906 11.4
      vertex 28.5473 10.3625 11.4
    endloop
  endfacet
  facet normal 0.195314 -0.980741 0
    outer loop
      vertex 28.6884 10.3906 11.4
      vertex 28.5473 10.3625 3.3
      vertex 28.6884 10.3906 3.3
    endloop
  endfacet
  facet normal 0.195113 0.980781 -0
    outer loop
      vertex 28.6884 8.20941 3.3
      vertex 28.5473 8.23748 11.4
      vertex 28.6884 8.20941 11.4
    endloop
  endfacet
  facet normal 0.195113 0.980781 0
    outer loop
      vertex 28.5473 8.23748 11.4
      vertex 28.6884 8.20941 3.3
      vertex 28.5473 8.23748 3.3
    endloop
  endfacet
  facet normal -0.947037 -0.321124 0
    outer loop
      vertex 29.8945 9.5847 3.3
      vertex 29.8483 9.72095 11.4
      vertex 29.8483 9.72095 3.3
    endloop
  endfacet
  facet normal -0.947037 -0.321124 0
    outer loop
      vertex 29.8483 9.72095 11.4
      vertex 29.8945 9.5847 3.3
      vertex 29.8945 9.5847 11.4
    endloop
  endfacet
  facet normal 0.0653198 -0.997864 0
    outer loop
      vertex 28.6884 10.3906 3.3
      vertex 28.832 10.4 11.4
      vertex 28.6884 10.3906 11.4
    endloop
  endfacet
  facet normal 0.0653198 -0.997864 0
    outer loop
      vertex 28.832 10.4 11.4
      vertex 28.6884 10.3906 3.3
      vertex 28.832 10.4 3.3
    endloop
  endfacet
  facet normal 0.831601 -0.555374 0
    outer loop
      vertex 27.8794 9.85 11.4
      vertex 27.9593 9.96964 3.3
      vertex 27.9593 9.96964 11.4
    endloop
  endfacet
  facet normal 0.831601 -0.555374 0
    outer loop
      vertex 27.9593 9.96964 3.3
      vertex 27.8794 9.85 11.4
      vertex 27.8794 9.85 3.3
    endloop
  endfacet
  facet normal -0.751681 -0.659527 0
    outer loop
      vertex 29.7047 9.96964 3.3
      vertex 29.6098 10.0778 11.4
      vertex 29.6098 10.0778 3.3
    endloop
  endfacet
  facet normal -0.751681 -0.659527 0
    outer loop
      vertex 29.6098 10.0778 11.4
      vertex 29.7047 9.96964 3.3
      vertex 29.7047 9.96964 11.4
    endloop
  endfacet
  facet normal 0.831601 0.555374 0
    outer loop
      vertex 27.9593 8.63036 11.4
      vertex 27.8794 8.75 3.3
      vertex 27.8794 8.75 11.4
    endloop
  endfacet
  facet normal 0.831601 0.555374 0
    outer loop
      vertex 27.8794 8.75 3.3
      vertex 27.9593 8.63036 11.4
      vertex 27.9593 8.63036 3.3
    endloop
  endfacet
  facet normal 0.896708 -0.442622 0
    outer loop
      vertex 27.8157 9.72095 11.4
      vertex 27.8794 9.85 3.3
      vertex 27.8794 9.85 11.4
    endloop
  endfacet
  facet normal 0.896708 -0.442622 0
    outer loop
      vertex 27.8794 9.85 3.3
      vertex 27.8157 9.72095 11.4
      vertex 27.8157 9.72095 3.3
    endloop
  endfacet
  facet normal -0.659272 0.751905 0
    outer loop
      vertex 29.6098 8.52218 3.3
      vertex 29.5016 8.42731 11.4
      vertex 29.6098 8.52218 11.4
    endloop
  endfacet
  facet normal -0.659272 0.751905 0
    outer loop
      vertex 29.5016 8.42731 11.4
      vertex 29.6098 8.52218 3.3
      vertex 29.5016 8.42731 3.3
    endloop
  endfacet
  facet normal 0.442424 0.896806 -0
    outer loop
      vertex 28.411 8.28373 3.3
      vertex 28.282 8.34737 11.4
      vertex 28.411 8.28373 11.4
    endloop
  endfacet
  facet normal 0.442424 0.896806 0
    outer loop
      vertex 28.282 8.34737 11.4
      vertex 28.411 8.28373 3.3
      vertex 28.282 8.34737 3.3
    endloop
  endfacet
  facet normal -0.980746 -0.195287 0
    outer loop
      vertex 36.8666 9.44358 3.3
      vertex 36.8385 9.5847 11.4
      vertex 36.8385 9.5847 3.3
    endloop
  endfacet
  facet normal -0.980746 -0.195287 0
    outer loop
      vertex 36.8385 9.5847 11.4
      vertex 36.8666 9.44358 3.3
      vertex 36.8666 9.44358 11.4
    endloop
  endfacet
  facet normal -0.997864 -0.0653289 0
    outer loop
      vertex 36.876 9.3 3.3
      vertex 36.8666 9.44358 11.4
      vertex 36.8666 9.44358 3.3
    endloop
  endfacet
  facet normal -0.997864 -0.0653289 0
    outer loop
      vertex 36.8666 9.44358 11.4
      vertex 36.876 9.3 3.3
      vertex 36.876 9.3 11.4
    endloop
  endfacet
  facet normal -0.980746 0.195287 0
    outer loop
      vertex 36.8385 9.0153 3.3
      vertex 36.8666 9.15642 11.4
      vertex 36.8666 9.15642 3.3
    endloop
  endfacet
  facet normal -0.980746 0.195287 0
    outer loop
      vertex 36.8666 9.15642 11.4
      vertex 36.8385 9.0153 3.3
      vertex 36.8385 9.0153 11.4
    endloop
  endfacet
  facet normal 0.997864 0.0653289 0
    outer loop
      vertex 34.6854 9.15642 11.4
      vertex 34.676 9.3 3.3
      vertex 34.676 9.3 11.4
    endloop
  endfacet
  facet normal 0.997864 0.0653289 0
    outer loop
      vertex 34.676 9.3 3.3
      vertex 34.6854 9.15642 11.4
      vertex 34.6854 9.15642 3.3
    endloop
  endfacet
  facet normal 0.751681 -0.659527 0
    outer loop
      vertex 34.9033 9.96964 11.4
      vertex 34.9982 10.0778 3.3
      vertex 34.9982 10.0778 11.4
    endloop
  endfacet
  facet normal 0.751681 -0.659527 0
    outer loop
      vertex 34.9982 10.0778 3.3
      vertex 34.9033 9.96964 11.4
      vertex 34.9033 9.96964 3.3
    endloop
  endfacet
  facet normal -0.555694 0.831387 0
    outer loop
      vertex 36.4456 8.42731 3.3
      vertex 36.326 8.34737 11.4
      vertex 36.4456 8.42731 11.4
    endloop
  endfacet
  facet normal -0.555694 0.831387 0
    outer loop
      vertex 36.326 8.34737 11.4
      vertex 36.4456 8.42731 3.3
      vertex 36.326 8.34737 3.3
    endloop
  endfacet
  facet normal -0.831601 -0.555374 0
    outer loop
      vertex 36.7286 9.85 3.3
      vertex 36.6487 9.96964 11.4
      vertex 36.6487 9.96964 3.3
    endloop
  endfacet
  facet normal -0.831601 -0.555374 0
    outer loop
      vertex 36.6487 9.96964 11.4
      vertex 36.7286 9.85 3.3
      vertex 36.7286 9.85 11.4
    endloop
  endfacet
  facet normal -0.32133 0.946967 0
    outer loop
      vertex 36.197 8.28373 3.3
      vertex 36.0607 8.23748 11.4
      vertex 36.197 8.28373 11.4
    endloop
  endfacet
  facet normal -0.32133 0.946967 0
    outer loop
      vertex 36.0607 8.23748 11.4
      vertex 36.197 8.28373 3.3
      vertex 36.0607 8.23748 3.3
    endloop
  endfacet
  facet normal -0.896708 -0.442622 0
    outer loop
      vertex 36.7923 9.72095 3.3
      vertex 36.7286 9.85 11.4
      vertex 36.7286 9.85 3.3
    endloop
  endfacet
  facet normal -0.896708 -0.442622 0
    outer loop
      vertex 36.7286 9.85 11.4
      vertex 36.7923 9.72095 3.3
      vertex 36.7923 9.72095 11.4
    endloop
  endfacet
  facet normal -0.442424 0.896806 0
    outer loop
      vertex 36.326 8.34737 3.3
      vertex 36.197 8.28373 11.4
      vertex 36.326 8.34737 11.4
    endloop
  endfacet
  facet normal -0.442424 0.896806 0
    outer loop
      vertex 36.197 8.28373 11.4
      vertex 36.326 8.34737 3.3
      vertex 36.197 8.28373 3.3
    endloop
  endfacet
  facet normal -0.947037 0.321124 0
    outer loop
      vertex 36.7923 8.87905 3.3
      vertex 36.8385 9.0153 11.4
      vertex 36.8385 9.0153 3.3
    endloop
  endfacet
  facet normal -0.947037 0.321124 0
    outer loop
      vertex 36.8385 9.0153 11.4
      vertex 36.7923 8.87905 3.3
      vertex 36.7923 8.87905 11.4
    endloop
  endfacet
  facet normal 0.195314 -0.980741 0
    outer loop
      vertex 35.4913 10.3625 3.3
      vertex 35.6324 10.3906 11.4
      vertex 35.4913 10.3625 11.4
    endloop
  endfacet
  facet normal 0.195314 -0.980741 0
    outer loop
      vertex 35.6324 10.3906 11.4
      vertex 35.4913 10.3625 3.3
      vertex 35.6324 10.3906 3.3
    endloop
  endfacet
  facet normal 0.980746 -0.195287 0
    outer loop
      vertex 34.6854 9.44358 11.4
      vertex 34.7135 9.5847 3.3
      vertex 34.7135 9.5847 11.4
    endloop
  endfacet
  facet normal 0.980746 -0.195287 0
    outer loop
      vertex 34.7135 9.5847 3.3
      vertex 34.6854 9.44358 11.4
      vertex 34.6854 9.44358 3.3
    endloop
  endfacet
  facet normal 0.980746 0.195287 0
    outer loop
      vertex 34.7135 9.0153 11.4
      vertex 34.6854 9.15642 3.3
      vertex 34.6854 9.15642 11.4
    endloop
  endfacet
  facet normal 0.980746 0.195287 0
    outer loop
      vertex 34.6854 9.15642 3.3
      vertex 34.7135 9.0153 11.4
      vertex 34.7135 9.0153 3.3
    endloop
  endfacet
  facet normal 0.831601 0.555374 0
    outer loop
      vertex 34.9033 8.63036 11.4
      vertex 34.8234 8.75 3.3
      vertex 34.8234 8.75 11.4
    endloop
  endfacet
  facet normal 0.831601 0.555374 0
    outer loop
      vertex 34.8234 8.75 3.3
      vertex 34.9033 8.63036 11.4
      vertex 34.9033 8.63036 3.3
    endloop
  endfacet
  facet normal -0.065389 0.99786 0
    outer loop
      vertex 35.9196 8.20941 3.3
      vertex 35.776 8.2 11.4
      vertex 35.9196 8.20941 11.4
    endloop
  endfacet
  facet normal -0.065389 0.99786 0
    outer loop
      vertex 35.776 8.2 11.4
      vertex 35.9196 8.20941 3.3
      vertex 35.776 8.2 3.3
    endloop
  endfacet
  facet normal 0.195113 0.980781 -0
    outer loop
      vertex 35.6324 8.20941 3.3
      vertex 35.4913 8.23748 11.4
      vertex 35.6324 8.20941 11.4
    endloop
  endfacet
  facet normal 0.195113 0.980781 0
    outer loop
      vertex 35.4913 8.23748 11.4
      vertex 35.6324 8.20941 3.3
      vertex 35.4913 8.23748 3.3
    endloop
  endfacet
  facet normal -0.751741 0.659458 0
    outer loop
      vertex 36.5538 8.52218 3.3
      vertex 36.6487 8.63036 11.4
      vertex 36.6487 8.63036 3.3
    endloop
  endfacet
  facet normal -0.751741 0.659458 0
    outer loop
      vertex 36.6487 8.63036 11.4
      vertex 36.5538 8.52218 3.3
      vertex 36.5538 8.52218 11.4
    endloop
  endfacet
  facet normal -0.65939 -0.751801 0
    outer loop
      vertex 36.4456 10.1727 3.3
      vertex 36.5538 10.0778 11.4
      vertex 36.4456 10.1727 11.4
    endloop
  endfacet
  facet normal -0.65939 -0.751801 -0
    outer loop
      vertex 36.5538 10.0778 11.4
      vertex 36.4456 10.1727 3.3
      vertex 36.5538 10.0778 3.3
    endloop
  endfacet
  facet normal -0.896708 0.442622 0
    outer loop
      vertex 36.7286 8.75 3.3
      vertex 36.7923 8.87905 11.4
      vertex 36.7923 8.87905 3.3
    endloop
  endfacet
  facet normal -0.896708 0.442622 0
    outer loop
      vertex 36.7923 8.87905 11.4
      vertex 36.7286 8.75 3.3
      vertex 36.7286 8.75 11.4
    endloop
  endfacet
  facet normal 0.0653198 -0.997864 0
    outer loop
      vertex 35.6324 10.3906 3.3
      vertex 35.776 10.4 11.4
      vertex 35.6324 10.3906 11.4
    endloop
  endfacet
  facet normal 0.0653198 -0.997864 0
    outer loop
      vertex 35.776 10.4 11.4
      vertex 35.6324 10.3906 3.3
      vertex 35.776 10.4 3.3
    endloop
  endfacet
  facet normal 0.751741 0.659458 0
    outer loop
      vertex 34.9982 8.52218 11.4
      vertex 34.9033 8.63036 3.3
      vertex 34.9033 8.63036 11.4
    endloop
  endfacet
  facet normal 0.751741 0.659458 0
    outer loop
      vertex 34.9033 8.63036 3.3
      vertex 34.9982 8.52218 11.4
      vertex 34.9982 8.52218 3.3
    endloop
  endfacet
  facet normal 0.831601 -0.555374 0
    outer loop
      vertex 34.8234 9.85 11.4
      vertex 34.9033 9.96964 3.3
      vertex 34.9033 9.96964 11.4
    endloop
  endfacet
  facet normal 0.831601 -0.555374 0
    outer loop
      vertex 34.9033 9.96964 3.3
      vertex 34.8234 9.85 11.4
      vertex 34.8234 9.85 3.3
    endloop
  endfacet
  facet normal 0.65939 -0.751801 0
    outer loop
      vertex 34.9982 10.0778 3.3
      vertex 35.1064 10.1727 11.4
      vertex 34.9982 10.0778 11.4
    endloop
  endfacet
  facet normal 0.65939 -0.751801 0
    outer loop
      vertex 35.1064 10.1727 11.4
      vertex 34.9982 10.0778 3.3
      vertex 35.1064 10.1727 3.3
    endloop
  endfacet
  facet normal -0.195113 0.980781 0
    outer loop
      vertex 36.0607 8.23748 3.3
      vertex 35.9196 8.20941 11.4
      vertex 36.0607 8.23748 11.4
    endloop
  endfacet
  facet normal -0.195113 0.980781 0
    outer loop
      vertex 35.9196 8.20941 11.4
      vertex 36.0607 8.23748 3.3
      vertex 35.9196 8.20941 3.3
    endloop
  endfacet
  facet normal 0.065389 0.99786 -0
    outer loop
      vertex 35.776 8.2 3.3
      vertex 35.6324 8.20941 11.4
      vertex 35.776 8.2 11.4
    endloop
  endfacet
  facet normal 0.065389 0.99786 0
    outer loop
      vertex 35.6324 8.20941 11.4
      vertex 35.776 8.2 3.3
      vertex 35.6324 8.20941 3.3
    endloop
  endfacet
  facet normal 0.44276 -0.89664 0
    outer loop
      vertex 35.226 10.2526 3.3
      vertex 35.355 10.3163 11.4
      vertex 35.226 10.2526 11.4
    endloop
  endfacet
  facet normal 0.44276 -0.89664 0
    outer loop
      vertex 35.355 10.3163 11.4
      vertex 35.226 10.2526 3.3
      vertex 35.355 10.3163 3.3
    endloop
  endfacet
  facet normal -0.195314 -0.980741 0
    outer loop
      vertex 35.9196 10.3906 3.3
      vertex 36.0607 10.3625 11.4
      vertex 35.9196 10.3906 11.4
    endloop
  endfacet
  facet normal -0.195314 -0.980741 -0
    outer loop
      vertex 36.0607 10.3625 11.4
      vertex 35.9196 10.3906 3.3
      vertex 36.0607 10.3625 3.3
    endloop
  endfacet
  facet normal -0.44276 -0.89664 0
    outer loop
      vertex 36.197 10.3163 3.3
      vertex 36.326 10.2526 11.4
      vertex 36.197 10.3163 11.4
    endloop
  endfacet
  facet normal -0.44276 -0.89664 -0
    outer loop
      vertex 36.326 10.2526 11.4
      vertex 36.197 10.3163 3.3
      vertex 36.326 10.2526 3.3
    endloop
  endfacet
  facet normal 0.896708 0.442622 0
    outer loop
      vertex 34.8234 8.75 11.4
      vertex 34.7597 8.87905 3.3
      vertex 34.7597 8.87905 11.4
    endloop
  endfacet
  facet normal 0.896708 0.442622 0
    outer loop
      vertex 34.7597 8.87905 3.3
      vertex 34.8234 8.75 11.4
      vertex 34.8234 8.75 3.3
    endloop
  endfacet
  facet normal -0.555502 -0.831515 0
    outer loop
      vertex 36.326 10.2526 3.3
      vertex 36.4456 10.1727 11.4
      vertex 36.326 10.2526 11.4
    endloop
  endfacet
  facet normal -0.555502 -0.831515 -0
    outer loop
      vertex 36.4456 10.1727 11.4
      vertex 36.326 10.2526 3.3
      vertex 36.4456 10.1727 3.3
    endloop
  endfacet
  facet normal 0.321018 -0.947073 0
    outer loop
      vertex 35.355 10.3163 3.3
      vertex 35.4913 10.3625 11.4
      vertex 35.355 10.3163 11.4
    endloop
  endfacet
  facet normal 0.321018 -0.947073 0
    outer loop
      vertex 35.4913 10.3625 11.4
      vertex 35.355 10.3163 3.3
      vertex 35.4913 10.3625 3.3
    endloop
  endfacet
  facet normal -0.997864 0.0653289 0
    outer loop
      vertex 36.8666 9.15642 3.3
      vertex 36.876 9.3 11.4
      vertex 36.876 9.3 3.3
    endloop
  endfacet
  facet normal -0.997864 0.0653289 0
    outer loop
      vertex 36.876 9.3 11.4
      vertex 36.8666 9.15642 3.3
      vertex 36.8666 9.15642 11.4
    endloop
  endfacet
  facet normal -0.751681 -0.659527 0
    outer loop
      vertex 36.6487 9.96964 3.3
      vertex 36.5538 10.0778 11.4
      vertex 36.5538 10.0778 3.3
    endloop
  endfacet
  facet normal -0.751681 -0.659527 0
    outer loop
      vertex 36.5538 10.0778 11.4
      vertex 36.6487 9.96964 3.3
      vertex 36.6487 9.96964 11.4
    endloop
  endfacet
  facet normal 0.32133 0.946967 -0
    outer loop
      vertex 35.4913 8.23748 3.3
      vertex 35.355 8.28373 11.4
      vertex 35.4913 8.23748 11.4
    endloop
  endfacet
  facet normal 0.32133 0.946967 0
    outer loop
      vertex 35.355 8.28373 11.4
      vertex 35.4913 8.23748 3.3
      vertex 35.355 8.28373 3.3
    endloop
  endfacet
  facet normal 0.442424 0.896806 -0
    outer loop
      vertex 35.355 8.28373 3.3
      vertex 35.226 8.34737 11.4
      vertex 35.355 8.28373 11.4
    endloop
  endfacet
  facet normal 0.442424 0.896806 0
    outer loop
      vertex 35.226 8.34737 11.4
      vertex 35.355 8.28373 3.3
      vertex 35.226 8.34737 3.3
    endloop
  endfacet
  facet normal 0.947037 -0.321124 0
    outer loop
      vertex 34.7135 9.5847 11.4
      vertex 34.7597 9.72095 3.3
      vertex 34.7597 9.72095 11.4
    endloop
  endfacet
  facet normal 0.947037 -0.321124 0
    outer loop
      vertex 34.7597 9.72095 3.3
      vertex 34.7135 9.5847 11.4
      vertex 34.7135 9.5847 3.3
    endloop
  endfacet
  facet normal -0.0653198 -0.997864 0
    outer loop
      vertex 35.776 10.4 3.3
      vertex 35.9196 10.3906 11.4
      vertex 35.776 10.4 11.4
    endloop
  endfacet
  facet normal -0.0653198 -0.997864 -0
    outer loop
      vertex 35.9196 10.3906 11.4
      vertex 35.776 10.4 3.3
      vertex 35.9196 10.3906 3.3
    endloop
  endfacet
  facet normal -0.321018 -0.947073 0
    outer loop
      vertex 36.0607 10.3625 3.3
      vertex 36.197 10.3163 11.4
      vertex 36.0607 10.3625 11.4
    endloop
  endfacet
  facet normal -0.321018 -0.947073 -0
    outer loop
      vertex 36.197 10.3163 11.4
      vertex 36.0607 10.3625 3.3
      vertex 36.197 10.3163 3.3
    endloop
  endfacet
  facet normal -0.947037 -0.321124 0
    outer loop
      vertex 36.8385 9.5847 3.3
      vertex 36.7923 9.72095 11.4
      vertex 36.7923 9.72095 3.3
    endloop
  endfacet
  facet normal -0.947037 -0.321124 0
    outer loop
      vertex 36.7923 9.72095 11.4
      vertex 36.8385 9.5847 3.3
      vertex 36.8385 9.5847 11.4
    endloop
  endfacet
  facet normal -0.831601 0.555374 0
    outer loop
      vertex 36.6487 8.63036 3.3
      vertex 36.7286 8.75 11.4
      vertex 36.7286 8.75 3.3
    endloop
  endfacet
  facet normal -0.831601 0.555374 0
    outer loop
      vertex 36.7286 8.75 11.4
      vertex 36.6487 8.63036 3.3
      vertex 36.6487 8.63036 11.4
    endloop
  endfacet
  facet normal 0.947037 0.321124 0
    outer loop
      vertex 34.7597 8.87905 11.4
      vertex 34.7135 9.0153 3.3
      vertex 34.7135 9.0153 11.4
    endloop
  endfacet
  facet normal 0.947037 0.321124 0
    outer loop
      vertex 34.7135 9.0153 3.3
      vertex 34.7597 8.87905 11.4
      vertex 34.7597 8.87905 3.3
    endloop
  endfacet
  facet normal 0.659272 0.751905 -0
    outer loop
      vertex 35.1064 8.42731 3.3
      vertex 34.9982 8.52218 11.4
      vertex 35.1064 8.42731 11.4
    endloop
  endfacet
  facet normal 0.659272 0.751905 0
    outer loop
      vertex 34.9982 8.52218 11.4
      vertex 35.1064 8.42731 3.3
      vertex 34.9982 8.52218 3.3
    endloop
  endfacet
  facet normal 0.997864 -0.0653289 0
    outer loop
      vertex 34.676 9.3 11.4
      vertex 34.6854 9.44358 3.3
      vertex 34.6854 9.44358 11.4
    endloop
  endfacet
  facet normal 0.997864 -0.0653289 0
    outer loop
      vertex 34.6854 9.44358 3.3
      vertex 34.676 9.3 11.4
      vertex 34.676 9.3 3.3
    endloop
  endfacet
  facet normal 0.555502 -0.831515 0
    outer loop
      vertex 35.1064 10.1727 3.3
      vertex 35.226 10.2526 11.4
      vertex 35.1064 10.1727 11.4
    endloop
  endfacet
  facet normal 0.555502 -0.831515 0
    outer loop
      vertex 35.226 10.2526 11.4
      vertex 35.1064 10.1727 3.3
      vertex 35.226 10.2526 3.3
    endloop
  endfacet
  facet normal 0.896708 -0.442622 0
    outer loop
      vertex 34.7597 9.72095 11.4
      vertex 34.8234 9.85 3.3
      vertex 34.8234 9.85 11.4
    endloop
  endfacet
  facet normal 0.896708 -0.442622 0
    outer loop
      vertex 34.8234 9.85 3.3
      vertex 34.7597 9.72095 11.4
      vertex 34.7597 9.72095 3.3
    endloop
  endfacet
  facet normal 0.555694 0.831387 -0
    outer loop
      vertex 35.226 8.34737 3.3
      vertex 35.1064 8.42731 11.4
      vertex 35.226 8.34737 11.4
    endloop
  endfacet
  facet normal 0.555694 0.831387 0
    outer loop
      vertex 35.1064 8.42731 11.4
      vertex 35.226 8.34737 3.3
      vertex 35.1064 8.42731 3.3
    endloop
  endfacet
  facet normal -0.659272 0.751905 0
    outer loop
      vertex 36.5538 8.52218 3.3
      vertex 36.4456 8.42731 11.4
      vertex 36.5538 8.52218 11.4
    endloop
  endfacet
  facet normal -0.659272 0.751905 0
    outer loop
      vertex 36.4456 8.42731 11.4
      vertex 36.5538 8.52218 3.3
      vertex 36.4456 8.42731 3.3
    endloop
  endfacet
  facet normal -0.980746 0.195287 0
    outer loop
      vertex 43.7825 9.0153 3.3
      vertex 43.8106 9.15642 11.4
      vertex 43.8106 9.15642 3.3
    endloop
  endfacet
  facet normal -0.980746 0.195287 0
    outer loop
      vertex 43.8106 9.15642 11.4
      vertex 43.7825 9.0153 3.3
      vertex 43.7825 9.0153 11.4
    endloop
  endfacet
  facet normal -0.195113 0.980781 0
    outer loop
      vertex 43.0047 8.23748 3.3
      vertex 42.8636 8.20941 11.4
      vertex 43.0047 8.23748 11.4
    endloop
  endfacet
  facet normal -0.195113 0.980781 0
    outer loop
      vertex 42.8636 8.20941 11.4
      vertex 43.0047 8.23748 3.3
      vertex 42.8636 8.20941 3.3
    endloop
  endfacet
  facet normal -0.980746 -0.195287 0
    outer loop
      vertex 43.8106 9.44358 3.3
      vertex 43.7825 9.5847 11.4
      vertex 43.7825 9.5847 3.3
    endloop
  endfacet
  facet normal -0.980746 -0.195287 0
    outer loop
      vertex 43.7825 9.5847 11.4
      vertex 43.8106 9.44358 3.3
      vertex 43.8106 9.44358 11.4
    endloop
  endfacet
  facet normal -0.997864 -0.0653289 0
    outer loop
      vertex 43.82 9.3 3.3
      vertex 43.8106 9.44358 11.4
      vertex 43.8106 9.44358 3.3
    endloop
  endfacet
  facet normal -0.997864 -0.0653289 0
    outer loop
      vertex 43.8106 9.44358 11.4
      vertex 43.82 9.3 3.3
      vertex 43.82 9.3 11.4
    endloop
  endfacet
  facet normal 0.997864 0.0653289 0
    outer loop
      vertex 41.6294 9.15642 11.4
      vertex 41.62 9.3 3.3
      vertex 41.62 9.3 11.4
    endloop
  endfacet
  facet normal 0.997864 0.0653289 0
    outer loop
      vertex 41.62 9.3 3.3
      vertex 41.6294 9.15642 11.4
      vertex 41.6294 9.15642 3.3
    endloop
  endfacet
  facet normal 0.32133 0.946967 -0
    outer loop
      vertex 42.4353 8.23748 3.3
      vertex 42.299 8.28373 11.4
      vertex 42.4353 8.23748 11.4
    endloop
  endfacet
  facet normal 0.32133 0.946967 0
    outer loop
      vertex 42.299 8.28373 11.4
      vertex 42.4353 8.23748 3.3
      vertex 42.299 8.28373 3.3
    endloop
  endfacet
  facet normal 0.659272 0.751905 -0
    outer loop
      vertex 42.0504 8.42731 3.3
      vertex 41.9422 8.52218 11.4
      vertex 42.0504 8.42731 11.4
    endloop
  endfacet
  facet normal 0.659272 0.751905 0
    outer loop
      vertex 41.9422 8.52218 11.4
      vertex 42.0504 8.42731 3.3
      vertex 41.9422 8.52218 3.3
    endloop
  endfacet
  facet normal 0.947037 0.321124 0
    outer loop
      vertex 41.7037 8.87905 11.4
      vertex 41.6575 9.0153 3.3
      vertex 41.6575 9.0153 11.4
    endloop
  endfacet
  facet normal 0.947037 0.321124 0
    outer loop
      vertex 41.6575 9.0153 3.3
      vertex 41.7037 8.87905 11.4
      vertex 41.7037 8.87905 3.3
    endloop
  endfacet
  facet normal 0.947037 -0.321124 0
    outer loop
      vertex 41.6575 9.5847 11.4
      vertex 41.7037 9.72095 3.3
      vertex 41.7037 9.72095 11.4
    endloop
  endfacet
  facet normal 0.947037 -0.321124 0
    outer loop
      vertex 41.7037 9.72095 3.3
      vertex 41.6575 9.5847 11.4
      vertex 41.6575 9.5847 3.3
    endloop
  endfacet
  facet normal -0.44276 -0.89664 0
    outer loop
      vertex 43.141 10.3163 3.3
      vertex 43.27 10.2526 11.4
      vertex 43.141 10.3163 11.4
    endloop
  endfacet
  facet normal -0.44276 -0.89664 -0
    outer loop
      vertex 43.27 10.2526 11.4
      vertex 43.141 10.3163 3.3
      vertex 43.27 10.2526 3.3
    endloop
  endfacet
  facet normal 0.751741 0.659458 0
    outer loop
      vertex 41.9422 8.52218 11.4
      vertex 41.8473 8.63036 3.3
      vertex 41.8473 8.63036 11.4
    endloop
  endfacet
  facet normal 0.751741 0.659458 0
    outer loop
      vertex 41.8473 8.63036 3.3
      vertex 41.9422 8.52218 11.4
      vertex 41.9422 8.52218 3.3
    endloop
  endfacet
  facet normal -0.947037 0.321124 0
    outer loop
      vertex 43.7363 8.87905 3.3
      vertex 43.7825 9.0153 11.4
      vertex 43.7825 9.0153 3.3
    endloop
  endfacet
  facet normal -0.947037 0.321124 0
    outer loop
      vertex 43.7825 9.0153 11.4
      vertex 43.7363 8.87905 3.3
      vertex 43.7363 8.87905 11.4
    endloop
  endfacet
  facet normal -0.442424 0.896806 0
    outer loop
      vertex 43.27 8.34737 3.3
      vertex 43.141 8.28373 11.4
      vertex 43.27 8.34737 11.4
    endloop
  endfacet
  facet normal -0.442424 0.896806 0
    outer loop
      vertex 43.141 8.28373 11.4
      vertex 43.27 8.34737 3.3
      vertex 43.141 8.28373 3.3
    endloop
  endfacet
  facet normal 0.065389 0.99786 -0
    outer loop
      vertex 42.72 8.2 3.3
      vertex 42.5764 8.20941 11.4
      vertex 42.72 8.2 11.4
    endloop
  endfacet
  facet normal 0.065389 0.99786 0
    outer loop
      vertex 42.5764 8.20941 11.4
      vertex 42.72 8.2 3.3
      vertex 42.5764 8.20941 3.3
    endloop
  endfacet
  facet normal -0.65939 -0.751801 0
    outer loop
      vertex 43.3896 10.1727 3.3
      vertex 43.4978 10.0778 11.4
      vertex 43.3896 10.1727 11.4
    endloop
  endfacet
  facet normal -0.65939 -0.751801 -0
    outer loop
      vertex 43.4978 10.0778 11.4
      vertex 43.3896 10.1727 3.3
      vertex 43.4978 10.0778 3.3
    endloop
  endfacet
  facet normal 0.0653198 -0.997864 0
    outer loop
      vertex 42.5764 10.3906 3.3
      vertex 42.72 10.4 11.4
      vertex 42.5764 10.3906 11.4
    endloop
  endfacet
  facet normal 0.0653198 -0.997864 0
    outer loop
      vertex 42.72 10.4 11.4
      vertex 42.5764 10.3906 3.3
      vertex 42.72 10.4 3.3
    endloop
  endfacet
  facet normal 0.980746 0.195287 0
    outer loop
      vertex 41.6575 9.0153 11.4
      vertex 41.6294 9.15642 3.3
      vertex 41.6294 9.15642 11.4
    endloop
  endfacet
  facet normal 0.980746 0.195287 0
    outer loop
      vertex 41.6294 9.15642 3.3
      vertex 41.6575 9.0153 11.4
      vertex 41.6575 9.0153 3.3
    endloop
  endfacet
  facet normal 0.896708 -0.442622 0
    outer loop
      vertex 41.7037 9.72095 11.4
      vertex 41.7674 9.85 3.3
      vertex 41.7674 9.85 11.4
    endloop
  endfacet
  facet normal 0.896708 -0.442622 0
    outer loop
      vertex 41.7674 9.85 3.3
      vertex 41.7037 9.72095 11.4
      vertex 41.7037 9.72095 3.3
    endloop
  endfacet
  facet normal -0.831601 0.555374 0
    outer loop
      vertex 43.5927 8.63036 3.3
      vertex 43.6726 8.75 11.4
      vertex 43.6726 8.75 3.3
    endloop
  endfacet
  facet normal -0.831601 0.555374 0
    outer loop
      vertex 43.6726 8.75 11.4
      vertex 43.5927 8.63036 3.3
      vertex 43.5927 8.63036 11.4
    endloop
  endfacet
  facet normal 0.195314 -0.980741 0
    outer loop
      vertex 42.4353 10.3625 3.3
      vertex 42.5764 10.3906 11.4
      vertex 42.4353 10.3625 11.4
    endloop
  endfacet
  facet normal 0.195314 -0.980741 0
    outer loop
      vertex 42.5764 10.3906 11.4
      vertex 42.4353 10.3625 3.3
      vertex 42.5764 10.3906 3.3
    endloop
  endfacet
  facet normal -0.0653198 -0.997864 0
    outer loop
      vertex 42.72 10.4 3.3
      vertex 42.8636 10.3906 11.4
      vertex 42.72 10.4 11.4
    endloop
  endfacet
  facet normal -0.0653198 -0.997864 -0
    outer loop
      vertex 42.8636 10.3906 11.4
      vertex 42.72 10.4 3.3
      vertex 42.8636 10.3906 3.3
    endloop
  endfacet
  facet normal 0.896708 0.442622 0
    outer loop
      vertex 41.7674 8.75 11.4
      vertex 41.7037 8.87905 3.3
      vertex 41.7037 8.87905 11.4
    endloop
  endfacet
  facet normal 0.896708 0.442622 0
    outer loop
      vertex 41.7037 8.87905 3.3
      vertex 41.7674 8.75 11.4
      vertex 41.7674 8.75 3.3
    endloop
  endfacet
  facet normal 0.65939 -0.751801 0
    outer loop
      vertex 41.9422 10.0778 3.3
      vertex 42.0504 10.1727 11.4
      vertex 41.9422 10.0778 11.4
    endloop
  endfacet
  facet normal 0.65939 -0.751801 0
    outer loop
      vertex 42.0504 10.1727 11.4
      vertex 41.9422 10.0778 3.3
      vertex 42.0504 10.1727 3.3
    endloop
  endfacet
  facet normal -0.751681 -0.659527 0
    outer loop
      vertex 43.5927 9.96964 3.3
      vertex 43.4978 10.0778 11.4
      vertex 43.4978 10.0778 3.3
    endloop
  endfacet
  facet normal -0.751681 -0.659527 0
    outer loop
      vertex 43.4978 10.0778 11.4
      vertex 43.5927 9.96964 3.3
      vertex 43.5927 9.96964 11.4
    endloop
  endfacet
  facet normal -0.831601 -0.555374 0
    outer loop
      vertex 43.6726 9.85 3.3
      vertex 43.5927 9.96964 11.4
      vertex 43.5927 9.96964 3.3
    endloop
  endfacet
  facet normal -0.831601 -0.555374 0
    outer loop
      vertex 43.5927 9.96964 11.4
      vertex 43.6726 9.85 3.3
      vertex 43.6726 9.85 11.4
    endloop
  endfacet
  facet normal -0.751741 0.659458 0
    outer loop
      vertex 43.4978 8.52218 3.3
      vertex 43.5927 8.63036 11.4
      vertex 43.5927 8.63036 3.3
    endloop
  endfacet
  facet normal -0.751741 0.659458 0
    outer loop
      vertex 43.5927 8.63036 11.4
      vertex 43.4978 8.52218 3.3
      vertex 43.4978 8.52218 11.4
    endloop
  endfacet
  facet normal -0.997864 0.0653289 0
    outer loop
      vertex 43.8106 9.15642 3.3
      vertex 43.82 9.3 11.4
      vertex 43.82 9.3 3.3
    endloop
  endfacet
  facet normal -0.997864 0.0653289 0
    outer loop
      vertex 43.82 9.3 11.4
      vertex 43.8106 9.15642 3.3
      vertex 43.8106 9.15642 11.4
    endloop
  endfacet
  facet normal 0.751681 -0.659527 0
    outer loop
      vertex 41.8473 9.96964 11.4
      vertex 41.9422 10.0778 3.3
      vertex 41.9422 10.0778 11.4
    endloop
  endfacet
  facet normal 0.751681 -0.659527 0
    outer loop
      vertex 41.9422 10.0778 3.3
      vertex 41.8473 9.96964 11.4
      vertex 41.8473 9.96964 3.3
    endloop
  endfacet
  facet normal -0.555502 -0.831515 0
    outer loop
      vertex 43.27 10.2526 3.3
      vertex 43.3896 10.1727 11.4
      vertex 43.27 10.2526 11.4
    endloop
  endfacet
  facet normal -0.555502 -0.831515 -0
    outer loop
      vertex 43.3896 10.1727 11.4
      vertex 43.27 10.2526 3.3
      vertex 43.3896 10.1727 3.3
    endloop
  endfacet
  facet normal -0.32133 0.946967 0
    outer loop
      vertex 43.141 8.28373 3.3
      vertex 43.0047 8.23748 11.4
      vertex 43.141 8.28373 11.4
    endloop
  endfacet
  facet normal -0.32133 0.946967 0
    outer loop
      vertex 43.0047 8.23748 11.4
      vertex 43.141 8.28373 3.3
      vertex 43.0047 8.23748 3.3
    endloop
  endfacet
  facet normal -0.896708 0.442622 0
    outer loop
      vertex 43.6726 8.75 3.3
      vertex 43.7363 8.87905 11.4
      vertex 43.7363 8.87905 3.3
    endloop
  endfacet
  facet normal -0.896708 0.442622 0
    outer loop
      vertex 43.7363 8.87905 11.4
      vertex 43.6726 8.75 3.3
      vertex 43.6726 8.75 11.4
    endloop
  endfacet
  facet normal 0.44276 -0.89664 0
    outer loop
      vertex 42.17 10.2526 3.3
      vertex 42.299 10.3163 11.4
      vertex 42.17 10.2526 11.4
    endloop
  endfacet
  facet normal 0.44276 -0.89664 0
    outer loop
      vertex 42.299 10.3163 11.4
      vertex 42.17 10.2526 3.3
      vertex 42.299 10.3163 3.3
    endloop
  endfacet
  facet normal 0.831601 0.555374 0
    outer loop
      vertex 41.8473 8.63036 11.4
      vertex 41.7674 8.75 3.3
      vertex 41.7674 8.75 11.4
    endloop
  endfacet
  facet normal 0.831601 0.555374 0
    outer loop
      vertex 41.7674 8.75 3.3
      vertex 41.8473 8.63036 11.4
      vertex 41.8473 8.63036 3.3
    endloop
  endfacet
  facet normal 0.980746 -0.195287 0
    outer loop
      vertex 41.6294 9.44358 11.4
      vertex 41.6575 9.5847 3.3
      vertex 41.6575 9.5847 11.4
    endloop
  endfacet
  facet normal 0.980746 -0.195287 0
    outer loop
      vertex 41.6575 9.5847 3.3
      vertex 41.6294 9.44358 11.4
      vertex 41.6294 9.44358 3.3
    endloop
  endfacet
  facet normal -0.195314 -0.980741 0
    outer loop
      vertex 42.8636 10.3906 3.3
      vertex 43.0047 10.3625 11.4
      vertex 42.8636 10.3906 11.4
    endloop
  endfacet
  facet normal -0.195314 -0.980741 -0
    outer loop
      vertex 43.0047 10.3625 11.4
      vertex 42.8636 10.3906 3.3
      vertex 43.0047 10.3625 3.3
    endloop
  endfacet
  facet normal -0.555694 0.831387 0
    outer loop
      vertex 43.3896 8.42731 3.3
      vertex 43.27 8.34737 11.4
      vertex 43.3896 8.42731 11.4
    endloop
  endfacet
  facet normal -0.555694 0.831387 0
    outer loop
      vertex 43.27 8.34737 11.4
      vertex 43.3896 8.42731 3.3
      vertex 43.27 8.34737 3.3
    endloop
  endfacet
  facet normal 0.555502 -0.831515 0
    outer loop
      vertex 42.0504 10.1727 3.3
      vertex 42.17 10.2526 11.4
      vertex 42.0504 10.1727 11.4
    endloop
  endfacet
  facet normal 0.555502 -0.831515 0
    outer loop
      vertex 42.17 10.2526 11.4
      vertex 42.0504 10.1727 3.3
      vertex 42.17 10.2526 3.3
    endloop
  endfacet
  facet normal 0.555694 0.831387 -0
    outer loop
      vertex 42.17 8.34737 3.3
      vertex 42.0504 8.42731 11.4
      vertex 42.17 8.34737 11.4
    endloop
  endfacet
  facet normal 0.555694 0.831387 0
    outer loop
      vertex 42.0504 8.42731 11.4
      vertex 42.17 8.34737 3.3
      vertex 42.0504 8.42731 3.3
    endloop
  endfacet
  facet normal -0.321018 -0.947073 0
    outer loop
      vertex 43.0047 10.3625 3.3
      vertex 43.141 10.3163 11.4
      vertex 43.0047 10.3625 11.4
    endloop
  endfacet
  facet normal -0.321018 -0.947073 -0
    outer loop
      vertex 43.141 10.3163 11.4
      vertex 43.0047 10.3625 3.3
      vertex 43.141 10.3163 3.3
    endloop
  endfacet
  facet normal 0.997864 -0.0653289 0
    outer loop
      vertex 41.62 9.3 11.4
      vertex 41.6294 9.44358 3.3
      vertex 41.6294 9.44358 11.4
    endloop
  endfacet
  facet normal 0.997864 -0.0653289 0
    outer loop
      vertex 41.6294 9.44358 3.3
      vertex 41.62 9.3 11.4
      vertex 41.62 9.3 3.3
    endloop
  endfacet
  facet normal -0.896708 -0.442622 0
    outer loop
      vertex 43.7363 9.72095 3.3
      vertex 43.6726 9.85 11.4
      vertex 43.6726 9.85 3.3
    endloop
  endfacet
  facet normal -0.896708 -0.442622 0
    outer loop
      vertex 43.6726 9.85 11.4
      vertex 43.7363 9.72095 3.3
      vertex 43.7363 9.72095 11.4
    endloop
  endfacet
  facet normal -0.947037 -0.321124 0
    outer loop
      vertex 43.7825 9.5847 3.3
      vertex 43.7363 9.72095 11.4
      vertex 43.7363 9.72095 3.3
    endloop
  endfacet
  facet normal -0.947037 -0.321124 0
    outer loop
      vertex 43.7363 9.72095 11.4
      vertex 43.7825 9.5847 3.3
      vertex 43.7825 9.5847 11.4
    endloop
  endfacet
  facet normal 0.321018 -0.947073 0
    outer loop
      vertex 42.299 10.3163 3.3
      vertex 42.4353 10.3625 11.4
      vertex 42.299 10.3163 11.4
    endloop
  endfacet
  facet normal 0.321018 -0.947073 0
    outer loop
      vertex 42.4353 10.3625 11.4
      vertex 42.299 10.3163 3.3
      vertex 42.4353 10.3625 3.3
    endloop
  endfacet
  facet normal 0.442424 0.896806 -0
    outer loop
      vertex 42.299 8.28373 3.3
      vertex 42.17 8.34737 11.4
      vertex 42.299 8.28373 11.4
    endloop
  endfacet
  facet normal 0.442424 0.896806 0
    outer loop
      vertex 42.17 8.34737 11.4
      vertex 42.299 8.28373 3.3
      vertex 42.17 8.34737 3.3
    endloop
  endfacet
  facet normal 0.195113 0.980781 -0
    outer loop
      vertex 42.5764 8.20941 3.3
      vertex 42.4353 8.23748 11.4
      vertex 42.5764 8.20941 11.4
    endloop
  endfacet
  facet normal 0.195113 0.980781 0
    outer loop
      vertex 42.4353 8.23748 11.4
      vertex 42.5764 8.20941 3.3
      vertex 42.4353 8.23748 3.3
    endloop
  endfacet
  facet normal 0.831601 -0.555374 0
    outer loop
      vertex 41.7674 9.85 11.4
      vertex 41.8473 9.96964 3.3
      vertex 41.8473 9.96964 11.4
    endloop
  endfacet
  facet normal 0.831601 -0.555374 0
    outer loop
      vertex 41.8473 9.96964 3.3
      vertex 41.7674 9.85 11.4
      vertex 41.7674 9.85 3.3
    endloop
  endfacet
  facet normal -0.065389 0.99786 0
    outer loop
      vertex 42.8636 8.20941 3.3
      vertex 42.72 8.2 11.4
      vertex 42.8636 8.20941 11.4
    endloop
  endfacet
  facet normal -0.065389 0.99786 0
    outer loop
      vertex 42.72 8.2 11.4
      vertex 42.8636 8.20941 3.3
      vertex 42.72 8.2 3.3
    endloop
  endfacet
  facet normal -0.659272 0.751905 0
    outer loop
      vertex 43.4978 8.52218 3.3
      vertex 43.3896 8.42731 11.4
      vertex 43.4978 8.52218 11.4
    endloop
  endfacet
  facet normal -0.659272 0.751905 0
    outer loop
      vertex 43.3896 8.42731 11.4
      vertex 43.4978 8.52218 3.3
      vertex 43.3896 8.42731 3.3
    endloop
  endfacet
  facet normal -0.65939 -0.751801 0
    outer loop
      vertex 50.3336 10.1727 3.3
      vertex 50.4418 10.0778 11.4
      vertex 50.3336 10.1727 11.4
    endloop
  endfacet
  facet normal -0.65939 -0.751801 -0
    outer loop
      vertex 50.4418 10.0778 11.4
      vertex 50.3336 10.1727 3.3
      vertex 50.4418 10.0778 3.3
    endloop
  endfacet
  facet normal -0.980746 -0.195287 0
    outer loop
      vertex 50.7546 9.44358 3.3
      vertex 50.7265 9.5847 11.4
      vertex 50.7265 9.5847 3.3
    endloop
  endfacet
  facet normal -0.980746 -0.195287 0
    outer loop
      vertex 50.7265 9.5847 11.4
      vertex 50.7546 9.44358 3.3
      vertex 50.7546 9.44358 11.4
    endloop
  endfacet
  facet normal -0.997864 -0.0653289 0
    outer loop
      vertex 50.764 9.3 3.3
      vertex 50.7546 9.44358 11.4
      vertex 50.7546 9.44358 3.3
    endloop
  endfacet
  facet normal -0.997864 -0.0653289 0
    outer loop
      vertex 50.7546 9.44358 11.4
      vertex 50.764 9.3 3.3
      vertex 50.764 9.3 11.4
    endloop
  endfacet
  facet normal -0.947037 -0.321124 0
    outer loop
      vertex 50.7265 9.5847 3.3
      vertex 50.6803 9.72095 11.4
      vertex 50.6803 9.72095 3.3
    endloop
  endfacet
  facet normal -0.947037 -0.321124 0
    outer loop
      vertex 50.6803 9.72095 11.4
      vertex 50.7265 9.5847 3.3
      vertex 50.7265 9.5847 11.4
    endloop
  endfacet
  facet normal 0.065389 0.99786 -0
    outer loop
      vertex 49.664 8.2 3.3
      vertex 49.5204 8.20941 11.4
      vertex 49.664 8.2 11.4
    endloop
  endfacet
  facet normal 0.065389 0.99786 0
    outer loop
      vertex 49.5204 8.20941 11.4
      vertex 49.664 8.2 3.3
      vertex 49.5204 8.20941 3.3
    endloop
  endfacet
  facet normal 0.195314 -0.980741 0
    outer loop
      vertex 49.3793 10.3625 3.3
      vertex 49.5204 10.3906 11.4
      vertex 49.3793 10.3625 11.4
    endloop
  endfacet
  facet normal 0.195314 -0.980741 0
    outer loop
      vertex 49.5204 10.3906 11.4
      vertex 49.3793 10.3625 3.3
      vertex 49.5204 10.3906 3.3
    endloop
  endfacet
  facet normal -0.44276 -0.89664 0
    outer loop
      vertex 50.085 10.3163 3.3
      vertex 50.214 10.2526 11.4
      vertex 50.085 10.3163 11.4
    endloop
  endfacet
  facet normal -0.44276 -0.89664 -0
    outer loop
      vertex 50.214 10.2526 11.4
      vertex 50.085 10.3163 3.3
      vertex 50.214 10.2526 3.3
    endloop
  endfacet
  facet normal 0.555694 0.831387 -0
    outer loop
      vertex 49.114 8.34737 3.3
      vertex 48.9944 8.42731 11.4
      vertex 49.114 8.34737 11.4
    endloop
  endfacet
  facet normal 0.555694 0.831387 0
    outer loop
      vertex 48.9944 8.42731 11.4
      vertex 49.114 8.34737 3.3
      vertex 48.9944 8.42731 3.3
    endloop
  endfacet
  facet normal 0.947037 -0.321124 0
    outer loop
      vertex 48.6015 9.5847 11.4
      vertex 48.6477 9.72095 3.3
      vertex 48.6477 9.72095 11.4
    endloop
  endfacet
  facet normal 0.947037 -0.321124 0
    outer loop
      vertex 48.6477 9.72095 3.3
      vertex 48.6015 9.5847 11.4
      vertex 48.6015 9.5847 3.3
    endloop
  endfacet
  facet normal -0.896708 -0.442622 0
    outer loop
      vertex 50.6803 9.72095 3.3
      vertex 50.6166 9.85 11.4
      vertex 50.6166 9.85 3.3
    endloop
  endfacet
  facet normal -0.896708 -0.442622 0
    outer loop
      vertex 50.6166 9.85 11.4
      vertex 50.6803 9.72095 3.3
      vertex 50.6803 9.72095 11.4
    endloop
  endfacet
  facet normal 0.321018 -0.947073 0
    outer loop
      vertex 49.243 10.3163 3.3
      vertex 49.3793 10.3625 11.4
      vertex 49.243 10.3163 11.4
    endloop
  endfacet
  facet normal 0.321018 -0.947073 0
    outer loop
      vertex 49.3793 10.3625 11.4
      vertex 49.243 10.3163 3.3
      vertex 49.3793 10.3625 3.3
    endloop
  endfacet
  facet normal 0.980746 0.195287 0
    outer loop
      vertex 48.6015 9.0153 11.4
      vertex 48.5734 9.15642 3.3
      vertex 48.5734 9.15642 11.4
    endloop
  endfacet
  facet normal 0.980746 0.195287 0
    outer loop
      vertex 48.5734 9.15642 3.3
      vertex 48.6015 9.0153 11.4
      vertex 48.6015 9.0153 3.3
    endloop
  endfacet
  facet normal -0.065389 0.99786 0
    outer loop
      vertex 49.8076 8.20941 3.3
      vertex 49.664 8.2 11.4
      vertex 49.8076 8.20941 11.4
    endloop
  endfacet
  facet normal -0.065389 0.99786 0
    outer loop
      vertex 49.664 8.2 11.4
      vertex 49.8076 8.20941 3.3
      vertex 49.664 8.2 3.3
    endloop
  endfacet
  facet normal -0.659272 0.751905 0
    outer loop
      vertex 50.4418 8.52218 3.3
      vertex 50.3336 8.42731 11.4
      vertex 50.4418 8.52218 11.4
    endloop
  endfacet
  facet normal -0.659272 0.751905 0
    outer loop
      vertex 50.3336 8.42731 11.4
      vertex 50.4418 8.52218 3.3
      vertex 50.3336 8.42731 3.3
    endloop
  endfacet
  facet normal 0.555502 -0.831515 0
    outer loop
      vertex 48.9944 10.1727 3.3
      vertex 49.114 10.2526 11.4
      vertex 48.9944 10.1727 11.4
    endloop
  endfacet
  facet normal 0.555502 -0.831515 0
    outer loop
      vertex 49.114 10.2526 11.4
      vertex 48.9944 10.1727 3.3
      vertex 49.114 10.2526 3.3
    endloop
  endfacet
  facet normal -0.555694 0.831387 0
    outer loop
      vertex 50.3336 8.42731 3.3
      vertex 50.214 8.34737 11.4
      vertex 50.3336 8.42731 11.4
    endloop
  endfacet
  facet normal -0.555694 0.831387 0
    outer loop
      vertex 50.214 8.34737 11.4
      vertex 50.3336 8.42731 3.3
      vertex 50.214 8.34737 3.3
    endloop
  endfacet
  facet normal 0.65939 -0.751801 0
    outer loop
      vertex 48.8862 10.0778 3.3
      vertex 48.9944 10.1727 11.4
      vertex 48.8862 10.0778 11.4
    endloop
  endfacet
  facet normal 0.65939 -0.751801 0
    outer loop
      vertex 48.9944 10.1727 11.4
      vertex 48.8862 10.0778 3.3
      vertex 48.9944 10.1727 3.3
    endloop
  endfacet
  facet normal -0.0653198 -0.997864 0
    outer loop
      vertex 49.664 10.4 3.3
      vertex 49.8076 10.3906 11.4
      vertex 49.664 10.4 11.4
    endloop
  endfacet
  facet normal -0.0653198 -0.997864 -0
    outer loop
      vertex 49.8076 10.3906 11.4
      vertex 49.664 10.4 3.3
      vertex 49.8076 10.3906 3.3
    endloop
  endfacet
  facet normal -0.555502 -0.831515 0
    outer loop
      vertex 50.214 10.2526 3.3
      vertex 50.3336 10.1727 11.4
      vertex 50.214 10.2526 11.4
    endloop
  endfacet
  facet normal -0.555502 -0.831515 -0
    outer loop
      vertex 50.3336 10.1727 11.4
      vertex 50.214 10.2526 3.3
      vertex 50.3336 10.1727 3.3
    endloop
  endfacet
  facet normal -0.831601 -0.555374 0
    outer loop
      vertex 50.6166 9.85 3.3
      vertex 50.5367 9.96964 11.4
      vertex 50.5367 9.96964 3.3
    endloop
  endfacet
  facet normal -0.831601 -0.555374 0
    outer loop
      vertex 50.5367 9.96964 11.4
      vertex 50.6166 9.85 3.3
      vertex 50.6166 9.85 11.4
    endloop
  endfacet
  facet normal -0.442424 0.896806 0
    outer loop
      vertex 50.214 8.34737 3.3
      vertex 50.085 8.28373 11.4
      vertex 50.214 8.34737 11.4
    endloop
  endfacet
  facet normal -0.442424 0.896806 0
    outer loop
      vertex 50.085 8.28373 11.4
      vertex 50.214 8.34737 3.3
      vertex 50.085 8.28373 3.3
    endloop
  endfacet
  facet normal 0.44276 -0.89664 0
    outer loop
      vertex 49.114 10.2526 3.3
      vertex 49.243 10.3163 11.4
      vertex 49.114 10.2526 11.4
    endloop
  endfacet
  facet normal 0.44276 -0.89664 0
    outer loop
      vertex 49.243 10.3163 11.4
      vertex 49.114 10.2526 3.3
      vertex 49.243 10.3163 3.3
    endloop
  endfacet
  facet normal -0.896708 0.442622 0
    outer loop
      vertex 50.6166 8.75 3.3
      vertex 50.6803 8.87905 11.4
      vertex 50.6803 8.87905 3.3
    endloop
  endfacet
  facet normal -0.896708 0.442622 0
    outer loop
      vertex 50.6803 8.87905 11.4
      vertex 50.6166 8.75 3.3
      vertex 50.6166 8.75 11.4
    endloop
  endfacet
  facet normal 0.751741 0.659458 0
    outer loop
      vertex 48.8862 8.52218 11.4
      vertex 48.7913 8.63036 3.3
      vertex 48.7913 8.63036 11.4
    endloop
  endfacet
  facet normal 0.751741 0.659458 0
    outer loop
      vertex 48.7913 8.63036 3.3
      vertex 48.8862 8.52218 11.4
      vertex 48.8862 8.52218 3.3
    endloop
  endfacet
  facet normal 0.195113 0.980781 -0
    outer loop
      vertex 49.5204 8.20941 3.3
      vertex 49.3793 8.23748 11.4
      vertex 49.5204 8.20941 11.4
    endloop
  endfacet
  facet normal 0.195113 0.980781 0
    outer loop
      vertex 49.3793 8.23748 11.4
      vertex 49.5204 8.20941 3.3
      vertex 49.3793 8.23748 3.3
    endloop
  endfacet
  facet normal 0.896708 -0.442622 0
    outer loop
      vertex 48.6477 9.72095 11.4
      vertex 48.7114 9.85 3.3
      vertex 48.7114 9.85 11.4
    endloop
  endfacet
  facet normal 0.896708 -0.442622 0
    outer loop
      vertex 48.7114 9.85 3.3
      vertex 48.6477 9.72095 11.4
      vertex 48.6477 9.72095 3.3
    endloop
  endfacet
  facet normal -0.321018 -0.947073 0
    outer loop
      vertex 49.9487 10.3625 3.3
      vertex 50.085 10.3163 11.4
      vertex 49.9487 10.3625 11.4
    endloop
  endfacet
  facet normal -0.321018 -0.947073 -0
    outer loop
      vertex 50.085 10.3163 11.4
      vertex 49.9487 10.3625 3.3
      vertex 50.085 10.3163 3.3
    endloop
  endfacet
  facet normal 0.896708 0.442622 0
    outer loop
      vertex 48.7114 8.75 11.4
      vertex 48.6477 8.87905 3.3
      vertex 48.6477 8.87905 11.4
    endloop
  endfacet
  facet normal 0.896708 0.442622 0
    outer loop
      vertex 48.6477 8.87905 3.3
      vertex 48.7114 8.75 11.4
      vertex 48.7114 8.75 3.3
    endloop
  endfacet
  facet normal -0.195113 0.980781 0
    outer loop
      vertex 49.9487 8.23748 3.3
      vertex 49.8076 8.20941 11.4
      vertex 49.9487 8.23748 11.4
    endloop
  endfacet
  facet normal -0.195113 0.980781 0
    outer loop
      vertex 49.8076 8.20941 11.4
      vertex 49.9487 8.23748 3.3
      vertex 49.8076 8.20941 3.3
    endloop
  endfacet
  facet normal -0.997864 0.0653289 0
    outer loop
      vertex 50.7546 9.15642 3.3
      vertex 50.764 9.3 11.4
      vertex 50.764 9.3 3.3
    endloop
  endfacet
  facet normal -0.997864 0.0653289 0
    outer loop
      vertex 50.764 9.3 11.4
      vertex 50.7546 9.15642 3.3
      vertex 50.7546 9.15642 11.4
    endloop
  endfacet
  facet normal 0.831601 0.555374 0
    outer loop
      vertex 48.7913 8.63036 11.4
      vertex 48.7114 8.75 3.3
      vertex 48.7114 8.75 11.4
    endloop
  endfacet
  facet normal 0.831601 0.555374 0
    outer loop
      vertex 48.7114 8.75 3.3
      vertex 48.7913 8.63036 11.4
      vertex 48.7913 8.63036 3.3
    endloop
  endfacet
  facet normal -0.831601 0.555374 0
    outer loop
      vertex 50.5367 8.63036 3.3
      vertex 50.6166 8.75 11.4
      vertex 50.6166 8.75 3.3
    endloop
  endfacet
  facet normal -0.831601 0.555374 0
    outer loop
      vertex 50.6166 8.75 11.4
      vertex 50.5367 8.63036 3.3
      vertex 50.5367 8.63036 11.4
    endloop
  endfacet
  facet normal 0.659272 0.751905 -0
    outer loop
      vertex 48.9944 8.42731 3.3
      vertex 48.8862 8.52218 11.4
      vertex 48.9944 8.42731 11.4
    endloop
  endfacet
  facet normal 0.659272 0.751905 0
    outer loop
      vertex 48.8862 8.52218 11.4
      vertex 48.9944 8.42731 3.3
      vertex 48.8862 8.52218 3.3
    endloop
  endfacet
  facet normal 0.831601 -0.555374 0
    outer loop
      vertex 48.7114 9.85 11.4
      vertex 48.7913 9.96964 3.3
      vertex 48.7913 9.96964 11.4
    endloop
  endfacet
  facet normal 0.831601 -0.555374 0
    outer loop
      vertex 48.7913 9.96964 3.3
      vertex 48.7114 9.85 11.4
      vertex 48.7114 9.85 3.3
    endloop
  endfacet
  facet normal -0.32133 0.946967 0
    outer loop
      vertex 50.085 8.28373 3.3
      vertex 49.9487 8.23748 11.4
      vertex 50.085 8.28373 11.4
    endloop
  endfacet
  facet normal -0.32133 0.946967 0
    outer loop
      vertex 49.9487 8.23748 11.4
      vertex 50.085 8.28373 3.3
      vertex 49.9487 8.23748 3.3
    endloop
  endfacet
  facet normal 0.997864 0.0653289 0
    outer loop
      vertex 48.5734 9.15642 11.4
      vertex 48.564 9.3 3.3
      vertex 48.564 9.3 11.4
    endloop
  endfacet
  facet normal 0.997864 0.0653289 0
    outer loop
      vertex 48.564 9.3 3.3
      vertex 48.5734 9.15642 11.4
      vertex 48.5734 9.15642 3.3
    endloop
  endfacet
  facet normal -0.980746 0.195287 0
    outer loop
      vertex 50.7265 9.0153 3.3
      vertex 50.7546 9.15642 11.4
      vertex 50.7546 9.15642 3.3
    endloop
  endfacet
  facet normal -0.980746 0.195287 0
    outer loop
      vertex 50.7546 9.15642 11.4
      vertex 50.7265 9.0153 3.3
      vertex 50.7265 9.0153 11.4
    endloop
  endfacet
  facet normal 0.0653198 -0.997864 0
    outer loop
      vertex 49.5204 10.3906 3.3
      vertex 49.664 10.4 11.4
      vertex 49.5204 10.3906 11.4
    endloop
  endfacet
  facet normal 0.0653198 -0.997864 0
    outer loop
      vertex 49.664 10.4 11.4
      vertex 49.5204 10.3906 3.3
      vertex 49.664 10.4 3.3
    endloop
  endfacet
  facet normal -0.947037 0.321124 0
    outer loop
      vertex 50.6803 8.87905 3.3
      vertex 50.7265 9.0153 11.4
      vertex 50.7265 9.0153 3.3
    endloop
  endfacet
  facet normal -0.947037 0.321124 0
    outer loop
      vertex 50.7265 9.0153 11.4
      vertex 50.6803 8.87905 3.3
      vertex 50.6803 8.87905 11.4
    endloop
  endfacet
  facet normal -0.751681 -0.659527 0
    outer loop
      vertex 50.5367 9.96964 3.3
      vertex 50.4418 10.0778 11.4
      vertex 50.4418 10.0778 3.3
    endloop
  endfacet
  facet normal -0.751681 -0.659527 0
    outer loop
      vertex 50.4418 10.0778 11.4
      vertex 50.5367 9.96964 3.3
      vertex 50.5367 9.96964 11.4
    endloop
  endfacet
  facet normal -0.195314 -0.980741 0
    outer loop
      vertex 49.8076 10.3906 3.3
      vertex 49.9487 10.3625 11.4
      vertex 49.8076 10.3906 11.4
    endloop
  endfacet
  facet normal -0.195314 -0.980741 -0
    outer loop
      vertex 49.9487 10.3625 11.4
      vertex 49.8076 10.3906 3.3
      vertex 49.9487 10.3625 3.3
    endloop
  endfacet
  facet normal 0.947037 0.321124 0
    outer loop
      vertex 48.6477 8.87905 11.4
      vertex 48.6015 9.0153 3.3
      vertex 48.6015 9.0153 11.4
    endloop
  endfacet
  facet normal 0.947037 0.321124 0
    outer loop
      vertex 48.6015 9.0153 3.3
      vertex 48.6477 8.87905 11.4
      vertex 48.6477 8.87905 3.3
    endloop
  endfacet
  facet normal 0.997864 -0.0653289 0
    outer loop
      vertex 48.564 9.3 11.4
      vertex 48.5734 9.44358 3.3
      vertex 48.5734 9.44358 11.4
    endloop
  endfacet
  facet normal 0.997864 -0.0653289 0
    outer loop
      vertex 48.5734 9.44358 3.3
      vertex 48.564 9.3 11.4
      vertex 48.564 9.3 3.3
    endloop
  endfacet
  facet normal 0.32133 0.946967 -0
    outer loop
      vertex 49.3793 8.23748 3.3
      vertex 49.243 8.28373 11.4
      vertex 49.3793 8.23748 11.4
    endloop
  endfacet
  facet normal 0.32133 0.946967 0
    outer loop
      vertex 49.243 8.28373 11.4
      vertex 49.3793 8.23748 3.3
      vertex 49.243 8.28373 3.3
    endloop
  endfacet
  facet normal -0.751741 0.659458 0
    outer loop
      vertex 50.4418 8.52218 3.3
      vertex 50.5367 8.63036 11.4
      vertex 50.5367 8.63036 3.3
    endloop
  endfacet
  facet normal -0.751741 0.659458 0
    outer loop
      vertex 50.5367 8.63036 11.4
      vertex 50.4418 8.52218 3.3
      vertex 50.4418 8.52218 11.4
    endloop
  endfacet
  facet normal 0.980746 -0.195287 0
    outer loop
      vertex 48.5734 9.44358 11.4
      vertex 48.6015 9.5847 3.3
      vertex 48.6015 9.5847 11.4
    endloop
  endfacet
  facet normal 0.980746 -0.195287 0
    outer loop
      vertex 48.6015 9.5847 3.3
      vertex 48.5734 9.44358 11.4
      vertex 48.5734 9.44358 3.3
    endloop
  endfacet
  facet normal 0.442424 0.896806 -0
    outer loop
      vertex 49.243 8.28373 3.3
      vertex 49.114 8.34737 11.4
      vertex 49.243 8.28373 11.4
    endloop
  endfacet
  facet normal 0.442424 0.896806 0
    outer loop
      vertex 49.114 8.34737 11.4
      vertex 49.243 8.28373 3.3
      vertex 49.114 8.34737 3.3
    endloop
  endfacet
  facet normal 0.751681 -0.659527 0
    outer loop
      vertex 48.7913 9.96964 11.4
      vertex 48.8862 10.0778 3.3
      vertex 48.8862 10.0778 11.4
    endloop
  endfacet
  facet normal 0.751681 -0.659527 0
    outer loop
      vertex 48.8862 10.0778 3.3
      vertex 48.7913 9.96964 11.4
      vertex 48.7913 9.96964 3.3
    endloop
  endfacet
  facet normal -0.980746 -0.195287 0
    outer loop
      vertex 57.6986 9.44358 3.3
      vertex 57.6705 9.5847 11.4
      vertex 57.6705 9.5847 3.3
    endloop
  endfacet
  facet normal -0.980746 -0.195287 0
    outer loop
      vertex 57.6705 9.5847 11.4
      vertex 57.6986 9.44358 3.3
      vertex 57.6986 9.44358 11.4
    endloop
  endfacet
  facet normal -0.997864 -0.0653289 0
    outer loop
      vertex 57.708 9.3 3.3
      vertex 57.6986 9.44358 11.4
      vertex 57.6986 9.44358 3.3
    endloop
  endfacet
  facet normal -0.997864 -0.0653289 0
    outer loop
      vertex 57.6986 9.44358 11.4
      vertex 57.708 9.3 3.3
      vertex 57.708 9.3 11.4
    endloop
  endfacet
  facet normal -0.32133 0.946967 0
    outer loop
      vertex 57.029 8.28373 3.3
      vertex 56.8927 8.23748 11.4
      vertex 57.029 8.28373 11.4
    endloop
  endfacet
  facet normal -0.32133 0.946967 0
    outer loop
      vertex 56.8927 8.23748 11.4
      vertex 57.029 8.28373 3.3
      vertex 56.8927 8.23748 3.3
    endloop
  endfacet
  facet normal 0.980746 0.195287 0
    outer loop
      vertex 55.5455 9.0153 11.4
      vertex 55.5174 9.15642 3.3
      vertex 55.5174 9.15642 11.4
    endloop
  endfacet
  facet normal 0.980746 0.195287 0
    outer loop
      vertex 55.5174 9.15642 3.3
      vertex 55.5455 9.0153 11.4
      vertex 55.5455 9.0153 3.3
    endloop
  endfacet
  facet normal -0.555502 -0.831515 0
    outer loop
      vertex 57.158 10.2526 3.3
      vertex 57.2776 10.1727 11.4
      vertex 57.158 10.2526 11.4
    endloop
  endfacet
  facet normal -0.555502 -0.831515 -0
    outer loop
      vertex 57.2776 10.1727 11.4
      vertex 57.158 10.2526 3.3
      vertex 57.2776 10.1727 3.3
    endloop
  endfacet
  facet normal -0.195314 -0.980741 0
    outer loop
      vertex 56.7516 10.3906 3.3
      vertex 56.8927 10.3625 11.4
      vertex 56.7516 10.3906 11.4
    endloop
  endfacet
  facet normal -0.195314 -0.980741 -0
    outer loop
      vertex 56.8927 10.3625 11.4
      vertex 56.7516 10.3906 3.3
      vertex 56.8927 10.3625 3.3
    endloop
  endfacet
  facet normal -0.442424 0.896806 0
    outer loop
      vertex 57.158 8.34737 3.3
      vertex 57.029 8.28373 11.4
      vertex 57.158 8.34737 11.4
    endloop
  endfacet
  facet normal -0.442424 0.896806 0
    outer loop
      vertex 57.029 8.28373 11.4
      vertex 57.158 8.34737 3.3
      vertex 57.029 8.28373 3.3
    endloop
  endfacet
  facet normal -0.980746 0.195287 0
    outer loop
      vertex 57.6705 9.0153 3.3
      vertex 57.6986 9.15642 11.4
      vertex 57.6986 9.15642 3.3
    endloop
  endfacet
  facet normal -0.980746 0.195287 0
    outer loop
      vertex 57.6986 9.15642 11.4
      vertex 57.6705 9.0153 3.3
      vertex 57.6705 9.0153 11.4
    endloop
  endfacet
  facet normal 0.751681 -0.659527 0
    outer loop
      vertex 55.7353 9.96964 11.4
      vertex 55.8302 10.0778 3.3
      vertex 55.8302 10.0778 11.4
    endloop
  endfacet
  facet normal 0.751681 -0.659527 0
    outer loop
      vertex 55.8302 10.0778 3.3
      vertex 55.7353 9.96964 11.4
      vertex 55.7353 9.96964 3.3
    endloop
  endfacet
  facet normal -0.831601 -0.555374 0
    outer loop
      vertex 57.5606 9.85 3.3
      vertex 57.4807 9.96964 11.4
      vertex 57.4807 9.96964 3.3
    endloop
  endfacet
  facet normal -0.831601 -0.555374 0
    outer loop
      vertex 57.4807 9.96964 11.4
      vertex 57.5606 9.85 3.3
      vertex 57.5606 9.85 11.4
    endloop
  endfacet
  facet normal 0.980746 -0.195287 0
    outer loop
      vertex 55.5174 9.44358 11.4
      vertex 55.5455 9.5847 3.3
      vertex 55.5455 9.5847 11.4
    endloop
  endfacet
  facet normal 0.980746 -0.195287 0
    outer loop
      vertex 55.5455 9.5847 3.3
      vertex 55.5174 9.44358 11.4
      vertex 55.5174 9.44358 3.3
    endloop
  endfacet
  facet normal -0.997864 0.0653289 0
    outer loop
      vertex 57.6986 9.15642 3.3
      vertex 57.708 9.3 11.4
      vertex 57.708 9.3 3.3
    endloop
  endfacet
  facet normal -0.997864 0.0653289 0
    outer loop
      vertex 57.708 9.3 11.4
      vertex 57.6986 9.15642 3.3
      vertex 57.6986 9.15642 11.4
    endloop
  endfacet
  facet normal 0.997864 0.0653289 0
    outer loop
      vertex 55.5174 9.15642 11.4
      vertex 55.508 9.3 3.3
      vertex 55.508 9.3 11.4
    endloop
  endfacet
  facet normal 0.997864 0.0653289 0
    outer loop
      vertex 55.508 9.3 3.3
      vertex 55.5174 9.15642 11.4
      vertex 55.5174 9.15642 3.3
    endloop
  endfacet
  facet normal 0.947037 0.321124 0
    outer loop
      vertex 55.5917 8.87905 11.4
      vertex 55.5455 9.0153 3.3
      vertex 55.5455 9.0153 11.4
    endloop
  endfacet
  facet normal 0.947037 0.321124 0
    outer loop
      vertex 55.5455 9.0153 3.3
      vertex 55.5917 8.87905 11.4
      vertex 55.5917 8.87905 3.3
    endloop
  endfacet
  facet normal -0.321018 -0.947073 0
    outer loop
      vertex 56.8927 10.3625 3.3
      vertex 57.029 10.3163 11.4
      vertex 56.8927 10.3625 11.4
    endloop
  endfacet
  facet normal -0.321018 -0.947073 -0
    outer loop
      vertex 57.029 10.3163 11.4
      vertex 56.8927 10.3625 3.3
      vertex 57.029 10.3163 3.3
    endloop
  endfacet
  facet normal -0.555694 0.831387 0
    outer loop
      vertex 57.2776 8.42731 3.3
      vertex 57.158 8.34737 11.4
      vertex 57.2776 8.42731 11.4
    endloop
  endfacet
  facet normal -0.555694 0.831387 0
    outer loop
      vertex 57.158 8.34737 11.4
      vertex 57.2776 8.42731 3.3
      vertex 57.158 8.34737 3.3
    endloop
  endfacet
  facet normal 0.555694 0.831387 -0
    outer loop
      vertex 56.058 8.34737 3.3
      vertex 55.9384 8.42731 11.4
      vertex 56.058 8.34737 11.4
    endloop
  endfacet
  facet normal 0.555694 0.831387 0
    outer loop
      vertex 55.9384 8.42731 11.4
      vertex 56.058 8.34737 3.3
      vertex 55.9384 8.42731 3.3
    endloop
  endfacet
  facet normal 0.65939 -0.751801 0
    outer loop
      vertex 55.8302 10.0778 3.3
      vertex 55.9384 10.1727 11.4
      vertex 55.8302 10.0778 11.4
    endloop
  endfacet
  facet normal 0.65939 -0.751801 0
    outer loop
      vertex 55.9384 10.1727 11.4
      vertex 55.8302 10.0778 3.3
      vertex 55.9384 10.1727 3.3
    endloop
  endfacet
  facet normal 0.065389 0.99786 -0
    outer loop
      vertex 56.608 8.2 3.3
      vertex 56.4644 8.20941 11.4
      vertex 56.608 8.2 11.4
    endloop
  endfacet
  facet normal 0.065389 0.99786 0
    outer loop
      vertex 56.4644 8.20941 11.4
      vertex 56.608 8.2 3.3
      vertex 56.4644 8.20941 3.3
    endloop
  endfacet
  facet normal 0.751741 0.659458 0
    outer loop
      vertex 55.8302 8.52218 11.4
      vertex 55.7353 8.63036 3.3
      vertex 55.7353 8.63036 11.4
    endloop
  endfacet
  facet normal 0.751741 0.659458 0
    outer loop
      vertex 55.7353 8.63036 3.3
      vertex 55.8302 8.52218 11.4
      vertex 55.8302 8.52218 3.3
    endloop
  endfacet
  facet normal 0.44276 -0.89664 0
    outer loop
      vertex 56.058 10.2526 3.3
      vertex 56.187 10.3163 11.4
      vertex 56.058 10.2526 11.4
    endloop
  endfacet
  facet normal 0.44276 -0.89664 0
    outer loop
      vertex 56.187 10.3163 11.4
      vertex 56.058 10.2526 3.3
      vertex 56.187 10.3163 3.3
    endloop
  endfacet
  facet normal -0.896708 -0.442622 0
    outer loop
      vertex 57.6243 9.72095 3.3
      vertex 57.5606 9.85 11.4
      vertex 57.5606 9.85 3.3
    endloop
  endfacet
  facet normal -0.896708 -0.442622 0
    outer loop
      vertex 57.5606 9.85 11.4
      vertex 57.6243 9.72095 3.3
      vertex 57.6243 9.72095 11.4
    endloop
  endfacet
  facet normal -0.831601 0.555374 0
    outer loop
      vertex 57.4807 8.63036 3.3
      vertex 57.5606 8.75 11.4
      vertex 57.5606 8.75 3.3
    endloop
  endfacet
  facet normal -0.831601 0.555374 0
    outer loop
      vertex 57.5606 8.75 11.4
      vertex 57.4807 8.63036 3.3
      vertex 57.4807 8.63036 11.4
    endloop
  endfacet
  facet normal -0.44276 -0.89664 0
    outer loop
      vertex 57.029 10.3163 3.3
      vertex 57.158 10.2526 11.4
      vertex 57.029 10.3163 11.4
    endloop
  endfacet
  facet normal -0.44276 -0.89664 -0
    outer loop
      vertex 57.158 10.2526 11.4
      vertex 57.029 10.3163 3.3
      vertex 57.158 10.2526 3.3
    endloop
  endfacet
  facet normal -0.947037 0.321124 0
    outer loop
      vertex 57.6243 8.87905 3.3
      vertex 57.6705 9.0153 11.4
      vertex 57.6705 9.0153 3.3
    endloop
  endfacet
  facet normal -0.947037 0.321124 0
    outer loop
      vertex 57.6705 9.0153 11.4
      vertex 57.6243 8.87905 3.3
      vertex 57.6243 8.87905 11.4
    endloop
  endfacet
  facet normal -0.0653198 -0.997864 0
    outer loop
      vertex 56.608 10.4 3.3
      vertex 56.7516 10.3906 11.4
      vertex 56.608 10.4 11.4
    endloop
  endfacet
  facet normal -0.0653198 -0.997864 -0
    outer loop
      vertex 56.7516 10.3906 11.4
      vertex 56.608 10.4 3.3
      vertex 56.7516 10.3906 3.3
    endloop
  endfacet
  facet normal 0.947037 -0.321124 0
    outer loop
      vertex 55.5455 9.5847 11.4
      vertex 55.5917 9.72095 3.3
      vertex 55.5917 9.72095 11.4
    endloop
  endfacet
  facet normal 0.947037 -0.321124 0
    outer loop
      vertex 55.5917 9.72095 3.3
      vertex 55.5455 9.5847 11.4
      vertex 55.5455 9.5847 3.3
    endloop
  endfacet
  facet normal 0.321018 -0.947073 0
    outer loop
      vertex 56.187 10.3163 3.3
      vertex 56.3233 10.3625 11.4
      vertex 56.187 10.3163 11.4
    endloop
  endfacet
  facet normal 0.321018 -0.947073 0
    outer loop
      vertex 56.3233 10.3625 11.4
      vertex 56.187 10.3163 3.3
      vertex 56.3233 10.3625 3.3
    endloop
  endfacet
  facet normal -0.195113 0.980781 0
    outer loop
      vertex 56.8927 8.23748 3.3
      vertex 56.7516 8.20941 11.4
      vertex 56.8927 8.23748 11.4
    endloop
  endfacet
  facet normal -0.195113 0.980781 0
    outer loop
      vertex 56.7516 8.20941 11.4
      vertex 56.8927 8.23748 3.3
      vertex 56.7516 8.20941 3.3
    endloop
  endfacet
  facet normal -0.896708 0.442622 0
    outer loop
      vertex 57.5606 8.75 3.3
      vertex 57.6243 8.87905 11.4
      vertex 57.6243 8.87905 3.3
    endloop
  endfacet
  facet normal -0.896708 0.442622 0
    outer loop
      vertex 57.6243 8.87905 11.4
      vertex 57.5606 8.75 3.3
      vertex 57.5606 8.75 11.4
    endloop
  endfacet
  facet normal -0.065389 0.99786 0
    outer loop
      vertex 56.7516 8.20941 3.3
      vertex 56.608 8.2 11.4
      vertex 56.7516 8.20941 11.4
    endloop
  endfacet
  facet normal -0.065389 0.99786 0
    outer loop
      vertex 56.608 8.2 11.4
      vertex 56.7516 8.20941 3.3
      vertex 56.608 8.2 3.3
    endloop
  endfacet
  facet normal 0.997864 -0.0653289 0
    outer loop
      vertex 55.508 9.3 11.4
      vertex 55.5174 9.44358 3.3
      vertex 55.5174 9.44358 11.4
    endloop
  endfacet
  facet normal 0.997864 -0.0653289 0
    outer loop
      vertex 55.5174 9.44358 3.3
      vertex 55.508 9.3 11.4
      vertex 55.508 9.3 3.3
    endloop
  endfacet
  facet normal 0.659272 0.751905 -0
    outer loop
      vertex 55.9384 8.42731 3.3
      vertex 55.8302 8.52218 11.4
      vertex 55.9384 8.42731 11.4
    endloop
  endfacet
  facet normal 0.659272 0.751905 0
    outer loop
      vertex 55.8302 8.52218 11.4
      vertex 55.9384 8.42731 3.3
      vertex 55.8302 8.52218 3.3
    endloop
  endfacet
  facet normal 0.555502 -0.831515 0
    outer loop
      vertex 55.9384 10.1727 3.3
      vertex 56.058 10.2526 11.4
      vertex 55.9384 10.1727 11.4
    endloop
  endfacet
  facet normal 0.555502 -0.831515 0
    outer loop
      vertex 56.058 10.2526 11.4
      vertex 55.9384 10.1727 3.3
      vertex 56.058 10.2526 3.3
    endloop
  endfacet
  facet normal 0.32133 0.946967 -0
    outer loop
      vertex 56.3233 8.23748 3.3
      vertex 56.187 8.28373 11.4
      vertex 56.3233 8.23748 11.4
    endloop
  endfacet
  facet normal 0.32133 0.946967 0
    outer loop
      vertex 56.187 8.28373 11.4
      vertex 56.3233 8.23748 3.3
      vertex 56.187 8.28373 3.3
    endloop
  endfacet
  facet normal -0.65939 -0.751801 0
    outer loop
      vertex 57.2776 10.1727 3.3
      vertex 57.3858 10.0778 11.4
      vertex 57.2776 10.1727 11.4
    endloop
  endfacet
  facet normal -0.65939 -0.751801 -0
    outer loop
      vertex 57.3858 10.0778 11.4
      vertex 57.2776 10.1727 3.3
      vertex 57.3858 10.0778 3.3
    endloop
  endfacet
  facet normal 0.195314 -0.980741 0
    outer loop
      vertex 56.3233 10.3625 3.3
      vertex 56.4644 10.3906 11.4
      vertex 56.3233 10.3625 11.4
    endloop
  endfacet
  facet normal 0.195314 -0.980741 0
    outer loop
      vertex 56.4644 10.3906 11.4
      vertex 56.3233 10.3625 3.3
      vertex 56.4644 10.3906 3.3
    endloop
  endfacet
  facet normal 0.195113 0.980781 -0
    outer loop
      vertex 56.4644 8.20941 3.3
      vertex 56.3233 8.23748 11.4
      vertex 56.4644 8.20941 11.4
    endloop
  endfacet
  facet normal 0.195113 0.980781 0
    outer loop
      vertex 56.3233 8.23748 11.4
      vertex 56.4644 8.20941 3.3
      vertex 56.3233 8.23748 3.3
    endloop
  endfacet
  facet normal -0.947037 -0.321124 0
    outer loop
      vertex 57.6705 9.5847 3.3
      vertex 57.6243 9.72095 11.4
      vertex 57.6243 9.72095 3.3
    endloop
  endfacet
  facet normal -0.947037 -0.321124 0
    outer loop
      vertex 57.6243 9.72095 11.4
      vertex 57.6705 9.5847 3.3
      vertex 57.6705 9.5847 11.4
    endloop
  endfacet
  facet normal 0.0653198 -0.997864 0
    outer loop
      vertex 56.4644 10.3906 3.3
      vertex 56.608 10.4 11.4
      vertex 56.4644 10.3906 11.4
    endloop
  endfacet
  facet normal 0.0653198 -0.997864 0
    outer loop
      vertex 56.608 10.4 11.4
      vertex 56.4644 10.3906 3.3
      vertex 56.608 10.4 3.3
    endloop
  endfacet
  facet normal 0.831601 -0.555374 0
    outer loop
      vertex 55.6554 9.85 11.4
      vertex 55.7353 9.96964 3.3
      vertex 55.7353 9.96964 11.4
    endloop
  endfacet
  facet normal 0.831601 -0.555374 0
    outer loop
      vertex 55.7353 9.96964 3.3
      vertex 55.6554 9.85 11.4
      vertex 55.6554 9.85 3.3
    endloop
  endfacet
  facet normal -0.751681 -0.659527 0
    outer loop
      vertex 57.4807 9.96964 3.3
      vertex 57.3858 10.0778 11.4
      vertex 57.3858 10.0778 3.3
    endloop
  endfacet
  facet normal -0.751681 -0.659527 0
    outer loop
      vertex 57.3858 10.0778 11.4
      vertex 57.4807 9.96964 3.3
      vertex 57.4807 9.96964 11.4
    endloop
  endfacet
  facet normal 0.896708 0.442622 0
    outer loop
      vertex 55.6554 8.75 11.4
      vertex 55.5917 8.87905 3.3
      vertex 55.5917 8.87905 11.4
    endloop
  endfacet
  facet normal 0.896708 0.442622 0
    outer loop
      vertex 55.5917 8.87905 3.3
      vertex 55.6554 8.75 11.4
      vertex 55.6554 8.75 3.3
    endloop
  endfacet
  facet normal 0.831601 0.555374 0
    outer loop
      vertex 55.7353 8.63036 11.4
      vertex 55.6554 8.75 3.3
      vertex 55.6554 8.75 11.4
    endloop
  endfacet
  facet normal 0.831601 0.555374 0
    outer loop
      vertex 55.6554 8.75 3.3
      vertex 55.7353 8.63036 11.4
      vertex 55.7353 8.63036 3.3
    endloop
  endfacet
  facet normal 0.896708 -0.442622 0
    outer loop
      vertex 55.5917 9.72095 11.4
      vertex 55.6554 9.85 3.3
      vertex 55.6554 9.85 11.4
    endloop
  endfacet
  facet normal 0.896708 -0.442622 0
    outer loop
      vertex 55.6554 9.85 3.3
      vertex 55.5917 9.72095 11.4
      vertex 55.5917 9.72095 3.3
    endloop
  endfacet
  facet normal -0.659272 0.751905 0
    outer loop
      vertex 57.3858 8.52218 3.3
      vertex 57.2776 8.42731 11.4
      vertex 57.3858 8.52218 11.4
    endloop
  endfacet
  facet normal -0.659272 0.751905 0
    outer loop
      vertex 57.2776 8.42731 11.4
      vertex 57.3858 8.52218 3.3
      vertex 57.2776 8.42731 3.3
    endloop
  endfacet
  facet normal -0.751741 0.659458 0
    outer loop
      vertex 57.3858 8.52218 3.3
      vertex 57.4807 8.63036 11.4
      vertex 57.4807 8.63036 3.3
    endloop
  endfacet
  facet normal -0.751741 0.659458 0
    outer loop
      vertex 57.4807 8.63036 11.4
      vertex 57.3858 8.52218 3.3
      vertex 57.3858 8.52218 11.4
    endloop
  endfacet
  facet normal 0.442424 0.896806 -0
    outer loop
      vertex 56.187 8.28373 3.3
      vertex 56.058 8.34737 11.4
      vertex 56.187 8.28373 11.4
    endloop
  endfacet
  facet normal 0.442424 0.896806 0
    outer loop
      vertex 56.058 8.34737 11.4
      vertex 56.187 8.28373 3.3
      vertex 56.058 8.34737 3.3
    endloop
  endfacet
  facet normal -0.725131 -0.0475239 0.686969
    outer loop
      vertex 9.1 9.3 11.4
      vertex 9.95214 9.30756 12.3
      vertex 9.09059 9.44358 11.4
    endloop
  endfacet
  facet normal -0.725151 -0.0470005 0.686984
    outer loop
      vertex 9.95214 9.30756 12.3
      vertex 9.1 9.3 11.4
      vertex 9.95263 9.3 12.3
    endloop
  endfacet
  facet normal -0.479134 -0.546371 0.686956
    outer loop
      vertex 9.37502 10.6857 12.3
      vertex 9.18869 10.8491 12.3
      vertex 8.66964 10.1727 11.4
    endloop
  endfacet
  facet normal -0.0474747 -0.72515 0.686952
    outer loop
      vertex 8.14358 10.3906 11.4
      vertex 8.24731 11.2364 12.3
      vertex 8 10.4 11.4
    endloop
  endfacet
  facet normal -0.0479567 -0.725106 0.686966
    outer loop
      vertex 8.24731 11.2364 12.3
      vertex 8.14358 10.3906 11.4
      vertex 8.25487 11.2359 12.3
    endloop
  endfacet
  facet normal 0.687487 -0.235295 0.687021
    outer loop
      vertex 6.19357 10.0401 12.3
      vertex 6.98373 9.72095 11.4
      vertex 6.196 10.0472 12.3
    endloop
  endfacet
  facet normal 0.688121 -0.233582 0.686971
    outer loop
      vertex 6.98373 9.72095 11.4
      vertex 6.19357 10.0401 12.3
      vertex 6.93748 9.5847 11.4
    endloop
  endfacet
  facet normal 0.546357 0.479136 0.686966
    outer loop
      vertex 6.61429 7.92497 12.3
      vertex 7.22218 8.52218 11.4
      vertex 7.12731 8.63036 11.4
    endloop
  endfacet
  facet normal 0.546354 0.47914 0.686967
    outer loop
      vertex 7.22218 8.52218 11.4
      vertex 6.61429 7.92497 12.3
      vertex 6.61928 7.91928 12.3
    endloop
  endfacet
  facet normal -0.688128 -0.233568 0.686969
    outer loop
      vertex 9.8861 9.80538 12.3
      vertex 9.80643 10.0401 12.3
      vertex 9.06252 9.5847 11.4
    endloop
  endfacet
  facet normal -0.546295 -0.479203 0.686968
    outer loop
      vertex 9.54913 10.4887 12.3
      vertex 9.38571 10.675 12.3
      vertex 8.87269 9.96964 11.4
    endloop
  endfacet
  facet normal 0.725134 0.0475241 0.686966
    outer loop
      vertex 6.06358 9.05269 12.3
      vertex 6.90941 9.15642 11.4
      vertex 6.9 9.3 11.4
    endloop
  endfacet
  facet normal 0.725182 0.0470025 0.686951
    outer loop
      vertex 6.90941 9.15642 11.4
      vertex 6.06358 9.05269 12.3
      vertex 6.06407 9.04513 12.3
    endloop
  endfacet
  facet normal 0.0475006 -0.725146 0.686955
    outer loop
      vertex 8 10.4 11.4
      vertex 8 11.2526 12.3
      vertex 7.75269 11.2364 12.3
    endloop
  endfacet
  facet normal 0.546785 -0.478677 0.686946
    outer loop
      vertex 6.61429 10.675 12.3
      vertex 7.22218 10.0778 11.4
      vertex 6.61928 10.6807 12.3
    endloop
  endfacet
  facet normal 0.546314 -0.479186 0.686965
    outer loop
      vertex 7.22218 10.0778 11.4
      vertex 6.61429 10.675 12.3
      vertex 7.12731 9.96964 11.4
    endloop
  endfacet
  facet normal 0.325436 -0.649915 0.686805
    outer loop
      vertex 7.24597 11.1006 12.3
      vertex 7.57905 10.3163 11.4
      vertex 7.25276 11.104 12.3
    endloop
  endfacet
  facet normal 0.321664 -0.65166 0.686929
    outer loop
      vertex 7.57905 10.3163 11.4
      vertex 7.24597 11.1006 12.3
      vertex 7.45 10.2526 11.4
    endloop
  endfacet
  facet normal 0.688129 0.233569 0.686968
    outer loop
      vertex 6.196 8.55276 12.3
      vertex 6.98373 8.87905 11.4
      vertex 6.11634 8.78745 12.3
    endloop
  endfacet
  facet normal 0.712707 0.141966 0.686945
    outer loop
      vertex 6.93748 9.0153 11.4
      vertex 6.06407 9.04513 12.3
      vertex 6.06555 9.0377 12.3
    endloop
  endfacet
  facet normal 0.712724 0.141767 0.686969
    outer loop
      vertex 6.06407 9.04513 12.3
      vertex 6.93748 9.0153 11.4
      vertex 6.90941 9.15642 11.4
    endloop
  endfacet
  facet normal 0.604658 -0.403106 0.686946
    outer loop
      vertex 6.44667 10.4824 12.3
      vertex 7.12731 9.96964 11.4
      vertex 6.45087 10.4887 12.3
    endloop
  endfacet
  facet normal 0.604221 -0.403723 0.686967
    outer loop
      vertex 7.12731 9.96964 11.4
      vertex 6.44667 10.4824 12.3
      vertex 7.04737 9.85 11.4
    endloop
  endfacet
  facet normal 0.651752 -0.321407 0.686962
    outer loop
      vertex 6.19935 10.054 12.3
      vertex 6.98373 9.72095 11.4
      vertex 7.04737 9.85 11.4
    endloop
  endfacet
  facet normal 0.651873 -0.321143 0.68697
    outer loop
      vertex 6.98373 9.72095 11.4
      vertex 6.19935 10.054 12.3
      vertex 6.196 10.0472 12.3
    endloop
  endfacet
  facet normal -0.233367 -0.688229 0.686936
    outer loop
      vertex 8.42095 10.3163 11.4
      vertex 8.74007 11.1064 12.3
      vertex 8.2847 10.3625 11.4
    endloop
  endfacet
  facet normal -0.230698 -0.689212 0.686852
    outer loop
      vertex 8.74007 11.1064 12.3
      vertex 8.42095 10.3163 11.4
      vertex 8.74724 11.104 12.3
    endloop
  endfacet
  facet normal -0.478677 0.546785 0.686946
    outer loop
      vertex 8.77782 8.52218 11.4
      vertex 9.37502 7.91429 12.3
      vertex 9.38072 7.91928 12.3
    endloop
  endfacet
  facet normal -0.479137 0.546359 0.686964
    outer loop
      vertex 9.37502 7.91429 12.3
      vertex 8.77782 8.52218 11.4
      vertex 8.66964 8.42731 11.4
    endloop
  endfacet
  facet normal 0.712725 -0.141765 0.686968
    outer loop
      vertex 6.93748 9.5847 11.4
      vertex 6.1139 9.80538 12.3
      vertex 6.06555 9.5623 12.3
    endloop
  endfacet
  facet normal -0.546357 0.479136 0.686966
    outer loop
      vertex 8.77782 8.52218 11.4
      vertex 9.38571 7.92497 12.3
      vertex 8.87269 8.63036 11.4
    endloop
  endfacet
  facet normal -0.546354 0.47914 0.686967
    outer loop
      vertex 9.38571 7.92497 12.3
      vertex 8.77782 8.52218 11.4
      vertex 9.38072 7.91928 12.3
    endloop
  endfacet
  facet normal -0.321414 0.651742 0.686968
    outer loop
      vertex 8.74724 7.496 12.3
      vertex 8.96952 7.60562 12.3
      vertex 8.42095 8.28373 11.4
    endloop
  endfacet
  facet normal -0.403533 -0.604339 0.686976
    outer loop
      vertex 8.55 10.2526 11.4
      vertex 8.98261 10.9868 12.3
      vertex 8.97632 10.991 12.3
    endloop
  endfacet
  facet normal -0.40358 -0.604309 0.686974
    outer loop
      vertex 8.98261 10.9868 12.3
      vertex 8.55 10.2526 11.4
      vertex 8.66964 10.1727 11.4
    endloop
  endfacet
  facet normal -0.688129 0.233569 0.686968
    outer loop
      vertex 9.804 8.55276 12.3
      vertex 9.88366 8.78745 12.3
      vertex 9.01627 8.87905 11.4
    endloop
  endfacet
  facet normal 0.233595 0.688119 0.686968
    outer loop
      vertex 7.49462 7.4139 12.3
      vertex 7.7153 8.23748 11.4
      vertex 7.25993 7.49357 12.3
    endloop
  endfacet
  facet normal -0.233672 -0.688088 0.686973
    outer loop
      vertex 8.74007 11.1064 12.3
      vertex 8.50538 11.1861 12.3
      vertex 8.2847 10.3625 11.4
    endloop
  endfacet
  facet normal 0.479136 0.546357 0.686966
    outer loop
      vertex 7.22218 8.52218 11.4
      vertex 6.62497 7.91429 12.3
      vertex 7.33036 8.42731 11.4
    endloop
  endfacet
  facet normal 0.47914 0.546354 0.686967
    outer loop
      vertex 6.62497 7.91429 12.3
      vertex 7.22218 8.52218 11.4
      vertex 6.61928 7.91928 12.3
    endloop
  endfacet
  facet normal 0.403724 0.604223 0.686966
    outer loop
      vertex 7.01739 7.61318 12.3
      vertex 7.45 8.34737 11.4
      vertex 7.33036 8.42731 11.4
    endloop
  endfacet
  facet normal 0.404211 0.603916 0.686949
    outer loop
      vertex 7.45 8.34737 11.4
      vertex 7.01739 7.61318 12.3
      vertex 7.02368 7.60897 12.3
    endloop
  endfacet
  facet normal -0.0475239 0.725131 0.686969
    outer loop
      vertex 8 8.2 11.4
      vertex 8.00756 7.34786 12.3
      vertex 8.14358 8.20941 11.4
    endloop
  endfacet
  facet normal -0.0470005 0.725151 0.686984
    outer loop
      vertex 8.00756 7.34786 12.3
      vertex 8 8.2 11.4
      vertex 8 7.34737 12.3
    endloop
  endfacet
  facet normal 0.604223 0.403724 0.686966
    outer loop
      vertex 7.04737 8.75 11.4
      vertex 6.31318 8.31739 12.3
      vertex 7.12731 8.63036 11.4
    endloop
  endfacet
  facet normal 0.603916 0.404211 0.686949
    outer loop
      vertex 6.31318 8.31739 12.3
      vertex 7.04737 8.75 11.4
      vertex 6.30897 8.32368 12.3
    endloop
  endfacet
  facet normal 0.0479567 -0.725106 0.686966
    outer loop
      vertex 7.85642 10.3906 11.4
      vertex 7.75269 11.2364 12.3
      vertex 7.74513 11.2359 12.3
    endloop
  endfacet
  facet normal 0.0474747 -0.72515 0.686952
    outer loop
      vertex 7.75269 11.2364 12.3
      vertex 7.85642 10.3906 11.4
      vertex 8 10.4 11.4
    endloop
  endfacet
  facet normal 0.60423 0.403709 0.686968
    outer loop
      vertex 6.45087 8.11131 12.3
      vertex 7.12731 8.63036 11.4
      vertex 6.31318 8.31739 12.3
    endloop
  endfacet
  facet normal -0.403737 -0.604227 0.686954
    outer loop
      vertex 9.18869 10.8491 12.3
      vertex 8.98261 10.9868 12.3
      vertex 8.66964 10.1727 11.4
    endloop
  endfacet
  facet normal 0.725133 -0.047529 0.686967
    outer loop
      vertex 6.9 9.3 11.4
      vertex 6.06358 9.54731 12.3
      vertex 6.04737 9.3 12.3
    endloop
  endfacet
  facet normal 0.725133 0.047529 0.686967
    outer loop
      vertex 6.06358 9.05269 12.3
      vertex 6.9 9.3 11.4
      vertex 6.04737 9.3 12.3
    endloop
  endfacet
  facet normal -0.141623 -0.71275 0.686972
    outer loop
      vertex 8.2847 10.3625 11.4
      vertex 8.50538 11.1861 12.3
      vertex 8.2623 11.2344 12.3
    endloop
  endfacet
  facet normal -0.0475006 -0.725146 0.686955
    outer loop
      vertex 8.24731 11.2364 12.3
      vertex 8 11.2526 12.3
      vertex 8 10.4 11.4
    endloop
  endfacet
  facet normal 0.688128 -0.233568 0.686969
    outer loop
      vertex 6.93748 9.5847 11.4
      vertex 6.19357 10.0401 12.3
      vertex 6.1139 9.80538 12.3
    endloop
  endfacet
  facet normal -0.688123 0.233583 0.686968
    outer loop
      vertex 9.01627 8.87905 11.4
      vertex 9.8861 8.79462 12.3
      vertex 9.06252 9.0153 11.4
    endloop
  endfacet
  facet normal -0.688002 0.234132 0.686903
    outer loop
      vertex 9.8861 8.79462 12.3
      vertex 9.01627 8.87905 11.4
      vertex 9.88366 8.78745 12.3
    endloop
  endfacet
  facet normal 0.141623 -0.71275 0.686972
    outer loop
      vertex 7.7153 10.3625 11.4
      vertex 7.7377 11.2344 12.3
      vertex 7.49462 11.1861 12.3
    endloop
  endfacet
  facet normal -0.321148 0.651883 0.686958
    outer loop
      vertex 8.55 8.34737 11.4
      vertex 8.96952 7.60562 12.3
      vertex 8.97632 7.60897 12.3
    endloop
  endfacet
  facet normal -0.321405 0.651748 0.686967
    outer loop
      vertex 8.96952 7.60562 12.3
      vertex 8.55 8.34737 11.4
      vertex 8.42095 8.28373 11.4
    endloop
  endfacet
  facet normal -0.403724 0.604223 0.686966
    outer loop
      vertex 8.55 8.34737 11.4
      vertex 8.98261 7.61318 12.3
      vertex 8.66964 8.42731 11.4
    endloop
  endfacet
  facet normal -0.404211 0.603916 0.686949
    outer loop
      vertex 8.98261 7.61318 12.3
      vertex 8.55 8.34737 11.4
      vertex 8.97632 7.60897 12.3
    endloop
  endfacet
  facet normal -0.141917 -0.712715 0.686947
    outer loop
      vertex 8.2847 10.3625 11.4
      vertex 8.25487 11.2359 12.3
      vertex 8.14358 10.3906 11.4
    endloop
  endfacet
  facet normal -0.143852 -0.712547 0.686719
    outer loop
      vertex 8.25487 11.2359 12.3
      vertex 8.2847 10.3625 11.4
      vertex 8.2623 11.2344 12.3
    endloop
  endfacet
  facet normal -0.725151 0.0470005 0.686984
    outer loop
      vertex 9.1 9.3 11.4
      vertex 9.95214 9.29244 12.3
      vertex 9.95263 9.3 12.3
    endloop
  endfacet
  facet normal -0.725131 0.0475239 0.686969
    outer loop
      vertex 9.95214 9.29244 12.3
      vertex 9.1 9.3 11.4
      vertex 9.09059 9.15642 11.4
    endloop
  endfacet
  facet normal -0.725131 -0.0475289 0.686969
    outer loop
      vertex 9.95214 9.30756 12.3
      vertex 9.93593 9.55487 12.3
      vertex 9.09059 9.44358 11.4
    endloop
  endfacet
  facet normal -0.712725 0.141765 0.686968
    outer loop
      vertex 9.8861 8.79462 12.3
      vertex 9.93445 9.0377 12.3
      vertex 9.06252 9.0153 11.4
    endloop
  endfacet
  facet normal -0.725131 0.0475289 0.686969
    outer loop
      vertex 9.93593 9.04513 12.3
      vertex 9.95214 9.29244 12.3
      vertex 9.09059 9.15642 11.4
    endloop
  endfacet
  facet normal 0.321404 0.651747 0.686968
    outer loop
      vertex 7.24597 7.49935 12.3
      vertex 7.57905 8.28373 11.4
      vertex 7.45 8.34737 11.4
    endloop
  endfacet
  facet normal 0.321527 0.651691 0.686964
    outer loop
      vertex 7.57905 8.28373 11.4
      vertex 7.24597 7.49935 12.3
      vertex 7.25276 7.496 12.3
    endloop
  endfacet
  facet normal -0.479204 -0.546293 0.686969
    outer loop
      vertex 9.37502 10.6857 12.3
      vertex 8.77782 10.0778 11.4
      vertex 9.38072 10.6807 12.3
    endloop
  endfacet
  facet normal -0.479219 -0.54628 0.68697
    outer loop
      vertex 8.77782 10.0778 11.4
      vertex 9.37502 10.6857 12.3
      vertex 8.66964 10.1727 11.4
    endloop
  endfacet
  facet normal 0.479145 0.546347 0.686968
    outer loop
      vertex 6.81131 7.75087 12.3
      vertex 7.33036 8.42731 11.4
      vertex 6.62497 7.91429 12.3
    endloop
  endfacet
  facet normal 0.725182 -0.0470025 0.686951
    outer loop
      vertex 6.06358 9.54731 12.3
      vertex 6.90941 9.44358 11.4
      vertex 6.06407 9.55487 12.3
    endloop
  endfacet
  facet normal 0.725134 -0.0475241 0.686966
    outer loop
      vertex 6.90941 9.44358 11.4
      vertex 6.06358 9.54731 12.3
      vertex 6.9 9.3 11.4
    endloop
  endfacet
  facet normal -0.651748 0.321405 0.686967
    outer loop
      vertex 8.95263 8.75 11.4
      vertex 9.69438 8.33048 12.3
      vertex 9.01627 8.87905 11.4
    endloop
  endfacet
  facet normal -0.651883 0.321148 0.686958
    outer loop
      vertex 9.69438 8.33048 12.3
      vertex 8.95263 8.75 11.4
      vertex 9.69103 8.32368 12.3
    endloop
  endfacet
  facet normal -0.651757 -0.321393 0.686964
    outer loop
      vertex 9.80065 10.054 12.3
      vertex 9.69103 10.2763 12.3
      vertex 8.95263 9.85 11.4
    endloop
  endfacet
  facet normal -0.141043 0.712892 0.686944
    outer loop
      vertex 8.2847 8.23748 11.4
      vertex 8.49795 7.41243 12.3
      vertex 8.50538 7.4139 12.3
    endloop
  endfacet
  facet normal -0.141768 0.712728 0.686965
    outer loop
      vertex 8.49795 7.41243 12.3
      vertex 8.2847 8.23748 11.4
      vertex 8.14358 8.20941 11.4
    endloop
  endfacet
  facet normal 0.0475289 0.725131 0.686969
    outer loop
      vertex 7.99244 7.34786 12.3
      vertex 7.85642 8.20941 11.4
      vertex 7.74513 7.36407 12.3
    endloop
  endfacet
  facet normal 0.230698 -0.689212 0.686852
    outer loop
      vertex 7.57905 10.3163 11.4
      vertex 7.25993 11.1064 12.3
      vertex 7.25276 11.104 12.3
    endloop
  endfacet
  facet normal 0.233367 -0.688229 0.686936
    outer loop
      vertex 7.25993 11.1064 12.3
      vertex 7.57905 10.3163 11.4
      vertex 7.7153 10.3625 11.4
    endloop
  endfacet
  facet normal 0.546295 -0.479203 0.686968
    outer loop
      vertex 7.12731 9.96964 11.4
      vertex 6.61429 10.675 12.3
      vertex 6.45087 10.4887 12.3
    endloop
  endfacet
  facet normal 0.321403 0.651748 0.686968
    outer loop
      vertex 7.24597 7.49935 12.3
      vertex 7.45 8.34737 11.4
      vertex 7.02368 7.60897 12.3
    endloop
  endfacet
  facet normal -0.141793 0.71272 0.686968
    outer loop
      vertex 8.25487 7.36407 12.3
      vertex 8.49795 7.41243 12.3
      vertex 8.14358 8.20941 11.4
    endloop
  endfacet
  facet normal -0.0475289 0.725131 0.686969
    outer loop
      vertex 8.25487 7.36407 12.3
      vertex 8.14358 8.20941 11.4
      vertex 8.00756 7.34786 12.3
    endloop
  endfacet
  facet normal -0.233255 0.688246 0.686957
    outer loop
      vertex 8.42095 8.28373 11.4
      vertex 8.74007 7.49357 12.3
      vertex 8.74724 7.496 12.3
    endloop
  endfacet
  facet normal -0.233584 0.688125 0.686967
    outer loop
      vertex 8.74007 7.49357 12.3
      vertex 8.42095 8.28373 11.4
      vertex 8.2847 8.23748 11.4
    endloop
  endfacet
  facet normal 0.143852 -0.712547 0.686719
    outer loop
      vertex 7.7153 10.3625 11.4
      vertex 7.74513 11.2359 12.3
      vertex 7.7377 11.2344 12.3
    endloop
  endfacet
  facet normal 0.141917 -0.712715 0.686947
    outer loop
      vertex 7.74513 11.2359 12.3
      vertex 7.7153 10.3625 11.4
      vertex 7.85642 10.3906 11.4
    endloop
  endfacet
  facet normal -0.403709 0.60423 0.686968
    outer loop
      vertex 8.98261 7.61318 12.3
      vertex 9.18869 7.75087 12.3
      vertex 8.66964 8.42731 11.4
    endloop
  endfacet
  facet normal -0.47916 0.546334 0.686967
    outer loop
      vertex 9.18869 7.75087 12.3
      vertex 9.37502 7.91429 12.3
      vertex 8.66964 8.42731 11.4
    endloop
  endfacet
  facet normal 0.651757 -0.321393 0.686964
    outer loop
      vertex 7.04737 9.85 11.4
      vertex 6.30897 10.2763 12.3
      vertex 6.19935 10.054 12.3
    endloop
  endfacet
  facet normal 0.403709 0.60423 0.686968
    outer loop
      vertex 7.01739 7.61318 12.3
      vertex 7.33036 8.42731 11.4
      vertex 6.81131 7.75087 12.3
    endloop
  endfacet
  facet normal -0.546347 0.479145 0.686968
    outer loop
      vertex 9.38571 7.92497 12.3
      vertex 9.54913 8.11131 12.3
      vertex 8.87269 8.63036 11.4
    endloop
  endfacet
  facet normal -0.712724 0.141767 0.686969
    outer loop
      vertex 9.06252 9.0153 11.4
      vertex 9.93593 9.04513 12.3
      vertex 9.09059 9.15642 11.4
    endloop
  endfacet
  facet normal -0.712707 0.141966 0.686945
    outer loop
      vertex 9.93593 9.04513 12.3
      vertex 9.06252 9.0153 11.4
      vertex 9.93445 9.0377 12.3
    endloop
  endfacet
  facet normal 0.479119 -0.546384 0.686957
    outer loop
      vertex 7.33036 10.1727 11.4
      vertex 6.81131 10.8491 12.3
      vertex 6.62497 10.6857 12.3
    endloop
  endfacet
  facet normal 0.712725 0.141765 0.686968
    outer loop
      vertex 6.1139 8.79462 12.3
      vertex 6.93748 9.0153 11.4
      vertex 6.06555 9.0377 12.3
    endloop
  endfacet
  facet normal -0.604237 -0.403704 0.686964
    outer loop
      vertex 9.69103 10.2763 12.3
      vertex 9.55333 10.4824 12.3
      vertex 8.95263 9.85 11.4
    endloop
  endfacet
  facet normal 0.604237 -0.403704 0.686964
    outer loop
      vertex 7.04737 9.85 11.4
      vertex 6.44667 10.4824 12.3
      vertex 6.30897 10.2763 12.3
    endloop
  endfacet
  facet normal 0.141768 0.712728 0.686965
    outer loop
      vertex 7.7153 8.23748 11.4
      vertex 7.50205 7.41243 12.3
      vertex 7.85642 8.20941 11.4
    endloop
  endfacet
  facet normal 0.141043 0.712892 0.686944
    outer loop
      vertex 7.50205 7.41243 12.3
      vertex 7.7153 8.23748 11.4
      vertex 7.49462 7.4139 12.3
    endloop
  endfacet
  facet normal 0.233584 0.688125 0.686967
    outer loop
      vertex 7.57905 8.28373 11.4
      vertex 7.25993 7.49357 12.3
      vertex 7.7153 8.23748 11.4
    endloop
  endfacet
  facet normal 0.233255 0.688246 0.686957
    outer loop
      vertex 7.25993 7.49357 12.3
      vertex 7.57905 8.28373 11.4
      vertex 7.25276 7.496 12.3
    endloop
  endfacet
  facet normal 0.712707 -0.141966 0.686945
    outer loop
      vertex 6.06407 9.55487 12.3
      vertex 6.93748 9.5847 11.4
      vertex 6.06555 9.5623 12.3
    endloop
  endfacet
  facet normal 0.712724 -0.141767 0.686969
    outer loop
      vertex 6.93748 9.5847 11.4
      vertex 6.06407 9.55487 12.3
      vertex 6.90941 9.44358 11.4
    endloop
  endfacet
  facet normal -0.321371 -0.651774 0.686958
    outer loop
      vertex 8.96952 10.9944 12.3
      vertex 8.74724 11.104 12.3
      vertex 8.42095 10.3163 11.4
    endloop
  endfacet
  facet normal 0.403743 -0.604208 0.686968
    outer loop
      vertex 7.45 10.2526 11.4
      vertex 7.02368 10.991 12.3
      vertex 6.81761 10.8533 12.3
    endloop
  endfacet
  facet normal -0.651873 -0.321143 0.68697
    outer loop
      vertex 9.80065 10.054 12.3
      vertex 9.01627 9.72095 11.4
      vertex 9.804 10.0472 12.3
    endloop
  endfacet
  facet normal -0.651752 -0.321407 0.686962
    outer loop
      vertex 9.01627 9.72095 11.4
      vertex 9.80065 10.054 12.3
      vertex 8.95263 9.85 11.4
    endloop
  endfacet
  facet normal -0.651742 0.321414 0.686968
    outer loop
      vertex 9.69438 8.33048 12.3
      vertex 9.804 8.55276 12.3
      vertex 9.01627 8.87905 11.4
    endloop
  endfacet
  facet normal 0.651748 0.321405 0.686967
    outer loop
      vertex 6.30562 8.33048 12.3
      vertex 7.04737 8.75 11.4
      vertex 6.98373 8.87905 11.4
    endloop
  endfacet
  facet normal 0.651883 0.321148 0.686958
    outer loop
      vertex 7.04737 8.75 11.4
      vertex 6.30562 8.33048 12.3
      vertex 6.30897 8.32368 12.3
    endloop
  endfacet
  facet normal 0.546347 0.479145 0.686968
    outer loop
      vertex 6.61429 7.92497 12.3
      vertex 7.12731 8.63036 11.4
      vertex 6.45087 8.11131 12.3
    endloop
  endfacet
  facet normal 0.479217 -0.546278 0.686973
    outer loop
      vertex 6.62497 10.6857 12.3
      vertex 7.22218 10.0778 11.4
      vertex 7.33036 10.1727 11.4
    endloop
  endfacet
  facet normal 0.479667 -0.545861 0.68699
    outer loop
      vertex 7.22218 10.0778 11.4
      vertex 6.62497 10.6857 12.3
      vertex 6.61928 10.6807 12.3
    endloop
  endfacet
  facet normal 0.233672 -0.688088 0.686973
    outer loop
      vertex 7.7153 10.3625 11.4
      vertex 7.49462 11.1861 12.3
      vertex 7.25993 11.1064 12.3
    endloop
  endfacet
  facet normal -0.233595 0.688119 0.686968
    outer loop
      vertex 8.50538 7.4139 12.3
      vertex 8.74007 7.49357 12.3
      vertex 8.2847 8.23748 11.4
    endloop
  endfacet
  facet normal 0.403595 -0.604332 0.686946
    outer loop
      vertex 6.81761 10.8533 12.3
      vertex 7.33036 10.1727 11.4
      vertex 7.45 10.2526 11.4
    endloop
  endfacet
  facet normal 0.403114 -0.604671 0.686929
    outer loop
      vertex 7.33036 10.1727 11.4
      vertex 6.81761 10.8533 12.3
      vertex 6.81131 10.8491 12.3
    endloop
  endfacet
  facet normal -0.60423 0.403709 0.686968
    outer loop
      vertex 9.54913 8.11131 12.3
      vertex 9.68682 8.31739 12.3
      vertex 8.87269 8.63036 11.4
    endloop
  endfacet
  facet normal -0.604658 -0.403106 0.686946
    outer loop
      vertex 8.87269 9.96964 11.4
      vertex 9.55333 10.4824 12.3
      vertex 9.54913 10.4887 12.3
    endloop
  endfacet
  facet normal -0.604221 -0.403723 0.686967
    outer loop
      vertex 9.55333 10.4824 12.3
      vertex 8.87269 9.96964 11.4
      vertex 8.95263 9.85 11.4
    endloop
  endfacet
  facet normal -0.712725 -0.141765 0.686968
    outer loop
      vertex 9.93445 9.5623 12.3
      vertex 9.8861 9.80538 12.3
      vertex 9.06252 9.5847 11.4
    endloop
  endfacet
  facet normal -0.712707 -0.141966 0.686945
    outer loop
      vertex 9.06252 9.5847 11.4
      vertex 9.93593 9.55487 12.3
      vertex 9.93445 9.5623 12.3
    endloop
  endfacet
  facet normal -0.712724 -0.141767 0.686969
    outer loop
      vertex 9.93593 9.55487 12.3
      vertex 9.06252 9.5847 11.4
      vertex 9.09059 9.44358 11.4
    endloop
  endfacet
  facet normal 0.321356 -0.651773 0.686966
    outer loop
      vertex 7.45 10.2526 11.4
      vertex 7.24597 11.1006 12.3
      vertex 7.02368 10.991 12.3
    endloop
  endfacet
  facet normal -0.546785 -0.478677 0.686946
    outer loop
      vertex 8.77782 10.0778 11.4
      vertex 9.38571 10.675 12.3
      vertex 9.38072 10.6807 12.3
    endloop
  endfacet
  facet normal -0.546314 -0.479186 0.686965
    outer loop
      vertex 9.38571 10.675 12.3
      vertex 8.77782 10.0778 11.4
      vertex 8.87269 9.96964 11.4
    endloop
  endfacet
  facet normal 0.141793 0.71272 0.686968
    outer loop
      vertex 7.74513 7.36407 12.3
      vertex 7.85642 8.20941 11.4
      vertex 7.50205 7.41243 12.3
    endloop
  endfacet
  facet normal -0.324932 -0.649863 0.687093
    outer loop
      vertex 8.96952 10.9944 12.3
      vertex 8.55 10.2526 11.4
      vertex 8.97632 10.991 12.3
    endloop
  endfacet
  facet normal -0.321637 -0.651605 0.686993
    outer loop
      vertex 8.55 10.2526 11.4
      vertex 8.96952 10.9944 12.3
      vertex 8.42095 10.3163 11.4
    endloop
  endfacet
  facet normal 0.0470005 0.725151 0.686984
    outer loop
      vertex 8 8.2 11.4
      vertex 7.99244 7.34786 12.3
      vertex 8 7.34737 12.3
    endloop
  endfacet
  facet normal 0.0475239 0.725131 0.686969
    outer loop
      vertex 7.99244 7.34786 12.3
      vertex 8 8.2 11.4
      vertex 7.85642 8.20941 11.4
    endloop
  endfacet
  facet normal 0.688123 0.233583 0.686968
    outer loop
      vertex 6.1139 8.79462 12.3
      vertex 6.98373 8.87905 11.4
      vertex 6.93748 9.0153 11.4
    endloop
  endfacet
  facet normal 0.688002 0.234132 0.686903
    outer loop
      vertex 6.98373 8.87905 11.4
      vertex 6.1139 8.79462 12.3
      vertex 6.11634 8.78745 12.3
    endloop
  endfacet
  facet normal -0.603916 0.404211 0.686949
    outer loop
      vertex 8.95263 8.75 11.4
      vertex 9.68682 8.31739 12.3
      vertex 9.69103 8.32368 12.3
    endloop
  endfacet
  facet normal -0.604223 0.403724 0.686966
    outer loop
      vertex 9.68682 8.31739 12.3
      vertex 8.95263 8.75 11.4
      vertex 8.87269 8.63036 11.4
    endloop
  endfacet
  facet normal -0.687487 -0.235295 0.687021
    outer loop
      vertex 9.01627 9.72095 11.4
      vertex 9.80643 10.0401 12.3
      vertex 9.804 10.0472 12.3
    endloop
  endfacet
  facet normal -0.688121 -0.233582 0.686971
    outer loop
      vertex 9.80643 10.0401 12.3
      vertex 9.01627 9.72095 11.4
      vertex 9.06252 9.5847 11.4
    endloop
  endfacet
  facet normal 0.651742 0.321414 0.686968
    outer loop
      vertex 6.30562 8.33048 12.3
      vertex 6.98373 8.87905 11.4
      vertex 6.196 8.55276 12.3
    endloop
  endfacet
  facet normal -0.688186 0.233352 0.686984
    outer loop
      vertex 15.9603 8.87905 11.4
      vertex 16.8301 8.79462 12.3
      vertex 16.0065 9.0153 11.4
    endloop
  endfacet
  facet normal -0.688798 0.23056 0.687314
    outer loop
      vertex 16.8301 8.79462 12.3
      vertex 15.9603 8.87905 11.4
      vertex 16.8277 8.78745 12.3
    endloop
  endfacet
  facet normal -0.688101 0.233677 0.686959
    outer loop
      vertex 16.748 8.55276 12.3
      vertex 16.8277 8.78745 12.3
      vertex 15.9603 8.87905 11.4
    endloop
  endfacet
  facet normal -0.725146 -0.0475006 0.686955
    outer loop
      vertex 16.8966 9.3 12.3
      vertex 16.8804 9.54731 12.3
      vertex 16.044 9.3 11.4
    endloop
  endfacet
  facet normal -0.725106 -0.0479567 0.686966
    outer loop
      vertex 16.0346 9.44358 11.4
      vertex 16.8804 9.54731 12.3
      vertex 16.8799 9.55487 12.3
    endloop
  endfacet
  facet normal -0.72515 -0.0474747 0.686952
    outer loop
      vertex 16.8804 9.54731 12.3
      vertex 16.0346 9.44358 11.4
      vertex 16.044 9.3 11.4
    endloop
  endfacet
  facet normal 0.688096 -0.233645 0.686974
    outer loop
      vertex 13.8815 9.5847 11.4
      vertex 13.1376 10.0401 12.3
      vertex 13.0579 9.80538 12.3
    endloop
  endfacet
  facet normal 0.479089 0.546404 0.686962
    outer loop
      vertex 14.1662 8.52218 11.4
      vertex 13.569 7.91429 12.3
      vertex 14.2744 8.42731 11.4
    endloop
  endfacet
  facet normal 0.478677 0.546785 0.686946
    outer loop
      vertex 13.569 7.91429 12.3
      vertex 14.1662 8.52218 11.4
      vertex 13.5633 7.91928 12.3
    endloop
  endfacet
  facet normal -0.688096 -0.233645 0.686974
    outer loop
      vertex 16.8301 9.80538 12.3
      vertex 16.7504 10.0401 12.3
      vertex 16.0065 9.5847 11.4
    endloop
  endfacet
  facet normal -0.479196 0.546287 0.686979
    outer loop
      vertex 16.1327 7.75087 12.3
      vertex 16.319 7.91429 12.3
      vertex 15.6136 8.42731 11.4
    endloop
  endfacet
  facet normal 0.229665 -0.688996 0.687414
    outer loop
      vertex 14.523 10.3163 11.4
      vertex 14.4386 11.1861 12.3
      vertex 14.4314 11.1837 12.3
    endloop
  endfacet
  facet normal 0.233273 -0.688207 0.68699
    outer loop
      vertex 14.4386 11.1861 12.3
      vertex 14.523 10.3163 11.4
      vertex 14.6593 10.3625 11.4
    endloop
  endfacet
  facet normal 0.0475025 -0.725146 0.686955
    outer loop
      vertex 14.944 10.4 11.4
      vertex 14.944 11.2526 12.3
      vertex 14.6967 11.2364 12.3
    endloop
  endfacet
  facet normal 0.403704 -0.604237 0.686965
    outer loop
      vertex 14.2744 10.1727 11.4
      vertex 13.9614 10.9868 12.3
      vertex 13.7553 10.8491 12.3
    endloop
  endfacet
  facet normal 0.47917 -0.546325 0.686968
    outer loop
      vertex 14.2744 10.1727 11.4
      vertex 13.7553 10.8491 12.3
      vertex 13.569 10.6857 12.3
    endloop
  endfacet
  facet normal 0.403083 -0.604625 0.686988
    outer loop
      vertex 13.9614 10.9868 12.3
      vertex 14.394 10.2526 11.4
      vertex 13.9677 10.991 12.3
    endloop
  endfacet
  facet normal 0.403676 -0.604251 0.686969
    outer loop
      vertex 14.394 10.2526 11.4
      vertex 13.9614 10.9868 12.3
      vertex 14.2744 10.1727 11.4
    endloop
  endfacet
  facet normal -0.233663 -0.688088 0.686976
    outer loop
      vertex 15.6841 11.1064 12.3
      vertex 15.4494 11.1861 12.3
      vertex 15.2287 10.3625 11.4
    endloop
  endfacet
  facet normal -0.72515 0.0474747 0.686952
    outer loop
      vertex 16.0346 9.15642 11.4
      vertex 16.8804 9.05269 12.3
      vertex 16.044 9.3 11.4
    endloop
  endfacet
  facet normal -0.725106 0.0479567 0.686966
    outer loop
      vertex 16.8804 9.05269 12.3
      vertex 16.0346 9.15642 11.4
      vertex 16.8799 9.04513 12.3
    endloop
  endfacet
  facet normal 0.141786 0.71272 0.686969
    outer loop
      vertex 14.6593 8.23748 11.4
      vertex 14.446 7.41243 12.3
      vertex 14.8004 8.20941 11.4
    endloop
  endfacet
  facet normal 0.14159 0.712764 0.686964
    outer loop
      vertex 14.446 7.41243 12.3
      vertex 14.6593 8.23748 11.4
      vertex 14.4386 7.4139 12.3
    endloop
  endfacet
  facet normal 0.144424 -0.712494 0.686654
    outer loop
      vertex 14.6593 10.3625 11.4
      vertex 14.6891 11.2359 12.3
      vertex 14.6817 11.2344 12.3
    endloop
  endfacet
  facet normal 0.141936 -0.712711 0.686947
    outer loop
      vertex 14.6891 11.2359 12.3
      vertex 14.6593 10.3625 11.4
      vertex 14.8004 10.3906 11.4
    endloop
  endfacet
  facet normal 0.141612 -0.712751 0.686973
    outer loop
      vertex 14.6593 10.3625 11.4
      vertex 14.6817 11.2344 12.3
      vertex 14.4386 11.1861 12.3
    endloop
  endfacet
  facet normal -0.40382 0.604165 0.68696
    outer loop
      vertex 15.494 8.34737 11.4
      vertex 15.9266 7.61318 12.3
      vertex 15.6136 8.42731 11.4
    endloop
  endfacet
  facet normal -0.403761 0.604202 0.686962
    outer loop
      vertex 15.9266 7.61318 12.3
      vertex 15.494 8.34737 11.4
      vertex 15.9203 7.60897 12.3
    endloop
  endfacet
  facet normal 0.233585 0.68812 0.686971
    outer loop
      vertex 14.4386 7.4139 12.3
      vertex 14.6593 8.23748 11.4
      vertex 14.2039 7.49357 12.3
    endloop
  endfacet
  facet normal 0.233508 0.688155 0.686961
    outer loop
      vertex 14.523 8.28373 11.4
      vertex 14.2039 7.49357 12.3
      vertex 14.6593 8.23748 11.4
    endloop
  endfacet
  facet normal 0.235297 0.687493 0.687014
    outer loop
      vertex 14.2039 7.49357 12.3
      vertex 14.523 8.28373 11.4
      vertex 14.1968 7.496 12.3
    endloop
  endfacet
  facet normal 0.0477059 -0.72513 0.686958
    outer loop
      vertex 14.8004 10.3906 11.4
      vertex 14.6967 11.2364 12.3
      vertex 14.6891 11.2359 12.3
    endloop
  endfacet
  facet normal 0.0474682 -0.725152 0.686951
    outer loop
      vertex 14.6967 11.2364 12.3
      vertex 14.8004 10.3906 11.4
      vertex 14.944 10.4 11.4
    endloop
  endfacet
  facet normal 0.141782 0.712721 0.686969
    outer loop
      vertex 14.6891 7.36407 12.3
      vertex 14.8004 8.20941 11.4
      vertex 14.446 7.41243 12.3
    endloop
  endfacet
  facet normal 0.712676 0.141909 0.68699
    outer loop
      vertex 13.0564 8.80205 12.3
      vertex 13.8815 9.0153 11.4
      vertex 13.8534 9.15642 11.4
    endloop
  endfacet
  facet normal 0.712247 0.143791 0.687043
    outer loop
      vertex 13.8815 9.0153 11.4
      vertex 13.0564 8.80205 12.3
      vertex 13.0579 8.79462 12.3
    endloop
  endfacet
  facet normal 0.688464 -0.23272 0.68692
    outer loop
      vertex 13.1376 10.0401 12.3
      vertex 13.9277 9.72095 11.4
      vertex 13.14 10.0472 12.3
    endloop
  endfacet
  facet normal 0.688226 -0.233365 0.68694
    outer loop
      vertex 13.9277 9.72095 11.4
      vertex 13.1376 10.0401 12.3
      vertex 13.8815 9.5847 11.4
    endloop
  endfacet
  facet normal -0.321393 0.651757 0.686964
    outer loop
      vertex 15.698 7.49935 12.3
      vertex 15.9203 7.60897 12.3
      vertex 15.494 8.34737 11.4
    endloop
  endfacet
  facet normal 0.688229 0.233367 0.686936
    outer loop
      vertex 13.1376 8.55993 12.3
      vertex 13.9277 8.87905 11.4
      vertex 13.8815 9.0153 11.4
    endloop
  endfacet
  facet normal 0.689212 0.230698 0.686852
    outer loop
      vertex 13.9277 8.87905 11.4
      vertex 13.1376 8.55993 12.3
      vertex 13.14 8.55276 12.3
    endloop
  endfacet
  facet normal 0.651773 0.321356 0.686966
    outer loop
      vertex 13.253 8.32368 12.3
      vertex 13.9914 8.75 11.4
      vertex 13.1434 8.54597 12.3
    endloop
  endfacet
  facet normal 0.479196 0.546287 0.686979
    outer loop
      vertex 13.7553 7.75087 12.3
      vertex 14.2744 8.42731 11.4
      vertex 13.569 7.91429 12.3
    endloop
  endfacet
  facet normal -0.403677 0.60424 0.686978
    outer loop
      vertex 15.9266 7.61318 12.3
      vertex 16.1327 7.75087 12.3
      vertex 15.6136 8.42731 11.4
    endloop
  endfacet
  facet normal 0.604669 -0.403113 0.686931
    outer loop
      vertex 13.3907 10.4824 12.3
      vertex 14.0713 9.96964 11.4
      vertex 13.3949 10.4887 12.3
    endloop
  endfacet
  facet normal 0.60433 -0.403594 0.686948
    outer loop
      vertex 14.0713 9.96964 11.4
      vertex 13.3907 10.4824 12.3
      vertex 13.9914 9.85 11.4
    endloop
  endfacet
  facet normal -0.71275 0.141623 0.686972
    outer loop
      vertex 16.8301 8.79462 12.3
      vertex 16.8784 9.0377 12.3
      vertex 16.0065 9.0153 11.4
    endloop
  endfacet
  facet normal -0.725146 0.0475006 0.686955
    outer loop
      vertex 16.8804 9.05269 12.3
      vertex 16.8966 9.3 12.3
      vertex 16.044 9.3 11.4
    endloop
  endfacet
  facet normal 0.47917 -0.546325 0.686968
    outer loop
      vertex 13.569 10.6857 12.3
      vertex 14.1662 10.0778 11.4
      vertex 14.2744 10.1727 11.4
    endloop
  endfacet
  facet normal 0.479204 -0.546293 0.686969
    outer loop
      vertex 14.1662 10.0778 11.4
      vertex 13.569 10.6857 12.3
      vertex 13.5633 10.6807 12.3
    endloop
  endfacet
  facet normal 0.546293 -0.479204 0.686969
    outer loop
      vertex 13.5583 10.675 12.3
      vertex 14.1662 10.0778 11.4
      vertex 13.5633 10.6807 12.3
    endloop
  endfacet
  facet normal 0.546234 -0.479268 0.686972
    outer loop
      vertex 14.1662 10.0778 11.4
      vertex 13.5583 10.675 12.3
      vertex 14.0713 9.96964 11.4
    endloop
  endfacet
  facet normal -0.141612 -0.712751 0.686973
    outer loop
      vertex 15.2287 10.3625 11.4
      vertex 15.4494 11.1861 12.3
      vertex 15.2063 11.2344 12.3
    endloop
  endfacet
  facet normal 0.321355 -0.651799 0.686942
    outer loop
      vertex 14.523 10.3163 11.4
      vertex 14.1968 11.104 12.3
      vertex 13.9745 10.9944 12.3
    endloop
  endfacet
  facet normal 0.321398 0.651767 0.686952
    outer loop
      vertex 14.1968 7.496 12.3
      vertex 14.523 8.28373 11.4
      vertex 13.9745 7.60562 12.3
    endloop
  endfacet
  facet normal -0.141838 0.712712 0.686967
    outer loop
      vertex 15.1989 7.36407 12.3
      vertex 15.4419 7.41243 12.3
      vertex 15.0876 8.20941 11.4
    endloop
  endfacet
  facet normal -0.712715 0.141917 0.686947
    outer loop
      vertex 16.0065 9.0153 11.4
      vertex 16.8799 9.04513 12.3
      vertex 16.0346 9.15642 11.4
    endloop
  endfacet
  facet normal -0.712547 0.143852 0.686719
    outer loop
      vertex 16.8799 9.04513 12.3
      vertex 16.0065 9.0153 11.4
      vertex 16.8784 9.0377 12.3
    endloop
  endfacet
  facet normal -0.403083 -0.604625 0.686988
    outer loop
      vertex 15.494 10.2526 11.4
      vertex 15.9266 10.9868 12.3
      vertex 15.9203 10.991 12.3
    endloop
  endfacet
  facet normal -0.403676 -0.604251 0.686969
    outer loop
      vertex 15.9266 10.9868 12.3
      vertex 15.494 10.2526 11.4
      vertex 15.6136 10.1727 11.4
    endloop
  endfacet
  facet normal 0.65166 0.321664 0.686929
    outer loop
      vertex 13.9277 8.87905 11.4
      vertex 13.1434 8.54597 12.3
      vertex 13.9914 8.75 11.4
    endloop
  endfacet
  facet normal 0.649915 0.325436 0.686805
    outer loop
      vertex 13.1434 8.54597 12.3
      vertex 13.9277 8.87905 11.4
      vertex 13.14 8.55276 12.3
    endloop
  endfacet
  facet normal -0.546384 0.479119 0.686957
    outer loop
      vertex 16.3297 7.92497 12.3
      vertex 16.4931 8.11131 12.3
      vertex 15.8167 8.63036 11.4
    endloop
  endfacet
  facet normal 0.72515 -0.0475008 0.686951
    outer loop
      vertex 13.8534 9.44358 11.4
      vertex 13.0081 9.55487 12.3
      vertex 12.9919 9.30756 12.3
    endloop
  endfacet
  facet normal -0.139783 0.713181 0.686902
    outer loop
      vertex 15.2287 8.23748 11.4
      vertex 15.4419 7.41243 12.3
      vertex 15.4494 7.4139 12.3
    endloop
  endfacet
  facet normal -0.141788 0.712728 0.686961
    outer loop
      vertex 15.4419 7.41243 12.3
      vertex 15.2287 8.23748 11.4
      vertex 15.0876 8.20941 11.4
    endloop
  endfacet
  facet normal 0.604237 -0.403704 0.686964
    outer loop
      vertex 13.9914 9.85 11.4
      vertex 13.3907 10.4824 12.3
      vertex 13.253 10.2763 12.3
    endloop
  endfacet
  facet normal 0.651782 -0.321346 0.686962
    outer loop
      vertex 13.9914 9.85 11.4
      vertex 13.253 10.2763 12.3
      vertex 13.1434 10.054 12.3
    endloop
  endfacet
  facet normal -0.141936 -0.712711 0.686947
    outer loop
      vertex 15.2287 10.3625 11.4
      vertex 15.1989 11.2359 12.3
      vertex 15.0876 10.3906 11.4
    endloop
  endfacet
  facet normal -0.144424 -0.712494 0.686654
    outer loop
      vertex 15.1989 11.2359 12.3
      vertex 15.2287 10.3625 11.4
      vertex 15.2063 11.2344 12.3
    endloop
  endfacet
  facet normal 0.604309 0.40358 0.686974
    outer loop
      vertex 13.9914 8.75 11.4
      vertex 13.2572 8.31739 12.3
      vertex 14.0713 8.63036 11.4
    endloop
  endfacet
  facet normal 0.604339 0.403533 0.686976
    outer loop
      vertex 13.2572 8.31739 12.3
      vertex 13.9914 8.75 11.4
      vertex 13.253 8.32368 12.3
    endloop
  endfacet
  facet normal 0.403677 0.60424 0.686978
    outer loop
      vertex 13.9614 7.61318 12.3
      vertex 14.2744 8.42731 11.4
      vertex 13.7553 7.75087 12.3
    endloop
  endfacet
  facet normal 0.712764 0.141626 0.686957
    outer loop
      vertex 13.0564 8.80205 12.3
      vertex 13.8534 9.15642 11.4
      vertex 13.0081 9.04513 12.3
    endloop
  endfacet
  facet normal 0.712764 -0.141626 0.686957
    outer loop
      vertex 13.8534 9.44358 11.4
      vertex 13.0564 9.79795 12.3
      vertex 13.0081 9.55487 12.3
    endloop
  endfacet
  facet normal 0.72515 0.0475008 0.686951
    outer loop
      vertex 13.0081 9.04513 12.3
      vertex 13.8534 9.15642 11.4
      vertex 12.9919 9.29244 12.3
    endloop
  endfacet
  facet normal -0.321512 0.651713 0.686949
    outer loop
      vertex 15.365 8.28373 11.4
      vertex 15.698 7.49935 12.3
      vertex 15.494 8.34737 11.4
    endloop
  endfacet
  facet normal -0.321147 0.651881 0.686961
    outer loop
      vertex 15.698 7.49935 12.3
      vertex 15.365 8.28373 11.4
      vertex 15.6912 7.496 12.3
    endloop
  endfacet
  facet normal 0.321505 0.651699 0.686966
    outer loop
      vertex 14.394 8.34737 11.4
      vertex 13.9745 7.60562 12.3
      vertex 14.523 8.28373 11.4
    endloop
  endfacet
  facet normal 0.32115 0.651886 0.686955
    outer loop
      vertex 13.9745 7.60562 12.3
      vertex 14.394 8.34737 11.4
      vertex 13.9677 7.60897 12.3
    endloop
  endfacet
  facet normal 0.321738 -0.651556 0.686993
    outer loop
      vertex 13.9745 10.9944 12.3
      vertex 14.394 10.2526 11.4
      vertex 14.523 10.3163 11.4
    endloop
  endfacet
  facet normal 0.324933 -0.649867 0.687089
    outer loop
      vertex 14.394 10.2526 11.4
      vertex 13.9745 10.9944 12.3
      vertex 13.9677 10.991 12.3
    endloop
  endfacet
  facet normal -0.546278 0.479217 0.686973
    outer loop
      vertex 15.7218 8.52218 11.4
      vertex 16.3297 7.92497 12.3
      vertex 15.8167 8.63036 11.4
    endloop
  endfacet
  facet normal -0.545861 0.479667 0.68699
    outer loop
      vertex 16.3297 7.92497 12.3
      vertex 15.7218 8.52218 11.4
      vertex 16.3247 7.91928 12.3
    endloop
  endfacet
  facet normal 0.72513 0.0479583 0.68694
    outer loop
      vertex 12.9919 9.29244 12.3
      vertex 13.844 9.3 11.4
      vertex 12.9914 9.3 12.3
    endloop
  endfacet
  facet normal 0.725149 0.0474746 0.686954
    outer loop
      vertex 13.844 9.3 11.4
      vertex 12.9919 9.29244 12.3
      vertex 13.8534 9.15642 11.4
    endloop
  endfacet
  facet normal 0.546278 0.479217 0.686973
    outer loop
      vertex 13.5583 7.92497 12.3
      vertex 14.1662 8.52218 11.4
      vertex 14.0713 8.63036 11.4
    endloop
  endfacet
  facet normal 0.545861 0.479667 0.68699
    outer loop
      vertex 14.1662 8.52218 11.4
      vertex 13.5583 7.92497 12.3
      vertex 13.5633 7.91928 12.3
    endloop
  endfacet
  facet normal -0.0475025 -0.725146 0.686955
    outer loop
      vertex 15.1913 11.2364 12.3
      vertex 14.944 11.2526 12.3
      vertex 14.944 10.4 11.4
    endloop
  endfacet
  facet normal 0.651664 -0.321666 0.686924
    outer loop
      vertex 13.1434 10.054 12.3
      vertex 13.9277 9.72095 11.4
      vertex 13.9914 9.85 11.4
    endloop
  endfacet
  facet normal 0.6501 -0.32505 0.686813
    outer loop
      vertex 13.9277 9.72095 11.4
      vertex 13.1434 10.054 12.3
      vertex 13.14 10.0472 12.3
    endloop
  endfacet
  facet normal 0.688088 0.233672 0.686973
    outer loop
      vertex 13.1376 8.55993 12.3
      vertex 13.8815 9.0153 11.4
      vertex 13.0579 8.79462 12.3
    endloop
  endfacet
  facet normal -0.0474682 -0.725152 0.686951
    outer loop
      vertex 15.0876 10.3906 11.4
      vertex 15.1913 11.2364 12.3
      vertex 14.944 10.4 11.4
    endloop
  endfacet
  facet normal -0.0477059 -0.72513 0.686958
    outer loop
      vertex 15.1913 11.2364 12.3
      vertex 15.0876 10.3906 11.4
      vertex 15.1989 11.2359 12.3
    endloop
  endfacet
  facet normal -0.604237 -0.403704 0.686964
    outer loop
      vertex 16.635 10.2763 12.3
      vertex 16.4973 10.4824 12.3
      vertex 15.8966 9.85 11.4
    endloop
  endfacet
  facet normal -0.604227 0.403737 0.686954
    outer loop
      vertex 16.4931 8.11131 12.3
      vertex 16.6308 8.31739 12.3
      vertex 15.8167 8.63036 11.4
    endloop
  endfacet
  facet normal -0.403704 -0.604237 0.686965
    outer loop
      vertex 16.1327 10.8491 12.3
      vertex 15.9266 10.9868 12.3
      vertex 15.6136 10.1727 11.4
    endloop
  endfacet
  facet normal -0.0475172 0.72513 0.686971
    outer loop
      vertex 14.944 8.2 11.4
      vertex 14.9516 7.34786 12.3
      vertex 15.0876 8.20941 11.4
    endloop
  endfacet
  facet normal -0.0467537 0.725159 0.686992
    outer loop
      vertex 14.9516 7.34786 12.3
      vertex 14.944 8.2 11.4
      vertex 14.944 7.34737 12.3
    endloop
  endfacet
  facet normal -0.233291 -0.68826 0.68693
    outer loop
      vertex 15.365 10.3163 11.4
      vertex 15.6841 11.1064 12.3
      vertex 15.2287 10.3625 11.4
    endloop
  endfacet
  facet normal -0.232722 -0.68847 0.686913
    outer loop
      vertex 15.6841 11.1064 12.3
      vertex 15.365 10.3163 11.4
      vertex 15.6912 11.104 12.3
    endloop
  endfacet
  facet normal -0.546293 -0.479204 0.686969
    outer loop
      vertex 15.7218 10.0778 11.4
      vertex 16.3297 10.675 12.3
      vertex 16.3247 10.6807 12.3
    endloop
  endfacet
  facet normal -0.546234 -0.479268 0.686972
    outer loop
      vertex 16.3297 10.675 12.3
      vertex 15.7218 10.0778 11.4
      vertex 15.8167 9.96964 11.4
    endloop
  endfacet
  facet normal 0.546333 -0.479177 0.686957
    outer loop
      vertex 14.0713 9.96964 11.4
      vertex 13.5583 10.675 12.3
      vertex 13.3949 10.4887 12.3
    endloop
  endfacet
  facet normal 0.40382 0.604165 0.68696
    outer loop
      vertex 13.9614 7.61318 12.3
      vertex 14.394 8.34737 11.4
      vertex 14.2744 8.42731 11.4
    endloop
  endfacet
  facet normal 0.403761 0.604202 0.686962
    outer loop
      vertex 14.394 8.34737 11.4
      vertex 13.9614 7.61318 12.3
      vertex 13.9677 7.60897 12.3
    endloop
  endfacet
  facet normal -0.0475308 0.725131 0.686969
    outer loop
      vertex 15.1989 7.36407 12.3
      vertex 15.0876 8.20941 11.4
      vertex 14.9516 7.34786 12.3
    endloop
  endfacet
  facet normal -0.478677 0.546785 0.686946
    outer loop
      vertex 15.7218 8.52218 11.4
      vertex 16.319 7.91429 12.3
      vertex 16.3247 7.91928 12.3
    endloop
  endfacet
  facet normal -0.479089 0.546404 0.686962
    outer loop
      vertex 16.319 7.91429 12.3
      vertex 15.7218 8.52218 11.4
      vertex 15.6136 8.42731 11.4
    endloop
  endfacet
  facet normal -0.604339 0.403533 0.686976
    outer loop
      vertex 15.8966 8.75 11.4
      vertex 16.6308 8.31739 12.3
      vertex 16.635 8.32368 12.3
    endloop
  endfacet
  facet normal -0.604309 0.40358 0.686974
    outer loop
      vertex 16.6308 8.31739 12.3
      vertex 15.8966 8.75 11.4
      vertex 15.8167 8.63036 11.4
    endloop
  endfacet
  facet normal -0.546333 -0.479177 0.686957
    outer loop
      vertex 16.4931 10.4887 12.3
      vertex 16.3297 10.675 12.3
      vertex 15.8167 9.96964 11.4
    endloop
  endfacet
  facet normal -0.235297 0.687493 0.687014
    outer loop
      vertex 15.365 8.28373 11.4
      vertex 15.6841 7.49357 12.3
      vertex 15.6912 7.496 12.3
    endloop
  endfacet
  facet normal -0.233508 0.688155 0.686961
    outer loop
      vertex 15.6841 7.49357 12.3
      vertex 15.365 8.28373 11.4
      vertex 15.2287 8.23748 11.4
    endloop
  endfacet
  facet normal -0.651774 0.321371 0.686958
    outer loop
      vertex 16.6384 8.33048 12.3
      vertex 16.748 8.55276 12.3
      vertex 15.9603 8.87905 11.4
    endloop
  endfacet
  facet normal 0.23376 -0.688082 0.68695
    outer loop
      vertex 14.523 10.3163 11.4
      vertex 14.4314 11.1837 12.3
      vertex 14.1968 11.104 12.3
    endloop
  endfacet
  facet normal 0.0475308 0.725131 0.686969
    outer loop
      vertex 14.9364 7.34786 12.3
      vertex 14.8004 8.20941 11.4
      vertex 14.6891 7.36407 12.3
    endloop
  endfacet
  facet normal -0.651782 -0.321346 0.686962
    outer loop
      vertex 16.7446 10.054 12.3
      vertex 16.635 10.2763 12.3
      vertex 15.8966 9.85 11.4
    endloop
  endfacet
  facet normal 0.0467537 0.725159 0.686992
    outer loop
      vertex 14.944 8.2 11.4
      vertex 14.9364 7.34786 12.3
      vertex 14.944 7.34737 12.3
    endloop
  endfacet
  facet normal 0.0475172 0.72513 0.686971
    outer loop
      vertex 14.9364 7.34786 12.3
      vertex 14.944 8.2 11.4
      vertex 14.8004 8.20941 11.4
    endloop
  endfacet
  facet normal 0.604227 0.403737 0.686954
    outer loop
      vertex 13.3949 8.11131 12.3
      vertex 14.0713 8.63036 11.4
      vertex 13.2572 8.31739 12.3
    endloop
  endfacet
  facet normal 0.72513 -0.0479583 0.68694
    outer loop
      vertex 13.844 9.3 11.4
      vertex 12.9919 9.30756 12.3
      vertex 12.9914 9.3 12.3
    endloop
  endfacet
  facet normal 0.725149 -0.0474746 0.686954
    outer loop
      vertex 12.9919 9.30756 12.3
      vertex 13.844 9.3 11.4
      vertex 13.8534 9.44358 11.4
    endloop
  endfacet
  facet normal -0.233585 0.68812 0.686971
    outer loop
      vertex 15.4494 7.4139 12.3
      vertex 15.6841 7.49357 12.3
      vertex 15.2287 8.23748 11.4
    endloop
  endfacet
  facet normal 0.712247 -0.143791 0.687043
    outer loop
      vertex 13.0564 9.79795 12.3
      vertex 13.8815 9.5847 11.4
      vertex 13.0579 9.80538 12.3
    endloop
  endfacet
  facet normal 0.712676 -0.141909 0.68699
    outer loop
      vertex 13.8815 9.5847 11.4
      vertex 13.0564 9.79795 12.3
      vertex 13.8534 9.44358 11.4
    endloop
  endfacet
  facet normal -0.651605 0.321637 0.686993
    outer loop
      vertex 15.8966 8.75 11.4
      vertex 16.6384 8.33048 12.3
      vertex 15.9603 8.87905 11.4
    endloop
  endfacet
  facet normal -0.649863 0.324932 0.687093
    outer loop
      vertex 16.6384 8.33048 12.3
      vertex 15.8966 8.75 11.4
      vertex 16.635 8.32368 12.3
    endloop
  endfacet
  facet normal -0.47917 -0.546325 0.686968
    outer loop
      vertex 16.319 10.6857 12.3
      vertex 16.1327 10.8491 12.3
      vertex 15.6136 10.1727 11.4
    endloop
  endfacet
  facet normal -0.321346 -0.651782 0.686962
    outer loop
      vertex 15.9203 10.991 12.3
      vertex 15.698 11.1006 12.3
      vertex 15.494 10.2526 11.4
    endloop
  endfacet
  facet normal -0.325054 -0.650108 0.686803
    outer loop
      vertex 15.365 10.3163 11.4
      vertex 15.698 11.1006 12.3
      vertex 15.6912 11.104 12.3
    endloop
  endfacet
  facet normal -0.321772 -0.651626 0.686911
    outer loop
      vertex 15.698 11.1006 12.3
      vertex 15.365 10.3163 11.4
      vertex 15.494 10.2526 11.4
    endloop
  endfacet
  facet normal -0.479204 -0.546293 0.686969
    outer loop
      vertex 16.319 10.6857 12.3
      vertex 15.7218 10.0778 11.4
      vertex 16.3247 10.6807 12.3
    endloop
  endfacet
  facet normal -0.47917 -0.546325 0.686968
    outer loop
      vertex 15.7218 10.0778 11.4
      vertex 16.319 10.6857 12.3
      vertex 15.6136 10.1727 11.4
    endloop
  endfacet
  facet normal -0.604669 -0.403113 0.686931
    outer loop
      vertex 15.8167 9.96964 11.4
      vertex 16.4973 10.4824 12.3
      vertex 16.4931 10.4887 12.3
    endloop
  endfacet
  facet normal -0.60433 -0.403594 0.686948
    outer loop
      vertex 16.4973 10.4824 12.3
      vertex 15.8167 9.96964 11.4
      vertex 15.8966 9.85 11.4
    endloop
  endfacet
  facet normal 0.546384 0.479119 0.686957
    outer loop
      vertex 13.5583 7.92497 12.3
      vertex 14.0713 8.63036 11.4
      vertex 13.3949 8.11131 12.3
    endloop
  endfacet
  facet normal -0.6501 -0.32505 0.686813
    outer loop
      vertex 16.7446 10.054 12.3
      vertex 15.9603 9.72095 11.4
      vertex 16.748 10.0472 12.3
    endloop
  endfacet
  facet normal -0.651664 -0.321666 0.686924
    outer loop
      vertex 15.9603 9.72095 11.4
      vertex 16.7446 10.054 12.3
      vertex 15.8966 9.85 11.4
    endloop
  endfacet
  facet normal -0.71275 -0.141623 0.686972
    outer loop
      vertex 16.8784 9.5623 12.3
      vertex 16.8301 9.80538 12.3
      vertex 16.0065 9.5847 11.4
    endloop
  endfacet
  facet normal -0.712547 -0.143852 0.686719
    outer loop
      vertex 16.0065 9.5847 11.4
      vertex 16.8799 9.55487 12.3
      vertex 16.8784 9.5623 12.3
    endloop
  endfacet
  facet normal -0.712715 -0.141917 0.686947
    outer loop
      vertex 16.8799 9.55487 12.3
      vertex 16.0065 9.5847 11.4
      vertex 16.0346 9.44358 11.4
    endloop
  endfacet
  facet normal -0.688464 -0.23272 0.68692
    outer loop
      vertex 15.9603 9.72095 11.4
      vertex 16.7504 10.0401 12.3
      vertex 16.748 10.0472 12.3
    endloop
  endfacet
  facet normal -0.688226 -0.233365 0.68694
    outer loop
      vertex 16.7504 10.0401 12.3
      vertex 15.9603 9.72095 11.4
      vertex 16.0065 9.5847 11.4
    endloop
  endfacet
  facet normal 0.712764 -0.141626 0.686957
    outer loop
      vertex 20.7974 9.44358 11.4
      vertex 20.0004 9.79795 12.3
      vertex 19.9521 9.55487 12.3
    endloop
  endfacet
  facet normal -0.479196 0.546287 0.686979
    outer loop
      vertex 23.0767 7.75087 12.3
      vertex 23.263 7.91429 12.3
      vertex 22.5576 8.42731 11.4
    endloop
  endfacet
  facet normal -0.725146 -0.0475006 0.686955
    outer loop
      vertex 23.8406 9.3 12.3
      vertex 23.8244 9.54731 12.3
      vertex 22.988 9.3 11.4
    endloop
  endfacet
  facet normal -0.725106 -0.0479567 0.686966
    outer loop
      vertex 22.9786 9.44358 11.4
      vertex 23.8244 9.54731 12.3
      vertex 23.8239 9.55487 12.3
    endloop
  endfacet
  facet normal -0.72515 -0.0474747 0.686952
    outer loop
      vertex 23.8244 9.54731 12.3
      vertex 22.9786 9.44358 11.4
      vertex 22.988 9.3 11.4
    endloop
  endfacet
  facet normal -0.712676 0.141909 0.68699
    outer loop
      vertex 22.9505 9.0153 11.4
      vertex 23.7756 8.80205 12.3
      vertex 22.9786 9.15642 11.4
    endloop
  endfacet
  facet normal -0.712247 0.143791 0.687043
    outer loop
      vertex 23.7756 8.80205 12.3
      vertex 22.9505 9.0153 11.4
      vertex 23.7741 8.79462 12.3
    endloop
  endfacet
  facet normal 0.403704 -0.604237 0.686965
    outer loop
      vertex 21.2184 10.1727 11.4
      vertex 20.9054 10.9868 12.3
      vertex 20.6993 10.8491 12.3
    endloop
  endfacet
  facet normal 0.725146 -0.0475006 0.686955
    outer loop
      vertex 20.788 9.3 11.4
      vertex 19.9516 9.54731 12.3
      vertex 19.9354 9.3 12.3
    endloop
  endfacet
  facet normal -0.321398 0.651767 0.686952
    outer loop
      vertex 22.6352 7.496 12.3
      vertex 22.8575 7.60562 12.3
      vertex 22.309 8.28373 11.4
    endloop
  endfacet
  facet normal -0.0475308 0.725131 0.686969
    outer loop
      vertex 22.1429 7.36407 12.3
      vertex 22.0316 8.20941 11.4
      vertex 21.8956 7.34786 12.3
    endloop
  endfacet
  facet normal 0.725146 0.0475006 0.686955
    outer loop
      vertex 19.9516 9.05269 12.3
      vertex 20.788 9.3 11.4
      vertex 19.9354 9.3 12.3
    endloop
  endfacet
  facet normal -0.688101 0.233677 0.686959
    outer loop
      vertex 23.692 8.55276 12.3
      vertex 23.7717 8.78745 12.3
      vertex 22.9043 8.87905 11.4
    endloop
  endfacet
  facet normal -0.324933 -0.649867 0.687089
    outer loop
      vertex 22.8575 10.9944 12.3
      vertex 22.438 10.2526 11.4
      vertex 22.8643 10.991 12.3
    endloop
  endfacet
  facet normal -0.321738 -0.651556 0.686993
    outer loop
      vertex 22.438 10.2526 11.4
      vertex 22.8575 10.9944 12.3
      vertex 22.309 10.3163 11.4
    endloop
  endfacet
  facet normal 0.479089 0.546404 0.686962
    outer loop
      vertex 21.1102 8.52218 11.4
      vertex 20.513 7.91429 12.3
      vertex 21.2184 8.42731 11.4
    endloop
  endfacet
  facet normal 0.478677 0.546785 0.686946
    outer loop
      vertex 20.513 7.91429 12.3
      vertex 21.1102 8.52218 11.4
      vertex 20.5073 7.91928 12.3
    endloop
  endfacet
  facet normal 0.651774 0.321371 0.686958
    outer loop
      vertex 20.1936 8.33048 12.3
      vertex 20.8717 8.87905 11.4
      vertex 20.084 8.55276 12.3
    endloop
  endfacet
  facet normal -0.72515 0.0474747 0.686952
    outer loop
      vertex 22.9786 9.15642 11.4
      vertex 23.8244 9.05269 12.3
      vertex 22.988 9.3 11.4
    endloop
  endfacet
  facet normal -0.725106 0.0479567 0.686966
    outer loop
      vertex 23.8244 9.05269 12.3
      vertex 22.9786 9.15642 11.4
      vertex 23.8239 9.04513 12.3
    endloop
  endfacet
  facet normal -0.0475172 0.72513 0.686971
    outer loop
      vertex 21.888 8.2 11.4
      vertex 21.8956 7.34786 12.3
      vertex 22.0316 8.20941 11.4
    endloop
  endfacet
  facet normal -0.0467537 0.725159 0.686992
    outer loop
      vertex 21.8956 7.34786 12.3
      vertex 21.888 8.2 11.4
      vertex 21.888 7.34737 12.3
    endloop
  endfacet
  facet normal 0.141612 -0.712751 0.686973
    outer loop
      vertex 21.6033 10.3625 11.4
      vertex 21.6257 11.2344 12.3
      vertex 21.3826 11.1861 12.3
    endloop
  endfacet
  facet normal 0.47917 -0.546325 0.686968
    outer loop
      vertex 20.513 10.6857 12.3
      vertex 21.1102 10.0778 11.4
      vertex 21.2184 10.1727 11.4
    endloop
  endfacet
  facet normal 0.479204 -0.546293 0.686969
    outer loop
      vertex 21.1102 10.0778 11.4
      vertex 20.513 10.6857 12.3
      vertex 20.5073 10.6807 12.3
    endloop
  endfacet
  facet normal 0.321505 0.651699 0.686966
    outer loop
      vertex 21.338 8.34737 11.4
      vertex 20.9185 7.60562 12.3
      vertex 21.467 8.28373 11.4
    endloop
  endfacet
  facet normal 0.32115 0.651886 0.686955
    outer loop
      vertex 20.9185 7.60562 12.3
      vertex 21.338 8.34737 11.4
      vertex 20.9117 7.60897 12.3
    endloop
  endfacet
  facet normal -0.725146 0.0475006 0.686955
    outer loop
      vertex 23.8244 9.05269 12.3
      vertex 23.8406 9.3 12.3
      vertex 22.988 9.3 11.4
    endloop
  endfacet
  facet normal -0.40382 0.604165 0.68696
    outer loop
      vertex 22.438 8.34737 11.4
      vertex 22.8706 7.61318 12.3
      vertex 22.5576 8.42731 11.4
    endloop
  endfacet
  facet normal -0.403761 0.604202 0.686962
    outer loop
      vertex 22.8706 7.61318 12.3
      vertex 22.438 8.34737 11.4
      vertex 22.8643 7.60897 12.3
    endloop
  endfacet
  facet normal 0.321398 0.651767 0.686952
    outer loop
      vertex 21.1408 7.496 12.3
      vertex 21.467 8.28373 11.4
      vertex 20.9185 7.60562 12.3
    endloop
  endfacet
  facet normal 0.604208 0.403743 0.686968
    outer loop
      vertex 20.3347 8.11761 12.3
      vertex 20.9354 8.75 11.4
      vertex 20.197 8.32368 12.3
    endloop
  endfacet
  facet normal -0.0474682 -0.725152 0.686951
    outer loop
      vertex 22.0316 10.3906 11.4
      vertex 22.1353 11.2364 12.3
      vertex 21.888 10.4 11.4
    endloop
  endfacet
  facet normal -0.0477059 -0.72513 0.686958
    outer loop
      vertex 22.1353 11.2364 12.3
      vertex 22.0316 10.3906 11.4
      vertex 22.1429 11.2359 12.3
    endloop
  endfacet
  facet normal 0.604669 -0.403113 0.686931
    outer loop
      vertex 20.3347 10.4824 12.3
      vertex 21.0153 9.96964 11.4
      vertex 20.3389 10.4887 12.3
    endloop
  endfacet
  facet normal 0.60433 -0.403594 0.686948
    outer loop
      vertex 21.0153 9.96964 11.4
      vertex 20.3347 10.4824 12.3
      vertex 20.9354 9.85 11.4
    endloop
  endfacet
  facet normal 0.72515 0.0474747 0.686952
    outer loop
      vertex 19.9516 9.05269 12.3
      vertex 20.7974 9.15642 11.4
      vertex 20.788 9.3 11.4
    endloop
  endfacet
  facet normal 0.725106 0.0479567 0.686966
    outer loop
      vertex 20.7974 9.15642 11.4
      vertex 19.9516 9.05269 12.3
      vertex 19.9521 9.04513 12.3
    endloop
  endfacet
  facet normal 0.712764 0.141626 0.686957
    outer loop
      vertex 20.0004 8.80205 12.3
      vertex 20.7974 9.15642 11.4
      vertex 19.9521 9.04513 12.3
    endloop
  endfacet
  facet normal -0.545902 0.479703 0.686932
    outer loop
      vertex 22.7607 8.63036 11.4
      vertex 23.4321 8.10562 12.3
      vertex 23.4371 8.11131 12.3
    endloop
  endfacet
  facet normal -0.546294 0.479232 0.686949
    outer loop
      vertex 23.4321 8.10562 12.3
      vertex 22.7607 8.63036 11.4
      vertex 22.6658 8.52218 11.4
    endloop
  endfacet
  facet normal -0.546378 0.479114 0.686965
    outer loop
      vertex 23.2687 7.91928 12.3
      vertex 23.4321 8.10562 12.3
      vertex 22.6658 8.52218 11.4
    endloop
  endfacet
  facet normal 0.0477059 -0.72513 0.686958
    outer loop
      vertex 21.7444 10.3906 11.4
      vertex 21.6407 11.2364 12.3
      vertex 21.6331 11.2359 12.3
    endloop
  endfacet
  facet normal 0.0474682 -0.725152 0.686951
    outer loop
      vertex 21.6407 11.2364 12.3
      vertex 21.7444 10.3906 11.4
      vertex 21.888 10.4 11.4
    endloop
  endfacet
  facet normal 0.40382 0.604165 0.68696
    outer loop
      vertex 20.9054 7.61318 12.3
      vertex 21.338 8.34737 11.4
      vertex 21.2184 8.42731 11.4
    endloop
  endfacet
  facet normal 0.403761 0.604202 0.686962
    outer loop
      vertex 21.338 8.34737 11.4
      vertex 20.9054 7.61318 12.3
      vertex 20.9117 7.60897 12.3
    endloop
  endfacet
  facet normal -0.712764 0.141626 0.686957
    outer loop
      vertex 23.7756 8.80205 12.3
      vertex 23.8239 9.04513 12.3
      vertex 22.9786 9.15642 11.4
    endloop
  endfacet
  facet normal 0.144424 -0.712494 0.686654
    outer loop
      vertex 21.6033 10.3625 11.4
      vertex 21.6331 11.2359 12.3
      vertex 21.6257 11.2344 12.3
    endloop
  endfacet
  facet normal 0.141936 -0.712711 0.686947
    outer loop
      vertex 21.6331 11.2359 12.3
      vertex 21.6033 10.3625 11.4
      vertex 21.7444 10.3906 11.4
    endloop
  endfacet
  facet normal -0.403704 -0.604237 0.686965
    outer loop
      vertex 23.0767 10.8491 12.3
      vertex 22.8706 10.9868 12.3
      vertex 22.5576 10.1727 11.4
    endloop
  endfacet
  facet normal -0.688186 0.233352 0.686984
    outer loop
      vertex 22.9043 8.87905 11.4
      vertex 23.7741 8.79462 12.3
      vertex 22.9505 9.0153 11.4
    endloop
  endfacet
  facet normal -0.688798 0.23056 0.687314
    outer loop
      vertex 23.7741 8.79462 12.3
      vertex 22.9043 8.87905 11.4
      vertex 23.7717 8.78745 12.3
    endloop
  endfacet
  facet normal -0.14159 0.712764 0.686964
    outer loop
      vertex 22.1727 8.23748 11.4
      vertex 22.386 7.41243 12.3
      vertex 22.3934 7.4139 12.3
    endloop
  endfacet
  facet normal -0.141786 0.71272 0.686969
    outer loop
      vertex 22.386 7.41243 12.3
      vertex 22.1727 8.23748 11.4
      vertex 22.0316 8.20941 11.4
    endloop
  endfacet
  facet normal -0.651774 0.321371 0.686958
    outer loop
      vertex 23.5824 8.33048 12.3
      vertex 23.692 8.55276 12.3
      vertex 22.9043 8.87905 11.4
    endloop
  endfacet
  facet normal 0.712247 -0.143791 0.687043
    outer loop
      vertex 20.0004 9.79795 12.3
      vertex 20.8255 9.5847 11.4
      vertex 20.0019 9.80538 12.3
    endloop
  endfacet
  facet normal 0.712676 -0.141909 0.68699
    outer loop
      vertex 20.8255 9.5847 11.4
      vertex 20.0004 9.79795 12.3
      vertex 20.7974 9.44358 11.4
    endloop
  endfacet
  facet normal -0.479204 -0.546293 0.686969
    outer loop
      vertex 23.263 10.6857 12.3
      vertex 22.6658 10.0778 11.4
      vertex 23.2687 10.6807 12.3
    endloop
  endfacet
  facet normal -0.47917 -0.546325 0.686968
    outer loop
      vertex 22.6658 10.0778 11.4
      vertex 23.263 10.6857 12.3
      vertex 22.5576 10.1727 11.4
    endloop
  endfacet
  facet normal -0.403083 -0.604625 0.686988
    outer loop
      vertex 22.438 10.2526 11.4
      vertex 22.8706 10.9868 12.3
      vertex 22.8643 10.991 12.3
    endloop
  endfacet
  facet normal -0.403676 -0.604251 0.686969
    outer loop
      vertex 22.8706 10.9868 12.3
      vertex 22.438 10.2526 11.4
      vertex 22.5576 10.1727 11.4
    endloop
  endfacet
  facet normal 0.403083 -0.604625 0.686988
    outer loop
      vertex 20.9054 10.9868 12.3
      vertex 21.338 10.2526 11.4
      vertex 20.9117 10.991 12.3
    endloop
  endfacet
  facet normal 0.403676 -0.604251 0.686969
    outer loop
      vertex 21.338 10.2526 11.4
      vertex 20.9054 10.9868 12.3
      vertex 21.2184 10.1727 11.4
    endloop
  endfacet
  facet normal 0.233585 0.68812 0.686971
    outer loop
      vertex 21.3826 7.4139 12.3
      vertex 21.6033 8.23748 11.4
      vertex 21.1479 7.49357 12.3
    endloop
  endfacet
  facet normal 0.233508 0.688155 0.686961
    outer loop
      vertex 21.467 8.28373 11.4
      vertex 21.1479 7.49357 12.3
      vertex 21.6033 8.23748 11.4
    endloop
  endfacet
  facet normal 0.235297 0.687493 0.687014
    outer loop
      vertex 21.1479 7.49357 12.3
      vertex 21.467 8.28373 11.4
      vertex 21.1408 7.496 12.3
    endloop
  endfacet
  facet normal -0.478677 0.546785 0.686946
    outer loop
      vertex 22.6658 8.52218 11.4
      vertex 23.263 7.91429 12.3
      vertex 23.2687 7.91928 12.3
    endloop
  endfacet
  facet normal -0.479089 0.546404 0.686962
    outer loop
      vertex 23.263 7.91429 12.3
      vertex 22.6658 8.52218 11.4
      vertex 22.5576 8.42731 11.4
    endloop
  endfacet
  facet normal 0.233663 -0.688088 0.686976
    outer loop
      vertex 21.6033 10.3625 11.4
      vertex 21.3826 11.1861 12.3
      vertex 21.1479 11.1064 12.3
    endloop
  endfacet
  facet normal 0.712676 0.141909 0.68699
    outer loop
      vertex 20.0004 8.80205 12.3
      vertex 20.8255 9.0153 11.4
      vertex 20.7974 9.15642 11.4
    endloop
  endfacet
  facet normal 0.712247 0.143791 0.687043
    outer loop
      vertex 20.8255 9.0153 11.4
      vertex 20.0004 8.80205 12.3
      vertex 20.0019 8.79462 12.3
    endloop
  endfacet
  facet normal 0.546325 -0.479171 0.686968
    outer loop
      vertex 21.1102 10.0778 11.4
      vertex 20.5073 10.6807 12.3
      vertex 20.3439 10.4944 12.3
    endloop
  endfacet
  facet normal -0.32115 0.651886 0.686955
    outer loop
      vertex 22.438 8.34737 11.4
      vertex 22.8575 7.60562 12.3
      vertex 22.8643 7.60897 12.3
    endloop
  endfacet
  facet normal -0.321505 0.651699 0.686966
    outer loop
      vertex 22.8575 7.60562 12.3
      vertex 22.438 8.34737 11.4
      vertex 22.309 8.28373 11.4
    endloop
  endfacet
  facet normal -0.233585 0.68812 0.686971
    outer loop
      vertex 22.3934 7.4139 12.3
      vertex 22.6281 7.49357 12.3
      vertex 22.1727 8.23748 11.4
    endloop
  endfacet
  facet normal -0.141612 -0.712751 0.686973
    outer loop
      vertex 22.1727 10.3625 11.4
      vertex 22.3934 11.1861 12.3
      vertex 22.1503 11.2344 12.3
    endloop
  endfacet
  facet normal 0.688101 0.233677 0.686959
    outer loop
      vertex 20.084 8.55276 12.3
      vertex 20.8717 8.87905 11.4
      vertex 20.0043 8.78745 12.3
    endloop
  endfacet
  facet normal 0.546248 -0.47928 0.686953
    outer loop
      vertex 20.3439 10.4944 12.3
      vertex 21.0153 9.96964 11.4
      vertex 21.1102 10.0778 11.4
    endloop
  endfacet
  facet normal 0.546303 -0.479213 0.686955
    outer loop
      vertex 21.0153 9.96964 11.4
      vertex 20.3439 10.4944 12.3
      vertex 20.3389 10.4887 12.3
    endloop
  endfacet
  facet normal 0.321355 -0.651799 0.686942
    outer loop
      vertex 21.467 10.3163 11.4
      vertex 21.1408 11.104 12.3
      vertex 20.9185 10.9944 12.3
    endloop
  endfacet
  facet normal 0.47917 -0.546325 0.686968
    outer loop
      vertex 21.2184 10.1727 11.4
      vertex 20.6993 10.8491 12.3
      vertex 20.513 10.6857 12.3
    endloop
  endfacet
  facet normal 0.725106 -0.0479567 0.686966
    outer loop
      vertex 19.9516 9.54731 12.3
      vertex 20.7974 9.44358 11.4
      vertex 19.9521 9.55487 12.3
    endloop
  endfacet
  facet normal 0.72515 -0.0474747 0.686952
    outer loop
      vertex 20.7974 9.44358 11.4
      vertex 19.9516 9.54731 12.3
      vertex 20.788 9.3 11.4
    endloop
  endfacet
  facet normal -0.235297 0.687493 0.687014
    outer loop
      vertex 22.309 8.28373 11.4
      vertex 22.6281 7.49357 12.3
      vertex 22.6352 7.496 12.3
    endloop
  endfacet
  facet normal -0.233508 0.688155 0.686961
    outer loop
      vertex 22.6281 7.49357 12.3
      vertex 22.309 8.28373 11.4
      vertex 22.1727 8.23748 11.4
    endloop
  endfacet
  facet normal 0.321738 -0.651556 0.686993
    outer loop
      vertex 20.9185 10.9944 12.3
      vertex 21.338 10.2526 11.4
      vertex 21.467 10.3163 11.4
    endloop
  endfacet
  facet normal 0.324933 -0.649867 0.687089
    outer loop
      vertex 21.338 10.2526 11.4
      vertex 20.9185 10.9944 12.3
      vertex 20.9117 10.991 12.3
    endloop
  endfacet
  facet normal 0.0467537 0.725159 0.686992
    outer loop
      vertex 21.888 8.2 11.4
      vertex 21.8804 7.34786 12.3
      vertex 21.888 7.34737 12.3
    endloop
  endfacet
  facet normal 0.0475172 0.72513 0.686971
    outer loop
      vertex 21.8804 7.34786 12.3
      vertex 21.888 8.2 11.4
      vertex 21.7444 8.20941 11.4
    endloop
  endfacet
  facet normal -0.604208 0.403743 0.686968
    outer loop
      vertex 23.4413 8.11761 12.3
      vertex 23.579 8.32368 12.3
      vertex 22.8406 8.75 11.4
    endloop
  endfacet
  facet normal 0.651664 -0.321666 0.686924
    outer loop
      vertex 20.0874 10.054 12.3
      vertex 20.8717 9.72095 11.4
      vertex 20.9354 9.85 11.4
    endloop
  endfacet
  facet normal 0.6501 -0.32505 0.686813
    outer loop
      vertex 20.8717 9.72095 11.4
      vertex 20.0874 10.054 12.3
      vertex 20.084 10.0472 12.3
    endloop
  endfacet
  facet normal -0.141936 -0.712711 0.686947
    outer loop
      vertex 22.1727 10.3625 11.4
      vertex 22.1429 11.2359 12.3
      vertex 22.0316 10.3906 11.4
    endloop
  endfacet
  facet normal -0.144424 -0.712494 0.686654
    outer loop
      vertex 22.1429 11.2359 12.3
      vertex 22.1727 10.3625 11.4
      vertex 22.1503 11.2344 12.3
    endloop
  endfacet
  facet normal -0.604332 0.403595 0.686946
    outer loop
      vertex 22.7607 8.63036 11.4
      vertex 23.4413 8.11761 12.3
      vertex 22.8406 8.75 11.4
    endloop
  endfacet
  facet normal -0.604671 0.403114 0.686929
    outer loop
      vertex 23.4413 8.11761 12.3
      vertex 22.7607 8.63036 11.4
      vertex 23.4371 8.11131 12.3
    endloop
  endfacet
  facet normal -0.546325 -0.479171 0.686968
    outer loop
      vertex 23.4321 10.4944 12.3
      vertex 23.2687 10.6807 12.3
      vertex 22.6658 10.0778 11.4
    endloop
  endfacet
  facet normal 0.0475025 -0.725146 0.686955
    outer loop
      vertex 21.888 10.4 11.4
      vertex 21.888 11.2526 12.3
      vertex 21.6407 11.2364 12.3
    endloop
  endfacet
  facet normal 0.604237 -0.403704 0.686964
    outer loop
      vertex 20.9354 9.85 11.4
      vertex 20.3347 10.4824 12.3
      vertex 20.197 10.2763 12.3
    endloop
  endfacet
  facet normal 0.651782 -0.321346 0.686962
    outer loop
      vertex 20.9354 9.85 11.4
      vertex 20.197 10.2763 12.3
      vertex 20.0874 10.054 12.3
    endloop
  endfacet
  facet normal 0.688798 -0.23056 0.687314
    outer loop
      vertex 20.0019 9.80538 12.3
      vertex 20.8717 9.72095 11.4
      vertex 20.0043 9.81255 12.3
    endloop
  endfacet
  facet normal 0.688186 -0.233352 0.686984
    outer loop
      vertex 20.8717 9.72095 11.4
      vertex 20.0019 9.80538 12.3
      vertex 20.8255 9.5847 11.4
    endloop
  endfacet
  facet normal 0.688092 -0.233714 0.686955
    outer loop
      vertex 20.8717 9.72095 11.4
      vertex 20.084 10.0472 12.3
      vertex 20.0043 9.81255 12.3
    endloop
  endfacet
  facet normal -0.651605 0.321637 0.686993
    outer loop
      vertex 22.8406 8.75 11.4
      vertex 23.5824 8.33048 12.3
      vertex 22.9043 8.87905 11.4
    endloop
  endfacet
  facet normal -0.649863 0.324932 0.687093
    outer loop
      vertex 23.5824 8.33048 12.3
      vertex 22.8406 8.75 11.4
      vertex 23.579 8.32368 12.3
    endloop
  endfacet
  facet normal -0.403677 0.60424 0.686978
    outer loop
      vertex 22.8706 7.61318 12.3
      vertex 23.0767 7.75087 12.3
      vertex 22.5576 8.42731 11.4
    endloop
  endfacet
  facet normal 0.403677 0.60424 0.686978
    outer loop
      vertex 20.9054 7.61318 12.3
      vertex 21.2184 8.42731 11.4
      vertex 20.6993 7.75087 12.3
    endloop
  endfacet
  facet normal -0.604237 -0.403704 0.686964
    outer loop
      vertex 23.579 10.2763 12.3
      vertex 23.4413 10.4824 12.3
      vertex 22.8406 9.85 11.4
    endloop
  endfacet
  facet normal -0.0475025 -0.725146 0.686955
    outer loop
      vertex 22.1353 11.2364 12.3
      vertex 21.888 11.2526 12.3
      vertex 21.888 10.4 11.4
    endloop
  endfacet
  facet normal 0.546294 0.479232 0.686949
    outer loop
      vertex 21.0153 8.63036 11.4
      vertex 20.3439 8.10562 12.3
      vertex 21.1102 8.52218 11.4
    endloop
  endfacet
  facet normal 0.545902 0.479703 0.686932
    outer loop
      vertex 20.3439 8.10562 12.3
      vertex 21.0153 8.63036 11.4
      vertex 20.3389 8.11131 12.3
    endloop
  endfacet
  facet normal -0.141782 0.712721 0.686969
    outer loop
      vertex 22.1429 7.36407 12.3
      vertex 22.386 7.41243 12.3
      vertex 22.0316 8.20941 11.4
    endloop
  endfacet
  facet normal 0.232722 -0.68847 0.686913
    outer loop
      vertex 21.467 10.3163 11.4
      vertex 21.1479 11.1064 12.3
      vertex 21.1408 11.104 12.3
    endloop
  endfacet
  facet normal 0.233291 -0.68826 0.68693
    outer loop
      vertex 21.1479 11.1064 12.3
      vertex 21.467 10.3163 11.4
      vertex 21.6033 10.3625 11.4
    endloop
  endfacet
  facet normal 0.604332 0.403595 0.686946
    outer loop
      vertex 20.3347 8.11761 12.3
      vertex 21.0153 8.63036 11.4
      vertex 20.9354 8.75 11.4
    endloop
  endfacet
  facet normal 0.604671 0.403114 0.686929
    outer loop
      vertex 21.0153 8.63036 11.4
      vertex 20.3347 8.11761 12.3
      vertex 20.3389 8.11131 12.3
    endloop
  endfacet
  facet normal 0.141786 0.71272 0.686969
    outer loop
      vertex 21.6033 8.23748 11.4
      vertex 21.39 7.41243 12.3
      vertex 21.7444 8.20941 11.4
    endloop
  endfacet
  facet normal 0.14159 0.712764 0.686964
    outer loop
      vertex 21.39 7.41243 12.3
      vertex 21.6033 8.23748 11.4
      vertex 21.3826 7.4139 12.3
    endloop
  endfacet
  facet normal 0.546378 0.479114 0.686965
    outer loop
      vertex 20.5073 7.91928 12.3
      vertex 21.1102 8.52218 11.4
      vertex 20.3439 8.10562 12.3
    endloop
  endfacet
  facet normal -0.233663 -0.688088 0.686976
    outer loop
      vertex 22.6281 11.1064 12.3
      vertex 22.3934 11.1861 12.3
      vertex 22.1727 10.3625 11.4
    endloop
  endfacet
  facet normal -0.604669 -0.403113 0.686931
    outer loop
      vertex 22.7607 9.96964 11.4
      vertex 23.4413 10.4824 12.3
      vertex 23.4371 10.4887 12.3
    endloop
  endfacet
  facet normal -0.60433 -0.403594 0.686948
    outer loop
      vertex 23.4413 10.4824 12.3
      vertex 22.7607 9.96964 11.4
      vertex 22.8406 9.85 11.4
    endloop
  endfacet
  facet normal -0.651782 -0.321346 0.686962
    outer loop
      vertex 23.6886 10.054 12.3
      vertex 23.579 10.2763 12.3
      vertex 22.8406 9.85 11.4
    endloop
  endfacet
  facet normal 0.651605 0.321637 0.686993
    outer loop
      vertex 20.1936 8.33048 12.3
      vertex 20.9354 8.75 11.4
      vertex 20.8717 8.87905 11.4
    endloop
  endfacet
  facet normal 0.649863 0.324932 0.687093
    outer loop
      vertex 20.9354 8.75 11.4
      vertex 20.1936 8.33048 12.3
      vertex 20.197 8.32368 12.3
    endloop
  endfacet
  facet normal 0.479196 0.546287 0.686979
    outer loop
      vertex 20.6993 7.75087 12.3
      vertex 21.2184 8.42731 11.4
      vertex 20.513 7.91429 12.3
    endloop
  endfacet
  facet normal 0.141782 0.712721 0.686969
    outer loop
      vertex 21.6331 7.36407 12.3
      vertex 21.7444 8.20941 11.4
      vertex 21.39 7.41243 12.3
    endloop
  endfacet
  facet normal 0.0475308 0.725131 0.686969
    outer loop
      vertex 21.8804 7.34786 12.3
      vertex 21.7444 8.20941 11.4
      vertex 21.6331 7.36407 12.3
    endloop
  endfacet
  facet normal -0.6501 -0.32505 0.686813
    outer loop
      vertex 23.6886 10.054 12.3
      vertex 22.9043 9.72095 11.4
      vertex 23.692 10.0472 12.3
    endloop
  endfacet
  facet normal -0.651664 -0.321666 0.686924
    outer loop
      vertex 22.9043 9.72095 11.4
      vertex 23.6886 10.054 12.3
      vertex 22.8406 9.85 11.4
    endloop
  endfacet
  facet normal 0.688186 0.233352 0.686984
    outer loop
      vertex 20.0019 8.79462 12.3
      vertex 20.8717 8.87905 11.4
      vertex 20.8255 9.0153 11.4
    endloop
  endfacet
  facet normal 0.688798 0.23056 0.687314
    outer loop
      vertex 20.8717 8.87905 11.4
      vertex 20.0019 8.79462 12.3
      vertex 20.0043 8.78745 12.3
    endloop
  endfacet
  facet normal -0.47917 -0.546325 0.686968
    outer loop
      vertex 23.263 10.6857 12.3
      vertex 23.0767 10.8491 12.3
      vertex 22.5576 10.1727 11.4
    endloop
  endfacet
  facet normal -0.321355 -0.651799 0.686942
    outer loop
      vertex 22.8575 10.9944 12.3
      vertex 22.6352 11.104 12.3
      vertex 22.309 10.3163 11.4
    endloop
  endfacet
  facet normal -0.233291 -0.68826 0.68693
    outer loop
      vertex 22.309 10.3163 11.4
      vertex 22.6281 11.1064 12.3
      vertex 22.1727 10.3625 11.4
    endloop
  endfacet
  facet normal -0.232722 -0.68847 0.686913
    outer loop
      vertex 22.6281 11.1064 12.3
      vertex 22.309 10.3163 11.4
      vertex 22.6352 11.104 12.3
    endloop
  endfacet
  facet normal -0.546303 -0.479213 0.686955
    outer loop
      vertex 23.4321 10.4944 12.3
      vertex 22.7607 9.96964 11.4
      vertex 23.4371 10.4887 12.3
    endloop
  endfacet
  facet normal -0.546248 -0.47928 0.686953
    outer loop
      vertex 22.7607 9.96964 11.4
      vertex 23.4321 10.4944 12.3
      vertex 22.6658 10.0778 11.4
    endloop
  endfacet
  facet normal -0.688092 -0.233714 0.686955
    outer loop
      vertex 23.7717 9.81255 12.3
      vertex 23.692 10.0472 12.3
      vertex 22.9043 9.72095 11.4
    endloop
  endfacet
  facet normal -0.712764 -0.141626 0.686957
    outer loop
      vertex 23.8239 9.55487 12.3
      vertex 23.7756 9.79795 12.3
      vertex 22.9786 9.44358 11.4
    endloop
  endfacet
  facet normal -0.688798 -0.23056 0.687314
    outer loop
      vertex 22.9043 9.72095 11.4
      vertex 23.7741 9.80538 12.3
      vertex 23.7717 9.81255 12.3
    endloop
  endfacet
  facet normal -0.688186 -0.233352 0.686984
    outer loop
      vertex 23.7741 9.80538 12.3
      vertex 22.9043 9.72095 11.4
      vertex 22.9505 9.5847 11.4
    endloop
  endfacet
  facet normal -0.712247 -0.143791 0.687043
    outer loop
      vertex 22.9505 9.5847 11.4
      vertex 23.7756 9.79795 12.3
      vertex 23.7741 9.80538 12.3
    endloop
  endfacet
  facet normal -0.712676 -0.141909 0.68699
    outer loop
      vertex 23.7756 9.79795 12.3
      vertex 22.9505 9.5847 11.4
      vertex 22.9786 9.44358 11.4
    endloop
  endfacet
  facet normal -0.725149 -0.0474746 0.686954
    outer loop
      vertex 29.932 9.3 11.4
      vertex 30.7841 9.30756 12.3
      vertex 29.9226 9.44358 11.4
    endloop
  endfacet
  facet normal -0.72513 -0.0479583 0.68694
    outer loop
      vertex 30.7841 9.30756 12.3
      vertex 29.932 9.3 11.4
      vertex 30.7846 9.3 12.3
    endloop
  endfacet
  facet normal -0.546293 -0.479204 0.686969
    outer loop
      vertex 29.6098 10.0778 11.4
      vertex 30.2177 10.675 12.3
      vertex 30.2127 10.6807 12.3
    endloop
  endfacet
  facet normal -0.546234 -0.479268 0.686972
    outer loop
      vertex 30.2177 10.675 12.3
      vertex 29.6098 10.0778 11.4
      vertex 29.7047 9.96964 11.4
    endloop
  endfacet
  facet normal -0.546384 0.479119 0.686957
    outer loop
      vertex 30.2177 7.92497 12.3
      vertex 30.3811 8.11131 12.3
      vertex 29.7047 8.63036 11.4
    endloop
  endfacet
  facet normal -0.0475308 0.725131 0.686969
    outer loop
      vertex 29.0869 7.36407 12.3
      vertex 28.9756 8.20941 11.4
      vertex 28.8396 7.34786 12.3
    endloop
  endfacet
  facet normal -0.321355 -0.651799 0.686942
    outer loop
      vertex 29.8015 10.9944 12.3
      vertex 29.5792 11.104 12.3
      vertex 29.253 10.3163 11.4
    endloop
  endfacet
  facet normal 0.0475025 -0.725146 0.686955
    outer loop
      vertex 28.832 10.4 11.4
      vertex 28.832 11.2526 12.3
      vertex 28.5847 11.2364 12.3
    endloop
  endfacet
  facet normal -0.233672 -0.688115 0.686946
    outer loop
      vertex 29.5792 11.104 12.3
      vertex 29.3445 11.1837 12.3
      vertex 29.253 10.3163 11.4
    endloop
  endfacet
  facet normal 0.604227 0.403737 0.686954
    outer loop
      vertex 27.2829 8.11131 12.3
      vertex 27.9593 8.63036 11.4
      vertex 27.1452 8.31739 12.3
    endloop
  endfacet
  facet normal 0.233585 0.68812 0.686971
    outer loop
      vertex 28.3266 7.4139 12.3
      vertex 28.5473 8.23748 11.4
      vertex 28.0919 7.49357 12.3
    endloop
  endfacet
  facet normal -0.47917 -0.546325 0.686968
    outer loop
      vertex 30.207 10.6857 12.3
      vertex 30.0207 10.8491 12.3
      vertex 29.5016 10.1727 11.4
    endloop
  endfacet
  facet normal 0.71275 0.141623 0.686972
    outer loop
      vertex 26.9459 8.79462 12.3
      vertex 27.7695 9.0153 11.4
      vertex 26.8976 9.0377 12.3
    endloop
  endfacet
  facet normal -0.233273 -0.688207 0.68699
    outer loop
      vertex 29.253 10.3163 11.4
      vertex 29.3374 11.1861 12.3
      vertex 29.1167 10.3625 11.4
    endloop
  endfacet
  facet normal -0.232678 -0.688338 0.68706
    outer loop
      vertex 29.3374 11.1861 12.3
      vertex 29.253 10.3163 11.4
      vertex 29.3445 11.1837 12.3
    endloop
  endfacet
  facet normal 0.651664 -0.321666 0.686924
    outer loop
      vertex 27.0314 10.054 12.3
      vertex 27.8157 9.72095 11.4
      vertex 27.8794 9.85 11.4
    endloop
  endfacet
  facet normal 0.6501 -0.32505 0.686813
    outer loop
      vertex 27.8157 9.72095 11.4
      vertex 27.0314 10.054 12.3
      vertex 27.028 10.0472 12.3
    endloop
  endfacet
  facet normal -0.321398 0.651767 0.686952
    outer loop
      vertex 29.5792 7.496 12.3
      vertex 29.8015 7.60562 12.3
      vertex 29.253 8.28373 11.4
    endloop
  endfacet
  facet normal -0.14159 0.712764 0.686964
    outer loop
      vertex 29.1167 8.23748 11.4
      vertex 29.33 7.41243 12.3
      vertex 29.3374 7.4139 12.3
    endloop
  endfacet
  facet normal -0.141786 0.71272 0.686969
    outer loop
      vertex 29.33 7.41243 12.3
      vertex 29.1167 8.23748 11.4
      vertex 28.9756 8.20941 11.4
    endloop
  endfacet
  facet normal 0.688464 -0.23272 0.68692
    outer loop
      vertex 27.0256 10.0401 12.3
      vertex 27.8157 9.72095 11.4
      vertex 27.028 10.0472 12.3
    endloop
  endfacet
  facet normal 0.688226 -0.233365 0.68694
    outer loop
      vertex 27.8157 9.72095 11.4
      vertex 27.0256 10.0401 12.3
      vertex 27.7695 9.5847 11.4
    endloop
  endfacet
  facet normal -0.604339 0.403533 0.686976
    outer loop
      vertex 29.7846 8.75 11.4
      vertex 30.5188 8.31739 12.3
      vertex 30.523 8.32368 12.3
    endloop
  endfacet
  facet normal -0.604309 0.40358 0.686974
    outer loop
      vertex 30.5188 8.31739 12.3
      vertex 29.7846 8.75 11.4
      vertex 29.7047 8.63036 11.4
    endloop
  endfacet
  facet normal -0.478677 0.546785 0.686946
    outer loop
      vertex 29.6098 8.52218 11.4
      vertex 30.207 7.91429 12.3
      vertex 30.2127 7.91928 12.3
    endloop
  endfacet
  facet normal -0.479089 0.546404 0.686962
    outer loop
      vertex 30.207 7.91429 12.3
      vertex 29.6098 8.52218 11.4
      vertex 29.5016 8.42731 11.4
    endloop
  endfacet
  facet normal 0.546333 -0.479177 0.686957
    outer loop
      vertex 27.9593 9.96964 11.4
      vertex 27.4463 10.675 12.3
      vertex 27.2829 10.4887 12.3
    endloop
  endfacet
  facet normal -0.32115 0.651886 0.686955
    outer loop
      vertex 29.382 8.34737 11.4
      vertex 29.8015 7.60562 12.3
      vertex 29.8083 7.60897 12.3
    endloop
  endfacet
  facet normal -0.321505 0.651699 0.686966
    outer loop
      vertex 29.8015 7.60562 12.3
      vertex 29.382 8.34737 11.4
      vertex 29.253 8.28373 11.4
    endloop
  endfacet
  facet normal -0.40382 0.604165 0.68696
    outer loop
      vertex 29.382 8.34737 11.4
      vertex 29.8146 7.61318 12.3
      vertex 29.5016 8.42731 11.4
    endloop
  endfacet
  facet normal -0.403761 0.604202 0.686962
    outer loop
      vertex 29.8146 7.61318 12.3
      vertex 29.382 8.34737 11.4
      vertex 29.8083 7.60897 12.3
    endloop
  endfacet
  facet normal -0.712676 0.141909 0.68699
    outer loop
      vertex 29.8945 9.0153 11.4
      vertex 30.7196 8.80205 12.3
      vertex 29.9226 9.15642 11.4
    endloop
  endfacet
  facet normal -0.712247 0.143791 0.687043
    outer loop
      vertex 30.7196 8.80205 12.3
      vertex 29.8945 9.0153 11.4
      vertex 30.7181 8.79462 12.3
    endloop
  endfacet
  facet normal 0.0467537 0.725159 0.686992
    outer loop
      vertex 28.832 8.2 11.4
      vertex 28.8244 7.34786 12.3
      vertex 28.832 7.34737 12.3
    endloop
  endfacet
  facet normal 0.0475172 0.72513 0.686971
    outer loop
      vertex 28.8244 7.34786 12.3
      vertex 28.832 8.2 11.4
      vertex 28.6884 8.20941 11.4
    endloop
  endfacet
  facet normal -0.0475172 0.72513 0.686971
    outer loop
      vertex 28.832 8.2 11.4
      vertex 28.8396 7.34786 12.3
      vertex 28.9756 8.20941 11.4
    endloop
  endfacet
  facet normal -0.0467537 0.725159 0.686992
    outer loop
      vertex 28.8396 7.34786 12.3
      vertex 28.832 8.2 11.4
      vertex 28.832 7.34737 12.3
    endloop
  endfacet
  facet normal 0.651605 0.321637 0.686993
    outer loop
      vertex 27.1376 8.33048 12.3
      vertex 27.8794 8.75 11.4
      vertex 27.8157 8.87905 11.4
    endloop
  endfacet
  facet normal 0.649863 0.324932 0.687093
    outer loop
      vertex 27.8794 8.75 11.4
      vertex 27.1376 8.33048 12.3
      vertex 27.141 8.32368 12.3
    endloop
  endfacet
  facet normal -0.712764 0.141626 0.686957
    outer loop
      vertex 30.7196 8.80205 12.3
      vertex 30.7679 9.04513 12.3
      vertex 29.9226 9.15642 11.4
    endloop
  endfacet
  facet normal -0.712764 -0.141626 0.686957
    outer loop
      vertex 30.7679 9.55487 12.3
      vertex 30.7196 9.79795 12.3
      vertex 29.9226 9.44358 11.4
    endloop
  endfacet
  facet normal -0.604237 -0.403704 0.686964
    outer loop
      vertex 30.523 10.2763 12.3
      vertex 30.3853 10.4824 12.3
      vertex 29.7846 9.85 11.4
    endloop
  endfacet
  facet normal 0.725106 -0.0479567 0.686966
    outer loop
      vertex 26.8956 9.54731 12.3
      vertex 27.7414 9.44358 11.4
      vertex 26.8961 9.55487 12.3
    endloop
  endfacet
  facet normal 0.72515 -0.0474747 0.686952
    outer loop
      vertex 27.7414 9.44358 11.4
      vertex 26.8956 9.54731 12.3
      vertex 27.732 9.3 11.4
    endloop
  endfacet
  facet normal 0.604237 -0.403704 0.686964
    outer loop
      vertex 27.8794 9.85 11.4
      vertex 27.2787 10.4824 12.3
      vertex 27.141 10.2763 12.3
    endloop
  endfacet
  facet normal -0.324933 -0.649867 0.687089
    outer loop
      vertex 29.8015 10.9944 12.3
      vertex 29.382 10.2526 11.4
      vertex 29.8083 10.991 12.3
    endloop
  endfacet
  facet normal -0.321738 -0.651556 0.686993
    outer loop
      vertex 29.382 10.2526 11.4
      vertex 29.8015 10.9944 12.3
      vertex 29.253 10.3163 11.4
    endloop
  endfacet
  facet normal -0.141612 -0.712751 0.686973
    outer loop
      vertex 29.1167 10.3625 11.4
      vertex 29.3374 11.1861 12.3
      vertex 29.0943 11.2344 12.3
    endloop
  endfacet
  facet normal -0.546278 0.479217 0.686973
    outer loop
      vertex 29.6098 8.52218 11.4
      vertex 30.2177 7.92497 12.3
      vertex 29.7047 8.63036 11.4
    endloop
  endfacet
  facet normal -0.545861 0.479667 0.68699
    outer loop
      vertex 30.2177 7.92497 12.3
      vertex 29.6098 8.52218 11.4
      vertex 30.2127 7.91928 12.3
    endloop
  endfacet
  facet normal -0.688464 -0.23272 0.68692
    outer loop
      vertex 29.8483 9.72095 11.4
      vertex 30.6384 10.0401 12.3
      vertex 30.636 10.0472 12.3
    endloop
  endfacet
  facet normal -0.688226 -0.233365 0.68694
    outer loop
      vertex 30.6384 10.0401 12.3
      vertex 29.8483 9.72095 11.4
      vertex 29.8945 9.5847 11.4
    endloop
  endfacet
  facet normal 0.725146 0.0475006 0.686955
    outer loop
      vertex 26.8956 9.05269 12.3
      vertex 27.732 9.3 11.4
      vertex 26.8794 9.3 12.3
    endloop
  endfacet
  facet normal 0.725146 -0.0475006 0.686955
    outer loop
      vertex 27.732 9.3 11.4
      vertex 26.8956 9.54731 12.3
      vertex 26.8794 9.3 12.3
    endloop
  endfacet
  facet normal 0.651782 -0.321346 0.686962
    outer loop
      vertex 27.8794 9.85 11.4
      vertex 27.141 10.2763 12.3
      vertex 27.0314 10.054 12.3
    endloop
  endfacet
  facet normal -0.688088 0.233672 0.686973
    outer loop
      vertex 30.6384 8.55993 12.3
      vertex 30.7181 8.79462 12.3
      vertex 29.8945 9.0153 11.4
    endloop
  endfacet
  facet normal -0.141782 0.712721 0.686969
    outer loop
      vertex 29.0869 7.36407 12.3
      vertex 29.33 7.41243 12.3
      vertex 28.9756 8.20941 11.4
    endloop
  endfacet
  facet normal -0.235297 0.687493 0.687014
    outer loop
      vertex 29.253 8.28373 11.4
      vertex 29.5721 7.49357 12.3
      vertex 29.5792 7.496 12.3
    endloop
  endfacet
  facet normal -0.233508 0.688155 0.686961
    outer loop
      vertex 29.5721 7.49357 12.3
      vertex 29.253 8.28373 11.4
      vertex 29.1167 8.23748 11.4
    endloop
  endfacet
  facet normal 0.403677 0.60424 0.686978
    outer loop
      vertex 27.8494 7.61318 12.3
      vertex 28.1624 8.42731 11.4
      vertex 27.6433 7.75087 12.3
    endloop
  endfacet
  facet normal 0.325054 -0.650108 0.686803
    outer loop
      vertex 28.078 11.1006 12.3
      vertex 28.411 10.3163 11.4
      vertex 28.0848 11.104 12.3
    endloop
  endfacet
  facet normal 0.321772 -0.651626 0.686911
    outer loop
      vertex 28.411 10.3163 11.4
      vertex 28.078 11.1006 12.3
      vertex 28.282 10.2526 11.4
    endloop
  endfacet
  facet normal 0.321393 0.651757 0.686964
    outer loop
      vertex 28.078 7.49935 12.3
      vertex 28.282 8.34737 11.4
      vertex 27.8557 7.60897 12.3
    endloop
  endfacet
  facet normal 0.233508 0.688155 0.686961
    outer loop
      vertex 28.411 8.28373 11.4
      vertex 28.0919 7.49357 12.3
      vertex 28.5473 8.23748 11.4
    endloop
  endfacet
  facet normal 0.235297 0.687493 0.687014
    outer loop
      vertex 28.0919 7.49357 12.3
      vertex 28.411 8.28373 11.4
      vertex 28.0848 7.496 12.3
    endloop
  endfacet
  facet normal -0.72513 0.0479583 0.68694
    outer loop
      vertex 29.932 9.3 11.4
      vertex 30.7841 9.29244 12.3
      vertex 30.7846 9.3 12.3
    endloop
  endfacet
  facet normal -0.725149 0.0474746 0.686954
    outer loop
      vertex 30.7841 9.29244 12.3
      vertex 29.932 9.3 11.4
      vertex 29.9226 9.15642 11.4
    endloop
  endfacet
  facet normal -0.688229 0.233367 0.686936
    outer loop
      vertex 29.8483 8.87905 11.4
      vertex 30.6384 8.55993 12.3
      vertex 29.8945 9.0153 11.4
    endloop
  endfacet
  facet normal -0.689212 0.230698 0.686852
    outer loop
      vertex 30.6384 8.55993 12.3
      vertex 29.8483 8.87905 11.4
      vertex 30.636 8.55276 12.3
    endloop
  endfacet
  facet normal -0.72515 -0.0475008 0.686951
    outer loop
      vertex 30.7841 9.30756 12.3
      vertex 30.7679 9.55487 12.3
      vertex 29.9226 9.44358 11.4
    endloop
  endfacet
  facet normal -0.72515 0.0475008 0.686951
    outer loop
      vertex 30.7679 9.04513 12.3
      vertex 30.7841 9.29244 12.3
      vertex 29.9226 9.15642 11.4
    endloop
  endfacet
  facet normal -0.403083 -0.604625 0.686988
    outer loop
      vertex 29.382 10.2526 11.4
      vertex 29.8146 10.9868 12.3
      vertex 29.8083 10.991 12.3
    endloop
  endfacet
  facet normal -0.403676 -0.604251 0.686969
    outer loop
      vertex 29.8146 10.9868 12.3
      vertex 29.382 10.2526 11.4
      vertex 29.5016 10.1727 11.4
    endloop
  endfacet
  facet normal 0.141612 -0.712751 0.686973
    outer loop
      vertex 28.5473 10.3625 11.4
      vertex 28.5697 11.2344 12.3
      vertex 28.3266 11.1861 12.3
    endloop
  endfacet
  facet normal 0.232722 -0.68847 0.686913
    outer loop
      vertex 28.411 10.3163 11.4
      vertex 28.0919 11.1064 12.3
      vertex 28.0848 11.104 12.3
    endloop
  endfacet
  facet normal 0.233291 -0.68826 0.68693
    outer loop
      vertex 28.0919 11.1064 12.3
      vertex 28.411 10.3163 11.4
      vertex 28.5473 10.3625 11.4
    endloop
  endfacet
  facet normal -0.604227 0.403737 0.686954
    outer loop
      vertex 30.3811 8.11131 12.3
      vertex 30.5188 8.31739 12.3
      vertex 29.7047 8.63036 11.4
    endloop
  endfacet
  facet normal -0.479204 -0.546293 0.686969
    outer loop
      vertex 30.207 10.6857 12.3
      vertex 29.6098 10.0778 11.4
      vertex 30.2127 10.6807 12.3
    endloop
  endfacet
  facet normal -0.47917 -0.546325 0.686968
    outer loop
      vertex 29.6098 10.0778 11.4
      vertex 30.207 10.6857 12.3
      vertex 29.5016 10.1727 11.4
    endloop
  endfacet
  facet normal 0.233663 -0.688088 0.686976
    outer loop
      vertex 28.5473 10.3625 11.4
      vertex 28.3266 11.1861 12.3
      vertex 28.0919 11.1064 12.3
    endloop
  endfacet
  facet normal 0.546384 0.479119 0.686957
    outer loop
      vertex 27.4463 7.92497 12.3
      vertex 27.9593 8.63036 11.4
      vertex 27.2829 8.11131 12.3
    endloop
  endfacet
  facet normal -0.403677 0.60424 0.686978
    outer loop
      vertex 29.8146 7.61318 12.3
      vertex 30.0207 7.75087 12.3
      vertex 29.5016 8.42731 11.4
    endloop
  endfacet
  facet normal 0.40382 0.604165 0.68696
    outer loop
      vertex 27.8494 7.61318 12.3
      vertex 28.282 8.34737 11.4
      vertex 28.1624 8.42731 11.4
    endloop
  endfacet
  facet normal 0.403761 0.604202 0.686962
    outer loop
      vertex 28.282 8.34737 11.4
      vertex 27.8494 7.61318 12.3
      vertex 27.8557 7.60897 12.3
    endloop
  endfacet
  facet normal 0.71275 -0.141623 0.686972
    outer loop
      vertex 27.7695 9.5847 11.4
      vertex 26.9459 9.80538 12.3
      vertex 26.8976 9.5623 12.3
    endloop
  endfacet
  facet normal 0.688096 -0.233645 0.686974
    outer loop
      vertex 27.7695 9.5847 11.4
      vertex 27.0256 10.0401 12.3
      vertex 26.9459 9.80538 12.3
    endloop
  endfacet
  facet normal -0.651773 0.321356 0.686966
    outer loop
      vertex 30.523 8.32368 12.3
      vertex 30.6326 8.54597 12.3
      vertex 29.7846 8.75 11.4
    endloop
  endfacet
  facet normal 0.688186 0.233352 0.686984
    outer loop
      vertex 26.9459 8.79462 12.3
      vertex 27.8157 8.87905 11.4
      vertex 27.7695 9.0153 11.4
    endloop
  endfacet
  facet normal 0.688798 0.23056 0.687314
    outer loop
      vertex 27.8157 8.87905 11.4
      vertex 26.9459 8.79462 12.3
      vertex 26.9483 8.78745 12.3
    endloop
  endfacet
  facet normal -0.651782 -0.321346 0.686962
    outer loop
      vertex 30.6326 10.054 12.3
      vertex 30.523 10.2763 12.3
      vertex 29.7846 9.85 11.4
    endloop
  endfacet
  facet normal -0.0475025 -0.725146 0.686955
    outer loop
      vertex 29.0793 11.2364 12.3
      vertex 28.832 11.2526 12.3
      vertex 28.832 10.4 11.4
    endloop
  endfacet
  facet normal 0.479196 0.546287 0.686979
    outer loop
      vertex 27.6433 7.75087 12.3
      vertex 28.1624 8.42731 11.4
      vertex 27.457 7.91429 12.3
    endloop
  endfacet
  facet normal 0.479089 0.546404 0.686962
    outer loop
      vertex 28.0542 8.52218 11.4
      vertex 27.457 7.91429 12.3
      vertex 28.1624 8.42731 11.4
    endloop
  endfacet
  facet normal 0.478677 0.546785 0.686946
    outer loop
      vertex 27.457 7.91429 12.3
      vertex 28.0542 8.52218 11.4
      vertex 27.4513 7.91928 12.3
    endloop
  endfacet
  facet normal 0.651774 0.321371 0.686958
    outer loop
      vertex 27.1376 8.33048 12.3
      vertex 27.8157 8.87905 11.4
      vertex 27.028 8.55276 12.3
    endloop
  endfacet
  facet normal -0.6501 -0.32505 0.686813
    outer loop
      vertex 30.6326 10.054 12.3
      vertex 29.8483 9.72095 11.4
      vertex 30.636 10.0472 12.3
    endloop
  endfacet
  facet normal -0.651664 -0.321666 0.686924
    outer loop
      vertex 29.8483 9.72095 11.4
      vertex 30.6326 10.054 12.3
      vertex 29.7846 9.85 11.4
    endloop
  endfacet
  facet normal 0.403704 -0.604237 0.686964
    outer loop
      vertex 28.282 10.2526 11.4
      vertex 27.8557 10.991 12.3
      vertex 27.6496 10.8533 12.3
    endloop
  endfacet
  facet normal -0.688096 -0.233645 0.686974
    outer loop
      vertex 30.7181 9.80538 12.3
      vertex 30.6384 10.0401 12.3
      vertex 29.8945 9.5847 11.4
    endloop
  endfacet
  facet normal -0.712247 -0.143791 0.687043
    outer loop
      vertex 29.8945 9.5847 11.4
      vertex 30.7196 9.79795 12.3
      vertex 30.7181 9.80538 12.3
    endloop
  endfacet
  facet normal -0.712676 -0.141909 0.68699
    outer loop
      vertex 30.7196 9.79795 12.3
      vertex 29.8945 9.5847 11.4
      vertex 29.9226 9.44358 11.4
    endloop
  endfacet
  facet normal 0.321346 -0.651782 0.686962
    outer loop
      vertex 28.282 10.2526 11.4
      vertex 28.078 11.1006 12.3
      vertex 27.8557 10.991 12.3
    endloop
  endfacet
  facet normal 0.141786 0.71272 0.686969
    outer loop
      vertex 28.5473 8.23748 11.4
      vertex 28.334 7.41243 12.3
      vertex 28.6884 8.20941 11.4
    endloop
  endfacet
  facet normal 0.14159 0.712764 0.686964
    outer loop
      vertex 28.334 7.41243 12.3
      vertex 28.5473 8.23748 11.4
      vertex 28.3266 7.4139 12.3
    endloop
  endfacet
  facet normal 0.546293 -0.479204 0.686969
    outer loop
      vertex 27.4463 10.675 12.3
      vertex 28.0542 10.0778 11.4
      vertex 27.4513 10.6807 12.3
    endloop
  endfacet
  facet normal 0.546234 -0.479268 0.686972
    outer loop
      vertex 28.0542 10.0778 11.4
      vertex 27.4463 10.675 12.3
      vertex 27.9593 9.96964 11.4
    endloop
  endfacet
  facet normal 0.47917 -0.546325 0.686968
    outer loop
      vertex 28.1624 10.1727 11.4
      vertex 27.6433 10.8491 12.3
      vertex 27.457 10.6857 12.3
    endloop
  endfacet
  facet normal -0.0474682 -0.725152 0.686951
    outer loop
      vertex 28.9756 10.3906 11.4
      vertex 29.0793 11.2364 12.3
      vertex 28.832 10.4 11.4
    endloop
  endfacet
  facet normal -0.0477059 -0.72513 0.686958
    outer loop
      vertex 29.0793 11.2364 12.3
      vertex 28.9756 10.3906 11.4
      vertex 29.0869 11.2359 12.3
    endloop
  endfacet
  facet normal -0.141936 -0.712711 0.686947
    outer loop
      vertex 29.1167 10.3625 11.4
      vertex 29.0869 11.2359 12.3
      vertex 28.9756 10.3906 11.4
    endloop
  endfacet
  facet normal -0.144424 -0.712494 0.686654
    outer loop
      vertex 29.0869 11.2359 12.3
      vertex 29.1167 10.3625 11.4
      vertex 29.0943 11.2344 12.3
    endloop
  endfacet
  facet normal 0.712547 0.143852 0.686719
    outer loop
      vertex 27.7695 9.0153 11.4
      vertex 26.8961 9.04513 12.3
      vertex 26.8976 9.0377 12.3
    endloop
  endfacet
  facet normal 0.712715 0.141917 0.686947
    outer loop
      vertex 26.8961 9.04513 12.3
      vertex 27.7695 9.0153 11.4
      vertex 27.7414 9.15642 11.4
    endloop
  endfacet
  facet normal 0.72515 0.0474747 0.686952
    outer loop
      vertex 26.8956 9.05269 12.3
      vertex 27.7414 9.15642 11.4
      vertex 27.732 9.3 11.4
    endloop
  endfacet
  facet normal 0.725106 0.0479567 0.686966
    outer loop
      vertex 27.7414 9.15642 11.4
      vertex 26.8956 9.05269 12.3
      vertex 26.8961 9.04513 12.3
    endloop
  endfacet
  facet normal 0.0475308 0.725131 0.686969
    outer loop
      vertex 28.8244 7.34786 12.3
      vertex 28.6884 8.20941 11.4
      vertex 28.5771 7.36407 12.3
    endloop
  endfacet
  facet normal 0.712547 -0.143852 0.686719
    outer loop
      vertex 26.8961 9.55487 12.3
      vertex 27.7695 9.5847 11.4
      vertex 26.8976 9.5623 12.3
    endloop
  endfacet
  facet normal 0.712715 -0.141917 0.686947
    outer loop
      vertex 27.7695 9.5847 11.4
      vertex 26.8961 9.55487 12.3
      vertex 27.7414 9.44358 11.4
    endloop
  endfacet
  facet normal 0.688101 0.233677 0.686959
    outer loop
      vertex 27.028 8.55276 12.3
      vertex 27.8157 8.87905 11.4
      vertex 26.9483 8.78745 12.3
    endloop
  endfacet
  facet normal 0.144424 -0.712494 0.686654
    outer loop
      vertex 28.5473 10.3625 11.4
      vertex 28.5771 11.2359 12.3
      vertex 28.5697 11.2344 12.3
    endloop
  endfacet
  facet normal 0.141936 -0.712711 0.686947
    outer loop
      vertex 28.5771 11.2359 12.3
      vertex 28.5473 10.3625 11.4
      vertex 28.6884 10.3906 11.4
    endloop
  endfacet
  facet normal 0.0477059 -0.72513 0.686958
    outer loop
      vertex 28.6884 10.3906 11.4
      vertex 28.5847 11.2364 12.3
      vertex 28.5771 11.2359 12.3
    endloop
  endfacet
  facet normal 0.0474682 -0.725152 0.686951
    outer loop
      vertex 28.5847 11.2364 12.3
      vertex 28.6884 10.3906 11.4
      vertex 28.832 10.4 11.4
    endloop
  endfacet
  facet normal -0.546333 -0.479177 0.686957
    outer loop
      vertex 30.3811 10.4887 12.3
      vertex 30.2177 10.675 12.3
      vertex 29.7047 9.96964 11.4
    endloop
  endfacet
  facet normal -0.604669 -0.403113 0.686931
    outer loop
      vertex 29.7047 9.96964 11.4
      vertex 30.3853 10.4824 12.3
      vertex 30.3811 10.4887 12.3
    endloop
  endfacet
  facet normal -0.60433 -0.403594 0.686948
    outer loop
      vertex 30.3853 10.4824 12.3
      vertex 29.7047 9.96964 11.4
      vertex 29.7846 9.85 11.4
    endloop
  endfacet
  facet normal -0.479196 0.546287 0.686979
    outer loop
      vertex 30.0207 7.75087 12.3
      vertex 30.207 7.91429 12.3
      vertex 29.5016 8.42731 11.4
    endloop
  endfacet
  facet normal -0.233585 0.68812 0.686971
    outer loop
      vertex 29.3374 7.4139 12.3
      vertex 29.5721 7.49357 12.3
      vertex 29.1167 8.23748 11.4
    endloop
  endfacet
  facet normal 0.141782 0.712721 0.686969
    outer loop
      vertex 28.5771 7.36407 12.3
      vertex 28.6884 8.20941 11.4
      vertex 28.334 7.41243 12.3
    endloop
  endfacet
  facet normal 0.604309 0.40358 0.686974
    outer loop
      vertex 27.8794 8.75 11.4
      vertex 27.1452 8.31739 12.3
      vertex 27.9593 8.63036 11.4
    endloop
  endfacet
  facet normal 0.604339 0.403533 0.686976
    outer loop
      vertex 27.1452 8.31739 12.3
      vertex 27.8794 8.75 11.4
      vertex 27.141 8.32368 12.3
    endloop
  endfacet
  facet normal -0.649915 0.325436 0.686805
    outer loop
      vertex 29.8483 8.87905 11.4
      vertex 30.6326 8.54597 12.3
      vertex 30.636 8.55276 12.3
    endloop
  endfacet
  facet normal -0.65166 0.321664 0.686929
    outer loop
      vertex 30.6326 8.54597 12.3
      vertex 29.8483 8.87905 11.4
      vertex 29.7846 8.75 11.4
    endloop
  endfacet
  facet normal 0.546278 0.479217 0.686973
    outer loop
      vertex 27.4463 7.92497 12.3
      vertex 28.0542 8.52218 11.4
      vertex 27.9593 8.63036 11.4
    endloop
  endfacet
  facet normal 0.545861 0.479667 0.68699
    outer loop
      vertex 28.0542 8.52218 11.4
      vertex 27.4463 7.92497 12.3
      vertex 27.4513 7.91928 12.3
    endloop
  endfacet
  facet normal 0.321512 0.651713 0.686949
    outer loop
      vertex 28.078 7.49935 12.3
      vertex 28.411 8.28373 11.4
      vertex 28.282 8.34737 11.4
    endloop
  endfacet
  facet normal 0.321147 0.651881 0.686961
    outer loop
      vertex 28.411 8.28373 11.4
      vertex 28.078 7.49935 12.3
      vertex 28.0848 7.496 12.3
    endloop
  endfacet
  facet normal -0.403704 -0.604237 0.686965
    outer loop
      vertex 30.0207 10.8491 12.3
      vertex 29.8146 10.9868 12.3
      vertex 29.5016 10.1727 11.4
    endloop
  endfacet
  facet normal 0.47917 -0.546325 0.686968
    outer loop
      vertex 27.457 10.6857 12.3
      vertex 28.0542 10.0778 11.4
      vertex 28.1624 10.1727 11.4
    endloop
  endfacet
  facet normal 0.479204 -0.546293 0.686969
    outer loop
      vertex 28.0542 10.0778 11.4
      vertex 27.457 10.6857 12.3
      vertex 27.4513 10.6807 12.3
    endloop
  endfacet
  facet normal 0.40368 -0.604257 0.686961
    outer loop
      vertex 27.6496 10.8533 12.3
      vertex 28.1624 10.1727 11.4
      vertex 28.282 10.2526 11.4
    endloop
  endfacet
  facet normal 0.403108 -0.604662 0.686941
    outer loop
      vertex 28.1624 10.1727 11.4
      vertex 27.6496 10.8533 12.3
      vertex 27.6433 10.8491 12.3
    endloop
  endfacet
  facet normal 0.604669 -0.403113 0.686931
    outer loop
      vertex 27.2787 10.4824 12.3
      vertex 27.9593 9.96964 11.4
      vertex 27.2829 10.4887 12.3
    endloop
  endfacet
  facet normal 0.60433 -0.403594 0.686948
    outer loop
      vertex 27.9593 9.96964 11.4
      vertex 27.2787 10.4824 12.3
      vertex 27.8794 9.85 11.4
    endloop
  endfacet
  facet normal 0.688464 -0.23272 0.68692
    outer loop
      vertex 33.9696 10.0401 12.3
      vertex 34.7597 9.72095 11.4
      vertex 33.972 10.0472 12.3
    endloop
  endfacet
  facet normal 0.688226 -0.233365 0.68694
    outer loop
      vertex 34.7597 9.72095 11.4
      vertex 33.9696 10.0401 12.3
      vertex 34.7135 9.5847 11.4
    endloop
  endfacet
  facet normal 0.403083 -0.604625 0.686988
    outer loop
      vertex 34.7934 10.9868 12.3
      vertex 35.226 10.2526 11.4
      vertex 34.7997 10.991 12.3
    endloop
  endfacet
  facet normal 0.403676 -0.604251 0.686969
    outer loop
      vertex 35.226 10.2526 11.4
      vertex 34.7934 10.9868 12.3
      vertex 35.1064 10.1727 11.4
    endloop
  endfacet
  facet normal -0.688101 0.233677 0.686959
    outer loop
      vertex 37.58 8.55276 12.3
      vertex 37.6597 8.78745 12.3
      vertex 36.7923 8.87905 11.4
    endloop
  endfacet
  facet normal -0.403677 0.60424 0.686978
    outer loop
      vertex 36.7586 7.61318 12.3
      vertex 36.9647 7.75087 12.3
      vertex 36.4456 8.42731 11.4
    endloop
  endfacet
  facet normal -0.725146 -0.0475006 0.686955
    outer loop
      vertex 37.7286 9.3 12.3
      vertex 37.7124 9.54731 12.3
      vertex 36.876 9.3 11.4
    endloop
  endfacet
  facet normal -0.725106 -0.0479567 0.686966
    outer loop
      vertex 36.8666 9.44358 11.4
      vertex 37.7124 9.54731 12.3
      vertex 37.7119 9.55487 12.3
    endloop
  endfacet
  facet normal -0.72515 -0.0474747 0.686952
    outer loop
      vertex 37.7124 9.54731 12.3
      vertex 36.8666 9.44358 11.4
      vertex 36.876 9.3 11.4
    endloop
  endfacet
  facet normal -0.651774 0.321371 0.686958
    outer loop
      vertex 37.4704 8.33048 12.3
      vertex 37.58 8.55276 12.3
      vertex 36.7923 8.87905 11.4
    endloop
  endfacet
  facet normal 0.688101 0.233677 0.686959
    outer loop
      vertex 33.972 8.55276 12.3
      vertex 34.7597 8.87905 11.4
      vertex 33.8923 8.78745 12.3
    endloop
  endfacet
  facet normal -0.604339 0.403533 0.686976
    outer loop
      vertex 36.7286 8.75 11.4
      vertex 37.4628 8.31739 12.3
      vertex 37.467 8.32368 12.3
    endloop
  endfacet
  facet normal -0.604309 0.40358 0.686974
    outer loop
      vertex 37.4628 8.31739 12.3
      vertex 36.7286 8.75 11.4
      vertex 36.6487 8.63036 11.4
    endloop
  endfacet
  facet normal 0.403704 -0.604237 0.686965
    outer loop
      vertex 35.1064 10.1727 11.4
      vertex 34.7934 10.9868 12.3
      vertex 34.5873 10.8491 12.3
    endloop
  endfacet
  facet normal 0.321398 0.651767 0.686952
    outer loop
      vertex 35.0288 7.496 12.3
      vertex 35.355 8.28373 11.4
      vertex 34.8065 7.60562 12.3
    endloop
  endfacet
  facet normal 0.321355 -0.651799 0.686942
    outer loop
      vertex 35.355 10.3163 11.4
      vertex 35.0288 11.104 12.3
      vertex 34.8065 10.9944 12.3
    endloop
  endfacet
  facet normal -0.688096 -0.233645 0.686974
    outer loop
      vertex 37.6621 9.80538 12.3
      vertex 37.5824 10.0401 12.3
      vertex 36.8385 9.5847 11.4
    endloop
  endfacet
  facet normal 0.546384 0.479119 0.686957
    outer loop
      vertex 34.3903 7.92497 12.3
      vertex 34.9033 8.63036 11.4
      vertex 34.2269 8.11131 12.3
    endloop
  endfacet
  facet normal 0.47917 -0.546325 0.686968
    outer loop
      vertex 35.1064 10.1727 11.4
      vertex 34.5873 10.8491 12.3
      vertex 34.401 10.6857 12.3
    endloop
  endfacet
  facet normal 0.0475025 -0.725146 0.686955
    outer loop
      vertex 35.776 10.4 11.4
      vertex 35.776 11.2526 12.3
      vertex 35.5287 11.2364 12.3
    endloop
  endfacet
  facet normal 0.72513 0.0479583 0.68694
    outer loop
      vertex 33.8239 9.29244 12.3
      vertex 34.676 9.3 11.4
      vertex 33.8234 9.3 12.3
    endloop
  endfacet
  facet normal 0.725149 0.0474746 0.686954
    outer loop
      vertex 34.676 9.3 11.4
      vertex 33.8239 9.29244 12.3
      vertex 34.6854 9.15642 11.4
    endloop
  endfacet
  facet normal -0.321346 -0.651782 0.686962
    outer loop
      vertex 36.7523 10.991 12.3
      vertex 36.53 11.1006 12.3
      vertex 36.326 10.2526 11.4
    endloop
  endfacet
  facet normal -0.712715 0.141917 0.686947
    outer loop
      vertex 36.8385 9.0153 11.4
      vertex 37.7119 9.04513 12.3
      vertex 36.8666 9.15642 11.4
    endloop
  endfacet
  facet normal -0.712547 0.143852 0.686719
    outer loop
      vertex 37.7119 9.04513 12.3
      vertex 36.8385 9.0153 11.4
      vertex 37.7104 9.0377 12.3
    endloop
  endfacet
  facet normal 0.604669 -0.403113 0.686931
    outer loop
      vertex 34.2227 10.4824 12.3
      vertex 34.9033 9.96964 11.4
      vertex 34.2269 10.4887 12.3
    endloop
  endfacet
  facet normal 0.60433 -0.403594 0.686948
    outer loop
      vertex 34.9033 9.96964 11.4
      vertex 34.2227 10.4824 12.3
      vertex 34.8234 9.85 11.4
    endloop
  endfacet
  facet normal 0.479089 0.546404 0.686962
    outer loop
      vertex 34.9982 8.52218 11.4
      vertex 34.401 7.91429 12.3
      vertex 35.1064 8.42731 11.4
    endloop
  endfacet
  facet normal 0.478677 0.546785 0.686946
    outer loop
      vertex 34.401 7.91429 12.3
      vertex 34.9982 8.52218 11.4
      vertex 34.3953 7.91928 12.3
    endloop
  endfacet
  facet normal 0.604237 -0.403704 0.686964
    outer loop
      vertex 34.8234 9.85 11.4
      vertex 34.2227 10.4824 12.3
      vertex 34.085 10.2763 12.3
    endloop
  endfacet
  facet normal 0.0475308 0.725131 0.686969
    outer loop
      vertex 35.7684 7.34786 12.3
      vertex 35.6324 8.20941 11.4
      vertex 35.5211 7.36407 12.3
    endloop
  endfacet
  facet normal -0.546384 0.479119 0.686957
    outer loop
      vertex 37.1617 7.92497 12.3
      vertex 37.3251 8.11131 12.3
      vertex 36.6487 8.63036 11.4
    endloop
  endfacet
  facet normal -0.479204 -0.546293 0.686969
    outer loop
      vertex 37.151 10.6857 12.3
      vertex 36.5538 10.0778 11.4
      vertex 37.1567 10.6807 12.3
    endloop
  endfacet
  facet normal -0.47917 -0.546325 0.686968
    outer loop
      vertex 36.5538 10.0778 11.4
      vertex 37.151 10.6857 12.3
      vertex 36.4456 10.1727 11.4
    endloop
  endfacet
  facet normal -0.688186 0.233352 0.686984
    outer loop
      vertex 36.7923 8.87905 11.4
      vertex 37.6621 8.79462 12.3
      vertex 36.8385 9.0153 11.4
    endloop
  endfacet
  facet normal -0.688798 0.23056 0.687314
    outer loop
      vertex 37.6621 8.79462 12.3
      vertex 36.7923 8.87905 11.4
      vertex 37.6597 8.78745 12.3
    endloop
  endfacet
  facet normal -0.546333 -0.479177 0.686957
    outer loop
      vertex 37.3251 10.4887 12.3
      vertex 37.1617 10.675 12.3
      vertex 36.6487 9.96964 11.4
    endloop
  endfacet
  facet normal 0.233585 0.68812 0.686971
    outer loop
      vertex 35.2706 7.4139 12.3
      vertex 35.4913 8.23748 11.4
      vertex 35.0359 7.49357 12.3
    endloop
  endfacet
  facet normal -0.40382 0.604165 0.68696
    outer loop
      vertex 36.326 8.34737 11.4
      vertex 36.7586 7.61318 12.3
      vertex 36.4456 8.42731 11.4
    endloop
  endfacet
  facet normal -0.403761 0.604202 0.686962
    outer loop
      vertex 36.7586 7.61318 12.3
      vertex 36.326 8.34737 11.4
      vertex 36.7523 7.60897 12.3
    endloop
  endfacet
  facet normal -0.546293 -0.479204 0.686969
    outer loop
      vertex 36.5538 10.0778 11.4
      vertex 37.1617 10.675 12.3
      vertex 37.1567 10.6807 12.3
    endloop
  endfacet
  facet normal -0.546234 -0.479268 0.686972
    outer loop
      vertex 37.1617 10.675 12.3
      vertex 36.5538 10.0778 11.4
      vertex 36.6487 9.96964 11.4
    endloop
  endfacet
  facet normal 0.0477059 -0.72513 0.686958
    outer loop
      vertex 35.6324 10.3906 11.4
      vertex 35.5287 11.2364 12.3
      vertex 35.5211 11.2359 12.3
    endloop
  endfacet
  facet normal 0.0474682 -0.725152 0.686951
    outer loop
      vertex 35.5287 11.2364 12.3
      vertex 35.6324 10.3906 11.4
      vertex 35.776 10.4 11.4
    endloop
  endfacet
  facet normal 0.47917 -0.546325 0.686968
    outer loop
      vertex 34.401 10.6857 12.3
      vertex 34.9982 10.0778 11.4
      vertex 35.1064 10.1727 11.4
    endloop
  endfacet
  facet normal 0.479204 -0.546293 0.686969
    outer loop
      vertex 34.9982 10.0778 11.4
      vertex 34.401 10.6857 12.3
      vertex 34.3953 10.6807 12.3
    endloop
  endfacet
  facet normal 0.713343 -0.134412 0.687805
    outer loop
      vertex 33.8401 9.55487 12.3
      vertex 34.7135 9.5847 11.4
      vertex 33.8415 9.5623 12.3
    endloop
  endfacet
  facet normal 0.712715 -0.141917 0.686947
    outer loop
      vertex 34.7135 9.5847 11.4
      vertex 33.8401 9.55487 12.3
      vertex 34.6854 9.44358 11.4
    endloop
  endfacet
  facet normal 0.479196 0.546287 0.686979
    outer loop
      vertex 34.5873 7.75087 12.3
      vertex 35.1064 8.42731 11.4
      vertex 34.401 7.91429 12.3
    endloop
  endfacet
  facet normal -0.71275 0.141623 0.686972
    outer loop
      vertex 37.6621 8.79462 12.3
      vertex 37.7104 9.0377 12.3
      vertex 36.8385 9.0153 11.4
    endloop
  endfacet
  facet normal -0.725146 0.0475006 0.686955
    outer loop
      vertex 37.7124 9.05269 12.3
      vertex 37.7286 9.3 12.3
      vertex 36.876 9.3 11.4
    endloop
  endfacet
  facet normal -0.478677 0.546785 0.686946
    outer loop
      vertex 36.5538 8.52218 11.4
      vertex 37.151 7.91429 12.3
      vertex 37.1567 7.91928 12.3
    endloop
  endfacet
  facet normal -0.479089 0.546404 0.686962
    outer loop
      vertex 37.151 7.91429 12.3
      vertex 36.5538 8.52218 11.4
      vertex 36.4456 8.42731 11.4
    endloop
  endfacet
  facet normal 0.688096 -0.233645 0.686974
    outer loop
      vertex 34.7135 9.5847 11.4
      vertex 33.9696 10.0401 12.3
      vertex 33.8899 9.80538 12.3
    endloop
  endfacet
  facet normal 0.233508 0.688155 0.686961
    outer loop
      vertex 35.355 8.28373 11.4
      vertex 35.0359 7.49357 12.3
      vertex 35.4913 8.23748 11.4
    endloop
  endfacet
  facet normal 0.235297 0.687493 0.687014
    outer loop
      vertex 35.0359 7.49357 12.3
      vertex 35.355 8.28373 11.4
      vertex 35.0288 7.496 12.3
    endloop
  endfacet
  facet normal -0.72515 0.0474747 0.686952
    outer loop
      vertex 36.8666 9.15642 11.4
      vertex 37.7124 9.05269 12.3
      vertex 36.876 9.3 11.4
    endloop
  endfacet
  facet normal -0.725106 0.0479567 0.686966
    outer loop
      vertex 37.7124 9.05269 12.3
      vertex 36.8666 9.15642 11.4
      vertex 37.7119 9.04513 12.3
    endloop
  endfacet
  facet normal 0.40382 0.604165 0.68696
    outer loop
      vertex 34.7934 7.61318 12.3
      vertex 35.226 8.34737 11.4
      vertex 35.1064 8.42731 11.4
    endloop
  endfacet
  facet normal 0.403761 0.604202 0.686962
    outer loop
      vertex 35.226 8.34737 11.4
      vertex 34.7934 7.61318 12.3
      vertex 34.7997 7.60897 12.3
    endloop
  endfacet
  facet normal 0.141612 -0.712751 0.686973
    outer loop
      vertex 35.4913 10.3625 11.4
      vertex 35.5137 11.2344 12.3
      vertex 35.2706 11.1861 12.3
    endloop
  endfacet
  facet normal 0.141782 0.712721 0.686969
    outer loop
      vertex 35.5211 7.36407 12.3
      vertex 35.6324 8.20941 11.4
      vertex 35.278 7.41243 12.3
    endloop
  endfacet
  facet normal 0.651664 -0.321666 0.686924
    outer loop
      vertex 33.9754 10.054 12.3
      vertex 34.7597 9.72095 11.4
      vertex 34.8234 9.85 11.4
    endloop
  endfacet
  facet normal 0.6501 -0.32505 0.686813
    outer loop
      vertex 34.7597 9.72095 11.4
      vertex 33.9754 10.054 12.3
      vertex 33.972 10.0472 12.3
    endloop
  endfacet
  facet normal -0.0474682 -0.725152 0.686951
    outer loop
      vertex 35.9196 10.3906 11.4
      vertex 36.0233 11.2364 12.3
      vertex 35.776 10.4 11.4
    endloop
  endfacet
  facet normal -0.0477059 -0.72513 0.686958
    outer loop
      vertex 36.0233 11.2364 12.3
      vertex 35.9196 10.3906 11.4
      vertex 36.0309 11.2359 12.3
    endloop
  endfacet
  facet normal 0.651782 -0.321346 0.686962
    outer loop
      vertex 34.8234 9.85 11.4
      vertex 34.085 10.2763 12.3
      vertex 33.9754 10.054 12.3
    endloop
  endfacet
  facet normal -0.321512 0.651713 0.686949
    outer loop
      vertex 36.197 8.28373 11.4
      vertex 36.53 7.49935 12.3
      vertex 36.326 8.34737 11.4
    endloop
  endfacet
  facet normal -0.321147 0.651881 0.686961
    outer loop
      vertex 36.53 7.49935 12.3
      vertex 36.197 8.28373 11.4
      vertex 36.5232 7.496 12.3
    endloop
  endfacet
  facet normal 0.144424 -0.712494 0.686654
    outer loop
      vertex 35.4913 10.3625 11.4
      vertex 35.5211 11.2359 12.3
      vertex 35.5137 11.2344 12.3
    endloop
  endfacet
  facet normal 0.141936 -0.712711 0.686947
    outer loop
      vertex 35.5211 11.2359 12.3
      vertex 35.4913 10.3625 11.4
      vertex 35.6324 10.3906 11.4
    endloop
  endfacet
  facet normal -0.604237 -0.403704 0.686964
    outer loop
      vertex 37.467 10.2763 12.3
      vertex 37.3293 10.4824 12.3
      vertex 36.7286 9.85 11.4
    endloop
  endfacet
  facet normal 0.712685 -0.141904 0.686981
    outer loop
      vertex 34.7135 9.5847 11.4
      vertex 33.8899 9.80538 12.3
      vertex 33.8415 9.5623 12.3
    endloop
  endfacet
  facet normal -0.233291 -0.68826 0.68693
    outer loop
      vertex 36.197 10.3163 11.4
      vertex 36.5161 11.1064 12.3
      vertex 36.0607 10.3625 11.4
    endloop
  endfacet
  facet normal -0.232722 -0.68847 0.686913
    outer loop
      vertex 36.5161 11.1064 12.3
      vertex 36.197 10.3163 11.4
      vertex 36.5232 11.104 12.3
    endloop
  endfacet
  facet normal -0.141612 -0.712751 0.686973
    outer loop
      vertex 36.0607 10.3625 11.4
      vertex 36.2814 11.1861 12.3
      vertex 36.0383 11.2344 12.3
    endloop
  endfacet
  facet normal -0.47917 -0.546325 0.686968
    outer loop
      vertex 37.151 10.6857 12.3
      vertex 36.9647 10.8491 12.3
      vertex 36.4456 10.1727 11.4
    endloop
  endfacet
  facet normal -0.321393 0.651757 0.686964
    outer loop
      vertex 36.53 7.49935 12.3
      vertex 36.7523 7.60897 12.3
      vertex 36.326 8.34737 11.4
    endloop
  endfacet
  facet normal -0.651605 0.321637 0.686993
    outer loop
      vertex 36.7286 8.75 11.4
      vertex 37.4704 8.33048 12.3
      vertex 36.7923 8.87905 11.4
    endloop
  endfacet
  facet normal -0.649863 0.324932 0.687093
    outer loop
      vertex 37.4704 8.33048 12.3
      vertex 36.7286 8.75 11.4
      vertex 37.467 8.32368 12.3
    endloop
  endfacet
  facet normal 0.321505 0.651699 0.686966
    outer loop
      vertex 35.226 8.34737 11.4
      vertex 34.8065 7.60562 12.3
      vertex 35.355 8.28373 11.4
    endloop
  endfacet
  facet normal 0.32115 0.651886 0.686955
    outer loop
      vertex 34.8065 7.60562 12.3
      vertex 35.226 8.34737 11.4
      vertex 34.7997 7.60897 12.3
    endloop
  endfacet
  facet normal 0.232722 -0.68847 0.686913
    outer loop
      vertex 35.355 10.3163 11.4
      vertex 35.0359 11.1064 12.3
      vertex 35.0288 11.104 12.3
    endloop
  endfacet
  facet normal 0.233291 -0.68826 0.68693
    outer loop
      vertex 35.0359 11.1064 12.3
      vertex 35.355 10.3163 11.4
      vertex 35.4913 10.3625 11.4
    endloop
  endfacet
  facet normal 0.72513 -0.0479583 0.68694
    outer loop
      vertex 34.676 9.3 11.4
      vertex 33.8239 9.30756 12.3
      vertex 33.8234 9.3 12.3
    endloop
  endfacet
  facet normal 0.725149 -0.0474746 0.686954
    outer loop
      vertex 33.8239 9.30756 12.3
      vertex 34.676 9.3 11.4
      vertex 34.6854 9.44358 11.4
    endloop
  endfacet
  facet normal -0.546278 0.479217 0.686973
    outer loop
      vertex 36.5538 8.52218 11.4
      vertex 37.1617 7.92497 12.3
      vertex 36.6487 8.63036 11.4
    endloop
  endfacet
  facet normal -0.545861 0.479667 0.68699
    outer loop
      vertex 37.1617 7.92497 12.3
      vertex 36.5538 8.52218 11.4
      vertex 37.1567 7.91928 12.3
    endloop
  endfacet
  facet normal -0.141936 -0.712711 0.686947
    outer loop
      vertex 36.0607 10.3625 11.4
      vertex 36.0309 11.2359 12.3
      vertex 35.9196 10.3906 11.4
    endloop
  endfacet
  facet normal -0.144424 -0.712494 0.686654
    outer loop
      vertex 36.0309 11.2359 12.3
      vertex 36.0607 10.3625 11.4
      vertex 36.0383 11.2344 12.3
    endloop
  endfacet
  facet normal 0.141786 0.71272 0.686969
    outer loop
      vertex 35.4913 8.23748 11.4
      vertex 35.278 7.41243 12.3
      vertex 35.6324 8.20941 11.4
    endloop
  endfacet
  facet normal 0.14159 0.712764 0.686964
    outer loop
      vertex 35.278 7.41243 12.3
      vertex 35.4913 8.23748 11.4
      vertex 35.2706 7.4139 12.3
    endloop
  endfacet
  facet normal 0.546278 0.479217 0.686973
    outer loop
      vertex 34.3903 7.92497 12.3
      vertex 34.9982 8.52218 11.4
      vertex 34.9033 8.63036 11.4
    endloop
  endfacet
  facet normal 0.545861 0.479667 0.68699
    outer loop
      vertex 34.9982 8.52218 11.4
      vertex 34.3903 7.92497 12.3
      vertex 34.3953 7.91928 12.3
    endloop
  endfacet
  facet normal 0.403677 0.60424 0.686978
    outer loop
      vertex 34.7934 7.61318 12.3
      vertex 35.1064 8.42731 11.4
      vertex 34.5873 7.75087 12.3
    endloop
  endfacet
  facet normal 0.233663 -0.688088 0.686976
    outer loop
      vertex 35.4913 10.3625 11.4
      vertex 35.2706 11.1861 12.3
      vertex 35.0359 11.1064 12.3
    endloop
  endfacet
  facet normal -0.0475308 0.725131 0.686969
    outer loop
      vertex 36.0309 7.36407 12.3
      vertex 35.9196 8.20941 11.4
      vertex 35.7836 7.34786 12.3
    endloop
  endfacet
  facet normal -0.0475025 -0.725146 0.686955
    outer loop
      vertex 36.0233 11.2364 12.3
      vertex 35.776 11.2526 12.3
      vertex 35.776 10.4 11.4
    endloop
  endfacet
  facet normal -0.233663 -0.688088 0.686976
    outer loop
      vertex 36.5161 11.1064 12.3
      vertex 36.2814 11.1861 12.3
      vertex 36.0607 10.3625 11.4
    endloop
  endfacet
  facet normal 0.321738 -0.651556 0.686993
    outer loop
      vertex 34.8065 10.9944 12.3
      vertex 35.226 10.2526 11.4
      vertex 35.355 10.3163 11.4
    endloop
  endfacet
  facet normal 0.324933 -0.649867 0.687089
    outer loop
      vertex 35.226 10.2526 11.4
      vertex 34.8065 10.9944 12.3
      vertex 34.7997 10.991 12.3
    endloop
  endfacet
  facet normal 0.651774 0.321371 0.686958
    outer loop
      vertex 34.0816 8.33048 12.3
      vertex 34.7597 8.87905 11.4
      vertex 33.972 8.55276 12.3
    endloop
  endfacet
  facet normal -0.0475172 0.72513 0.686971
    outer loop
      vertex 35.776 8.2 11.4
      vertex 35.7836 7.34786 12.3
      vertex 35.9196 8.20941 11.4
    endloop
  endfacet
  facet normal -0.0467537 0.725159 0.686992
    outer loop
      vertex 35.7836 7.34786 12.3
      vertex 35.776 8.2 11.4
      vertex 35.776 7.34737 12.3
    endloop
  endfacet
  facet normal -0.141838 0.712712 0.686967
    outer loop
      vertex 36.0309 7.36407 12.3
      vertex 36.2739 7.41243 12.3
      vertex 35.9196 8.20941 11.4
    endloop
  endfacet
  facet normal 0.546293 -0.479204 0.686969
    outer loop
      vertex 34.3903 10.675 12.3
      vertex 34.9982 10.0778 11.4
      vertex 34.3953 10.6807 12.3
    endloop
  endfacet
  facet normal 0.546234 -0.479268 0.686972
    outer loop
      vertex 34.9982 10.0778 11.4
      vertex 34.3903 10.675 12.3
      vertex 34.9033 9.96964 11.4
    endloop
  endfacet
  facet normal 0.546333 -0.479177 0.686957
    outer loop
      vertex 34.9033 9.96964 11.4
      vertex 34.3903 10.675 12.3
      vertex 34.2269 10.4887 12.3
    endloop
  endfacet
  facet normal 0.604227 0.403737 0.686954
    outer loop
      vertex 34.2269 8.11131 12.3
      vertex 34.9033 8.63036 11.4
      vertex 34.0892 8.31739 12.3
    endloop
  endfacet
  facet normal 0.712685 0.141904 0.686981
    outer loop
      vertex 33.8899 8.79462 12.3
      vertex 34.7135 9.0153 11.4
      vertex 33.8415 9.0377 12.3
    endloop
  endfacet
  facet normal -0.604227 0.403737 0.686954
    outer loop
      vertex 37.3251 8.11131 12.3
      vertex 37.4628 8.31739 12.3
      vertex 36.6487 8.63036 11.4
    endloop
  endfacet
  facet normal -0.651782 -0.321346 0.686962
    outer loop
      vertex 37.5766 10.054 12.3
      vertex 37.467 10.2763 12.3
      vertex 36.7286 9.85 11.4
    endloop
  endfacet
  facet normal 0.72515 0.0475008 0.686951
    outer loop
      vertex 33.8401 9.04513 12.3
      vertex 34.6854 9.15642 11.4
      vertex 33.8239 9.29244 12.3
    endloop
  endfacet
  facet normal 0.72515 -0.0475008 0.686951
    outer loop
      vertex 34.6854 9.44358 11.4
      vertex 33.8401 9.55487 12.3
      vertex 33.8239 9.30756 12.3
    endloop
  endfacet
  facet normal -0.325054 -0.650108 0.686803
    outer loop
      vertex 36.197 10.3163 11.4
      vertex 36.53 11.1006 12.3
      vertex 36.5232 11.104 12.3
    endloop
  endfacet
  facet normal -0.321772 -0.651626 0.686911
    outer loop
      vertex 36.53 11.1006 12.3
      vertex 36.197 10.3163 11.4
      vertex 36.326 10.2526 11.4
    endloop
  endfacet
  facet normal -0.479196 0.546287 0.686979
    outer loop
      vertex 36.9647 7.75087 12.3
      vertex 37.151 7.91429 12.3
      vertex 36.4456 8.42731 11.4
    endloop
  endfacet
  facet normal -0.403704 -0.604237 0.686964
    outer loop
      vertex 36.9584 10.8533 12.3
      vertex 36.7523 10.991 12.3
      vertex 36.326 10.2526 11.4
    endloop
  endfacet
  facet normal -0.403108 -0.604662 0.686941
    outer loop
      vertex 36.9584 10.8533 12.3
      vertex 36.4456 10.1727 11.4
      vertex 36.9647 10.8491 12.3
    endloop
  endfacet
  facet normal -0.40368 -0.604257 0.686961
    outer loop
      vertex 36.4456 10.1727 11.4
      vertex 36.9584 10.8533 12.3
      vertex 36.326 10.2526 11.4
    endloop
  endfacet
  facet normal -0.233585 0.68812 0.686971
    outer loop
      vertex 36.2814 7.4139 12.3
      vertex 36.5161 7.49357 12.3
      vertex 36.0607 8.23748 11.4
    endloop
  endfacet
  facet normal -0.139783 0.713181 0.686902
    outer loop
      vertex 36.0607 8.23748 11.4
      vertex 36.2739 7.41243 12.3
      vertex 36.2814 7.4139 12.3
    endloop
  endfacet
  facet normal -0.141788 0.712728 0.686961
    outer loop
      vertex 36.2739 7.41243 12.3
      vertex 36.0607 8.23748 11.4
      vertex 35.9196 8.20941 11.4
    endloop
  endfacet
  facet normal -0.604669 -0.403113 0.686931
    outer loop
      vertex 36.6487 9.96964 11.4
      vertex 37.3293 10.4824 12.3
      vertex 37.3251 10.4887 12.3
    endloop
  endfacet
  facet normal -0.60433 -0.403594 0.686948
    outer loop
      vertex 37.3293 10.4824 12.3
      vertex 36.6487 9.96964 11.4
      vertex 36.7286 9.85 11.4
    endloop
  endfacet
  facet normal -0.71275 -0.141623 0.686972
    outer loop
      vertex 37.7104 9.5623 12.3
      vertex 37.6621 9.80538 12.3
      vertex 36.8385 9.5847 11.4
    endloop
  endfacet
  facet normal -0.712547 -0.143852 0.686719
    outer loop
      vertex 36.8385 9.5847 11.4
      vertex 37.7119 9.55487 12.3
      vertex 37.7104 9.5623 12.3
    endloop
  endfacet
  facet normal -0.712715 -0.141917 0.686947
    outer loop
      vertex 37.7119 9.55487 12.3
      vertex 36.8385 9.5847 11.4
      vertex 36.8666 9.44358 11.4
    endloop
  endfacet
  facet normal -0.235297 0.687493 0.687014
    outer loop
      vertex 36.197 8.28373 11.4
      vertex 36.5161 7.49357 12.3
      vertex 36.5232 7.496 12.3
    endloop
  endfacet
  facet normal -0.233508 0.688155 0.686961
    outer loop
      vertex 36.5161 7.49357 12.3
      vertex 36.197 8.28373 11.4
      vertex 36.0607 8.23748 11.4
    endloop
  endfacet
  facet normal -0.6501 -0.32505 0.686813
    outer loop
      vertex 37.5766 10.054 12.3
      vertex 36.7923 9.72095 11.4
      vertex 37.58 10.0472 12.3
    endloop
  endfacet
  facet normal -0.651664 -0.321666 0.686924
    outer loop
      vertex 36.7923 9.72095 11.4
      vertex 37.5766 10.054 12.3
      vertex 36.7286 9.85 11.4
    endloop
  endfacet
  facet normal 0.0467537 0.725159 0.686992
    outer loop
      vertex 35.776 8.2 11.4
      vertex 35.7684 7.34786 12.3
      vertex 35.776 7.34737 12.3
    endloop
  endfacet
  facet normal 0.0475172 0.72513 0.686971
    outer loop
      vertex 35.7684 7.34786 12.3
      vertex 35.776 8.2 11.4
      vertex 35.6324 8.20941 11.4
    endloop
  endfacet
  facet normal 0.604309 0.40358 0.686974
    outer loop
      vertex 34.8234 8.75 11.4
      vertex 34.0892 8.31739 12.3
      vertex 34.9033 8.63036 11.4
    endloop
  endfacet
  facet normal 0.604339 0.403533 0.686976
    outer loop
      vertex 34.0892 8.31739 12.3
      vertex 34.8234 8.75 11.4
      vertex 34.085 8.32368 12.3
    endloop
  endfacet
  facet normal 0.688186 0.233352 0.686984
    outer loop
      vertex 33.8899 8.79462 12.3
      vertex 34.7597 8.87905 11.4
      vertex 34.7135 9.0153 11.4
    endloop
  endfacet
  facet normal 0.688798 0.23056 0.687314
    outer loop
      vertex 34.7597 8.87905 11.4
      vertex 33.8899 8.79462 12.3
      vertex 33.8923 8.78745 12.3
    endloop
  endfacet
  facet normal 0.713343 0.134412 0.687805
    outer loop
      vertex 34.7135 9.0153 11.4
      vertex 33.8401 9.04513 12.3
      vertex 33.8415 9.0377 12.3
    endloop
  endfacet
  facet normal 0.712715 0.141917 0.686947
    outer loop
      vertex 33.8401 9.04513 12.3
      vertex 34.7135 9.0153 11.4
      vertex 34.6854 9.15642 11.4
    endloop
  endfacet
  facet normal 0.651605 0.321637 0.686993
    outer loop
      vertex 34.0816 8.33048 12.3
      vertex 34.8234 8.75 11.4
      vertex 34.7597 8.87905 11.4
    endloop
  endfacet
  facet normal 0.649863 0.324932 0.687093
    outer loop
      vertex 34.8234 8.75 11.4
      vertex 34.0816 8.33048 12.3
      vertex 34.085 8.32368 12.3
    endloop
  endfacet
  facet normal -0.688464 -0.23272 0.68692
    outer loop
      vertex 36.7923 9.72095 11.4
      vertex 37.5824 10.0401 12.3
      vertex 37.58 10.0472 12.3
    endloop
  endfacet
  facet normal -0.688226 -0.233365 0.68694
    outer loop
      vertex 37.5824 10.0401 12.3
      vertex 36.7923 9.72095 11.4
      vertex 36.8385 9.5847 11.4
    endloop
  endfacet
  facet normal -0.688229 0.233367 0.686936
    outer loop
      vertex 43.7363 8.87905 11.4
      vertex 44.5264 8.55993 12.3
      vertex 43.7825 9.0153 11.4
    endloop
  endfacet
  facet normal -0.689212 0.230698 0.686852
    outer loop
      vertex 44.5264 8.55993 12.3
      vertex 43.7363 8.87905 11.4
      vertex 44.524 8.55276 12.3
    endloop
  endfacet
  facet normal -0.604237 -0.403704 0.686964
    outer loop
      vertex 44.411 10.2763 12.3
      vertex 44.2733 10.4824 12.3
      vertex 43.6726 9.85 11.4
    endloop
  endfacet
  facet normal 0.403704 -0.604237 0.686965
    outer loop
      vertex 42.0504 10.1727 11.4
      vertex 41.7374 10.9868 12.3
      vertex 41.5313 10.8491 12.3
    endloop
  endfacet
  facet normal -0.725146 -0.0475006 0.686955
    outer loop
      vertex 44.6726 9.3 12.3
      vertex 44.6564 9.54731 12.3
      vertex 43.82 9.3 11.4
    endloop
  endfacet
  facet normal -0.725106 -0.0479567 0.686966
    outer loop
      vertex 43.8106 9.44358 11.4
      vertex 44.6564 9.54731 12.3
      vertex 44.6559 9.55487 12.3
    endloop
  endfacet
  facet normal -0.72515 -0.0474747 0.686952
    outer loop
      vertex 44.6564 9.54731 12.3
      vertex 43.8106 9.44358 11.4
      vertex 43.82 9.3 11.4
    endloop
  endfacet
  facet normal 0.688096 -0.233645 0.686974
    outer loop
      vertex 41.6575 9.5847 11.4
      vertex 40.9136 10.0401 12.3
      vertex 40.8339 9.80538 12.3
    endloop
  endfacet
  facet normal 0.72515 -0.0475008 0.686951
    outer loop
      vertex 41.6294 9.44358 11.4
      vertex 40.7841 9.55487 12.3
      vertex 40.7679 9.30756 12.3
    endloop
  endfacet
  facet normal -0.235297 0.687493 0.687014
    outer loop
      vertex 43.141 8.28373 11.4
      vertex 43.4601 7.49357 12.3
      vertex 43.4672 7.496 12.3
    endloop
  endfacet
  facet normal -0.233508 0.688155 0.686961
    outer loop
      vertex 43.4601 7.49357 12.3
      vertex 43.141 8.28373 11.4
      vertex 43.0047 8.23748 11.4
    endloop
  endfacet
  facet normal 0.0477059 -0.72513 0.686958
    outer loop
      vertex 42.5764 10.3906 11.4
      vertex 42.4727 11.2364 12.3
      vertex 42.4651 11.2359 12.3
    endloop
  endfacet
  facet normal 0.0474682 -0.725152 0.686951
    outer loop
      vertex 42.4727 11.2364 12.3
      vertex 42.5764 10.3906 11.4
      vertex 42.72 10.4 11.4
    endloop
  endfacet
  facet normal 0.712676 0.141909 0.68699
    outer loop
      vertex 40.8324 8.80205 12.3
      vertex 41.6575 9.0153 11.4
      vertex 41.6294 9.15642 11.4
    endloop
  endfacet
  facet normal 0.712247 0.143791 0.687043
    outer loop
      vertex 41.6575 9.0153 11.4
      vertex 40.8324 8.80205 12.3
      vertex 40.8339 8.79462 12.3
    endloop
  endfacet
  facet normal -0.546333 -0.479177 0.686957
    outer loop
      vertex 44.2691 10.4887 12.3
      vertex 44.1057 10.675 12.3
      vertex 43.5927 9.96964 11.4
    endloop
  endfacet
  facet normal 0.688088 0.233672 0.686973
    outer loop
      vertex 40.9136 8.55993 12.3
      vertex 41.6575 9.0153 11.4
      vertex 40.8339 8.79462 12.3
    endloop
  endfacet
  facet normal 0.321505 0.651699 0.686966
    outer loop
      vertex 42.17 8.34737 11.4
      vertex 41.7505 7.60562 12.3
      vertex 42.299 8.28373 11.4
    endloop
  endfacet
  facet normal 0.32115 0.651886 0.686955
    outer loop
      vertex 41.7505 7.60562 12.3
      vertex 42.17 8.34737 11.4
      vertex 41.7437 7.60897 12.3
    endloop
  endfacet
  facet normal -0.321393 0.651757 0.686964
    outer loop
      vertex 43.474 7.49935 12.3
      vertex 43.6963 7.60897 12.3
      vertex 43.27 8.34737 11.4
    endloop
  endfacet
  facet normal 0.232678 -0.688338 0.68706
    outer loop
      vertex 42.299 10.3163 11.4
      vertex 42.2146 11.1861 12.3
      vertex 42.2075 11.1837 12.3
    endloop
  endfacet
  facet normal 0.233273 -0.688207 0.68699
    outer loop
      vertex 42.2146 11.1861 12.3
      vertex 42.299 10.3163 11.4
      vertex 42.4353 10.3625 11.4
    endloop
  endfacet
  facet normal -0.6501 -0.32505 0.686813
    outer loop
      vertex 44.5206 10.054 12.3
      vertex 43.7363 9.72095 11.4
      vertex 44.524 10.0472 12.3
    endloop
  endfacet
  facet normal -0.651664 -0.321666 0.686924
    outer loop
      vertex 43.7363 9.72095 11.4
      vertex 44.5206 10.054 12.3
      vertex 43.6726 9.85 11.4
    endloop
  endfacet
  facet normal 0.141612 -0.712751 0.686973
    outer loop
      vertex 42.4353 10.3625 11.4
      vertex 42.4577 11.2344 12.3
      vertex 42.2146 11.1861 12.3
    endloop
  endfacet
  facet normal -0.141612 -0.712751 0.686973
    outer loop
      vertex 43.0047 10.3625 11.4
      vertex 43.2254 11.1861 12.3
      vertex 42.9823 11.2344 12.3
    endloop
  endfacet
  facet normal 0.0475308 0.725131 0.686969
    outer loop
      vertex 42.7124 7.34786 12.3
      vertex 42.5764 8.20941 11.4
      vertex 42.4651 7.36407 12.3
    endloop
  endfacet
  facet normal 0.144424 -0.712494 0.686654
    outer loop
      vertex 42.4353 10.3625 11.4
      vertex 42.4651 11.2359 12.3
      vertex 42.4577 11.2344 12.3
    endloop
  endfacet
  facet normal 0.141936 -0.712711 0.686947
    outer loop
      vertex 42.4651 11.2359 12.3
      vertex 42.4353 10.3625 11.4
      vertex 42.5764 10.3906 11.4
    endloop
  endfacet
  facet normal -0.725146 0.0475006 0.686955
    outer loop
      vertex 44.6564 9.05269 12.3
      vertex 44.6726 9.3 12.3
      vertex 43.82 9.3 11.4
    endloop
  endfacet
  facet normal -0.72515 0.0474747 0.686952
    outer loop
      vertex 43.8106 9.15642 11.4
      vertex 44.6564 9.05269 12.3
      vertex 43.82 9.3 11.4
    endloop
  endfacet
  facet normal -0.725106 0.0479567 0.686966
    outer loop
      vertex 44.6564 9.05269 12.3
      vertex 43.8106 9.15642 11.4
      vertex 44.6559 9.04513 12.3
    endloop
  endfacet
  facet normal -0.141838 0.712712 0.686967
    outer loop
      vertex 42.9749 7.36407 12.3
      vertex 43.2179 7.41243 12.3
      vertex 42.8636 8.20941 11.4
    endloop
  endfacet
  facet normal 0.479089 0.546404 0.686962
    outer loop
      vertex 41.9422 8.52218 11.4
      vertex 41.345 7.91429 12.3
      vertex 42.0504 8.42731 11.4
    endloop
  endfacet
  facet normal 0.478677 0.546785 0.686946
    outer loop
      vertex 41.345 7.91429 12.3
      vertex 41.9422 8.52218 11.4
      vertex 41.3393 7.91928 12.3
    endloop
  endfacet
  facet normal 0.141786 0.71272 0.686969
    outer loop
      vertex 42.4353 8.23748 11.4
      vertex 42.222 7.41243 12.3
      vertex 42.5764 8.20941 11.4
    endloop
  endfacet
  facet normal 0.14159 0.712764 0.686964
    outer loop
      vertex 42.222 7.41243 12.3
      vertex 42.4353 8.23748 11.4
      vertex 42.2146 7.4139 12.3
    endloop
  endfacet
  facet normal 0.403083 -0.604625 0.686988
    outer loop
      vertex 41.7374 10.9868 12.3
      vertex 42.17 10.2526 11.4
      vertex 41.7437 10.991 12.3
    endloop
  endfacet
  facet normal 0.403676 -0.604251 0.686969
    outer loop
      vertex 42.17 10.2526 11.4
      vertex 41.7374 10.9868 12.3
      vertex 42.0504 10.1727 11.4
    endloop
  endfacet
  facet normal 0.712247 -0.143791 0.687043
    outer loop
      vertex 40.8324 9.79795 12.3
      vertex 41.6575 9.5847 11.4
      vertex 40.8339 9.80538 12.3
    endloop
  endfacet
  facet normal 0.712676 -0.141909 0.68699
    outer loop
      vertex 41.6575 9.5847 11.4
      vertex 40.8324 9.79795 12.3
      vertex 41.6294 9.44358 11.4
    endloop
  endfacet
  facet normal 0.321398 0.651767 0.686952
    outer loop
      vertex 41.9728 7.496 12.3
      vertex 42.299 8.28373 11.4
      vertex 41.7505 7.60562 12.3
    endloop
  endfacet
  facet normal 0.321355 -0.651799 0.686942
    outer loop
      vertex 42.299 10.3163 11.4
      vertex 41.9728 11.104 12.3
      vertex 41.7505 10.9944 12.3
    endloop
  endfacet
  facet normal 0.546325 -0.479171 0.686968
    outer loop
      vertex 41.9422 10.0778 11.4
      vertex 41.3393 10.6807 12.3
      vertex 41.1759 10.4944 12.3
    endloop
  endfacet
  facet normal 0.233508 0.688155 0.686961
    outer loop
      vertex 42.299 8.28373 11.4
      vertex 41.9799 7.49357 12.3
      vertex 42.4353 8.23748 11.4
    endloop
  endfacet
  facet normal 0.235297 0.687493 0.687014
    outer loop
      vertex 41.9799 7.49357 12.3
      vertex 42.299 8.28373 11.4
      vertex 41.9728 7.496 12.3
    endloop
  endfacet
  facet normal -0.0475025 -0.725146 0.686955
    outer loop
      vertex 42.9673 11.2364 12.3
      vertex 42.72 11.2526 12.3
      vertex 42.72 10.4 11.4
    endloop
  endfacet
  facet normal -0.403677 0.60424 0.686978
    outer loop
      vertex 43.7026 7.61318 12.3
      vertex 43.9087 7.75087 12.3
      vertex 43.3896 8.42731 11.4
    endloop
  endfacet
  facet normal 0.604669 -0.403113 0.686931
    outer loop
      vertex 41.1667 10.4824 12.3
      vertex 41.8473 9.96964 11.4
      vertex 41.1709 10.4887 12.3
    endloop
  endfacet
  facet normal 0.60433 -0.403594 0.686948
    outer loop
      vertex 41.8473 9.96964 11.4
      vertex 41.1667 10.4824 12.3
      vertex 41.7674 9.85 11.4
    endloop
  endfacet
  facet normal -0.233663 -0.688088 0.686976
    outer loop
      vertex 43.4601 11.1064 12.3
      vertex 43.2254 11.1861 12.3
      vertex 43.0047 10.3625 11.4
    endloop
  endfacet
  facet normal 0.688464 -0.23272 0.68692
    outer loop
      vertex 40.9136 10.0401 12.3
      vertex 41.7037 9.72095 11.4
      vertex 40.916 10.0472 12.3
    endloop
  endfacet
  facet normal 0.688226 -0.233365 0.68694
    outer loop
      vertex 41.7037 9.72095 11.4
      vertex 40.9136 10.0401 12.3
      vertex 41.6575 9.5847 11.4
    endloop
  endfacet
  facet normal -0.40382 0.604165 0.68696
    outer loop
      vertex 43.27 8.34737 11.4
      vertex 43.7026 7.61318 12.3
      vertex 43.3896 8.42731 11.4
    endloop
  endfacet
  facet normal -0.403761 0.604202 0.686962
    outer loop
      vertex 43.7026 7.61318 12.3
      vertex 43.27 8.34737 11.4
      vertex 43.6963 7.60897 12.3
    endloop
  endfacet
  facet normal -0.479196 0.546287 0.686979
    outer loop
      vertex 43.9087 7.75087 12.3
      vertex 44.095 7.91429 12.3
      vertex 43.3896 8.42731 11.4
    endloop
  endfacet
  facet normal 0.0475025 -0.725146 0.686955
    outer loop
      vertex 42.72 10.4 11.4
      vertex 42.72 11.2526 12.3
      vertex 42.4727 11.2364 12.3
    endloop
  endfacet
  facet normal -0.604339 0.403533 0.686976
    outer loop
      vertex 43.6726 8.75 11.4
      vertex 44.4068 8.31739 12.3
      vertex 44.411 8.32368 12.3
    endloop
  endfacet
  facet normal -0.604309 0.40358 0.686974
    outer loop
      vertex 44.4068 8.31739 12.3
      vertex 43.6726 8.75 11.4
      vertex 43.5927 8.63036 11.4
    endloop
  endfacet
  facet normal 0.651664 -0.321666 0.686924
    outer loop
      vertex 40.9194 10.054 12.3
      vertex 41.7037 9.72095 11.4
      vertex 41.7674 9.85 11.4
    endloop
  endfacet
  facet normal 0.6501 -0.32505 0.686813
    outer loop
      vertex 41.7037 9.72095 11.4
      vertex 40.9194 10.054 12.3
      vertex 40.916 10.0472 12.3
    endloop
  endfacet
  facet normal -0.546384 0.479119 0.686957
    outer loop
      vertex 44.1057 7.92497 12.3
      vertex 44.2691 8.11131 12.3
      vertex 43.5927 8.63036 11.4
    endloop
  endfacet
  facet normal 0.546248 -0.47928 0.686953
    outer loop
      vertex 41.1759 10.4944 12.3
      vertex 41.8473 9.96964 11.4
      vertex 41.9422 10.0778 11.4
    endloop
  endfacet
  facet normal 0.546303 -0.479213 0.686955
    outer loop
      vertex 41.8473 9.96964 11.4
      vertex 41.1759 10.4944 12.3
      vertex 41.1709 10.4887 12.3
    endloop
  endfacet
  facet normal -0.712715 0.141917 0.686947
    outer loop
      vertex 43.7825 9.0153 11.4
      vertex 44.6559 9.04513 12.3
      vertex 43.8106 9.15642 11.4
    endloop
  endfacet
  facet normal -0.712547 0.143852 0.686719
    outer loop
      vertex 44.6559 9.04513 12.3
      vertex 43.7825 9.0153 11.4
      vertex 44.6544 9.0377 12.3
    endloop
  endfacet
  facet normal -0.139783 0.713181 0.686902
    outer loop
      vertex 43.0047 8.23748 11.4
      vertex 43.2179 7.41243 12.3
      vertex 43.2254 7.4139 12.3
    endloop
  endfacet
  facet normal -0.141788 0.712728 0.686961
    outer loop
      vertex 43.2179 7.41243 12.3
      vertex 43.0047 8.23748 11.4
      vertex 42.8636 8.20941 11.4
    endloop
  endfacet
  facet normal -0.604227 0.403737 0.686954
    outer loop
      vertex 44.2691 8.11131 12.3
      vertex 44.4068 8.31739 12.3
      vertex 43.5927 8.63036 11.4
    endloop
  endfacet
  facet normal -0.141936 -0.712711 0.686947
    outer loop
      vertex 43.0047 10.3625 11.4
      vertex 42.9749 11.2359 12.3
      vertex 42.8636 10.3906 11.4
    endloop
  endfacet
  facet normal -0.144424 -0.712494 0.686654
    outer loop
      vertex 42.9749 11.2359 12.3
      vertex 43.0047 10.3625 11.4
      vertex 42.9823 11.2344 12.3
    endloop
  endfacet
  facet normal 0.712764 -0.141626 0.686957
    outer loop
      vertex 41.6294 9.44358 11.4
      vertex 40.8324 9.79795 12.3
      vertex 40.7841 9.55487 12.3
    endloop
  endfacet
  facet normal 0.72513 0.0479583 0.68694
    outer loop
      vertex 40.7679 9.29244 12.3
      vertex 41.62 9.3 11.4
      vertex 40.7674 9.3 12.3
    endloop
  endfacet
  facet normal 0.725149 0.0474746 0.686954
    outer loop
      vertex 41.62 9.3 11.4
      vertex 40.7679 9.29244 12.3
      vertex 41.6294 9.15642 11.4
    endloop
  endfacet
  facet normal 0.47917 -0.546325 0.686968
    outer loop
      vertex 42.0504 10.1727 11.4
      vertex 41.5313 10.8491 12.3
      vertex 41.345 10.6857 12.3
    endloop
  endfacet
  facet normal -0.688088 0.233672 0.686973
    outer loop
      vertex 44.5264 8.55993 12.3
      vertex 44.6061 8.79462 12.3
      vertex 43.7825 9.0153 11.4
    endloop
  endfacet
  facet normal 0.403677 0.60424 0.686978
    outer loop
      vertex 41.7374 7.61318 12.3
      vertex 42.0504 8.42731 11.4
      vertex 41.5313 7.75087 12.3
    endloop
  endfacet
  facet normal -0.321512 0.651713 0.686949
    outer loop
      vertex 43.141 8.28373 11.4
      vertex 43.474 7.49935 12.3
      vertex 43.27 8.34737 11.4
    endloop
  endfacet
  facet normal -0.321147 0.651881 0.686961
    outer loop
      vertex 43.474 7.49935 12.3
      vertex 43.141 8.28373 11.4
      vertex 43.4672 7.496 12.3
    endloop
  endfacet
  facet normal -0.546278 0.479217 0.686973
    outer loop
      vertex 43.4978 8.52218 11.4
      vertex 44.1057 7.92497 12.3
      vertex 43.5927 8.63036 11.4
    endloop
  endfacet
  facet normal -0.545861 0.479667 0.68699
    outer loop
      vertex 44.1057 7.92497 12.3
      vertex 43.4978 8.52218 11.4
      vertex 44.1007 7.91928 12.3
    endloop
  endfacet
  facet normal -0.0474682 -0.725152 0.686951
    outer loop
      vertex 42.8636 10.3906 11.4
      vertex 42.9673 11.2364 12.3
      vertex 42.72 10.4 11.4
    endloop
  endfacet
  facet normal -0.0477059 -0.72513 0.686958
    outer loop
      vertex 42.9673 11.2364 12.3
      vertex 42.8636 10.3906 11.4
      vertex 42.9749 11.2359 12.3
    endloop
  endfacet
  facet normal -0.71275 0.141623 0.686972
    outer loop
      vertex 44.6061 8.79462 12.3
      vertex 44.6544 9.0377 12.3
      vertex 43.7825 9.0153 11.4
    endloop
  endfacet
  facet normal 0.321738 -0.651556 0.686993
    outer loop
      vertex 41.7505 10.9944 12.3
      vertex 42.17 10.2526 11.4
      vertex 42.299 10.3163 11.4
    endloop
  endfacet
  facet normal 0.324933 -0.649867 0.687089
    outer loop
      vertex 42.17 10.2526 11.4
      vertex 41.7505 10.9944 12.3
      vertex 41.7437 10.991 12.3
    endloop
  endfacet
  facet normal -0.688096 -0.233645 0.686974
    outer loop
      vertex 44.6061 9.80538 12.3
      vertex 44.5264 10.0401 12.3
      vertex 43.7825 9.5847 11.4
    endloop
  endfacet
  facet normal 0.72515 0.0475008 0.686951
    outer loop
      vertex 40.7841 9.04513 12.3
      vertex 41.6294 9.15642 11.4
      vertex 40.7679 9.29244 12.3
    endloop
  endfacet
  facet normal 0.47917 -0.546325 0.686968
    outer loop
      vertex 41.345 10.6857 12.3
      vertex 41.9422 10.0778 11.4
      vertex 42.0504 10.1727 11.4
    endloop
  endfacet
  facet normal 0.479204 -0.546293 0.686969
    outer loop
      vertex 41.9422 10.0778 11.4
      vertex 41.345 10.6857 12.3
      vertex 41.3393 10.6807 12.3
    endloop
  endfacet
  facet normal -0.403083 -0.604625 0.686988
    outer loop
      vertex 43.27 10.2526 11.4
      vertex 43.7026 10.9868 12.3
      vertex 43.6963 10.991 12.3
    endloop
  endfacet
  facet normal -0.403676 -0.604251 0.686969
    outer loop
      vertex 43.7026 10.9868 12.3
      vertex 43.27 10.2526 11.4
      vertex 43.3896 10.1727 11.4
    endloop
  endfacet
  facet normal 0.479196 0.546287 0.686979
    outer loop
      vertex 41.5313 7.75087 12.3
      vertex 42.0504 8.42731 11.4
      vertex 41.345 7.91429 12.3
    endloop
  endfacet
  facet normal 0.604237 -0.403704 0.686964
    outer loop
      vertex 41.7674 9.85 11.4
      vertex 41.1667 10.4824 12.3
      vertex 41.029 10.2763 12.3
    endloop
  endfacet
  facet normal 0.546278 0.479217 0.686973
    outer loop
      vertex 41.3343 7.92497 12.3
      vertex 41.9422 8.52218 11.4
      vertex 41.8473 8.63036 11.4
    endloop
  endfacet
  facet normal 0.545861 0.479667 0.68699
    outer loop
      vertex 41.9422 8.52218 11.4
      vertex 41.3343 7.92497 12.3
      vertex 41.3393 7.91928 12.3
    endloop
  endfacet
  facet normal 0.65166 0.321664 0.686929
    outer loop
      vertex 41.7037 8.87905 11.4
      vertex 40.9194 8.54597 12.3
      vertex 41.7674 8.75 11.4
    endloop
  endfacet
  facet normal 0.649915 0.325436 0.686805
    outer loop
      vertex 40.9194 8.54597 12.3
      vertex 41.7037 8.87905 11.4
      vertex 40.916 8.55276 12.3
    endloop
  endfacet
  facet normal 0.0467537 0.725159 0.686992
    outer loop
      vertex 42.72 8.2 11.4
      vertex 42.7124 7.34786 12.3
      vertex 42.72 7.34737 12.3
    endloop
  endfacet
  facet normal 0.0475172 0.72513 0.686971
    outer loop
      vertex 42.7124 7.34786 12.3
      vertex 42.72 8.2 11.4
      vertex 42.5764 8.20941 11.4
    endloop
  endfacet
  facet normal 0.72513 -0.0479583 0.68694
    outer loop
      vertex 41.62 9.3 11.4
      vertex 40.7679 9.30756 12.3
      vertex 40.7674 9.3 12.3
    endloop
  endfacet
  facet normal 0.725149 -0.0474746 0.686954
    outer loop
      vertex 40.7679 9.30756 12.3
      vertex 41.62 9.3 11.4
      vertex 41.6294 9.44358 11.4
    endloop
  endfacet
  facet normal -0.403704 -0.604237 0.686965
    outer loop
      vertex 43.9087 10.8491 12.3
      vertex 43.7026 10.9868 12.3
      vertex 43.3896 10.1727 11.4
    endloop
  endfacet
  facet normal -0.0475172 0.72513 0.686971
    outer loop
      vertex 42.72 8.2 11.4
      vertex 42.7276 7.34786 12.3
      vertex 42.8636 8.20941 11.4
    endloop
  endfacet
  facet normal -0.0467537 0.725159 0.686992
    outer loop
      vertex 42.7276 7.34786 12.3
      vertex 42.72 8.2 11.4
      vertex 42.72 7.34737 12.3
    endloop
  endfacet
  facet normal -0.233291 -0.68826 0.68693
    outer loop
      vertex 43.141 10.3163 11.4
      vertex 43.4601 11.1064 12.3
      vertex 43.0047 10.3625 11.4
    endloop
  endfacet
  facet normal -0.232722 -0.68847 0.686913
    outer loop
      vertex 43.4601 11.1064 12.3
      vertex 43.141 10.3163 11.4
      vertex 43.4672 11.104 12.3
    endloop
  endfacet
  facet normal -0.651782 -0.321346 0.686962
    outer loop
      vertex 44.5206 10.054 12.3
      vertex 44.411 10.2763 12.3
      vertex 43.6726 9.85 11.4
    endloop
  endfacet
  facet normal 0.651782 -0.321346 0.686962
    outer loop
      vertex 41.7674 9.85 11.4
      vertex 41.029 10.2763 12.3
      vertex 40.9194 10.054 12.3
    endloop
  endfacet
  facet normal 0.604309 0.40358 0.686974
    outer loop
      vertex 41.7674 8.75 11.4
      vertex 41.0332 8.31739 12.3
      vertex 41.8473 8.63036 11.4
    endloop
  endfacet
  facet normal 0.604339 0.403533 0.686976
    outer loop
      vertex 41.0332 8.31739 12.3
      vertex 41.7674 8.75 11.4
      vertex 41.029 8.32368 12.3
    endloop
  endfacet
  facet normal -0.0475308 0.725131 0.686969
    outer loop
      vertex 42.9749 7.36407 12.3
      vertex 42.8636 8.20941 11.4
      vertex 42.7276 7.34786 12.3
    endloop
  endfacet
  facet normal -0.478677 0.546785 0.686946
    outer loop
      vertex 43.4978 8.52218 11.4
      vertex 44.095 7.91429 12.3
      vertex 44.1007 7.91928 12.3
    endloop
  endfacet
  facet normal -0.479089 0.546404 0.686962
    outer loop
      vertex 44.095 7.91429 12.3
      vertex 43.4978 8.52218 11.4
      vertex 43.3896 8.42731 11.4
    endloop
  endfacet
  facet normal 0.604227 0.403737 0.686954
    outer loop
      vertex 41.1709 8.11131 12.3
      vertex 41.8473 8.63036 11.4
      vertex 41.0332 8.31739 12.3
    endloop
  endfacet
  facet normal 0.546384 0.479119 0.686957
    outer loop
      vertex 41.3343 7.92497 12.3
      vertex 41.8473 8.63036 11.4
      vertex 41.1709 8.11131 12.3
    endloop
  endfacet
  facet normal 0.233585 0.68812 0.686971
    outer loop
      vertex 42.2146 7.4139 12.3
      vertex 42.4353 8.23748 11.4
      vertex 41.9799 7.49357 12.3
    endloop
  endfacet
  facet normal 0.651773 0.321356 0.686966
    outer loop
      vertex 41.029 8.32368 12.3
      vertex 41.7674 8.75 11.4
      vertex 40.9194 8.54597 12.3
    endloop
  endfacet
  facet normal -0.651774 0.321371 0.686958
    outer loop
      vertex 44.4144 8.33048 12.3
      vertex 44.524 8.55276 12.3
      vertex 43.7363 8.87905 11.4
    endloop
  endfacet
  facet normal -0.233585 0.68812 0.686971
    outer loop
      vertex 43.2254 7.4139 12.3
      vertex 43.4601 7.49357 12.3
      vertex 43.0047 8.23748 11.4
    endloop
  endfacet
  facet normal -0.71275 -0.141623 0.686972
    outer loop
      vertex 44.6544 9.5623 12.3
      vertex 44.6061 9.80538 12.3
      vertex 43.7825 9.5847 11.4
    endloop
  endfacet
  facet normal 0.233672 -0.688115 0.686946
    outer loop
      vertex 42.299 10.3163 11.4
      vertex 42.2075 11.1837 12.3
      vertex 41.9728 11.104 12.3
    endloop
  endfacet
  facet normal 0.712764 0.141626 0.686957
    outer loop
      vertex 40.8324 8.80205 12.3
      vertex 41.6294 9.15642 11.4
      vertex 40.7841 9.04513 12.3
    endloop
  endfacet
  facet normal -0.651605 0.321637 0.686993
    outer loop
      vertex 43.6726 8.75 11.4
      vertex 44.4144 8.33048 12.3
      vertex 43.7363 8.87905 11.4
    endloop
  endfacet
  facet normal -0.649863 0.324932 0.687093
    outer loop
      vertex 44.4144 8.33048 12.3
      vertex 43.6726 8.75 11.4
      vertex 44.411 8.32368 12.3
    endloop
  endfacet
  facet normal 0.688229 0.233367 0.686936
    outer loop
      vertex 40.9136 8.55993 12.3
      vertex 41.7037 8.87905 11.4
      vertex 41.6575 9.0153 11.4
    endloop
  endfacet
  facet normal 0.689212 0.230698 0.686852
    outer loop
      vertex 41.7037 8.87905 11.4
      vertex 40.9136 8.55993 12.3
      vertex 40.916 8.55276 12.3
    endloop
  endfacet
  facet normal 0.40382 0.604165 0.68696
    outer loop
      vertex 41.7374 7.61318 12.3
      vertex 42.17 8.34737 11.4
      vertex 42.0504 8.42731 11.4
    endloop
  endfacet
  facet normal 0.403761 0.604202 0.686962
    outer loop
      vertex 42.17 8.34737 11.4
      vertex 41.7374 7.61318 12.3
      vertex 41.7437 7.60897 12.3
    endloop
  endfacet
  facet normal -0.47917 -0.546325 0.686968
    outer loop
      vertex 44.095 10.6857 12.3
      vertex 43.9087 10.8491 12.3
      vertex 43.3896 10.1727 11.4
    endloop
  endfacet
  facet normal -0.321346 -0.651782 0.686962
    outer loop
      vertex 43.6963 10.991 12.3
      vertex 43.474 11.1006 12.3
      vertex 43.27 10.2526 11.4
    endloop
  endfacet
  facet normal -0.325054 -0.650108 0.686803
    outer loop
      vertex 43.141 10.3163 11.4
      vertex 43.474 11.1006 12.3
      vertex 43.4672 11.104 12.3
    endloop
  endfacet
  facet normal -0.321772 -0.651626 0.686911
    outer loop
      vertex 43.474 11.1006 12.3
      vertex 43.141 10.3163 11.4
      vertex 43.27 10.2526 11.4
    endloop
  endfacet
  facet normal -0.546293 -0.479204 0.686969
    outer loop
      vertex 43.4978 10.0778 11.4
      vertex 44.1057 10.675 12.3
      vertex 44.1007 10.6807 12.3
    endloop
  endfacet
  facet normal -0.546234 -0.479268 0.686972
    outer loop
      vertex 44.1057 10.675 12.3
      vertex 43.4978 10.0778 11.4
      vertex 43.5927 9.96964 11.4
    endloop
  endfacet
  facet normal -0.604669 -0.403113 0.686931
    outer loop
      vertex 43.5927 9.96964 11.4
      vertex 44.2733 10.4824 12.3
      vertex 44.2691 10.4887 12.3
    endloop
  endfacet
  facet normal -0.60433 -0.403594 0.686948
    outer loop
      vertex 44.2733 10.4824 12.3
      vertex 43.5927 9.96964 11.4
      vertex 43.6726 9.85 11.4
    endloop
  endfacet
  facet normal 0.141782 0.712721 0.686969
    outer loop
      vertex 42.4651 7.36407 12.3
      vertex 42.5764 8.20941 11.4
      vertex 42.222 7.41243 12.3
    endloop
  endfacet
  facet normal -0.479204 -0.546293 0.686969
    outer loop
      vertex 44.095 10.6857 12.3
      vertex 43.4978 10.0778 11.4
      vertex 44.1007 10.6807 12.3
    endloop
  endfacet
  facet normal -0.47917 -0.546325 0.686968
    outer loop
      vertex 43.4978 10.0778 11.4
      vertex 44.095 10.6857 12.3
      vertex 43.3896 10.1727 11.4
    endloop
  endfacet
  facet normal -0.712547 -0.143852 0.686719
    outer loop
      vertex 43.7825 9.5847 11.4
      vertex 44.6559 9.55487 12.3
      vertex 44.6544 9.5623 12.3
    endloop
  endfacet
  facet normal -0.712715 -0.141917 0.686947
    outer loop
      vertex 44.6559 9.55487 12.3
      vertex 43.7825 9.5847 11.4
      vertex 43.8106 9.44358 11.4
    endloop
  endfacet
  facet normal -0.688464 -0.23272 0.68692
    outer loop
      vertex 43.7363 9.72095 11.4
      vertex 44.5264 10.0401 12.3
      vertex 44.524 10.0472 12.3
    endloop
  endfacet
  facet normal -0.688226 -0.233365 0.68694
    outer loop
      vertex 44.5264 10.0401 12.3
      vertex 43.7363 9.72095 11.4
      vertex 43.7825 9.5847 11.4
    endloop
  endfacet
  facet normal 0.712764 -0.141626 0.686957
    outer loop
      vertex 48.5734 9.44358 11.4
      vertex 47.7764 9.79795 12.3
      vertex 47.7281 9.55487 12.3
    endloop
  endfacet
  facet normal -0.479196 0.546287 0.686979
    outer loop
      vertex 50.8527 7.75087 12.3
      vertex 51.039 7.91429 12.3
      vertex 50.3336 8.42731 11.4
    endloop
  endfacet
  facet normal -0.725146 -0.0475006 0.686955
    outer loop
      vertex 51.6166 9.3 12.3
      vertex 51.6004 9.54731 12.3
      vertex 50.764 9.3 11.4
    endloop
  endfacet
  facet normal -0.725106 -0.0479567 0.686966
    outer loop
      vertex 50.7546 9.44358 11.4
      vertex 51.6004 9.54731 12.3
      vertex 51.5999 9.55487 12.3
    endloop
  endfacet
  facet normal -0.72515 -0.0474747 0.686952
    outer loop
      vertex 51.6004 9.54731 12.3
      vertex 50.7546 9.44358 11.4
      vertex 50.764 9.3 11.4
    endloop
  endfacet
  facet normal -0.712676 0.141909 0.68699
    outer loop
      vertex 50.7265 9.0153 11.4
      vertex 51.5516 8.80205 12.3
      vertex 50.7546 9.15642 11.4
    endloop
  endfacet
  facet normal -0.712247 0.143791 0.687043
    outer loop
      vertex 51.5516 8.80205 12.3
      vertex 50.7265 9.0153 11.4
      vertex 51.5501 8.79462 12.3
    endloop
  endfacet
  facet normal 0.403704 -0.604237 0.686965
    outer loop
      vertex 48.9944 10.1727 11.4
      vertex 48.6814 10.9868 12.3
      vertex 48.4753 10.8491 12.3
    endloop
  endfacet
  facet normal 0.725146 -0.0475006 0.686955
    outer loop
      vertex 48.564 9.3 11.4
      vertex 47.7276 9.54731 12.3
      vertex 47.7114 9.3 12.3
    endloop
  endfacet
  facet normal -0.321398 0.651767 0.686952
    outer loop
      vertex 50.4112 7.496 12.3
      vertex 50.6335 7.60562 12.3
      vertex 50.085 8.28373 11.4
    endloop
  endfacet
  facet normal -0.0475308 0.725131 0.686969
    outer loop
      vertex 49.9189 7.36407 12.3
      vertex 49.8076 8.20941 11.4
      vertex 49.6716 7.34786 12.3
    endloop
  endfacet
  facet normal 0.725146 0.0475006 0.686955
    outer loop
      vertex 47.7276 9.05269 12.3
      vertex 48.564 9.3 11.4
      vertex 47.7114 9.3 12.3
    endloop
  endfacet
  facet normal -0.688101 0.233677 0.686959
    outer loop
      vertex 51.468 8.55276 12.3
      vertex 51.5477 8.78745 12.3
      vertex 50.6803 8.87905 11.4
    endloop
  endfacet
  facet normal -0.324933 -0.649867 0.687089
    outer loop
      vertex 50.6335 10.9944 12.3
      vertex 50.214 10.2526 11.4
      vertex 50.6403 10.991 12.3
    endloop
  endfacet
  facet normal -0.321738 -0.651556 0.686993
    outer loop
      vertex 50.214 10.2526 11.4
      vertex 50.6335 10.9944 12.3
      vertex 50.085 10.3163 11.4
    endloop
  endfacet
  facet normal 0.479089 0.546404 0.686962
    outer loop
      vertex 48.8862 8.52218 11.4
      vertex 48.289 7.91429 12.3
      vertex 48.9944 8.42731 11.4
    endloop
  endfacet
  facet normal 0.478677 0.546785 0.686946
    outer loop
      vertex 48.289 7.91429 12.3
      vertex 48.8862 8.52218 11.4
      vertex 48.2833 7.91928 12.3
    endloop
  endfacet
  facet normal 0.651774 0.321371 0.686958
    outer loop
      vertex 47.9696 8.33048 12.3
      vertex 48.6477 8.87905 11.4
      vertex 47.86 8.55276 12.3
    endloop
  endfacet
  facet normal -0.72515 0.0474747 0.686952
    outer loop
      vertex 50.7546 9.15642 11.4
      vertex 51.6004 9.05269 12.3
      vertex 50.764 9.3 11.4
    endloop
  endfacet
  facet normal -0.725106 0.0479567 0.686966
    outer loop
      vertex 51.6004 9.05269 12.3
      vertex 50.7546 9.15642 11.4
      vertex 51.5999 9.04513 12.3
    endloop
  endfacet
  facet normal -0.0475172 0.72513 0.686971
    outer loop
      vertex 49.664 8.2 11.4
      vertex 49.6716 7.34786 12.3
      vertex 49.8076 8.20941 11.4
    endloop
  endfacet
  facet normal -0.0467537 0.725159 0.686992
    outer loop
      vertex 49.6716 7.34786 12.3
      vertex 49.664 8.2 11.4
      vertex 49.664 7.34737 12.3
    endloop
  endfacet
  facet normal 0.141612 -0.712751 0.686973
    outer loop
      vertex 49.3793 10.3625 11.4
      vertex 49.4017 11.2344 12.3
      vertex 49.1586 11.1861 12.3
    endloop
  endfacet
  facet normal 0.47917 -0.546325 0.686968
    outer loop
      vertex 48.289 10.6857 12.3
      vertex 48.8862 10.0778 11.4
      vertex 48.9944 10.1727 11.4
    endloop
  endfacet
  facet normal 0.479204 -0.546293 0.686969
    outer loop
      vertex 48.8862 10.0778 11.4
      vertex 48.289 10.6857 12.3
      vertex 48.2833 10.6807 12.3
    endloop
  endfacet
  facet normal 0.321505 0.651699 0.686966
    outer loop
      vertex 49.114 8.34737 11.4
      vertex 48.6945 7.60562 12.3
      vertex 49.243 8.28373 11.4
    endloop
  endfacet
  facet normal 0.32115 0.651886 0.686955
    outer loop
      vertex 48.6945 7.60562 12.3
      vertex 49.114 8.34737 11.4
      vertex 48.6877 7.60897 12.3
    endloop
  endfacet
  facet normal -0.725146 0.0475006 0.686955
    outer loop
      vertex 51.6004 9.05269 12.3
      vertex 51.6166 9.3 12.3
      vertex 50.764 9.3 11.4
    endloop
  endfacet
  facet normal -0.40382 0.604165 0.68696
    outer loop
      vertex 50.214 8.34737 11.4
      vertex 50.6466 7.61318 12.3
      vertex 50.3336 8.42731 11.4
    endloop
  endfacet
  facet normal -0.403761 0.604202 0.686962
    outer loop
      vertex 50.6466 7.61318 12.3
      vertex 50.214 8.34737 11.4
      vertex 50.6403 7.60897 12.3
    endloop
  endfacet
  facet normal 0.321398 0.651767 0.686952
    outer loop
      vertex 48.9168 7.496 12.3
      vertex 49.243 8.28373 11.4
      vertex 48.6945 7.60562 12.3
    endloop
  endfacet
  facet normal 0.604208 0.403743 0.686968
    outer loop
      vertex 48.1107 8.11761 12.3
      vertex 48.7114 8.75 11.4
      vertex 47.973 8.32368 12.3
    endloop
  endfacet
  facet normal -0.0474682 -0.725152 0.686951
    outer loop
      vertex 49.8076 10.3906 11.4
      vertex 49.9113 11.2364 12.3
      vertex 49.664 10.4 11.4
    endloop
  endfacet
  facet normal -0.0477059 -0.72513 0.686958
    outer loop
      vertex 49.9113 11.2364 12.3
      vertex 49.8076 10.3906 11.4
      vertex 49.9189 11.2359 12.3
    endloop
  endfacet
  facet normal 0.604669 -0.403113 0.686931
    outer loop
      vertex 48.1107 10.4824 12.3
      vertex 48.7913 9.96964 11.4
      vertex 48.1149 10.4887 12.3
    endloop
  endfacet
  facet normal 0.60433 -0.403594 0.686948
    outer loop
      vertex 48.7913 9.96964 11.4
      vertex 48.1107 10.4824 12.3
      vertex 48.7114 9.85 11.4
    endloop
  endfacet
  facet normal 0.72515 0.0474747 0.686952
    outer loop
      vertex 47.7276 9.05269 12.3
      vertex 48.5734 9.15642 11.4
      vertex 48.564 9.3 11.4
    endloop
  endfacet
  facet normal 0.725106 0.0479567 0.686966
    outer loop
      vertex 48.5734 9.15642 11.4
      vertex 47.7276 9.05269 12.3
      vertex 47.7281 9.04513 12.3
    endloop
  endfacet
  facet normal 0.712764 0.141626 0.686957
    outer loop
      vertex 47.7764 8.80205 12.3
      vertex 48.5734 9.15642 11.4
      vertex 47.7281 9.04513 12.3
    endloop
  endfacet
  facet normal -0.545902 0.479703 0.686932
    outer loop
      vertex 50.5367 8.63036 11.4
      vertex 51.2081 8.10562 12.3
      vertex 51.2131 8.11131 12.3
    endloop
  endfacet
  facet normal -0.546294 0.479232 0.686949
    outer loop
      vertex 51.2081 8.10562 12.3
      vertex 50.5367 8.63036 11.4
      vertex 50.4418 8.52218 11.4
    endloop
  endfacet
  facet normal -0.546378 0.479114 0.686965
    outer loop
      vertex 51.0447 7.91928 12.3
      vertex 51.2081 8.10562 12.3
      vertex 50.4418 8.52218 11.4
    endloop
  endfacet
  facet normal 0.0477059 -0.72513 0.686958
    outer loop
      vertex 49.5204 10.3906 11.4
      vertex 49.4167 11.2364 12.3
      vertex 49.4091 11.2359 12.3
    endloop
  endfacet
  facet normal 0.0474682 -0.725152 0.686951
    outer loop
      vertex 49.4167 11.2364 12.3
      vertex 49.5204 10.3906 11.4
      vertex 49.664 10.4 11.4
    endloop
  endfacet
  facet normal 0.40382 0.604165 0.68696
    outer loop
      vertex 48.6814 7.61318 12.3
      vertex 49.114 8.34737 11.4
      vertex 48.9944 8.42731 11.4
    endloop
  endfacet
  facet normal 0.403761 0.604202 0.686962
    outer loop
      vertex 49.114 8.34737 11.4
      vertex 48.6814 7.61318 12.3
      vertex 48.6877 7.60897 12.3
    endloop
  endfacet
  facet normal -0.712764 0.141626 0.686957
    outer loop
      vertex 51.5516 8.80205 12.3
      vertex 51.5999 9.04513 12.3
      vertex 50.7546 9.15642 11.4
    endloop
  endfacet
  facet normal 0.144424 -0.712494 0.686654
    outer loop
      vertex 49.3793 10.3625 11.4
      vertex 49.4091 11.2359 12.3
      vertex 49.4017 11.2344 12.3
    endloop
  endfacet
  facet normal 0.141936 -0.712711 0.686947
    outer loop
      vertex 49.4091 11.2359 12.3
      vertex 49.3793 10.3625 11.4
      vertex 49.5204 10.3906 11.4
    endloop
  endfacet
  facet normal -0.403704 -0.604237 0.686965
    outer loop
      vertex 50.8527 10.8491 12.3
      vertex 50.6466 10.9868 12.3
      vertex 50.3336 10.1727 11.4
    endloop
  endfacet
  facet normal -0.688186 0.233352 0.686984
    outer loop
      vertex 50.6803 8.87905 11.4
      vertex 51.5501 8.79462 12.3
      vertex 50.7265 9.0153 11.4
    endloop
  endfacet
  facet normal -0.688798 0.23056 0.687314
    outer loop
      vertex 51.5501 8.79462 12.3
      vertex 50.6803 8.87905 11.4
      vertex 51.5477 8.78745 12.3
    endloop
  endfacet
  facet normal -0.139783 0.713181 0.686902
    outer loop
      vertex 49.9487 8.23748 11.4
      vertex 50.1619 7.41243 12.3
      vertex 50.1694 7.4139 12.3
    endloop
  endfacet
  facet normal -0.141788 0.712728 0.686961
    outer loop
      vertex 50.1619 7.41243 12.3
      vertex 49.9487 8.23748 11.4
      vertex 49.8076 8.20941 11.4
    endloop
  endfacet
  facet normal -0.651774 0.321371 0.686958
    outer loop
      vertex 51.3584 8.33048 12.3
      vertex 51.468 8.55276 12.3
      vertex 50.6803 8.87905 11.4
    endloop
  endfacet
  facet normal 0.712247 -0.143791 0.687043
    outer loop
      vertex 47.7764 9.79795 12.3
      vertex 48.6015 9.5847 11.4
      vertex 47.7779 9.80538 12.3
    endloop
  endfacet
  facet normal 0.712676 -0.141909 0.68699
    outer loop
      vertex 48.6015 9.5847 11.4
      vertex 47.7764 9.79795 12.3
      vertex 48.5734 9.44358 11.4
    endloop
  endfacet
  facet normal -0.479204 -0.546293 0.686969
    outer loop
      vertex 51.039 10.6857 12.3
      vertex 50.4418 10.0778 11.4
      vertex 51.0447 10.6807 12.3
    endloop
  endfacet
  facet normal -0.47917 -0.546325 0.686968
    outer loop
      vertex 50.4418 10.0778 11.4
      vertex 51.039 10.6857 12.3
      vertex 50.3336 10.1727 11.4
    endloop
  endfacet
  facet normal -0.403083 -0.604625 0.686988
    outer loop
      vertex 50.214 10.2526 11.4
      vertex 50.6466 10.9868 12.3
      vertex 50.6403 10.991 12.3
    endloop
  endfacet
  facet normal -0.403676 -0.604251 0.686969
    outer loop
      vertex 50.6466 10.9868 12.3
      vertex 50.214 10.2526 11.4
      vertex 50.3336 10.1727 11.4
    endloop
  endfacet
  facet normal 0.403083 -0.604625 0.686988
    outer loop
      vertex 48.6814 10.9868 12.3
      vertex 49.114 10.2526 11.4
      vertex 48.6877 10.991 12.3
    endloop
  endfacet
  facet normal 0.403676 -0.604251 0.686969
    outer loop
      vertex 49.114 10.2526 11.4
      vertex 48.6814 10.9868 12.3
      vertex 48.9944 10.1727 11.4
    endloop
  endfacet
  facet normal 0.233585 0.68812 0.686971
    outer loop
      vertex 49.1586 7.4139 12.3
      vertex 49.3793 8.23748 11.4
      vertex 48.9239 7.49357 12.3
    endloop
  endfacet
  facet normal 0.233508 0.688155 0.686961
    outer loop
      vertex 49.243 8.28373 11.4
      vertex 48.9239 7.49357 12.3
      vertex 49.3793 8.23748 11.4
    endloop
  endfacet
  facet normal 0.235297 0.687493 0.687014
    outer loop
      vertex 48.9239 7.49357 12.3
      vertex 49.243 8.28373 11.4
      vertex 48.9168 7.496 12.3
    endloop
  endfacet
  facet normal -0.478677 0.546785 0.686946
    outer loop
      vertex 50.4418 8.52218 11.4
      vertex 51.039 7.91429 12.3
      vertex 51.0447 7.91928 12.3
    endloop
  endfacet
  facet normal -0.479089 0.546404 0.686962
    outer loop
      vertex 51.039 7.91429 12.3
      vertex 50.4418 8.52218 11.4
      vertex 50.3336 8.42731 11.4
    endloop
  endfacet
  facet normal 0.233663 -0.688088 0.686976
    outer loop
      vertex 49.3793 10.3625 11.4
      vertex 49.1586 11.1861 12.3
      vertex 48.9239 11.1064 12.3
    endloop
  endfacet
  facet normal 0.712676 0.141909 0.68699
    outer loop
      vertex 47.7764 8.80205 12.3
      vertex 48.6015 9.0153 11.4
      vertex 48.5734 9.15642 11.4
    endloop
  endfacet
  facet normal 0.712247 0.143791 0.687043
    outer loop
      vertex 48.6015 9.0153 11.4
      vertex 47.7764 8.80205 12.3
      vertex 47.7779 8.79462 12.3
    endloop
  endfacet
  facet normal 0.546325 -0.479171 0.686968
    outer loop
      vertex 48.8862 10.0778 11.4
      vertex 48.2833 10.6807 12.3
      vertex 48.1199 10.4944 12.3
    endloop
  endfacet
  facet normal -0.32115 0.651886 0.686955
    outer loop
      vertex 50.214 8.34737 11.4
      vertex 50.6335 7.60562 12.3
      vertex 50.6403 7.60897 12.3
    endloop
  endfacet
  facet normal -0.321505 0.651699 0.686966
    outer loop
      vertex 50.6335 7.60562 12.3
      vertex 50.214 8.34737 11.4
      vertex 50.085 8.28373 11.4
    endloop
  endfacet
  facet normal -0.233585 0.68812 0.686971
    outer loop
      vertex 50.1694 7.4139 12.3
      vertex 50.4041 7.49357 12.3
      vertex 49.9487 8.23748 11.4
    endloop
  endfacet
  facet normal -0.141612 -0.712751 0.686973
    outer loop
      vertex 49.9487 10.3625 11.4
      vertex 50.1694 11.1861 12.3
      vertex 49.9263 11.2344 12.3
    endloop
  endfacet
  facet normal 0.688101 0.233677 0.686959
    outer loop
      vertex 47.86 8.55276 12.3
      vertex 48.6477 8.87905 11.4
      vertex 47.7803 8.78745 12.3
    endloop
  endfacet
  facet normal 0.546248 -0.47928 0.686953
    outer loop
      vertex 48.1199 10.4944 12.3
      vertex 48.7913 9.96964 11.4
      vertex 48.8862 10.0778 11.4
    endloop
  endfacet
  facet normal 0.546303 -0.479213 0.686955
    outer loop
      vertex 48.7913 9.96964 11.4
      vertex 48.1199 10.4944 12.3
      vertex 48.1149 10.4887 12.3
    endloop
  endfacet
  facet normal 0.321355 -0.651799 0.686942
    outer loop
      vertex 49.243 10.3163 11.4
      vertex 48.9168 11.104 12.3
      vertex 48.6945 10.9944 12.3
    endloop
  endfacet
  facet normal 0.47917 -0.546325 0.686968
    outer loop
      vertex 48.9944 10.1727 11.4
      vertex 48.4753 10.8491 12.3
      vertex 48.289 10.6857 12.3
    endloop
  endfacet
  facet normal 0.725106 -0.0479567 0.686966
    outer loop
      vertex 47.7276 9.54731 12.3
      vertex 48.5734 9.44358 11.4
      vertex 47.7281 9.55487 12.3
    endloop
  endfacet
  facet normal 0.72515 -0.0474747 0.686952
    outer loop
      vertex 48.5734 9.44358 11.4
      vertex 47.7276 9.54731 12.3
      vertex 48.564 9.3 11.4
    endloop
  endfacet
  facet normal -0.235297 0.687493 0.687014
    outer loop
      vertex 50.085 8.28373 11.4
      vertex 50.4041 7.49357 12.3
      vertex 50.4112 7.496 12.3
    endloop
  endfacet
  facet normal -0.233508 0.688155 0.686961
    outer loop
      vertex 50.4041 7.49357 12.3
      vertex 50.085 8.28373 11.4
      vertex 49.9487 8.23748 11.4
    endloop
  endfacet
  facet normal 0.321738 -0.651556 0.686993
    outer loop
      vertex 48.6945 10.9944 12.3
      vertex 49.114 10.2526 11.4
      vertex 49.243 10.3163 11.4
    endloop
  endfacet
  facet normal 0.324933 -0.649867 0.687089
    outer loop
      vertex 49.114 10.2526 11.4
      vertex 48.6945 10.9944 12.3
      vertex 48.6877 10.991 12.3
    endloop
  endfacet
  facet normal 0.0467537 0.725159 0.686992
    outer loop
      vertex 49.664 8.2 11.4
      vertex 49.6564 7.34786 12.3
      vertex 49.664 7.34737 12.3
    endloop
  endfacet
  facet normal 0.0475172 0.72513 0.686971
    outer loop
      vertex 49.6564 7.34786 12.3
      vertex 49.664 8.2 11.4
      vertex 49.5204 8.20941 11.4
    endloop
  endfacet
  facet normal -0.604208 0.403743 0.686968
    outer loop
      vertex 51.2173 8.11761 12.3
      vertex 51.355 8.32368 12.3
      vertex 50.6166 8.75 11.4
    endloop
  endfacet
  facet normal 0.651664 -0.321666 0.686924
    outer loop
      vertex 47.8634 10.054 12.3
      vertex 48.6477 9.72095 11.4
      vertex 48.7114 9.85 11.4
    endloop
  endfacet
  facet normal 0.6501 -0.32505 0.686813
    outer loop
      vertex 48.6477 9.72095 11.4
      vertex 47.8634 10.054 12.3
      vertex 47.86 10.0472 12.3
    endloop
  endfacet
  facet normal -0.141936 -0.712711 0.686947
    outer loop
      vertex 49.9487 10.3625 11.4
      vertex 49.9189 11.2359 12.3
      vertex 49.8076 10.3906 11.4
    endloop
  endfacet
  facet normal -0.144424 -0.712494 0.686654
    outer loop
      vertex 49.9189 11.2359 12.3
      vertex 49.9487 10.3625 11.4
      vertex 49.9263 11.2344 12.3
    endloop
  endfacet
  facet normal -0.604332 0.403595 0.686946
    outer loop
      vertex 50.5367 8.63036 11.4
      vertex 51.2173 8.11761 12.3
      vertex 50.6166 8.75 11.4
    endloop
  endfacet
  facet normal -0.604671 0.403114 0.686929
    outer loop
      vertex 51.2173 8.11761 12.3
      vertex 50.5367 8.63036 11.4
      vertex 51.2131 8.11131 12.3
    endloop
  endfacet
  facet normal -0.546325 -0.479171 0.686968
    outer loop
      vertex 51.2081 10.4944 12.3
      vertex 51.0447 10.6807 12.3
      vertex 50.4418 10.0778 11.4
    endloop
  endfacet
  facet normal 0.0475025 -0.725146 0.686955
    outer loop
      vertex 49.664 10.4 11.4
      vertex 49.664 11.2526 12.3
      vertex 49.4167 11.2364 12.3
    endloop
  endfacet
  facet normal 0.604237 -0.403704 0.686964
    outer loop
      vertex 48.7114 9.85 11.4
      vertex 48.1107 10.4824 12.3
      vertex 47.973 10.2763 12.3
    endloop
  endfacet
  facet normal 0.651782 -0.321346 0.686962
    outer loop
      vertex 48.7114 9.85 11.4
      vertex 47.973 10.2763 12.3
      vertex 47.8634 10.054 12.3
    endloop
  endfacet
  facet normal 0.688798 -0.23056 0.687314
    outer loop
      vertex 47.7779 9.80538 12.3
      vertex 48.6477 9.72095 11.4
      vertex 47.7803 9.81255 12.3
    endloop
  endfacet
  facet normal 0.688186 -0.233352 0.686984
    outer loop
      vertex 48.6477 9.72095 11.4
      vertex 47.7779 9.80538 12.3
      vertex 48.6015 9.5847 11.4
    endloop
  endfacet
  facet normal 0.688092 -0.233714 0.686955
    outer loop
      vertex 48.6477 9.72095 11.4
      vertex 47.86 10.0472 12.3
      vertex 47.7803 9.81255 12.3
    endloop
  endfacet
  facet normal -0.651605 0.321637 0.686993
    outer loop
      vertex 50.6166 8.75 11.4
      vertex 51.3584 8.33048 12.3
      vertex 50.6803 8.87905 11.4
    endloop
  endfacet
  facet normal -0.649863 0.324932 0.687093
    outer loop
      vertex 51.3584 8.33048 12.3
      vertex 50.6166 8.75 11.4
      vertex 51.355 8.32368 12.3
    endloop
  endfacet
  facet normal -0.403677 0.60424 0.686978
    outer loop
      vertex 50.6466 7.61318 12.3
      vertex 50.8527 7.75087 12.3
      vertex 50.3336 8.42731 11.4
    endloop
  endfacet
  facet normal 0.403677 0.60424 0.686978
    outer loop
      vertex 48.6814 7.61318 12.3
      vertex 48.9944 8.42731 11.4
      vertex 48.4753 7.75087 12.3
    endloop
  endfacet
  facet normal -0.604237 -0.403704 0.686964
    outer loop
      vertex 51.355 10.2763 12.3
      vertex 51.2173 10.4824 12.3
      vertex 50.6166 9.85 11.4
    endloop
  endfacet
  facet normal -0.0475025 -0.725146 0.686955
    outer loop
      vertex 49.9113 11.2364 12.3
      vertex 49.664 11.2526 12.3
      vertex 49.664 10.4 11.4
    endloop
  endfacet
  facet normal 0.546294 0.479232 0.686949
    outer loop
      vertex 48.7913 8.63036 11.4
      vertex 48.1199 8.10562 12.3
      vertex 48.8862 8.52218 11.4
    endloop
  endfacet
  facet normal 0.545902 0.479703 0.686932
    outer loop
      vertex 48.1199 8.10562 12.3
      vertex 48.7913 8.63036 11.4
      vertex 48.1149 8.11131 12.3
    endloop
  endfacet
  facet normal -0.141838 0.712712 0.686967
    outer loop
      vertex 49.9189 7.36407 12.3
      vertex 50.1619 7.41243 12.3
      vertex 49.8076 8.20941 11.4
    endloop
  endfacet
  facet normal 0.232722 -0.68847 0.686913
    outer loop
      vertex 49.243 10.3163 11.4
      vertex 48.9239 11.1064 12.3
      vertex 48.9168 11.104 12.3
    endloop
  endfacet
  facet normal 0.233291 -0.68826 0.68693
    outer loop
      vertex 48.9239 11.1064 12.3
      vertex 49.243 10.3163 11.4
      vertex 49.3793 10.3625 11.4
    endloop
  endfacet
  facet normal 0.604332 0.403595 0.686946
    outer loop
      vertex 48.1107 8.11761 12.3
      vertex 48.7913 8.63036 11.4
      vertex 48.7114 8.75 11.4
    endloop
  endfacet
  facet normal 0.604671 0.403114 0.686929
    outer loop
      vertex 48.7913 8.63036 11.4
      vertex 48.1107 8.11761 12.3
      vertex 48.1149 8.11131 12.3
    endloop
  endfacet
  facet normal 0.141786 0.71272 0.686969
    outer loop
      vertex 49.3793 8.23748 11.4
      vertex 49.166 7.41243 12.3
      vertex 49.5204 8.20941 11.4
    endloop
  endfacet
  facet normal 0.14159 0.712764 0.686964
    outer loop
      vertex 49.166 7.41243 12.3
      vertex 49.3793 8.23748 11.4
      vertex 49.1586 7.4139 12.3
    endloop
  endfacet
  facet normal 0.546378 0.479114 0.686965
    outer loop
      vertex 48.2833 7.91928 12.3
      vertex 48.8862 8.52218 11.4
      vertex 48.1199 8.10562 12.3
    endloop
  endfacet
  facet normal -0.233663 -0.688088 0.686976
    outer loop
      vertex 50.4041 11.1064 12.3
      vertex 50.1694 11.1861 12.3
      vertex 49.9487 10.3625 11.4
    endloop
  endfacet
  facet normal -0.604669 -0.403113 0.686931
    outer loop
      vertex 50.5367 9.96964 11.4
      vertex 51.2173 10.4824 12.3
      vertex 51.2131 10.4887 12.3
    endloop
  endfacet
  facet normal -0.60433 -0.403594 0.686948
    outer loop
      vertex 51.2173 10.4824 12.3
      vertex 50.5367 9.96964 11.4
      vertex 50.6166 9.85 11.4
    endloop
  endfacet
  facet normal -0.651782 -0.321346 0.686962
    outer loop
      vertex 51.4646 10.054 12.3
      vertex 51.355 10.2763 12.3
      vertex 50.6166 9.85 11.4
    endloop
  endfacet
  facet normal 0.651605 0.321637 0.686993
    outer loop
      vertex 47.9696 8.33048 12.3
      vertex 48.7114 8.75 11.4
      vertex 48.6477 8.87905 11.4
    endloop
  endfacet
  facet normal 0.649863 0.324932 0.687093
    outer loop
      vertex 48.7114 8.75 11.4
      vertex 47.9696 8.33048 12.3
      vertex 47.973 8.32368 12.3
    endloop
  endfacet
  facet normal 0.479196 0.546287 0.686979
    outer loop
      vertex 48.4753 7.75087 12.3
      vertex 48.9944 8.42731 11.4
      vertex 48.289 7.91429 12.3
    endloop
  endfacet
  facet normal 0.141782 0.712721 0.686969
    outer loop
      vertex 49.4091 7.36407 12.3
      vertex 49.5204 8.20941 11.4
      vertex 49.166 7.41243 12.3
    endloop
  endfacet
  facet normal 0.0475308 0.725131 0.686969
    outer loop
      vertex 49.6564 7.34786 12.3
      vertex 49.5204 8.20941 11.4
      vertex 49.4091 7.36407 12.3
    endloop
  endfacet
  facet normal -0.6501 -0.32505 0.686813
    outer loop
      vertex 51.4646 10.054 12.3
      vertex 50.6803 9.72095 11.4
      vertex 51.468 10.0472 12.3
    endloop
  endfacet
  facet normal -0.651664 -0.321666 0.686924
    outer loop
      vertex 50.6803 9.72095 11.4
      vertex 51.4646 10.054 12.3
      vertex 50.6166 9.85 11.4
    endloop
  endfacet
  facet normal 0.688186 0.233352 0.686984
    outer loop
      vertex 47.7779 8.79462 12.3
      vertex 48.6477 8.87905 11.4
      vertex 48.6015 9.0153 11.4
    endloop
  endfacet
  facet normal 0.688798 0.23056 0.687314
    outer loop
      vertex 48.6477 8.87905 11.4
      vertex 47.7779 8.79462 12.3
      vertex 47.7803 8.78745 12.3
    endloop
  endfacet
  facet normal -0.47917 -0.546325 0.686968
    outer loop
      vertex 51.039 10.6857 12.3
      vertex 50.8527 10.8491 12.3
      vertex 50.3336 10.1727 11.4
    endloop
  endfacet
  facet normal -0.321355 -0.651799 0.686942
    outer loop
      vertex 50.6335 10.9944 12.3
      vertex 50.4112 11.104 12.3
      vertex 50.085 10.3163 11.4
    endloop
  endfacet
  facet normal -0.233291 -0.68826 0.68693
    outer loop
      vertex 50.085 10.3163 11.4
      vertex 50.4041 11.1064 12.3
      vertex 49.9487 10.3625 11.4
    endloop
  endfacet
  facet normal -0.232722 -0.68847 0.686913
    outer loop
      vertex 50.4041 11.1064 12.3
      vertex 50.085 10.3163 11.4
      vertex 50.4112 11.104 12.3
    endloop
  endfacet
  facet normal -0.546303 -0.479213 0.686955
    outer loop
      vertex 51.2081 10.4944 12.3
      vertex 50.5367 9.96964 11.4
      vertex 51.2131 10.4887 12.3
    endloop
  endfacet
  facet normal -0.546248 -0.47928 0.686953
    outer loop
      vertex 50.5367 9.96964 11.4
      vertex 51.2081 10.4944 12.3
      vertex 50.4418 10.0778 11.4
    endloop
  endfacet
  facet normal -0.688092 -0.233714 0.686955
    outer loop
      vertex 51.5477 9.81255 12.3
      vertex 51.468 10.0472 12.3
      vertex 50.6803 9.72095 11.4
    endloop
  endfacet
  facet normal -0.712764 -0.141626 0.686957
    outer loop
      vertex 51.5999 9.55487 12.3
      vertex 51.5516 9.79795 12.3
      vertex 50.7546 9.44358 11.4
    endloop
  endfacet
  facet normal -0.688798 -0.23056 0.687314
    outer loop
      vertex 50.6803 9.72095 11.4
      vertex 51.5501 9.80538 12.3
      vertex 51.5477 9.81255 12.3
    endloop
  endfacet
  facet normal -0.688186 -0.233352 0.686984
    outer loop
      vertex 51.5501 9.80538 12.3
      vertex 50.6803 9.72095 11.4
      vertex 50.7265 9.5847 11.4
    endloop
  endfacet
  facet normal -0.712247 -0.143791 0.687043
    outer loop
      vertex 50.7265 9.5847 11.4
      vertex 51.5516 9.79795 12.3
      vertex 51.5501 9.80538 12.3
    endloop
  endfacet
  facet normal -0.712676 -0.141909 0.68699
    outer loop
      vertex 51.5516 9.79795 12.3
      vertex 50.7265 9.5847 11.4
      vertex 50.7546 9.44358 11.4
    endloop
  endfacet
  facet normal -0.725149 -0.0474746 0.686954
    outer loop
      vertex 57.708 9.3 11.4
      vertex 58.5601 9.30756 12.3
      vertex 57.6986 9.44358 11.4
    endloop
  endfacet
  facet normal -0.72513 -0.0479583 0.68694
    outer loop
      vertex 58.5601 9.30756 12.3
      vertex 57.708 9.3 11.4
      vertex 58.5606 9.3 12.3
    endloop
  endfacet
  facet normal -0.546293 -0.479204 0.686969
    outer loop
      vertex 57.3858 10.0778 11.4
      vertex 57.9937 10.675 12.3
      vertex 57.9887 10.6807 12.3
    endloop
  endfacet
  facet normal -0.546234 -0.479268 0.686972
    outer loop
      vertex 57.9937 10.675 12.3
      vertex 57.3858 10.0778 11.4
      vertex 57.4807 9.96964 11.4
    endloop
  endfacet
  facet normal -0.546384 0.479119 0.686957
    outer loop
      vertex 57.9937 7.92497 12.3
      vertex 58.1571 8.11131 12.3
      vertex 57.4807 8.63036 11.4
    endloop
  endfacet
  facet normal -0.0475308 0.725131 0.686969
    outer loop
      vertex 56.8629 7.36407 12.3
      vertex 56.7516 8.20941 11.4
      vertex 56.6156 7.34786 12.3
    endloop
  endfacet
  facet normal -0.321355 -0.651799 0.686942
    outer loop
      vertex 57.5775 10.9944 12.3
      vertex 57.3552 11.104 12.3
      vertex 57.029 10.3163 11.4
    endloop
  endfacet
  facet normal 0.0475025 -0.725146 0.686955
    outer loop
      vertex 56.608 10.4 11.4
      vertex 56.608 11.2526 12.3
      vertex 56.3607 11.2364 12.3
    endloop
  endfacet
  facet normal -0.233672 -0.688115 0.686946
    outer loop
      vertex 57.3552 11.104 12.3
      vertex 57.1205 11.1837 12.3
      vertex 57.029 10.3163 11.4
    endloop
  endfacet
  facet normal 0.604227 0.403737 0.686954
    outer loop
      vertex 55.0589 8.11131 12.3
      vertex 55.7353 8.63036 11.4
      vertex 54.9212 8.31739 12.3
    endloop
  endfacet
  facet normal 0.233585 0.68812 0.686971
    outer loop
      vertex 56.1026 7.4139 12.3
      vertex 56.3233 8.23748 11.4
      vertex 55.8679 7.49357 12.3
    endloop
  endfacet
  facet normal -0.47917 -0.546325 0.686968
    outer loop
      vertex 57.983 10.6857 12.3
      vertex 57.7967 10.8491 12.3
      vertex 57.2776 10.1727 11.4
    endloop
  endfacet
  facet normal 0.712685 0.141904 0.686981
    outer loop
      vertex 54.7219 8.79462 12.3
      vertex 55.5455 9.0153 11.4
      vertex 54.6735 9.0377 12.3
    endloop
  endfacet
  facet normal -0.233273 -0.688207 0.68699
    outer loop
      vertex 57.029 10.3163 11.4
      vertex 57.1134 11.1861 12.3
      vertex 56.8927 10.3625 11.4
    endloop
  endfacet
  facet normal -0.232678 -0.688338 0.68706
    outer loop
      vertex 57.1134 11.1861 12.3
      vertex 57.029 10.3163 11.4
      vertex 57.1205 11.1837 12.3
    endloop
  endfacet
  facet normal 0.651664 -0.321666 0.686924
    outer loop
      vertex 54.8074 10.054 12.3
      vertex 55.5917 9.72095 11.4
      vertex 55.6554 9.85 11.4
    endloop
  endfacet
  facet normal 0.6501 -0.32505 0.686813
    outer loop
      vertex 55.5917 9.72095 11.4
      vertex 54.8074 10.054 12.3
      vertex 54.804 10.0472 12.3
    endloop
  endfacet
  facet normal -0.321398 0.651767 0.686952
    outer loop
      vertex 57.3552 7.496 12.3
      vertex 57.5775 7.60562 12.3
      vertex 57.029 8.28373 11.4
    endloop
  endfacet
  facet normal -0.139783 0.713181 0.686902
    outer loop
      vertex 56.8927 8.23748 11.4
      vertex 57.1059 7.41243 12.3
      vertex 57.1134 7.4139 12.3
    endloop
  endfacet
  facet normal -0.141788 0.712728 0.686961
    outer loop
      vertex 57.1059 7.41243 12.3
      vertex 56.8927 8.23748 11.4
      vertex 56.7516 8.20941 11.4
    endloop
  endfacet
  facet normal 0.688464 -0.23272 0.68692
    outer loop
      vertex 54.8016 10.0401 12.3
      vertex 55.5917 9.72095 11.4
      vertex 54.804 10.0472 12.3
    endloop
  endfacet
  facet normal 0.688226 -0.233365 0.68694
    outer loop
      vertex 55.5917 9.72095 11.4
      vertex 54.8016 10.0401 12.3
      vertex 55.5455 9.5847 11.4
    endloop
  endfacet
  facet normal -0.604339 0.403533 0.686976
    outer loop
      vertex 57.5606 8.75 11.4
      vertex 58.2948 8.31739 12.3
      vertex 58.299 8.32368 12.3
    endloop
  endfacet
  facet normal -0.604309 0.40358 0.686974
    outer loop
      vertex 58.2948 8.31739 12.3
      vertex 57.5606 8.75 11.4
      vertex 57.4807 8.63036 11.4
    endloop
  endfacet
  facet normal -0.478677 0.546785 0.686946
    outer loop
      vertex 57.3858 8.52218 11.4
      vertex 57.983 7.91429 12.3
      vertex 57.9887 7.91928 12.3
    endloop
  endfacet
  facet normal -0.479089 0.546404 0.686962
    outer loop
      vertex 57.983 7.91429 12.3
      vertex 57.3858 8.52218 11.4
      vertex 57.2776 8.42731 11.4
    endloop
  endfacet
  facet normal 0.546333 -0.479177 0.686957
    outer loop
      vertex 55.7353 9.96964 11.4
      vertex 55.2223 10.675 12.3
      vertex 55.0589 10.4887 12.3
    endloop
  endfacet
  facet normal -0.32115 0.651886 0.686955
    outer loop
      vertex 57.158 8.34737 11.4
      vertex 57.5775 7.60562 12.3
      vertex 57.5843 7.60897 12.3
    endloop
  endfacet
  facet normal -0.321505 0.651699 0.686966
    outer loop
      vertex 57.5775 7.60562 12.3
      vertex 57.158 8.34737 11.4
      vertex 57.029 8.28373 11.4
    endloop
  endfacet
  facet normal -0.40382 0.604165 0.68696
    outer loop
      vertex 57.158 8.34737 11.4
      vertex 57.5906 7.61318 12.3
      vertex 57.2776 8.42731 11.4
    endloop
  endfacet
  facet normal -0.403761 0.604202 0.686962
    outer loop
      vertex 57.5906 7.61318 12.3
      vertex 57.158 8.34737 11.4
      vertex 57.5843 7.60897 12.3
    endloop
  endfacet
  facet normal -0.712676 0.141909 0.68699
    outer loop
      vertex 57.6705 9.0153 11.4
      vertex 58.4956 8.80205 12.3
      vertex 57.6986 9.15642 11.4
    endloop
  endfacet
  facet normal -0.712247 0.143791 0.687043
    outer loop
      vertex 58.4956 8.80205 12.3
      vertex 57.6705 9.0153 11.4
      vertex 58.4941 8.79462 12.3
    endloop
  endfacet
  facet normal 0.0467537 0.725159 0.686992
    outer loop
      vertex 56.608 8.2 11.4
      vertex 56.6004 7.34786 12.3
      vertex 56.608 7.34737 12.3
    endloop
  endfacet
  facet normal 0.0475172 0.72513 0.686971
    outer loop
      vertex 56.6004 7.34786 12.3
      vertex 56.608 8.2 11.4
      vertex 56.4644 8.20941 11.4
    endloop
  endfacet
  facet normal -0.0475172 0.72513 0.686971
    outer loop
      vertex 56.608 8.2 11.4
      vertex 56.6156 7.34786 12.3
      vertex 56.7516 8.20941 11.4
    endloop
  endfacet
  facet normal -0.0467537 0.725159 0.686992
    outer loop
      vertex 56.6156 7.34786 12.3
      vertex 56.608 8.2 11.4
      vertex 56.608 7.34737 12.3
    endloop
  endfacet
  facet normal 0.651605 0.321637 0.686993
    outer loop
      vertex 54.9136 8.33048 12.3
      vertex 55.6554 8.75 11.4
      vertex 55.5917 8.87905 11.4
    endloop
  endfacet
  facet normal 0.649863 0.324932 0.687093
    outer loop
      vertex 55.6554 8.75 11.4
      vertex 54.9136 8.33048 12.3
      vertex 54.917 8.32368 12.3
    endloop
  endfacet
  facet normal -0.712764 0.141626 0.686957
    outer loop
      vertex 58.4956 8.80205 12.3
      vertex 58.5439 9.04513 12.3
      vertex 57.6986 9.15642 11.4
    endloop
  endfacet
  facet normal -0.712764 -0.141626 0.686957
    outer loop
      vertex 58.5439 9.55487 12.3
      vertex 58.4956 9.79795 12.3
      vertex 57.6986 9.44358 11.4
    endloop
  endfacet
  facet normal -0.604237 -0.403704 0.686964
    outer loop
      vertex 58.299 10.2763 12.3
      vertex 58.1613 10.4824 12.3
      vertex 57.5606 9.85 11.4
    endloop
  endfacet
  facet normal 0.725106 -0.0479567 0.686966
    outer loop
      vertex 54.6716 9.54731 12.3
      vertex 55.5174 9.44358 11.4
      vertex 54.6721 9.55487 12.3
    endloop
  endfacet
  facet normal 0.72515 -0.0474747 0.686952
    outer loop
      vertex 55.5174 9.44358 11.4
      vertex 54.6716 9.54731 12.3
      vertex 55.508 9.3 11.4
    endloop
  endfacet
  facet normal 0.604237 -0.403704 0.686964
    outer loop
      vertex 55.6554 9.85 11.4
      vertex 55.0547 10.4824 12.3
      vertex 54.917 10.2763 12.3
    endloop
  endfacet
  facet normal -0.324933 -0.649867 0.687089
    outer loop
      vertex 57.5775 10.9944 12.3
      vertex 57.158 10.2526 11.4
      vertex 57.5843 10.991 12.3
    endloop
  endfacet
  facet normal -0.321738 -0.651556 0.686993
    outer loop
      vertex 57.158 10.2526 11.4
      vertex 57.5775 10.9944 12.3
      vertex 57.029 10.3163 11.4
    endloop
  endfacet
  facet normal -0.141612 -0.712751 0.686973
    outer loop
      vertex 56.8927 10.3625 11.4
      vertex 57.1134 11.1861 12.3
      vertex 56.8703 11.2344 12.3
    endloop
  endfacet
  facet normal -0.546278 0.479217 0.686973
    outer loop
      vertex 57.3858 8.52218 11.4
      vertex 57.9937 7.92497 12.3
      vertex 57.4807 8.63036 11.4
    endloop
  endfacet
  facet normal -0.545861 0.479667 0.68699
    outer loop
      vertex 57.9937 7.92497 12.3
      vertex 57.3858 8.52218 11.4
      vertex 57.9887 7.91928 12.3
    endloop
  endfacet
  facet normal -0.688464 -0.23272 0.68692
    outer loop
      vertex 57.6243 9.72095 11.4
      vertex 58.4144 10.0401 12.3
      vertex 58.412 10.0472 12.3
    endloop
  endfacet
  facet normal -0.688226 -0.233365 0.68694
    outer loop
      vertex 58.4144 10.0401 12.3
      vertex 57.6243 9.72095 11.4
      vertex 57.6705 9.5847 11.4
    endloop
  endfacet
  facet normal 0.725146 0.0475006 0.686955
    outer loop
      vertex 54.6716 9.05269 12.3
      vertex 55.508 9.3 11.4
      vertex 54.6554 9.3 12.3
    endloop
  endfacet
  facet normal 0.725146 -0.0475006 0.686955
    outer loop
      vertex 55.508 9.3 11.4
      vertex 54.6716 9.54731 12.3
      vertex 54.6554 9.3 12.3
    endloop
  endfacet
  facet normal 0.651782 -0.321346 0.686962
    outer loop
      vertex 55.6554 9.85 11.4
      vertex 54.917 10.2763 12.3
      vertex 54.8074 10.054 12.3
    endloop
  endfacet
  facet normal -0.688088 0.233672 0.686973
    outer loop
      vertex 58.4144 8.55993 12.3
      vertex 58.4941 8.79462 12.3
      vertex 57.6705 9.0153 11.4
    endloop
  endfacet
  facet normal -0.141838 0.712712 0.686967
    outer loop
      vertex 56.8629 7.36407 12.3
      vertex 57.1059 7.41243 12.3
      vertex 56.7516 8.20941 11.4
    endloop
  endfacet
  facet normal -0.235297 0.687493 0.687014
    outer loop
      vertex 57.029 8.28373 11.4
      vertex 57.3481 7.49357 12.3
      vertex 57.3552 7.496 12.3
    endloop
  endfacet
  facet normal -0.233508 0.688155 0.686961
    outer loop
      vertex 57.3481 7.49357 12.3
      vertex 57.029 8.28373 11.4
      vertex 56.8927 8.23748 11.4
    endloop
  endfacet
  facet normal 0.403677 0.60424 0.686978
    outer loop
      vertex 55.6254 7.61318 12.3
      vertex 55.9384 8.42731 11.4
      vertex 55.4193 7.75087 12.3
    endloop
  endfacet
  facet normal 0.325054 -0.650108 0.686803
    outer loop
      vertex 55.854 11.1006 12.3
      vertex 56.187 10.3163 11.4
      vertex 55.8608 11.104 12.3
    endloop
  endfacet
  facet normal 0.321772 -0.651626 0.686911
    outer loop
      vertex 56.187 10.3163 11.4
      vertex 55.854 11.1006 12.3
      vertex 56.058 10.2526 11.4
    endloop
  endfacet
  facet normal 0.321393 0.651757 0.686964
    outer loop
      vertex 55.854 7.49935 12.3
      vertex 56.058 8.34737 11.4
      vertex 55.6317 7.60897 12.3
    endloop
  endfacet
  facet normal 0.233508 0.688155 0.686961
    outer loop
      vertex 56.187 8.28373 11.4
      vertex 55.8679 7.49357 12.3
      vertex 56.3233 8.23748 11.4
    endloop
  endfacet
  facet normal 0.235297 0.687493 0.687014
    outer loop
      vertex 55.8679 7.49357 12.3
      vertex 56.187 8.28373 11.4
      vertex 55.8608 7.496 12.3
    endloop
  endfacet
  facet normal -0.72513 0.0479583 0.68694
    outer loop
      vertex 57.708 9.3 11.4
      vertex 58.5601 9.29244 12.3
      vertex 58.5606 9.3 12.3
    endloop
  endfacet
  facet normal -0.725149 0.0474746 0.686954
    outer loop
      vertex 58.5601 9.29244 12.3
      vertex 57.708 9.3 11.4
      vertex 57.6986 9.15642 11.4
    endloop
  endfacet
  facet normal -0.688229 0.233367 0.686936
    outer loop
      vertex 57.6243 8.87905 11.4
      vertex 58.4144 8.55993 12.3
      vertex 57.6705 9.0153 11.4
    endloop
  endfacet
  facet normal -0.689212 0.230698 0.686852
    outer loop
      vertex 58.4144 8.55993 12.3
      vertex 57.6243 8.87905 11.4
      vertex 58.412 8.55276 12.3
    endloop
  endfacet
  facet normal -0.72515 -0.0475008 0.686951
    outer loop
      vertex 58.5601 9.30756 12.3
      vertex 58.5439 9.55487 12.3
      vertex 57.6986 9.44358 11.4
    endloop
  endfacet
  facet normal -0.72515 0.0475008 0.686951
    outer loop
      vertex 58.5439 9.04513 12.3
      vertex 58.5601 9.29244 12.3
      vertex 57.6986 9.15642 11.4
    endloop
  endfacet
  facet normal -0.403083 -0.604625 0.686988
    outer loop
      vertex 57.158 10.2526 11.4
      vertex 57.5906 10.9868 12.3
      vertex 57.5843 10.991 12.3
    endloop
  endfacet
  facet normal -0.403676 -0.604251 0.686969
    outer loop
      vertex 57.5906 10.9868 12.3
      vertex 57.158 10.2526 11.4
      vertex 57.2776 10.1727 11.4
    endloop
  endfacet
  facet normal 0.141612 -0.712751 0.686973
    outer loop
      vertex 56.3233 10.3625 11.4
      vertex 56.3457 11.2344 12.3
      vertex 56.1026 11.1861 12.3
    endloop
  endfacet
  facet normal 0.232722 -0.68847 0.686913
    outer loop
      vertex 56.187 10.3163 11.4
      vertex 55.8679 11.1064 12.3
      vertex 55.8608 11.104 12.3
    endloop
  endfacet
  facet normal 0.233291 -0.68826 0.68693
    outer loop
      vertex 55.8679 11.1064 12.3
      vertex 56.187 10.3163 11.4
      vertex 56.3233 10.3625 11.4
    endloop
  endfacet
  facet normal -0.604227 0.403737 0.686954
    outer loop
      vertex 58.1571 8.11131 12.3
      vertex 58.2948 8.31739 12.3
      vertex 57.4807 8.63036 11.4
    endloop
  endfacet
  facet normal -0.479204 -0.546293 0.686969
    outer loop
      vertex 57.983 10.6857 12.3
      vertex 57.3858 10.0778 11.4
      vertex 57.9887 10.6807 12.3
    endloop
  endfacet
  facet normal -0.47917 -0.546325 0.686968
    outer loop
      vertex 57.3858 10.0778 11.4
      vertex 57.983 10.6857 12.3
      vertex 57.2776 10.1727 11.4
    endloop
  endfacet
  facet normal 0.233663 -0.688088 0.686976
    outer loop
      vertex 56.3233 10.3625 11.4
      vertex 56.1026 11.1861 12.3
      vertex 55.8679 11.1064 12.3
    endloop
  endfacet
  facet normal 0.546384 0.479119 0.686957
    outer loop
      vertex 55.2223 7.92497 12.3
      vertex 55.7353 8.63036 11.4
      vertex 55.0589 8.11131 12.3
    endloop
  endfacet
  facet normal -0.403677 0.60424 0.686978
    outer loop
      vertex 57.5906 7.61318 12.3
      vertex 57.7967 7.75087 12.3
      vertex 57.2776 8.42731 11.4
    endloop
  endfacet
  facet normal 0.40382 0.604165 0.68696
    outer loop
      vertex 55.6254 7.61318 12.3
      vertex 56.058 8.34737 11.4
      vertex 55.9384 8.42731 11.4
    endloop
  endfacet
  facet normal 0.403761 0.604202 0.686962
    outer loop
      vertex 56.058 8.34737 11.4
      vertex 55.6254 7.61318 12.3
      vertex 55.6317 7.60897 12.3
    endloop
  endfacet
  facet normal 0.712685 -0.141904 0.686981
    outer loop
      vertex 55.5455 9.5847 11.4
      vertex 54.7219 9.80538 12.3
      vertex 54.6735 9.5623 12.3
    endloop
  endfacet
  facet normal 0.688096 -0.233645 0.686974
    outer loop
      vertex 55.5455 9.5847 11.4
      vertex 54.8016 10.0401 12.3
      vertex 54.7219 9.80538 12.3
    endloop
  endfacet
  facet normal -0.651773 0.321356 0.686966
    outer loop
      vertex 58.299 8.32368 12.3
      vertex 58.4086 8.54597 12.3
      vertex 57.5606 8.75 11.4
    endloop
  endfacet
  facet normal 0.688186 0.233352 0.686984
    outer loop
      vertex 54.7219 8.79462 12.3
      vertex 55.5917 8.87905 11.4
      vertex 55.5455 9.0153 11.4
    endloop
  endfacet
  facet normal 0.688798 0.23056 0.687314
    outer loop
      vertex 55.5917 8.87905 11.4
      vertex 54.7219 8.79462 12.3
      vertex 54.7243 8.78745 12.3
    endloop
  endfacet
  facet normal -0.651782 -0.321346 0.686962
    outer loop
      vertex 58.4086 10.054 12.3
      vertex 58.299 10.2763 12.3
      vertex 57.5606 9.85 11.4
    endloop
  endfacet
  facet normal -0.0475025 -0.725146 0.686955
    outer loop
      vertex 56.8553 11.2364 12.3
      vertex 56.608 11.2526 12.3
      vertex 56.608 10.4 11.4
    endloop
  endfacet
  facet normal 0.479196 0.546287 0.686979
    outer loop
      vertex 55.4193 7.75087 12.3
      vertex 55.9384 8.42731 11.4
      vertex 55.233 7.91429 12.3
    endloop
  endfacet
  facet normal 0.479089 0.546404 0.686962
    outer loop
      vertex 55.8302 8.52218 11.4
      vertex 55.233 7.91429 12.3
      vertex 55.9384 8.42731 11.4
    endloop
  endfacet
  facet normal 0.478677 0.546785 0.686946
    outer loop
      vertex 55.233 7.91429 12.3
      vertex 55.8302 8.52218 11.4
      vertex 55.2273 7.91928 12.3
    endloop
  endfacet
  facet normal 0.651774 0.321371 0.686958
    outer loop
      vertex 54.9136 8.33048 12.3
      vertex 55.5917 8.87905 11.4
      vertex 54.804 8.55276 12.3
    endloop
  endfacet
  facet normal -0.6501 -0.32505 0.686813
    outer loop
      vertex 58.4086 10.054 12.3
      vertex 57.6243 9.72095 11.4
      vertex 58.412 10.0472 12.3
    endloop
  endfacet
  facet normal -0.651664 -0.321666 0.686924
    outer loop
      vertex 57.6243 9.72095 11.4
      vertex 58.4086 10.054 12.3
      vertex 57.5606 9.85 11.4
    endloop
  endfacet
  facet normal 0.403704 -0.604237 0.686964
    outer loop
      vertex 56.058 10.2526 11.4
      vertex 55.6317 10.991 12.3
      vertex 55.4256 10.8533 12.3
    endloop
  endfacet
  facet normal -0.688096 -0.233645 0.686974
    outer loop
      vertex 58.4941 9.80538 12.3
      vertex 58.4144 10.0401 12.3
      vertex 57.6705 9.5847 11.4
    endloop
  endfacet
  facet normal -0.712247 -0.143791 0.687043
    outer loop
      vertex 57.6705 9.5847 11.4
      vertex 58.4956 9.79795 12.3
      vertex 58.4941 9.80538 12.3
    endloop
  endfacet
  facet normal -0.712676 -0.141909 0.68699
    outer loop
      vertex 58.4956 9.79795 12.3
      vertex 57.6705 9.5847 11.4
      vertex 57.6986 9.44358 11.4
    endloop
  endfacet
  facet normal 0.321346 -0.651782 0.686962
    outer loop
      vertex 56.058 10.2526 11.4
      vertex 55.854 11.1006 12.3
      vertex 55.6317 10.991 12.3
    endloop
  endfacet
  facet normal 0.141788 0.712728 0.686961
    outer loop
      vertex 56.3233 8.23748 11.4
      vertex 56.1101 7.41243 12.3
      vertex 56.4644 8.20941 11.4
    endloop
  endfacet
  facet normal 0.139783 0.713181 0.686902
    outer loop
      vertex 56.1101 7.41243 12.3
      vertex 56.3233 8.23748 11.4
      vertex 56.1026 7.4139 12.3
    endloop
  endfacet
  facet normal 0.546293 -0.479204 0.686969
    outer loop
      vertex 55.2223 10.675 12.3
      vertex 55.8302 10.0778 11.4
      vertex 55.2273 10.6807 12.3
    endloop
  endfacet
  facet normal 0.546234 -0.479268 0.686972
    outer loop
      vertex 55.8302 10.0778 11.4
      vertex 55.2223 10.675 12.3
      vertex 55.7353 9.96964 11.4
    endloop
  endfacet
  facet normal 0.47917 -0.546325 0.686968
    outer loop
      vertex 55.9384 10.1727 11.4
      vertex 55.4193 10.8491 12.3
      vertex 55.233 10.6857 12.3
    endloop
  endfacet
  facet normal -0.0474682 -0.725152 0.686951
    outer loop
      vertex 56.7516 10.3906 11.4
      vertex 56.8553 11.2364 12.3
      vertex 56.608 10.4 11.4
    endloop
  endfacet
  facet normal -0.0477059 -0.72513 0.686958
    outer loop
      vertex 56.8553 11.2364 12.3
      vertex 56.7516 10.3906 11.4
      vertex 56.8629 11.2359 12.3
    endloop
  endfacet
  facet normal -0.141936 -0.712711 0.686947
    outer loop
      vertex 56.8927 10.3625 11.4
      vertex 56.8629 11.2359 12.3
      vertex 56.7516 10.3906 11.4
    endloop
  endfacet
  facet normal -0.144424 -0.712494 0.686654
    outer loop
      vertex 56.8629 11.2359 12.3
      vertex 56.8927 10.3625 11.4
      vertex 56.8703 11.2344 12.3
    endloop
  endfacet
  facet normal 0.713343 0.134412 0.687805
    outer loop
      vertex 55.5455 9.0153 11.4
      vertex 54.6721 9.04513 12.3
      vertex 54.6735 9.0377 12.3
    endloop
  endfacet
  facet normal 0.712715 0.141917 0.686947
    outer loop
      vertex 54.6721 9.04513 12.3
      vertex 55.5455 9.0153 11.4
      vertex 55.5174 9.15642 11.4
    endloop
  endfacet
  facet normal 0.72515 0.0474747 0.686952
    outer loop
      vertex 54.6716 9.05269 12.3
      vertex 55.5174 9.15642 11.4
      vertex 55.508 9.3 11.4
    endloop
  endfacet
  facet normal 0.725106 0.0479567 0.686966
    outer loop
      vertex 55.5174 9.15642 11.4
      vertex 54.6716 9.05269 12.3
      vertex 54.6721 9.04513 12.3
    endloop
  endfacet
  facet normal 0.0475308 0.725131 0.686969
    outer loop
      vertex 56.6004 7.34786 12.3
      vertex 56.4644 8.20941 11.4
      vertex 56.3531 7.36407 12.3
    endloop
  endfacet
  facet normal 0.713343 -0.134412 0.687805
    outer loop
      vertex 54.6721 9.55487 12.3
      vertex 55.5455 9.5847 11.4
      vertex 54.6735 9.5623 12.3
    endloop
  endfacet
  facet normal 0.712715 -0.141917 0.686947
    outer loop
      vertex 55.5455 9.5847 11.4
      vertex 54.6721 9.55487 12.3
      vertex 55.5174 9.44358 11.4
    endloop
  endfacet
  facet normal 0.688101 0.233677 0.686959
    outer loop
      vertex 54.804 8.55276 12.3
      vertex 55.5917 8.87905 11.4
      vertex 54.7243 8.78745 12.3
    endloop
  endfacet
  facet normal 0.144424 -0.712494 0.686654
    outer loop
      vertex 56.3233 10.3625 11.4
      vertex 56.3531 11.2359 12.3
      vertex 56.3457 11.2344 12.3
    endloop
  endfacet
  facet normal 0.141936 -0.712711 0.686947
    outer loop
      vertex 56.3531 11.2359 12.3
      vertex 56.3233 10.3625 11.4
      vertex 56.4644 10.3906 11.4
    endloop
  endfacet
  facet normal 0.0477059 -0.72513 0.686958
    outer loop
      vertex 56.4644 10.3906 11.4
      vertex 56.3607 11.2364 12.3
      vertex 56.3531 11.2359 12.3
    endloop
  endfacet
  facet normal 0.0474682 -0.725152 0.686951
    outer loop
      vertex 56.3607 11.2364 12.3
      vertex 56.4644 10.3906 11.4
      vertex 56.608 10.4 11.4
    endloop
  endfacet
  facet normal -0.546333 -0.479177 0.686957
    outer loop
      vertex 58.1571 10.4887 12.3
      vertex 57.9937 10.675 12.3
      vertex 57.4807 9.96964 11.4
    endloop
  endfacet
  facet normal -0.604669 -0.403113 0.686931
    outer loop
      vertex 57.4807 9.96964 11.4
      vertex 58.1613 10.4824 12.3
      vertex 58.1571 10.4887 12.3
    endloop
  endfacet
  facet normal -0.60433 -0.403594 0.686948
    outer loop
      vertex 58.1613 10.4824 12.3
      vertex 57.4807 9.96964 11.4
      vertex 57.5606 9.85 11.4
    endloop
  endfacet
  facet normal -0.479196 0.546287 0.686979
    outer loop
      vertex 57.7967 7.75087 12.3
      vertex 57.983 7.91429 12.3
      vertex 57.2776 8.42731 11.4
    endloop
  endfacet
  facet normal -0.233585 0.68812 0.686971
    outer loop
      vertex 57.1134 7.4139 12.3
      vertex 57.3481 7.49357 12.3
      vertex 56.8927 8.23748 11.4
    endloop
  endfacet
  facet normal 0.141838 0.712712 0.686967
    outer loop
      vertex 56.3531 7.36407 12.3
      vertex 56.4644 8.20941 11.4
      vertex 56.1101 7.41243 12.3
    endloop
  endfacet
  facet normal 0.604309 0.40358 0.686974
    outer loop
      vertex 55.6554 8.75 11.4
      vertex 54.9212 8.31739 12.3
      vertex 55.7353 8.63036 11.4
    endloop
  endfacet
  facet normal 0.604339 0.403533 0.686976
    outer loop
      vertex 54.9212 8.31739 12.3
      vertex 55.6554 8.75 11.4
      vertex 54.917 8.32368 12.3
    endloop
  endfacet
  facet normal -0.649915 0.325436 0.686805
    outer loop
      vertex 57.6243 8.87905 11.4
      vertex 58.4086 8.54597 12.3
      vertex 58.412 8.55276 12.3
    endloop
  endfacet
  facet normal -0.65166 0.321664 0.686929
    outer loop
      vertex 58.4086 8.54597 12.3
      vertex 57.6243 8.87905 11.4
      vertex 57.5606 8.75 11.4
    endloop
  endfacet
  facet normal 0.546278 0.479217 0.686973
    outer loop
      vertex 55.2223 7.92497 12.3
      vertex 55.8302 8.52218 11.4
      vertex 55.7353 8.63036 11.4
    endloop
  endfacet
  facet normal 0.545861 0.479667 0.68699
    outer loop
      vertex 55.8302 8.52218 11.4
      vertex 55.2223 7.92497 12.3
      vertex 55.2273 7.91928 12.3
    endloop
  endfacet
  facet normal 0.321512 0.651713 0.686949
    outer loop
      vertex 55.854 7.49935 12.3
      vertex 56.187 8.28373 11.4
      vertex 56.058 8.34737 11.4
    endloop
  endfacet
  facet normal 0.321147 0.651881 0.686961
    outer loop
      vertex 56.187 8.28373 11.4
      vertex 55.854 7.49935 12.3
      vertex 55.8608 7.496 12.3
    endloop
  endfacet
  facet normal -0.403704 -0.604237 0.686965
    outer loop
      vertex 57.7967 10.8491 12.3
      vertex 57.5906 10.9868 12.3
      vertex 57.2776 10.1727 11.4
    endloop
  endfacet
  facet normal 0.47917 -0.546325 0.686968
    outer loop
      vertex 55.233 10.6857 12.3
      vertex 55.8302 10.0778 11.4
      vertex 55.9384 10.1727 11.4
    endloop
  endfacet
  facet normal 0.479204 -0.546293 0.686969
    outer loop
      vertex 55.8302 10.0778 11.4
      vertex 55.233 10.6857 12.3
      vertex 55.2273 10.6807 12.3
    endloop
  endfacet
  facet normal 0.40368 -0.604257 0.686961
    outer loop
      vertex 55.4256 10.8533 12.3
      vertex 55.9384 10.1727 11.4
      vertex 56.058 10.2526 11.4
    endloop
  endfacet
  facet normal 0.403108 -0.604662 0.686941
    outer loop
      vertex 55.9384 10.1727 11.4
      vertex 55.4256 10.8533 12.3
      vertex 55.4193 10.8491 12.3
    endloop
  endfacet
  facet normal 0.604669 -0.403113 0.686931
    outer loop
      vertex 55.0547 10.4824 12.3
      vertex 55.7353 9.96964 11.4
      vertex 55.0589 10.4887 12.3
    endloop
  endfacet
  facet normal 0.60433 -0.403594 0.686948
    outer loop
      vertex 55.7353 9.96964 11.4
      vertex 55.0547 10.4824 12.3
      vertex 55.6554 9.85 11.4
    endloop
  endfacet
  facet normal 1 0 0
    outer loop
      vertex 64.608 18.6 12.3
      vertex 64.608 15.6 3.3
      vertex 64.608 18.6 0
    endloop
  endfacet
  facet normal 1 0 0
    outer loop
      vertex 64.608 18.6 12.3
      vertex 64.608 3 3.3
      vertex 64.608 15.6 3.3
    endloop
  endfacet
  facet normal 1 -0 0
    outer loop
      vertex 64.608 0 12.3
      vertex 64.608 3 3.3
      vertex 64.608 18.6 12.3
    endloop
  endfacet
  facet normal 1 0 0
    outer loop
      vertex 64.608 0 0
      vertex 64.608 3 3.3
      vertex 64.608 0 12.3
    endloop
  endfacet
  facet normal 1 0 0
    outer loop
      vertex 64.608 3 3.3
      vertex 64.608 0 0
      vertex 64.608 3 0
    endloop
  endfacet
  facet normal 1 0 0
    outer loop
      vertex 64.608 18.6 0
      vertex 64.608 15.6 3.3
      vertex 64.608 15.6 0
    endloop
  endfacet
  facet normal 0 0 1
    outer loop
      vertex 64.608 18.6 12.3
      vertex 58.5606 9.3 12.3
      vertex 64.608 0 12.3
    endloop
  endfacet
  facet normal 0 0 1
    outer loop
      vertex 64.608 18.6 12.3
      vertex 58.5601 9.30756 12.3
      vertex 58.5606 9.3 12.3
    endloop
  endfacet
  facet normal 0 0 1
    outer loop
      vertex 64.608 18.6 12.3
      vertex 58.5439 9.55487 12.3
      vertex 58.5601 9.30756 12.3
    endloop
  endfacet
  facet normal 0 0 1
    outer loop
      vertex 64.608 18.6 12.3
      vertex 58.4956 9.79795 12.3
      vertex 58.5439 9.55487 12.3
    endloop
  endfacet
  facet normal 0 0 1
    outer loop
      vertex 64.608 18.6 12.3
      vertex 58.4941 9.80538 12.3
      vertex 58.4956 9.79795 12.3
    endloop
  endfacet
  facet normal 0 0 1
    outer loop
      vertex 64.608 18.6 12.3
      vertex 58.4144 10.0401 12.3
      vertex 58.4941 9.80538 12.3
    endloop
  endfacet
  facet normal 0 0 1
    outer loop
      vertex 64.608 18.6 12.3
      vertex 58.412 10.0472 12.3
      vertex 58.4144 10.0401 12.3
    endloop
  endfacet
  facet normal 0 0 1
    outer loop
      vertex 64.608 18.6 12.3
      vertex 58.4086 10.054 12.3
      vertex 58.412 10.0472 12.3
    endloop
  endfacet
  facet normal 0 0 1
    outer loop
      vertex 64.608 18.6 12.3
      vertex 58.299 10.2763 12.3
      vertex 58.4086 10.054 12.3
    endloop
  endfacet
  facet normal 0 0 1
    outer loop
      vertex 64.608 18.6 12.3
      vertex 58.1613 10.4824 12.3
      vertex 58.299 10.2763 12.3
    endloop
  endfacet
  facet normal 0 0 1
    outer loop
      vertex 64.608 18.6 12.3
      vertex 58.1571 10.4887 12.3
      vertex 58.1613 10.4824 12.3
    endloop
  endfacet
  facet normal 0 0 1
    outer loop
      vertex 64.608 18.6 12.3
      vertex 57.9937 10.675 12.3
      vertex 58.1571 10.4887 12.3
    endloop
  endfacet
  facet normal 0 0 1
    outer loop
      vertex 64.608 18.6 12.3
      vertex 57.9887 10.6807 12.3
      vertex 57.9937 10.675 12.3
    endloop
  endfacet
  facet normal 0 0 1
    outer loop
      vertex 64.608 18.6 12.3
      vertex 57.983 10.6857 12.3
      vertex 57.9887 10.6807 12.3
    endloop
  endfacet
  facet normal 0 0 1
    outer loop
      vertex 64.608 18.6 12.3
      vertex 57.7967 10.8491 12.3
      vertex 57.983 10.6857 12.3
    endloop
  endfacet
  facet normal 0 0 1
    outer loop
      vertex 64.608 18.6 12.3
      vertex 57.5906 10.9868 12.3
      vertex 57.7967 10.8491 12.3
    endloop
  endfacet
  facet normal 0 0 1
    outer loop
      vertex 64.608 18.6 12.3
      vertex 57.5843 10.991 12.3
      vertex 57.5906 10.9868 12.3
    endloop
  endfacet
  facet normal 0 0 1
    outer loop
      vertex 64.608 18.6 12.3
      vertex 57.5775 10.9944 12.3
      vertex 57.5843 10.991 12.3
    endloop
  endfacet
  facet normal 0 0 1
    outer loop
      vertex 64.608 18.6 12.3
      vertex 57.3552 11.104 12.3
      vertex 57.5775 10.9944 12.3
    endloop
  endfacet
  facet normal 0 0 1
    outer loop
      vertex 64.608 18.6 12.3
      vertex 57.1205 11.1837 12.3
      vertex 57.3552 11.104 12.3
    endloop
  endfacet
  facet normal 0 0 1
    outer loop
      vertex 64.608 18.6 12.3
      vertex 57.1134 11.1861 12.3
      vertex 57.1205 11.1837 12.3
    endloop
  endfacet
  facet normal 0 0 1
    outer loop
      vertex 64.608 18.6 12.3
      vertex 56.8703 11.2344 12.3
      vertex 57.1134 11.1861 12.3
    endloop
  endfacet
  facet normal 0 0 1
    outer loop
      vertex 64.608 18.6 12.3
      vertex 56.8629 11.2359 12.3
      vertex 56.8703 11.2344 12.3
    endloop
  endfacet
  facet normal 0 0 1
    outer loop
      vertex 64.608 18.6 12.3
      vertex 56.8553 11.2364 12.3
      vertex 56.8629 11.2359 12.3
    endloop
  endfacet
  facet normal 0 0 1
    outer loop
      vertex 64.608 18.6 12.3
      vertex 56.608 11.2526 12.3
      vertex 56.8553 11.2364 12.3
    endloop
  endfacet
  facet normal 0 0 1
    outer loop
      vertex 64.608 18.6 12.3
      vertex 56.3607 11.2364 12.3
      vertex 56.608 11.2526 12.3
    endloop
  endfacet
  facet normal 0 0 1
    outer loop
      vertex 64.608 18.6 12.3
      vertex 56.3531 11.2359 12.3
      vertex 56.3607 11.2364 12.3
    endloop
  endfacet
  facet normal 0 0 1
    outer loop
      vertex 64.608 18.6 12.3
      vertex 56.3457 11.2344 12.3
      vertex 56.3531 11.2359 12.3
    endloop
  endfacet
  facet normal 0 0 1
    outer loop
      vertex 64.608 18.6 12.3
      vertex 56.1026 11.1861 12.3
      vertex 56.3457 11.2344 12.3
    endloop
  endfacet
  facet normal 0 0 1
    outer loop
      vertex 50.1694 11.1861 12.3
      vertex 56.1026 11.1861 12.3
      vertex 64.608 18.6 12.3
    endloop
  endfacet
  facet normal 0 0 1
    outer loop
      vertex 56.1026 11.1861 12.3
      vertex 50.1694 11.1861 12.3
      vertex 55.8679 11.1064 12.3
    endloop
  endfacet
  facet normal 0 -0 1
    outer loop
      vertex 50.4041 11.1064 12.3
      vertex 55.8679 11.1064 12.3
      vertex 50.1694 11.1861 12.3
    endloop
  endfacet
  facet normal 0 0 1
    outer loop
      vertex 55.8679 11.1064 12.3
      vertex 50.4041 11.1064 12.3
      vertex 55.8608 11.104 12.3
    endloop
  endfacet
  facet normal 0 -0 1
    outer loop
      vertex 50.4112 11.104 12.3
      vertex 55.8608 11.104 12.3
      vertex 50.4041 11.1064 12.3
    endloop
  endfacet
  facet normal 0 0 1
    outer loop
      vertex 55.8608 11.104 12.3
      vertex 50.4112 11.104 12.3
      vertex 55.854 11.1006 12.3
    endloop
  endfacet
  facet normal 0 0 1
    outer loop
      vertex 51.039 10.6857 12.3
      vertex 55.233 10.6857 12.3
      vertex 55.4193 10.8491 12.3
    endloop
  endfacet
  facet normal -0 0 1
    outer loop
      vertex 51.468 10.0472 12.3
      vertex 54.8016 10.0401 12.3
      vertex 54.804 10.0472 12.3
    endloop
  endfacet
  facet normal 0 0 1
    outer loop
      vertex 54.6716 9.54731 12.3
      vertex 51.6166 9.3 12.3
      vertex 54.6554 9.3 12.3
    endloop
  endfacet
  facet normal 0 0 1
    outer loop
      vertex 51.6004 9.54731 12.3
      vertex 54.6716 9.54731 12.3
      vertex 54.6721 9.55487 12.3
    endloop
  endfacet
  facet normal 0 0 1
    outer loop
      vertex 51.5999 9.55487 12.3
      vertex 54.6721 9.55487 12.3
      vertex 54.6735 9.5623 12.3
    endloop
  endfacet
  facet normal 0 0 1
    outer loop
      vertex 51.5999 9.55487 12.3
      vertex 54.6735 9.5623 12.3
      vertex 54.7219 9.80538 12.3
    endloop
  endfacet
  facet normal 0 0 1
    outer loop
      vertex 54.8016 10.0401 12.3
      vertex 51.5477 9.81255 12.3
      vertex 54.7219 9.80538 12.3
    endloop
  endfacet
  facet normal 0 0 1
    outer loop
      vertex 51.468 10.0472 12.3
      vertex 54.804 10.0472 12.3
      vertex 54.8074 10.054 12.3
    endloop
  endfacet
  facet normal 0 0 1
    outer loop
      vertex 51.4646 10.054 12.3
      vertex 54.8074 10.054 12.3
      vertex 54.917 10.2763 12.3
    endloop
  endfacet
  facet normal 0 0 1
    outer loop
      vertex 51.355 10.2763 12.3
      vertex 54.917 10.2763 12.3
      vertex 55.0547 10.4824 12.3
    endloop
  endfacet
  facet normal 0 0 1
    outer loop
      vertex 51.2173 10.4824 12.3
      vertex 55.0547 10.4824 12.3
      vertex 55.0589 10.4887 12.3
    endloop
  endfacet
  facet normal -0 0 1
    outer loop
      vertex 51.2081 10.4944 12.3
      vertex 55.0589 10.4887 12.3
      vertex 55.2223 10.675 12.3
    endloop
  endfacet
  facet normal -0 0 1
    outer loop
      vertex 51.0447 10.6807 12.3
      vertex 55.2223 10.675 12.3
      vertex 55.2273 10.6807 12.3
    endloop
  endfacet
  facet normal 0 0 1
    outer loop
      vertex 55.233 10.6857 12.3
      vertex 51.039 10.6857 12.3
      vertex 55.2273 10.6807 12.3
    endloop
  endfacet
  facet normal 0 0 1
    outer loop
      vertex 55.854 11.1006 12.3
      vertex 50.4112 11.104 12.3
      vertex 55.6317 10.991 12.3
    endloop
  endfacet
  facet normal 0 0 1
    outer loop
      vertex 54.6716 9.54731 12.3
      vertex 51.6004 9.54731 12.3
      vertex 51.6166 9.3 12.3
    endloop
  endfacet
  facet normal 0 0 1
    outer loop
      vertex 54.6721 9.55487 12.3
      vertex 51.5999 9.55487 12.3
      vertex 51.6004 9.54731 12.3
    endloop
  endfacet
  facet normal 0 0 1
    outer loop
      vertex 54.7219 9.80538 12.3
      vertex 51.5516 9.79795 12.3
      vertex 51.5999 9.55487 12.3
    endloop
  endfacet
  facet normal 0 0 1
    outer loop
      vertex 54.7219 9.80538 12.3
      vertex 51.5501 9.80538 12.3
      vertex 51.5516 9.79795 12.3
    endloop
  endfacet
  facet normal 0 0 1
    outer loop
      vertex 54.7219 9.80538 12.3
      vertex 51.5477 9.81255 12.3
      vertex 51.5501 9.80538 12.3
    endloop
  endfacet
  facet normal 0 0 1
    outer loop
      vertex 54.8016 10.0401 12.3
      vertex 51.468 10.0472 12.3
      vertex 51.5477 9.81255 12.3
    endloop
  endfacet
  facet normal 0 0 1
    outer loop
      vertex 54.8074 10.054 12.3
      vertex 51.4646 10.054 12.3
      vertex 51.468 10.0472 12.3
    endloop
  endfacet
  facet normal 0 0 1
    outer loop
      vertex 54.917 10.2763 12.3
      vertex 51.355 10.2763 12.3
      vertex 51.4646 10.054 12.3
    endloop
  endfacet
  facet normal 0 0 1
    outer loop
      vertex 55.0547 10.4824 12.3
      vertex 51.2173 10.4824 12.3
      vertex 51.355 10.2763 12.3
    endloop
  endfacet
  facet normal 0 0 1
    outer loop
      vertex 55.0589 10.4887 12.3
      vertex 51.2131 10.4887 12.3
      vertex 51.2173 10.4824 12.3
    endloop
  endfacet
  facet normal 0 0 1
    outer loop
      vertex 55.0589 10.4887 12.3
      vertex 51.2081 10.4944 12.3
      vertex 51.2131 10.4887 12.3
    endloop
  endfacet
  facet normal 0 0 1
    outer loop
      vertex 55.2223 10.675 12.3
      vertex 51.0447 10.6807 12.3
      vertex 51.2081 10.4944 12.3
    endloop
  endfacet
  facet normal 0 0 1
    outer loop
      vertex 55.2273 10.6807 12.3
      vertex 51.039 10.6857 12.3
      vertex 51.0447 10.6807 12.3
    endloop
  endfacet
  facet normal 0 0 1
    outer loop
      vertex 55.4193 10.8491 12.3
      vertex 50.8527 10.8491 12.3
      vertex 51.039 10.6857 12.3
    endloop
  endfacet
  facet normal 0 0 1
    outer loop
      vertex 55.4256 10.8533 12.3
      vertex 50.8527 10.8491 12.3
      vertex 55.4193 10.8491 12.3
    endloop
  endfacet
  facet normal 0 -0 1
    outer loop
      vertex 50.8527 10.8491 12.3
      vertex 55.4256 10.8533 12.3
      vertex 50.6466 10.9868 12.3
    endloop
  endfacet
  facet normal 0 0 1
    outer loop
      vertex 55.6317 10.991 12.3
      vertex 50.6466 10.9868 12.3
      vertex 55.4256 10.8533 12.3
    endloop
  endfacet
  facet normal 0 -0 1
    outer loop
      vertex 50.6466 10.9868 12.3
      vertex 55.6317 10.991 12.3
      vertex 50.6403 10.991 12.3
    endloop
  endfacet
  facet normal 0 -0 1
    outer loop
      vertex 50.6403 10.991 12.3
      vertex 55.6317 10.991 12.3
      vertex 50.6335 10.9944 12.3
    endloop
  endfacet
  facet normal -0 -0 1
    outer loop
      vertex 50.6335 10.9944 12.3
      vertex 55.6317 10.991 12.3
      vertex 50.4112 11.104 12.3
    endloop
  endfacet
  facet normal 0 0 1
    outer loop
      vertex 64.608 18.6 12.3
      vertex 49.9263 11.2344 12.3
      vertex 50.1694 11.1861 12.3
    endloop
  endfacet
  facet normal 0 0 1
    outer loop
      vertex 64.608 18.6 12.3
      vertex 49.9189 11.2359 12.3
      vertex 49.9263 11.2344 12.3
    endloop
  endfacet
  facet normal 0 0 1
    outer loop
      vertex 64.608 18.6 12.3
      vertex 49.9113 11.2364 12.3
      vertex 49.9189 11.2359 12.3
    endloop
  endfacet
  facet normal 0 0 1
    outer loop
      vertex 64.608 18.6 12.3
      vertex 49.664 11.2526 12.3
      vertex 49.9113 11.2364 12.3
    endloop
  endfacet
  facet normal 0 0 1
    outer loop
      vertex 64.608 18.6 12.3
      vertex 49.4167 11.2364 12.3
      vertex 49.664 11.2526 12.3
    endloop
  endfacet
  facet normal 0 0 1
    outer loop
      vertex 64.608 18.6 12.3
      vertex 49.4091 11.2359 12.3
      vertex 49.4167 11.2364 12.3
    endloop
  endfacet
  facet normal 0 0 1
    outer loop
      vertex 42.9749 11.2359 12.3
      vertex 49.4091 11.2359 12.3
      vertex 64.608 18.6 12.3
    endloop
  endfacet
  facet normal 0 0 1
    outer loop
      vertex 49.4091 11.2359 12.3
      vertex 42.9749 11.2359 12.3
      vertex 49.4017 11.2344 12.3
    endloop
  endfacet
  facet normal 0 0 1
    outer loop
      vertex 49.4017 11.2344 12.3
      vertex 42.9749 11.2359 12.3
      vertex 49.1586 11.1861 12.3
    endloop
  endfacet
  facet normal -0 -0 1
    outer loop
      vertex 42.9823 11.2344 12.3
      vertex 49.1586 11.1861 12.3
      vertex 42.9749 11.2359 12.3
    endloop
  endfacet
  facet normal 0 0 1
    outer loop
      vertex 43.6963 10.991 12.3
      vertex 48.6945 10.9944 12.3
      vertex 48.9168 11.104 12.3
    endloop
  endfacet
  facet normal 0 0 1
    outer loop
      vertex 43.7026 10.9868 12.3
      vertex 48.6814 10.9868 12.3
      vertex 48.6877 10.991 12.3
    endloop
  endfacet
  facet normal 0 0 1
    outer loop
      vertex 44.095 10.6857 12.3
      vertex 48.289 10.6857 12.3
      vertex 48.4753 10.8491 12.3
    endloop
  endfacet
  facet normal 0 0 1
    outer loop
      vertex 44.2691 10.4887 12.3
      vertex 48.1199 10.4944 12.3
      vertex 48.2833 10.6807 12.3
    endloop
  endfacet
  facet normal 0 0 1
    outer loop
      vertex 47.7276 9.54731 12.3
      vertex 44.6726 9.3 12.3
      vertex 47.7114 9.3 12.3
    endloop
  endfacet
  facet normal 0 0 1
    outer loop
      vertex 44.6564 9.54731 12.3
      vertex 47.7276 9.54731 12.3
      vertex 47.7281 9.55487 12.3
    endloop
  endfacet
  facet normal -0 0 1
    outer loop
      vertex 44.6544 9.5623 12.3
      vertex 47.7281 9.55487 12.3
      vertex 47.7764 9.79795 12.3
    endloop
  endfacet
  facet normal -0 0 1
    outer loop
      vertex 44.6061 9.80538 12.3
      vertex 47.7764 9.79795 12.3
      vertex 47.7779 9.80538 12.3
    endloop
  endfacet
  facet normal 0 0 1
    outer loop
      vertex 44.6061 9.80538 12.3
      vertex 47.7779 9.80538 12.3
      vertex 47.7803 9.81255 12.3
    endloop
  endfacet
  facet normal 0 0 1
    outer loop
      vertex 44.6061 9.80538 12.3
      vertex 47.7803 9.81255 12.3
      vertex 47.86 10.0472 12.3
    endloop
  endfacet
  facet normal 0 0 1
    outer loop
      vertex 44.524 10.0472 12.3
      vertex 47.86 10.0472 12.3
      vertex 47.8634 10.054 12.3
    endloop
  endfacet
  facet normal 0 0 1
    outer loop
      vertex 44.5206 10.054 12.3
      vertex 47.8634 10.054 12.3
      vertex 47.973 10.2763 12.3
    endloop
  endfacet
  facet normal 0 0 1
    outer loop
      vertex 44.411 10.2763 12.3
      vertex 47.973 10.2763 12.3
      vertex 48.1107 10.4824 12.3
    endloop
  endfacet
  facet normal 0 0 1
    outer loop
      vertex 44.2733 10.4824 12.3
      vertex 48.1107 10.4824 12.3
      vertex 48.1149 10.4887 12.3
    endloop
  endfacet
  facet normal 0 0 1
    outer loop
      vertex 48.1199 10.4944 12.3
      vertex 44.2691 10.4887 12.3
      vertex 48.1149 10.4887 12.3
    endloop
  endfacet
  facet normal 0 0 1
    outer loop
      vertex 48.289 10.6857 12.3
      vertex 44.095 10.6857 12.3
      vertex 48.2833 10.6807 12.3
    endloop
  endfacet
  facet normal 0 0 1
    outer loop
      vertex 48.6814 10.9868 12.3
      vertex 43.9087 10.8491 12.3
      vertex 48.4753 10.8491 12.3
    endloop
  endfacet
  facet normal 0 0 1
    outer loop
      vertex 48.6945 10.9944 12.3
      vertex 43.6963 10.991 12.3
      vertex 48.6877 10.991 12.3
    endloop
  endfacet
  facet normal 0 -0 1
    outer loop
      vertex 43.2254 11.1861 12.3
      vertex 49.1586 11.1861 12.3
      vertex 42.9823 11.2344 12.3
    endloop
  endfacet
  facet normal 0 0 1
    outer loop
      vertex 47.7276 9.54731 12.3
      vertex 44.6564 9.54731 12.3
      vertex 44.6726 9.3 12.3
    endloop
  endfacet
  facet normal 0 0 1
    outer loop
      vertex 47.7281 9.55487 12.3
      vertex 44.6559 9.55487 12.3
      vertex 44.6564 9.54731 12.3
    endloop
  endfacet
  facet normal 0 0 1
    outer loop
      vertex 47.7281 9.55487 12.3
      vertex 44.6544 9.5623 12.3
      vertex 44.6559 9.55487 12.3
    endloop
  endfacet
  facet normal 0 0 1
    outer loop
      vertex 47.7764 9.79795 12.3
      vertex 44.6061 9.80538 12.3
      vertex 44.6544 9.5623 12.3
    endloop
  endfacet
  facet normal 0 0 1
    outer loop
      vertex 47.86 10.0472 12.3
      vertex 44.5264 10.0401 12.3
      vertex 44.6061 9.80538 12.3
    endloop
  endfacet
  facet normal 0 0 1
    outer loop
      vertex 47.86 10.0472 12.3
      vertex 44.524 10.0472 12.3
      vertex 44.5264 10.0401 12.3
    endloop
  endfacet
  facet normal 0 0 1
    outer loop
      vertex 47.8634 10.054 12.3
      vertex 44.5206 10.054 12.3
      vertex 44.524 10.0472 12.3
    endloop
  endfacet
  facet normal 0 0 1
    outer loop
      vertex 47.973 10.2763 12.3
      vertex 44.411 10.2763 12.3
      vertex 44.5206 10.054 12.3
    endloop
  endfacet
  facet normal 0 0 1
    outer loop
      vertex 48.1107 10.4824 12.3
      vertex 44.2733 10.4824 12.3
      vertex 44.411 10.2763 12.3
    endloop
  endfacet
  facet normal 0 0 1
    outer loop
      vertex 48.1149 10.4887 12.3
      vertex 44.2691 10.4887 12.3
      vertex 44.2733 10.4824 12.3
    endloop
  endfacet
  facet normal 0 0 1
    outer loop
      vertex 48.2833 10.6807 12.3
      vertex 44.1057 10.675 12.3
      vertex 44.2691 10.4887 12.3
    endloop
  endfacet
  facet normal 0 0 1
    outer loop
      vertex 48.2833 10.6807 12.3
      vertex 44.1007 10.6807 12.3
      vertex 44.1057 10.675 12.3
    endloop
  endfacet
  facet normal 0 0 1
    outer loop
      vertex 48.2833 10.6807 12.3
      vertex 44.095 10.6857 12.3
      vertex 44.1007 10.6807 12.3
    endloop
  endfacet
  facet normal 0 0 1
    outer loop
      vertex 48.4753 10.8491 12.3
      vertex 43.9087 10.8491 12.3
      vertex 44.095 10.6857 12.3
    endloop
  endfacet
  facet normal 0 0 1
    outer loop
      vertex 48.6814 10.9868 12.3
      vertex 43.7026 10.9868 12.3
      vertex 43.9087 10.8491 12.3
    endloop
  endfacet
  facet normal 0 0 1
    outer loop
      vertex 48.6877 10.991 12.3
      vertex 43.6963 10.991 12.3
      vertex 43.7026 10.9868 12.3
    endloop
  endfacet
  facet normal 0 0 1
    outer loop
      vertex 48.9168 11.104 12.3
      vertex 43.474 11.1006 12.3
      vertex 43.6963 10.991 12.3
    endloop
  endfacet
  facet normal 0 0 1
    outer loop
      vertex 48.9168 11.104 12.3
      vertex 43.4672 11.104 12.3
      vertex 43.474 11.1006 12.3
    endloop
  endfacet
  facet normal 0 0 1
    outer loop
      vertex 48.9168 11.104 12.3
      vertex 43.4601 11.1064 12.3
      vertex 43.4672 11.104 12.3
    endloop
  endfacet
  facet normal 0 0 1
    outer loop
      vertex 48.9239 11.1064 12.3
      vertex 43.4601 11.1064 12.3
      vertex 48.9168 11.104 12.3
    endloop
  endfacet
  facet normal 0 -0 1
    outer loop
      vertex 43.4601 11.1064 12.3
      vertex 48.9239 11.1064 12.3
      vertex 43.2254 11.1861 12.3
    endloop
  endfacet
  facet normal 0 0 1
    outer loop
      vertex 49.1586 11.1861 12.3
      vertex 43.2254 11.1861 12.3
      vertex 48.9239 11.1064 12.3
    endloop
  endfacet
  facet normal 0 0 1
    outer loop
      vertex 64.608 18.6 12.3
      vertex 42.9673 11.2364 12.3
      vertex 42.9749 11.2359 12.3
    endloop
  endfacet
  facet normal 0 0 1
    outer loop
      vertex 64.608 18.6 12.3
      vertex 42.72 11.2526 12.3
      vertex 42.9673 11.2364 12.3
    endloop
  endfacet
  facet normal 0 0 1
    outer loop
      vertex 64.608 18.6 12.3
      vertex 42.4727 11.2364 12.3
      vertex 42.72 11.2526 12.3
    endloop
  endfacet
  facet normal 0 0 1
    outer loop
      vertex 64.608 18.6 12.3
      vertex 42.4651 11.2359 12.3
      vertex 42.4727 11.2364 12.3
    endloop
  endfacet
  facet normal 0 0 1
    outer loop
      vertex 36.0309 11.2359 12.3
      vertex 42.4651 11.2359 12.3
      vertex 64.608 18.6 12.3
    endloop
  endfacet
  facet normal 0 0 1
    outer loop
      vertex 42.4651 11.2359 12.3
      vertex 36.0309 11.2359 12.3
      vertex 42.4577 11.2344 12.3
    endloop
  endfacet
  facet normal -0 0 1
    outer loop
      vertex 36.2814 11.1861 12.3
      vertex 42.2075 11.1837 12.3
      vertex 42.2146 11.1861 12.3
    endloop
  endfacet
  facet normal 0 0 1
    outer loop
      vertex 36.7523 10.991 12.3
      vertex 41.7505 10.9944 12.3
      vertex 41.9728 11.104 12.3
    endloop
  endfacet
  facet normal -0 0 1
    outer loop
      vertex 36.7523 10.991 12.3
      vertex 41.7374 10.9868 12.3
      vertex 41.7437 10.991 12.3
    endloop
  endfacet
  facet normal 0 0 1
    outer loop
      vertex 37.151 10.6857 12.3
      vertex 41.345 10.6857 12.3
      vertex 41.5313 10.8491 12.3
    endloop
  endfacet
  facet normal 0 0 1
    outer loop
      vertex 37.3251 10.4887 12.3
      vertex 41.1759 10.4944 12.3
      vertex 41.3393 10.6807 12.3
    endloop
  endfacet
  facet normal 0 0 1
    outer loop
      vertex 37.5824 10.0401 12.3
      vertex 40.9136 10.0401 12.3
      vertex 40.916 10.0472 12.3
    endloop
  endfacet
  facet normal 0 0 1
    outer loop
      vertex 37.7286 9.3 12.3
      vertex 40.7679 9.30756 12.3
      vertex 40.7841 9.55487 12.3
    endloop
  endfacet
  facet normal 0 0 1
    outer loop
      vertex 40.7679 9.30756 12.3
      vertex 37.7286 9.3 12.3
      vertex 40.7674 9.3 12.3
    endloop
  endfacet
  facet normal -0 0 1
    outer loop
      vertex 37.7104 9.5623 12.3
      vertex 40.7841 9.55487 12.3
      vertex 40.8324 9.79795 12.3
    endloop
  endfacet
  facet normal -0 0 1
    outer loop
      vertex 37.6621 9.80538 12.3
      vertex 40.8324 9.79795 12.3
      vertex 40.8339 9.80538 12.3
    endloop
  endfacet
  facet normal 0 0 1
    outer loop
      vertex 40.9136 10.0401 12.3
      vertex 37.6621 9.80538 12.3
      vertex 40.8339 9.80538 12.3
    endloop
  endfacet
  facet normal 0 0 1
    outer loop
      vertex 37.58 10.0472 12.3
      vertex 40.916 10.0472 12.3
      vertex 40.9194 10.054 12.3
    endloop
  endfacet
  facet normal 0 0 1
    outer loop
      vertex 37.5766 10.054 12.3
      vertex 40.9194 10.054 12.3
      vertex 41.029 10.2763 12.3
    endloop
  endfacet
  facet normal 0 0 1
    outer loop
      vertex 37.467 10.2763 12.3
      vertex 41.029 10.2763 12.3
      vertex 41.1667 10.4824 12.3
    endloop
  endfacet
  facet normal 0 0 1
    outer loop
      vertex 37.3293 10.4824 12.3
      vertex 41.1667 10.4824 12.3
      vertex 41.1709 10.4887 12.3
    endloop
  endfacet
  facet normal 0 0 1
    outer loop
      vertex 41.1759 10.4944 12.3
      vertex 37.3251 10.4887 12.3
      vertex 41.1709 10.4887 12.3
    endloop
  endfacet
  facet normal 0 0 1
    outer loop
      vertex 41.345 10.6857 12.3
      vertex 37.151 10.6857 12.3
      vertex 41.3393 10.6807 12.3
    endloop
  endfacet
  facet normal 0 0 1
    outer loop
      vertex 41.7374 10.9868 12.3
      vertex 36.9584 10.8533 12.3
      vertex 41.5313 10.8491 12.3
    endloop
  endfacet
  facet normal 0 0 1
    outer loop
      vertex 41.7505 10.9944 12.3
      vertex 36.7523 10.991 12.3
      vertex 41.7437 10.991 12.3
    endloop
  endfacet
  facet normal 0 0 1
    outer loop
      vertex 40.7841 9.55487 12.3
      vertex 37.7124 9.54731 12.3
      vertex 37.7286 9.3 12.3
    endloop
  endfacet
  facet normal 0 0 1
    outer loop
      vertex 40.7841 9.55487 12.3
      vertex 37.7119 9.55487 12.3
      vertex 37.7124 9.54731 12.3
    endloop
  endfacet
  facet normal 0 0 1
    outer loop
      vertex 40.7841 9.55487 12.3
      vertex 37.7104 9.5623 12.3
      vertex 37.7119 9.55487 12.3
    endloop
  endfacet
  facet normal 0 0 1
    outer loop
      vertex 40.8324 9.79795 12.3
      vertex 37.6621 9.80538 12.3
      vertex 37.7104 9.5623 12.3
    endloop
  endfacet
  facet normal 0 0 1
    outer loop
      vertex 42.2075 11.1837 12.3
      vertex 36.5161 11.1064 12.3
      vertex 41.9728 11.104 12.3
    endloop
  endfacet
  facet normal 0 0 1
    outer loop
      vertex 42.4577 11.2344 12.3
      vertex 36.0309 11.2359 12.3
      vertex 42.2146 11.1861 12.3
    endloop
  endfacet
  facet normal 0 0 1
    outer loop
      vertex 40.9136 10.0401 12.3
      vertex 37.5824 10.0401 12.3
      vertex 37.6621 9.80538 12.3
    endloop
  endfacet
  facet normal 0 0 1
    outer loop
      vertex 40.916 10.0472 12.3
      vertex 37.58 10.0472 12.3
      vertex 37.5824 10.0401 12.3
    endloop
  endfacet
  facet normal 0 0 1
    outer loop
      vertex 40.9194 10.054 12.3
      vertex 37.5766 10.054 12.3
      vertex 37.58 10.0472 12.3
    endloop
  endfacet
  facet normal 0 0 1
    outer loop
      vertex 41.029 10.2763 12.3
      vertex 37.467 10.2763 12.3
      vertex 37.5766 10.054 12.3
    endloop
  endfacet
  facet normal 0 0 1
    outer loop
      vertex 41.1667 10.4824 12.3
      vertex 37.3293 10.4824 12.3
      vertex 37.467 10.2763 12.3
    endloop
  endfacet
  facet normal 0 0 1
    outer loop
      vertex 41.1709 10.4887 12.3
      vertex 37.3251 10.4887 12.3
      vertex 37.3293 10.4824 12.3
    endloop
  endfacet
  facet normal 0 0 1
    outer loop
      vertex 41.3393 10.6807 12.3
      vertex 37.1617 10.675 12.3
      vertex 37.3251 10.4887 12.3
    endloop
  endfacet
  facet normal 0 0 1
    outer loop
      vertex 41.3393 10.6807 12.3
      vertex 37.1567 10.6807 12.3
      vertex 37.1617 10.675 12.3
    endloop
  endfacet
  facet normal 0 0 1
    outer loop
      vertex 41.3393 10.6807 12.3
      vertex 37.151 10.6857 12.3
      vertex 37.1567 10.6807 12.3
    endloop
  endfacet
  facet normal 0 0 1
    outer loop
      vertex 41.5313 10.8491 12.3
      vertex 36.9647 10.8491 12.3
      vertex 37.151 10.6857 12.3
    endloop
  endfacet
  facet normal 0 0 1
    outer loop
      vertex 41.5313 10.8491 12.3
      vertex 36.9584 10.8533 12.3
      vertex 36.9647 10.8491 12.3
    endloop
  endfacet
  facet normal 0 0 1
    outer loop
      vertex 41.7374 10.9868 12.3
      vertex 36.7523 10.991 12.3
      vertex 36.9584 10.8533 12.3
    endloop
  endfacet
  facet normal 0 0 1
    outer loop
      vertex 41.9728 11.104 12.3
      vertex 36.53 11.1006 12.3
      vertex 36.7523 10.991 12.3
    endloop
  endfacet
  facet normal 0 0 1
    outer loop
      vertex 41.9728 11.104 12.3
      vertex 36.5232 11.104 12.3
      vertex 36.53 11.1006 12.3
    endloop
  endfacet
  facet normal 0 0 1
    outer loop
      vertex 41.9728 11.104 12.3
      vertex 36.5161 11.1064 12.3
      vertex 36.5232 11.104 12.3
    endloop
  endfacet
  facet normal 0 0 1
    outer loop
      vertex 42.2075 11.1837 12.3
      vertex 36.2814 11.1861 12.3
      vertex 36.5161 11.1064 12.3
    endloop
  endfacet
  facet normal 0 0 1
    outer loop
      vertex 42.2146 11.1861 12.3
      vertex 36.0383 11.2344 12.3
      vertex 36.2814 11.1861 12.3
    endloop
  endfacet
  facet normal 0 0 1
    outer loop
      vertex 42.2146 11.1861 12.3
      vertex 36.0309 11.2359 12.3
      vertex 36.0383 11.2344 12.3
    endloop
  endfacet
  facet normal 0 0 1
    outer loop
      vertex 64.608 18.6 12.3
      vertex 36.0233 11.2364 12.3
      vertex 36.0309 11.2359 12.3
    endloop
  endfacet
  facet normal 0 0 1
    outer loop
      vertex 64.608 18.6 12.3
      vertex 35.776 11.2526 12.3
      vertex 36.0233 11.2364 12.3
    endloop
  endfacet
  facet normal 0 0 1
    outer loop
      vertex 28.832 11.2526 12.3
      vertex 35.776 11.2526 12.3
      vertex 64.608 18.6 12.3
    endloop
  endfacet
  facet normal 0 0 1
    outer loop
      vertex 35.776 11.2526 12.3
      vertex 28.832 11.2526 12.3
      vertex 35.5287 11.2364 12.3
    endloop
  endfacet
  facet normal 0 0 1
    outer loop
      vertex 35.5287 11.2364 12.3
      vertex 28.832 11.2526 12.3
      vertex 35.5211 11.2359 12.3
    endloop
  endfacet
  facet normal -0 -0 1
    outer loop
      vertex 29.0793 11.2364 12.3
      vertex 35.5211 11.2359 12.3
      vertex 28.832 11.2526 12.3
    endloop
  endfacet
  facet normal 0 0 1
    outer loop
      vertex 29.8015 10.9944 12.3
      vertex 34.8065 10.9944 12.3
      vertex 35.0288 11.104 12.3
    endloop
  endfacet
  facet normal 0 0 1
    outer loop
      vertex 29.8146 10.9868 12.3
      vertex 34.7934 10.9868 12.3
      vertex 34.7997 10.991 12.3
    endloop
  endfacet
  facet normal 0 0 1
    outer loop
      vertex 30.207 10.6857 12.3
      vertex 34.401 10.6857 12.3
      vertex 34.5873 10.8491 12.3
    endloop
  endfacet
  facet normal 0 0 1
    outer loop
      vertex 30.6384 10.0401 12.3
      vertex 33.9696 10.0401 12.3
      vertex 33.972 10.0472 12.3
    endloop
  endfacet
  facet normal 0 0 1
    outer loop
      vertex 30.7841 9.30756 12.3
      vertex 33.8239 9.30756 12.3
      vertex 33.8401 9.55487 12.3
    endloop
  endfacet
  facet normal 0 0 1
    outer loop
      vertex 33.8239 9.30756 12.3
      vertex 30.7841 9.30756 12.3
      vertex 33.8234 9.3 12.3
    endloop
  endfacet
  facet normal 0 0 1
    outer loop
      vertex 30.7679 9.55487 12.3
      vertex 33.8401 9.55487 12.3
      vertex 33.8415 9.5623 12.3
    endloop
  endfacet
  facet normal 0 0 1
    outer loop
      vertex 30.7679 9.55487 12.3
      vertex 33.8415 9.5623 12.3
      vertex 33.8899 9.80538 12.3
    endloop
  endfacet
  facet normal 0 0 1
    outer loop
      vertex 33.9696 10.0401 12.3
      vertex 30.7181 9.80538 12.3
      vertex 33.8899 9.80538 12.3
    endloop
  endfacet
  facet normal 0 0 1
    outer loop
      vertex 30.636 10.0472 12.3
      vertex 33.972 10.0472 12.3
      vertex 33.9754 10.054 12.3
    endloop
  endfacet
  facet normal 0 0 1
    outer loop
      vertex 30.6326 10.054 12.3
      vertex 33.9754 10.054 12.3
      vertex 34.085 10.2763 12.3
    endloop
  endfacet
  facet normal 0 0 1
    outer loop
      vertex 30.523 10.2763 12.3
      vertex 34.085 10.2763 12.3
      vertex 34.2227 10.4824 12.3
    endloop
  endfacet
  facet normal 0 0 1
    outer loop
      vertex 30.3853 10.4824 12.3
      vertex 34.2227 10.4824 12.3
      vertex 34.2269 10.4887 12.3
    endloop
  endfacet
  facet normal 0 0 1
    outer loop
      vertex 30.3811 10.4887 12.3
      vertex 34.2269 10.4887 12.3
      vertex 34.3903 10.675 12.3
    endloop
  endfacet
  facet normal 0 0 1
    outer loop
      vertex 30.2177 10.675 12.3
      vertex 34.3903 10.675 12.3
      vertex 34.3953 10.6807 12.3
    endloop
  endfacet
  facet normal 0 0 1
    outer loop
      vertex 34.401 10.6857 12.3
      vertex 30.207 10.6857 12.3
      vertex 34.3953 10.6807 12.3
    endloop
  endfacet
  facet normal 0 0 1
    outer loop
      vertex 34.7934 10.9868 12.3
      vertex 30.0207 10.8491 12.3
      vertex 34.5873 10.8491 12.3
    endloop
  endfacet
  facet normal 0 0 1
    outer loop
      vertex 34.8065 10.9944 12.3
      vertex 29.8015 10.9944 12.3
      vertex 34.7997 10.991 12.3
    endloop
  endfacet
  facet normal 0 0 1
    outer loop
      vertex 33.8234 9.3 12.3
      vertex 30.7841 9.30756 12.3
      vertex 30.7846 9.3 12.3
    endloop
  endfacet
  facet normal 0 0 1
    outer loop
      vertex 33.8401 9.55487 12.3
      vertex 30.7679 9.55487 12.3
      vertex 30.7841 9.30756 12.3
    endloop
  endfacet
  facet normal 0 0 1
    outer loop
      vertex 33.8899 9.80538 12.3
      vertex 30.7196 9.79795 12.3
      vertex 30.7679 9.55487 12.3
    endloop
  endfacet
  facet normal 0 0 1
    outer loop
      vertex 29.5792 11.104 12.3
      vertex 35.0288 11.104 12.3
      vertex 35.0359 11.1064 12.3
    endloop
  endfacet
  facet normal 0 0 1
    outer loop
      vertex 29.5792 11.104 12.3
      vertex 35.0359 11.1064 12.3
      vertex 35.2706 11.1861 12.3
    endloop
  endfacet
  facet normal 0 0 1
    outer loop
      vertex 33.8899 9.80538 12.3
      vertex 30.7181 9.80538 12.3
      vertex 30.7196 9.79795 12.3
    endloop
  endfacet
  facet normal 0 0 1
    outer loop
      vertex 33.9696 10.0401 12.3
      vertex 30.6384 10.0401 12.3
      vertex 30.7181 9.80538 12.3
    endloop
  endfacet
  facet normal 0 -0 1
    outer loop
      vertex 29.0869 11.2359 12.3
      vertex 35.5211 11.2359 12.3
      vertex 29.0793 11.2364 12.3
    endloop
  endfacet
  facet normal 0 0 1
    outer loop
      vertex 33.972 10.0472 12.3
      vertex 30.636 10.0472 12.3
      vertex 30.6384 10.0401 12.3
    endloop
  endfacet
  facet normal 0 0 1
    outer loop
      vertex 33.9754 10.054 12.3
      vertex 30.6326 10.054 12.3
      vertex 30.636 10.0472 12.3
    endloop
  endfacet
  facet normal 0 0 1
    outer loop
      vertex 34.085 10.2763 12.3
      vertex 30.523 10.2763 12.3
      vertex 30.6326 10.054 12.3
    endloop
  endfacet
  facet normal 0 0 1
    outer loop
      vertex 34.2227 10.4824 12.3
      vertex 30.3853 10.4824 12.3
      vertex 30.523 10.2763 12.3
    endloop
  endfacet
  facet normal 0 0 1
    outer loop
      vertex 34.2269 10.4887 12.3
      vertex 30.3811 10.4887 12.3
      vertex 30.3853 10.4824 12.3
    endloop
  endfacet
  facet normal 0 0 1
    outer loop
      vertex 34.3903 10.675 12.3
      vertex 30.2177 10.675 12.3
      vertex 30.3811 10.4887 12.3
    endloop
  endfacet
  facet normal 0 0 1
    outer loop
      vertex 34.3953 10.6807 12.3
      vertex 30.2127 10.6807 12.3
      vertex 30.2177 10.675 12.3
    endloop
  endfacet
  facet normal 0 0 1
    outer loop
      vertex 34.3953 10.6807 12.3
      vertex 30.207 10.6857 12.3
      vertex 30.2127 10.6807 12.3
    endloop
  endfacet
  facet normal 0 0 1
    outer loop
      vertex 34.5873 10.8491 12.3
      vertex 30.0207 10.8491 12.3
      vertex 30.207 10.6857 12.3
    endloop
  endfacet
  facet normal 0 0 1
    outer loop
      vertex 34.7934 10.9868 12.3
      vertex 29.8146 10.9868 12.3
      vertex 30.0207 10.8491 12.3
    endloop
  endfacet
  facet normal 0 0 1
    outer loop
      vertex 34.7997 10.991 12.3
      vertex 29.8083 10.991 12.3
      vertex 29.8146 10.9868 12.3
    endloop
  endfacet
  facet normal 0 0 1
    outer loop
      vertex 34.7997 10.991 12.3
      vertex 29.8015 10.9944 12.3
      vertex 29.8083 10.991 12.3
    endloop
  endfacet
  facet normal 0 0 1
    outer loop
      vertex 35.0288 11.104 12.3
      vertex 29.5792 11.104 12.3
      vertex 29.8015 10.9944 12.3
    endloop
  endfacet
  facet normal 0 0 1
    outer loop
      vertex 35.2706 11.1861 12.3
      vertex 29.3445 11.1837 12.3
      vertex 29.5792 11.104 12.3
    endloop
  endfacet
  facet normal 0 0 1
    outer loop
      vertex 35.2706 11.1861 12.3
      vertex 29.3374 11.1861 12.3
      vertex 29.3445 11.1837 12.3
    endloop
  endfacet
  facet normal 0 0 1
    outer loop
      vertex 35.2706 11.1861 12.3
      vertex 29.0943 11.2344 12.3
      vertex 29.3374 11.1861 12.3
    endloop
  endfacet
  facet normal 0 0 1
    outer loop
      vertex 35.2706 11.1861 12.3
      vertex 29.0869 11.2359 12.3
      vertex 29.0943 11.2344 12.3
    endloop
  endfacet
  facet normal 0 0 1
    outer loop
      vertex 35.5137 11.2344 12.3
      vertex 29.0869 11.2359 12.3
      vertex 35.2706 11.1861 12.3
    endloop
  endfacet
  facet normal 0 0 1
    outer loop
      vertex 35.5211 11.2359 12.3
      vertex 29.0869 11.2359 12.3
      vertex 35.5137 11.2344 12.3
    endloop
  endfacet
  facet normal -0 0 1
    outer loop
      vertex 0 18.6 12.3
      vertex 28.832 11.2526 12.3
      vertex 64.608 18.6 12.3
    endloop
  endfacet
  facet normal 0 0 1
    outer loop
      vertex 28.832 11.2526 12.3
      vertex 0 18.6 12.3
      vertex 28.5847 11.2364 12.3
    endloop
  endfacet
  facet normal 0 0 1
    outer loop
      vertex 28.5847 11.2364 12.3
      vertex 0 18.6 12.3
      vertex 28.5771 11.2359 12.3
    endloop
  endfacet
  facet normal 0 -0 1
    outer loop
      vertex 22.1429 11.2359 12.3
      vertex 28.5771 11.2359 12.3
      vertex 0 18.6 12.3
    endloop
  endfacet
  facet normal -0 0 1
    outer loop
      vertex 23.692 10.0472 12.3
      vertex 27.0256 10.0401 12.3
      vertex 27.028 10.0472 12.3
    endloop
  endfacet
  facet normal 0 0 1
    outer loop
      vertex 23.8239 9.55487 12.3
      vertex 26.8976 9.5623 12.3
      vertex 26.9459 9.80538 12.3
    endloop
  endfacet
  facet normal 0 0 1
    outer loop
      vertex 23.8244 9.54731 12.3
      vertex 26.8956 9.54731 12.3
      vertex 26.8961 9.55487 12.3
    endloop
  endfacet
  facet normal 0 0 1
    outer loop
      vertex 26.8956 9.54731 12.3
      vertex 23.8406 9.3 12.3
      vertex 26.8794 9.3 12.3
    endloop
  endfacet
  facet normal 0 0 1
    outer loop
      vertex 26.8976 9.5623 12.3
      vertex 23.8239 9.55487 12.3
      vertex 26.8961 9.55487 12.3
    endloop
  endfacet
  facet normal 0 0 1
    outer loop
      vertex 27.0256 10.0401 12.3
      vertex 23.7717 9.81255 12.3
      vertex 26.9459 9.80538 12.3
    endloop
  endfacet
  facet normal 0 0 1
    outer loop
      vertex 23.692 10.0472 12.3
      vertex 27.028 10.0472 12.3
      vertex 27.0314 10.054 12.3
    endloop
  endfacet
  facet normal 0 0 1
    outer loop
      vertex 23.6886 10.054 12.3
      vertex 27.0314 10.054 12.3
      vertex 27.141 10.2763 12.3
    endloop
  endfacet
  facet normal 0 0 1
    outer loop
      vertex 23.579 10.2763 12.3
      vertex 27.141 10.2763 12.3
      vertex 27.2787 10.4824 12.3
    endloop
  endfacet
  facet normal 0 0 1
    outer loop
      vertex 23.4413 10.4824 12.3
      vertex 27.2787 10.4824 12.3
      vertex 27.2829 10.4887 12.3
    endloop
  endfacet
  facet normal -0 0 1
    outer loop
      vertex 23.4321 10.4944 12.3
      vertex 27.2829 10.4887 12.3
      vertex 27.4463 10.675 12.3
    endloop
  endfacet
  facet normal -0 0 1
    outer loop
      vertex 23.2687 10.6807 12.3
      vertex 27.4463 10.675 12.3
      vertex 27.4513 10.6807 12.3
    endloop
  endfacet
  facet normal 0 0 1
    outer loop
      vertex 23.2687 10.6807 12.3
      vertex 27.4513 10.6807 12.3
      vertex 27.457 10.6857 12.3
    endloop
  endfacet
  facet normal 0 0 1
    outer loop
      vertex 23.263 10.6857 12.3
      vertex 27.457 10.6857 12.3
      vertex 27.6433 10.8491 12.3
    endloop
  endfacet
  facet normal 0 0 1
    outer loop
      vertex 23.0767 10.8491 12.3
      vertex 27.6433 10.8491 12.3
      vertex 27.6496 10.8533 12.3
    endloop
  endfacet
  facet normal 0 0 1
    outer loop
      vertex 23.0767 10.8491 12.3
      vertex 27.6496 10.8533 12.3
      vertex 27.8557 10.991 12.3
    endloop
  endfacet
  facet normal -0 0 1
    outer loop
      vertex 22.8575 10.9944 12.3
      vertex 27.8557 10.991 12.3
      vertex 28.078 11.1006 12.3
    endloop
  endfacet
  facet normal -0 0 1
    outer loop
      vertex 22.6352 11.104 12.3
      vertex 28.078 11.1006 12.3
      vertex 28.0848 11.104 12.3
    endloop
  endfacet
  facet normal 0 0 1
    outer loop
      vertex 26.8956 9.54731 12.3
      vertex 23.8244 9.54731 12.3
      vertex 23.8406 9.3 12.3
    endloop
  endfacet
  facet normal 0 0 1
    outer loop
      vertex 26.8961 9.55487 12.3
      vertex 23.8239 9.55487 12.3
      vertex 23.8244 9.54731 12.3
    endloop
  endfacet
  facet normal 0 0 1
    outer loop
      vertex 26.9459 9.80538 12.3
      vertex 23.7756 9.79795 12.3
      vertex 23.8239 9.55487 12.3
    endloop
  endfacet
  facet normal 0 0 1
    outer loop
      vertex 22.6352 11.104 12.3
      vertex 28.0848 11.104 12.3
      vertex 28.0919 11.1064 12.3
    endloop
  endfacet
  facet normal 0 0 1
    outer loop
      vertex 22.6281 11.1064 12.3
      vertex 28.0919 11.1064 12.3
      vertex 28.3266 11.1861 12.3
    endloop
  endfacet
  facet normal 0 0 1
    outer loop
      vertex 26.9459 9.80538 12.3
      vertex 23.7741 9.80538 12.3
      vertex 23.7756 9.79795 12.3
    endloop
  endfacet
  facet normal 0 0 1
    outer loop
      vertex 26.9459 9.80538 12.3
      vertex 23.7717 9.81255 12.3
      vertex 23.7741 9.80538 12.3
    endloop
  endfacet
  facet normal 0 0 1
    outer loop
      vertex 27.0256 10.0401 12.3
      vertex 23.692 10.0472 12.3
      vertex 23.7717 9.81255 12.3
    endloop
  endfacet
  facet normal 0 0 1
    outer loop
      vertex 27.0314 10.054 12.3
      vertex 23.6886 10.054 12.3
      vertex 23.692 10.0472 12.3
    endloop
  endfacet
  facet normal 0 0 1
    outer loop
      vertex 27.141 10.2763 12.3
      vertex 23.579 10.2763 12.3
      vertex 23.6886 10.054 12.3
    endloop
  endfacet
  facet normal 0 0 1
    outer loop
      vertex 28.5771 11.2359 12.3
      vertex 22.1429 11.2359 12.3
      vertex 28.5697 11.2344 12.3
    endloop
  endfacet
  facet normal 0 0 1
    outer loop
      vertex 27.2787 10.4824 12.3
      vertex 23.4413 10.4824 12.3
      vertex 23.579 10.2763 12.3
    endloop
  endfacet
  facet normal 0 0 1
    outer loop
      vertex 27.2829 10.4887 12.3
      vertex 23.4371 10.4887 12.3
      vertex 23.4413 10.4824 12.3
    endloop
  endfacet
  facet normal 0 0 1
    outer loop
      vertex 27.2829 10.4887 12.3
      vertex 23.4321 10.4944 12.3
      vertex 23.4371 10.4887 12.3
    endloop
  endfacet
  facet normal 0 0 1
    outer loop
      vertex 27.4463 10.675 12.3
      vertex 23.2687 10.6807 12.3
      vertex 23.4321 10.4944 12.3
    endloop
  endfacet
  facet normal 0 0 1
    outer loop
      vertex 27.457 10.6857 12.3
      vertex 23.263 10.6857 12.3
      vertex 23.2687 10.6807 12.3
    endloop
  endfacet
  facet normal 0 0 1
    outer loop
      vertex 27.6433 10.8491 12.3
      vertex 23.0767 10.8491 12.3
      vertex 23.263 10.6857 12.3
    endloop
  endfacet
  facet normal 0 0 1
    outer loop
      vertex 27.8557 10.991 12.3
      vertex 22.8706 10.9868 12.3
      vertex 23.0767 10.8491 12.3
    endloop
  endfacet
  facet normal 0 0 1
    outer loop
      vertex 27.8557 10.991 12.3
      vertex 22.8643 10.991 12.3
      vertex 22.8706 10.9868 12.3
    endloop
  endfacet
  facet normal 0 0 1
    outer loop
      vertex 27.8557 10.991 12.3
      vertex 22.8575 10.9944 12.3
      vertex 22.8643 10.991 12.3
    endloop
  endfacet
  facet normal 0 0 1
    outer loop
      vertex 28.078 11.1006 12.3
      vertex 22.6352 11.104 12.3
      vertex 22.8575 10.9944 12.3
    endloop
  endfacet
  facet normal 0 0 1
    outer loop
      vertex 28.0919 11.1064 12.3
      vertex 22.6281 11.1064 12.3
      vertex 22.6352 11.104 12.3
    endloop
  endfacet
  facet normal 0 0 1
    outer loop
      vertex 28.3266 11.1861 12.3
      vertex 22.3934 11.1861 12.3
      vertex 22.6281 11.1064 12.3
    endloop
  endfacet
  facet normal 0 0 1
    outer loop
      vertex 28.3266 11.1861 12.3
      vertex 22.1503 11.2344 12.3
      vertex 22.3934 11.1861 12.3
    endloop
  endfacet
  facet normal 0 0 1
    outer loop
      vertex 28.3266 11.1861 12.3
      vertex 22.1429 11.2359 12.3
      vertex 22.1503 11.2344 12.3
    endloop
  endfacet
  facet normal 0 0 1
    outer loop
      vertex 28.5697 11.2344 12.3
      vertex 22.1429 11.2359 12.3
      vertex 28.3266 11.1861 12.3
    endloop
  endfacet
  facet normal 0 0 1
    outer loop
      vertex 22.1429 11.2359 12.3
      vertex 0 18.6 12.3
      vertex 22.1353 11.2364 12.3
    endloop
  endfacet
  facet normal 0 0 1
    outer loop
      vertex 22.1353 11.2364 12.3
      vertex 0 18.6 12.3
      vertex 21.888 11.2526 12.3
    endloop
  endfacet
  facet normal 0 0 1
    outer loop
      vertex 21.888 11.2526 12.3
      vertex 0 18.6 12.3
      vertex 21.6407 11.2364 12.3
    endloop
  endfacet
  facet normal 0 0 1
    outer loop
      vertex 15.9203 10.991 12.3
      vertex 20.9185 10.9944 12.3
      vertex 21.1408 11.104 12.3
    endloop
  endfacet
  facet normal 0 0 1
    outer loop
      vertex 15.9266 10.9868 12.3
      vertex 20.9054 10.9868 12.3
      vertex 20.9117 10.991 12.3
    endloop
  endfacet
  facet normal 0 0 1
    outer loop
      vertex 16.4931 10.4887 12.3
      vertex 20.3439 10.4944 12.3
      vertex 20.5073 10.6807 12.3
    endloop
  endfacet
  facet normal 0 0 1
    outer loop
      vertex 16.8804 9.54731 12.3
      vertex 19.9516 9.54731 12.3
      vertex 19.9521 9.55487 12.3
    endloop
  endfacet
  facet normal 0 0 1
    outer loop
      vertex 19.9516 9.54731 12.3
      vertex 16.8966 9.3 12.3
      vertex 19.9354 9.3 12.3
    endloop
  endfacet
  facet normal -0 0 1
    outer loop
      vertex 16.8784 9.5623 12.3
      vertex 19.9521 9.55487 12.3
      vertex 20.0004 9.79795 12.3
    endloop
  endfacet
  facet normal -0 0 1
    outer loop
      vertex 16.8301 9.80538 12.3
      vertex 20.0004 9.79795 12.3
      vertex 20.0019 9.80538 12.3
    endloop
  endfacet
  facet normal 0 0 1
    outer loop
      vertex 16.8301 9.80538 12.3
      vertex 20.0019 9.80538 12.3
      vertex 20.0043 9.81255 12.3
    endloop
  endfacet
  facet normal 0 0 1
    outer loop
      vertex 16.8301 9.80538 12.3
      vertex 20.0043 9.81255 12.3
      vertex 20.084 10.0472 12.3
    endloop
  endfacet
  facet normal 0 0 1
    outer loop
      vertex 16.748 10.0472 12.3
      vertex 20.084 10.0472 12.3
      vertex 20.0874 10.054 12.3
    endloop
  endfacet
  facet normal 0 0 1
    outer loop
      vertex 16.7446 10.054 12.3
      vertex 20.0874 10.054 12.3
      vertex 20.197 10.2763 12.3
    endloop
  endfacet
  facet normal 0 0 1
    outer loop
      vertex 16.635 10.2763 12.3
      vertex 20.197 10.2763 12.3
      vertex 20.3347 10.4824 12.3
    endloop
  endfacet
  facet normal 0 0 1
    outer loop
      vertex 16.4973 10.4824 12.3
      vertex 20.3347 10.4824 12.3
      vertex 20.3389 10.4887 12.3
    endloop
  endfacet
  facet normal 0 0 1
    outer loop
      vertex 20.3439 10.4944 12.3
      vertex 16.4931 10.4887 12.3
      vertex 20.3389 10.4887 12.3
    endloop
  endfacet
  facet normal 0 0 1
    outer loop
      vertex 16.3247 10.6807 12.3
      vertex 20.5073 10.6807 12.3
      vertex 20.513 10.6857 12.3
    endloop
  endfacet
  facet normal 0 0 1
    outer loop
      vertex 16.319 10.6857 12.3
      vertex 20.513 10.6857 12.3
      vertex 20.6993 10.8491 12.3
    endloop
  endfacet
  facet normal 0 0 1
    outer loop
      vertex 20.9054 10.9868 12.3
      vertex 16.1327 10.8491 12.3
      vertex 20.6993 10.8491 12.3
    endloop
  endfacet
  facet normal 0 0 1
    outer loop
      vertex 20.9185 10.9944 12.3
      vertex 15.9203 10.991 12.3
      vertex 20.9117 10.991 12.3
    endloop
  endfacet
  facet normal 0 0 1
    outer loop
      vertex 19.9516 9.54731 12.3
      vertex 16.8804 9.54731 12.3
      vertex 16.8966 9.3 12.3
    endloop
  endfacet
  facet normal 0 0 1
    outer loop
      vertex 19.9521 9.55487 12.3
      vertex 16.8799 9.55487 12.3
      vertex 16.8804 9.54731 12.3
    endloop
  endfacet
  facet normal 0 0 1
    outer loop
      vertex 19.9521 9.55487 12.3
      vertex 16.8784 9.5623 12.3
      vertex 16.8799 9.55487 12.3
    endloop
  endfacet
  facet normal 0 0 1
    outer loop
      vertex 20.0004 9.79795 12.3
      vertex 16.8301 9.80538 12.3
      vertex 16.8784 9.5623 12.3
    endloop
  endfacet
  facet normal 0 0 1
    outer loop
      vertex 15.6912 11.104 12.3
      vertex 21.1408 11.104 12.3
      vertex 21.1479 11.1064 12.3
    endloop
  endfacet
  facet normal 0 0 1
    outer loop
      vertex 15.6841 11.1064 12.3
      vertex 21.1479 11.1064 12.3
      vertex 21.3826 11.1861 12.3
    endloop
  endfacet
  facet normal 0 0 1
    outer loop
      vertex 20.084 10.0472 12.3
      vertex 16.7504 10.0401 12.3
      vertex 16.8301 9.80538 12.3
    endloop
  endfacet
  facet normal 0 0 1
    outer loop
      vertex 20.084 10.0472 12.3
      vertex 16.748 10.0472 12.3
      vertex 16.7504 10.0401 12.3
    endloop
  endfacet
  facet normal 0 0 1
    outer loop
      vertex 20.0874 10.054 12.3
      vertex 16.7446 10.054 12.3
      vertex 16.748 10.0472 12.3
    endloop
  endfacet
  facet normal 0 0 1
    outer loop
      vertex 20.197 10.2763 12.3
      vertex 16.635 10.2763 12.3
      vertex 16.7446 10.054 12.3
    endloop
  endfacet
  facet normal 0 0 1
    outer loop
      vertex 15.4494 11.1861 12.3
      vertex 21.3826 11.1861 12.3
      vertex 21.6257 11.2344 12.3
    endloop
  endfacet
  facet normal 0 0 1
    outer loop
      vertex 15.4494 11.1861 12.3
      vertex 21.6257 11.2344 12.3
      vertex 21.6331 11.2359 12.3
    endloop
  endfacet
  facet normal 0 0 1
    outer loop
      vertex 20.3347 10.4824 12.3
      vertex 16.4973 10.4824 12.3
      vertex 16.635 10.2763 12.3
    endloop
  endfacet
  facet normal 0 0 1
    outer loop
      vertex 21.6407 11.2364 12.3
      vertex 0 18.6 12.3
      vertex 21.6331 11.2359 12.3
    endloop
  endfacet
  facet normal 0 0 1
    outer loop
      vertex 20.3389 10.4887 12.3
      vertex 16.4931 10.4887 12.3
      vertex 16.4973 10.4824 12.3
    endloop
  endfacet
  facet normal 0 0 1
    outer loop
      vertex 20.5073 10.6807 12.3
      vertex 16.3297 10.675 12.3
      vertex 16.4931 10.4887 12.3
    endloop
  endfacet
  facet normal 0 0 1
    outer loop
      vertex 20.5073 10.6807 12.3
      vertex 16.3247 10.6807 12.3
      vertex 16.3297 10.675 12.3
    endloop
  endfacet
  facet normal 0 0 1
    outer loop
      vertex 20.513 10.6857 12.3
      vertex 16.319 10.6857 12.3
      vertex 16.3247 10.6807 12.3
    endloop
  endfacet
  facet normal 0 0 1
    outer loop
      vertex 20.6993 10.8491 12.3
      vertex 16.1327 10.8491 12.3
      vertex 16.319 10.6857 12.3
    endloop
  endfacet
  facet normal 0 0 1
    outer loop
      vertex 20.9054 10.9868 12.3
      vertex 15.9266 10.9868 12.3
      vertex 16.1327 10.8491 12.3
    endloop
  endfacet
  facet normal 0 0 1
    outer loop
      vertex 20.9117 10.991 12.3
      vertex 15.9203 10.991 12.3
      vertex 15.9266 10.9868 12.3
    endloop
  endfacet
  facet normal 0 0 1
    outer loop
      vertex 21.1408 11.104 12.3
      vertex 15.698 11.1006 12.3
      vertex 15.9203 10.991 12.3
    endloop
  endfacet
  facet normal 0 0 1
    outer loop
      vertex 21.1408 11.104 12.3
      vertex 15.6912 11.104 12.3
      vertex 15.698 11.1006 12.3
    endloop
  endfacet
  facet normal 0 0 1
    outer loop
      vertex 21.1479 11.1064 12.3
      vertex 15.6841 11.1064 12.3
      vertex 15.6912 11.104 12.3
    endloop
  endfacet
  facet normal 0 0 1
    outer loop
      vertex 21.3826 11.1861 12.3
      vertex 15.4494 11.1861 12.3
      vertex 15.6841 11.1064 12.3
    endloop
  endfacet
  facet normal 0 -0 1
    outer loop
      vertex 15.1989 11.2359 12.3
      vertex 21.6331 11.2359 12.3
      vertex 0 18.6 12.3
    endloop
  endfacet
  facet normal 0 0 1
    outer loop
      vertex 21.6331 11.2359 12.3
      vertex 15.2063 11.2344 12.3
      vertex 15.4494 11.1861 12.3
    endloop
  endfacet
  facet normal 0 0 1
    outer loop
      vertex 21.6331 11.2359 12.3
      vertex 15.1989 11.2359 12.3
      vertex 15.2063 11.2344 12.3
    endloop
  endfacet
  facet normal 0 0 1
    outer loop
      vertex 15.1989 11.2359 12.3
      vertex 0 18.6 12.3
      vertex 15.1913 11.2364 12.3
    endloop
  endfacet
  facet normal 0 0 1
    outer loop
      vertex 15.1913 11.2364 12.3
      vertex 0 18.6 12.3
      vertex 14.944 11.2526 12.3
    endloop
  endfacet
  facet normal 0 0 1
    outer loop
      vertex 14.944 11.2526 12.3
      vertex 0 18.6 12.3
      vertex 14.6967 11.2364 12.3
    endloop
  endfacet
  facet normal -0 0 1
    outer loop
      vertex 8.50538 11.1861 12.3
      vertex 14.4314 11.1837 12.3
      vertex 14.4386 11.1861 12.3
    endloop
  endfacet
  facet normal 0 0 1
    outer loop
      vertex 8.96952 10.9944 12.3
      vertex 13.9745 10.9944 12.3
      vertex 14.1968 11.104 12.3
    endloop
  endfacet
  facet normal 0 0 1
    outer loop
      vertex 8.98261 10.9868 12.3
      vertex 13.9614 10.9868 12.3
      vertex 13.9677 10.991 12.3
    endloop
  endfacet
  facet normal 0 0 1
    outer loop
      vertex 9.55333 10.4824 12.3
      vertex 13.3907 10.4824 12.3
      vertex 13.3949 10.4887 12.3
    endloop
  endfacet
  facet normal -0 0 1
    outer loop
      vertex 9.8861 9.80538 12.3
      vertex 13.0564 9.79795 12.3
      vertex 13.0579 9.80538 12.3
    endloop
  endfacet
  facet normal 0 0 1
    outer loop
      vertex 12.9919 9.30756 12.3
      vertex 9.95263 9.3 12.3
      vertex 12.9914 9.3 12.3
    endloop
  endfacet
  facet normal 0 0 1
    outer loop
      vertex 9.95214 9.30756 12.3
      vertex 12.9919 9.30756 12.3
      vertex 13.0081 9.55487 12.3
    endloop
  endfacet
  facet normal 0 0 1
    outer loop
      vertex 13.0564 9.79795 12.3
      vertex 9.93445 9.5623 12.3
      vertex 13.0081 9.55487 12.3
    endloop
  endfacet
  facet normal 0 0 1
    outer loop
      vertex 9.8861 9.80538 12.3
      vertex 13.0579 9.80538 12.3
      vertex 13.1376 10.0401 12.3
    endloop
  endfacet
  facet normal 0 0 1
    outer loop
      vertex 9.80643 10.0401 12.3
      vertex 13.1376 10.0401 12.3
      vertex 13.14 10.0472 12.3
    endloop
  endfacet
  facet normal 0 0 1
    outer loop
      vertex 9.804 10.0472 12.3
      vertex 13.14 10.0472 12.3
      vertex 13.1434 10.054 12.3
    endloop
  endfacet
  facet normal 0 0 1
    outer loop
      vertex 9.80065 10.054 12.3
      vertex 13.1434 10.054 12.3
      vertex 13.253 10.2763 12.3
    endloop
  endfacet
  facet normal 0 0 1
    outer loop
      vertex 13.3907 10.4824 12.3
      vertex 9.69103 10.2763 12.3
      vertex 13.253 10.2763 12.3
    endloop
  endfacet
  facet normal 0 0 1
    outer loop
      vertex 9.54913 10.4887 12.3
      vertex 13.3949 10.4887 12.3
      vertex 13.5583 10.675 12.3
    endloop
  endfacet
  facet normal 0 0 1
    outer loop
      vertex 9.38571 10.675 12.3
      vertex 13.5583 10.675 12.3
      vertex 13.5633 10.6807 12.3
    endloop
  endfacet
  facet normal 0 0 1
    outer loop
      vertex 9.38072 10.6807 12.3
      vertex 13.5633 10.6807 12.3
      vertex 13.569 10.6857 12.3
    endloop
  endfacet
  facet normal 0 0 1
    outer loop
      vertex 9.37502 10.6857 12.3
      vertex 13.569 10.6857 12.3
      vertex 13.7553 10.8491 12.3
    endloop
  endfacet
  facet normal 0 0 1
    outer loop
      vertex 13.9614 10.9868 12.3
      vertex 9.18869 10.8491 12.3
      vertex 13.7553 10.8491 12.3
    endloop
  endfacet
  facet normal 0 0 1
    outer loop
      vertex 13.9745 10.9944 12.3
      vertex 8.96952 10.9944 12.3
      vertex 13.9677 10.991 12.3
    endloop
  endfacet
  facet normal 0 0 1
    outer loop
      vertex 12.9919 9.30756 12.3
      vertex 9.95214 9.30756 12.3
      vertex 9.95263 9.3 12.3
    endloop
  endfacet
  facet normal 0 0 1
    outer loop
      vertex 13.0081 9.55487 12.3
      vertex 9.93593 9.55487 12.3
      vertex 9.95214 9.30756 12.3
    endloop
  endfacet
  facet normal 0 0 1
    outer loop
      vertex 13.0081 9.55487 12.3
      vertex 9.93445 9.5623 12.3
      vertex 9.93593 9.55487 12.3
    endloop
  endfacet
  facet normal 0 0 1
    outer loop
      vertex 13.0564 9.79795 12.3
      vertex 9.8861 9.80538 12.3
      vertex 9.93445 9.5623 12.3
    endloop
  endfacet
  facet normal 0 0 1
    outer loop
      vertex 14.4314 11.1837 12.3
      vertex 8.74007 11.1064 12.3
      vertex 14.1968 11.104 12.3
    endloop
  endfacet
  facet normal 0 0 1
    outer loop
      vertex 13.1376 10.0401 12.3
      vertex 9.80643 10.0401 12.3
      vertex 9.8861 9.80538 12.3
    endloop
  endfacet
  facet normal 0 0 1
    outer loop
      vertex 13.14 10.0472 12.3
      vertex 9.804 10.0472 12.3
      vertex 9.80643 10.0401 12.3
    endloop
  endfacet
  facet normal 0 0 1
    outer loop
      vertex 13.1434 10.054 12.3
      vertex 9.80065 10.054 12.3
      vertex 9.804 10.0472 12.3
    endloop
  endfacet
  facet normal 0 0 1
    outer loop
      vertex 13.253 10.2763 12.3
      vertex 9.69103 10.2763 12.3
      vertex 9.80065 10.054 12.3
    endloop
  endfacet
  facet normal 0 0 1
    outer loop
      vertex 0 18.6 12.3
      vertex 14.4386 11.1861 12.3
      vertex 14.6817 11.2344 12.3
    endloop
  endfacet
  facet normal 0 0 1
    outer loop
      vertex 0 18.6 12.3
      vertex 14.6817 11.2344 12.3
      vertex 14.6891 11.2359 12.3
    endloop
  endfacet
  facet normal 0 0 1
    outer loop
      vertex 13.3907 10.4824 12.3
      vertex 9.55333 10.4824 12.3
      vertex 9.69103 10.2763 12.3
    endloop
  endfacet
  facet normal 0 0 1
    outer loop
      vertex 14.6967 11.2364 12.3
      vertex 0 18.6 12.3
      vertex 14.6891 11.2359 12.3
    endloop
  endfacet
  facet normal 0 0 1
    outer loop
      vertex 13.3949 10.4887 12.3
      vertex 9.54913 10.4887 12.3
      vertex 9.55333 10.4824 12.3
    endloop
  endfacet
  facet normal 0 0 1
    outer loop
      vertex 13.5583 10.675 12.3
      vertex 9.38571 10.675 12.3
      vertex 9.54913 10.4887 12.3
    endloop
  endfacet
  facet normal 0 0 1
    outer loop
      vertex 13.5633 10.6807 12.3
      vertex 9.38072 10.6807 12.3
      vertex 9.38571 10.675 12.3
    endloop
  endfacet
  facet normal 0 0 1
    outer loop
      vertex 13.569 10.6857 12.3
      vertex 9.37502 10.6857 12.3
      vertex 9.38072 10.6807 12.3
    endloop
  endfacet
  facet normal 0 0 1
    outer loop
      vertex 13.7553 10.8491 12.3
      vertex 9.18869 10.8491 12.3
      vertex 9.37502 10.6857 12.3
    endloop
  endfacet
  facet normal 0 0 1
    outer loop
      vertex 13.9614 10.9868 12.3
      vertex 8.98261 10.9868 12.3
      vertex 9.18869 10.8491 12.3
    endloop
  endfacet
  facet normal 0 0 1
    outer loop
      vertex 13.9677 10.991 12.3
      vertex 8.97632 10.991 12.3
      vertex 8.98261 10.9868 12.3
    endloop
  endfacet
  facet normal 0 0 1
    outer loop
      vertex 14.4386 11.1861 12.3
      vertex 0 18.6 12.3
      vertex 8.50538 11.1861 12.3
    endloop
  endfacet
  facet normal 0 0 1
    outer loop
      vertex 13.9677 10.991 12.3
      vertex 8.96952 10.9944 12.3
      vertex 8.97632 10.991 12.3
    endloop
  endfacet
  facet normal 0 0 1
    outer loop
      vertex 14.1968 11.104 12.3
      vertex 8.74724 11.104 12.3
      vertex 8.96952 10.9944 12.3
    endloop
  endfacet
  facet normal 0 0 1
    outer loop
      vertex 14.1968 11.104 12.3
      vertex 8.74007 11.1064 12.3
      vertex 8.74724 11.104 12.3
    endloop
  endfacet
  facet normal 0 0 1
    outer loop
      vertex 14.4314 11.1837 12.3
      vertex 8.50538 11.1861 12.3
      vertex 8.74007 11.1064 12.3
    endloop
  endfacet
  facet normal 0 0 1
    outer loop
      vertex 8.50538 11.1861 12.3
      vertex 0 18.6 12.3
      vertex 8.2623 11.2344 12.3
    endloop
  endfacet
  facet normal 0 0 1
    outer loop
      vertex 8.2623 11.2344 12.3
      vertex 0 18.6 12.3
      vertex 8.25487 11.2359 12.3
    endloop
  endfacet
  facet normal 0 0 1
    outer loop
      vertex 8.25487 11.2359 12.3
      vertex 0 18.6 12.3
      vertex 8.24731 11.2364 12.3
    endloop
  endfacet
  facet normal 0 0 1
    outer loop
      vertex 8.24731 11.2364 12.3
      vertex 0 18.6 12.3
      vertex 8 11.2526 12.3
    endloop
  endfacet
  facet normal 0 0 1
    outer loop
      vertex 8 11.2526 12.3
      vertex 0 18.6 12.3
      vertex 7.75269 11.2364 12.3
    endloop
  endfacet
  facet normal 0 0 1
    outer loop
      vertex 0 18.6 12.3
      vertex 6.61429 10.675 12.3
      vertex 6.61928 10.6807 12.3
    endloop
  endfacet
  facet normal 0 0 1
    outer loop
      vertex 0 18.6 12.3
      vertex 6.44667 10.4824 12.3
      vertex 6.45087 10.4887 12.3
    endloop
  endfacet
  facet normal 0 0 1
    outer loop
      vertex 0 18.6 12.3
      vertex 6.19935 10.054 12.3
      vertex 6.30897 10.2763 12.3
    endloop
  endfacet
  facet normal 0 0 1
    outer loop
      vertex 0 18.6 12.3
      vertex 6.06555 9.5623 12.3
      vertex 6.1139 9.80538 12.3
    endloop
  endfacet
  facet normal 0 0 1
    outer loop
      vertex 0 18.6 12.3
      vertex 6.06358 9.54731 12.3
      vertex 6.06407 9.55487 12.3
    endloop
  endfacet
  facet normal 0 0 1
    outer loop
      vertex 6.06358 9.54731 12.3
      vertex 0 18.6 12.3
      vertex 6.04737 9.3 12.3
    endloop
  endfacet
  facet normal 0 0 1
    outer loop
      vertex 6.06555 9.5623 12.3
      vertex 0 18.6 12.3
      vertex 6.06407 9.55487 12.3
    endloop
  endfacet
  facet normal 0 0 1
    outer loop
      vertex 6.19357 10.0401 12.3
      vertex 0 18.6 12.3
      vertex 6.1139 9.80538 12.3
    endloop
  endfacet
  facet normal 0 0 1
    outer loop
      vertex 6.196 10.0472 12.3
      vertex 0 18.6 12.3
      vertex 6.19357 10.0401 12.3
    endloop
  endfacet
  facet normal 0 0 1
    outer loop
      vertex 6.19935 10.054 12.3
      vertex 0 18.6 12.3
      vertex 6.196 10.0472 12.3
    endloop
  endfacet
  facet normal 0 0 1
    outer loop
      vertex 6.44667 10.4824 12.3
      vertex 0 18.6 12.3
      vertex 6.30897 10.2763 12.3
    endloop
  endfacet
  facet normal 0 0 1
    outer loop
      vertex 6.61429 10.675 12.3
      vertex 0 18.6 12.3
      vertex 6.45087 10.4887 12.3
    endloop
  endfacet
  facet normal 0 0 1
    outer loop
      vertex 6.62497 10.6857 12.3
      vertex 0 18.6 12.3
      vertex 6.61928 10.6807 12.3
    endloop
  endfacet
  facet normal 0 0 1
    outer loop
      vertex 6.81131 10.8491 12.3
      vertex 0 18.6 12.3
      vertex 6.62497 10.6857 12.3
    endloop
  endfacet
  facet normal 0 0 1
    outer loop
      vertex 6.81761 10.8533 12.3
      vertex 0 18.6 12.3
      vertex 6.81131 10.8491 12.3
    endloop
  endfacet
  facet normal 0 0 1
    outer loop
      vertex 7.02368 10.991 12.3
      vertex 0 18.6 12.3
      vertex 6.81761 10.8533 12.3
    endloop
  endfacet
  facet normal 0 0 1
    outer loop
      vertex 7.24597 11.1006 12.3
      vertex 0 18.6 12.3
      vertex 7.02368 10.991 12.3
    endloop
  endfacet
  facet normal 0 0 1
    outer loop
      vertex 7.25276 11.104 12.3
      vertex 0 18.6 12.3
      vertex 7.24597 11.1006 12.3
    endloop
  endfacet
  facet normal 0 0 1
    outer loop
      vertex 7.25993 11.1064 12.3
      vertex 0 18.6 12.3
      vertex 7.25276 11.104 12.3
    endloop
  endfacet
  facet normal 0 0 1
    outer loop
      vertex 7.49462 11.1861 12.3
      vertex 0 18.6 12.3
      vertex 7.25993 11.1064 12.3
    endloop
  endfacet
  facet normal 0 0 1
    outer loop
      vertex 7.7377 11.2344 12.3
      vertex 0 18.6 12.3
      vertex 7.49462 11.1861 12.3
    endloop
  endfacet
  facet normal 0 0 1
    outer loop
      vertex 7.74513 11.2359 12.3
      vertex 0 18.6 12.3
      vertex 7.7377 11.2344 12.3
    endloop
  endfacet
  facet normal 0 0 1
    outer loop
      vertex 7.75269 11.2364 12.3
      vertex 0 18.6 12.3
      vertex 7.74513 11.2359 12.3
    endloop
  endfacet
  facet normal -0 0 1
    outer loop
      vertex 58.5601 9.29244 12.3
      vertex 64.608 0 12.3
      vertex 58.5606 9.3 12.3
    endloop
  endfacet
  facet normal -0 0 1
    outer loop
      vertex 58.5439 9.04513 12.3
      vertex 64.608 0 12.3
      vertex 58.5601 9.29244 12.3
    endloop
  endfacet
  facet normal -0 0 1
    outer loop
      vertex 58.4956 8.80205 12.3
      vertex 64.608 0 12.3
      vertex 58.5439 9.04513 12.3
    endloop
  endfacet
  facet normal -0 0 1
    outer loop
      vertex 58.4941 8.79462 12.3
      vertex 64.608 0 12.3
      vertex 58.4956 8.80205 12.3
    endloop
  endfacet
  facet normal -0 0 1
    outer loop
      vertex 58.4144 8.55993 12.3
      vertex 64.608 0 12.3
      vertex 58.4941 8.79462 12.3
    endloop
  endfacet
  facet normal -0 0 1
    outer loop
      vertex 58.412 8.55276 12.3
      vertex 64.608 0 12.3
      vertex 58.4144 8.55993 12.3
    endloop
  endfacet
  facet normal -0 0 1
    outer loop
      vertex 58.4086 8.54597 12.3
      vertex 64.608 0 12.3
      vertex 58.412 8.55276 12.3
    endloop
  endfacet
  facet normal -0 0 1
    outer loop
      vertex 58.299 8.32368 12.3
      vertex 64.608 0 12.3
      vertex 58.4086 8.54597 12.3
    endloop
  endfacet
  facet normal -0 0 1
    outer loop
      vertex 58.2948 8.31739 12.3
      vertex 64.608 0 12.3
      vertex 58.299 8.32368 12.3
    endloop
  endfacet
  facet normal -0 0 1
    outer loop
      vertex 58.1571 8.11131 12.3
      vertex 64.608 0 12.3
      vertex 58.2948 8.31739 12.3
    endloop
  endfacet
  facet normal -0 0 1
    outer loop
      vertex 57.9937 7.92497 12.3
      vertex 64.608 0 12.3
      vertex 58.1571 8.11131 12.3
    endloop
  endfacet
  facet normal -0 0 1
    outer loop
      vertex 57.9887 7.91928 12.3
      vertex 64.608 0 12.3
      vertex 57.9937 7.92497 12.3
    endloop
  endfacet
  facet normal -0 0 1
    outer loop
      vertex 57.983 7.91429 12.3
      vertex 64.608 0 12.3
      vertex 57.9887 7.91928 12.3
    endloop
  endfacet
  facet normal -0 0 1
    outer loop
      vertex 57.7967 7.75087 12.3
      vertex 64.608 0 12.3
      vertex 57.983 7.91429 12.3
    endloop
  endfacet
  facet normal -0 0 1
    outer loop
      vertex 57.5906 7.61318 12.3
      vertex 64.608 0 12.3
      vertex 57.7967 7.75087 12.3
    endloop
  endfacet
  facet normal -0 0 1
    outer loop
      vertex 57.5843 7.60897 12.3
      vertex 64.608 0 12.3
      vertex 57.5906 7.61318 12.3
    endloop
  endfacet
  facet normal -0 0 1
    outer loop
      vertex 57.5775 7.60562 12.3
      vertex 64.608 0 12.3
      vertex 57.5843 7.60897 12.3
    endloop
  endfacet
  facet normal -0 0 1
    outer loop
      vertex 57.3552 7.496 12.3
      vertex 64.608 0 12.3
      vertex 57.5775 7.60562 12.3
    endloop
  endfacet
  facet normal -0 0 1
    outer loop
      vertex 57.3481 7.49357 12.3
      vertex 64.608 0 12.3
      vertex 57.3552 7.496 12.3
    endloop
  endfacet
  facet normal -0 0 1
    outer loop
      vertex 57.1134 7.4139 12.3
      vertex 64.608 0 12.3
      vertex 57.3481 7.49357 12.3
    endloop
  endfacet
  facet normal -0 0 1
    outer loop
      vertex 57.1059 7.41243 12.3
      vertex 64.608 0 12.3
      vertex 57.1134 7.4139 12.3
    endloop
  endfacet
  facet normal -0 0 1
    outer loop
      vertex 56.8629 7.36407 12.3
      vertex 64.608 0 12.3
      vertex 57.1059 7.41243 12.3
    endloop
  endfacet
  facet normal -0 0 1
    outer loop
      vertex 56.6156 7.34786 12.3
      vertex 64.608 0 12.3
      vertex 56.8629 7.36407 12.3
    endloop
  endfacet
  facet normal -0 0 1
    outer loop
      vertex 56.608 7.34737 12.3
      vertex 64.608 0 12.3
      vertex 56.6156 7.34786 12.3
    endloop
  endfacet
  facet normal 0 0 1
    outer loop
      vertex 56.6004 7.34786 12.3
      vertex 64.608 0 12.3
      vertex 56.608 7.34737 12.3
    endloop
  endfacet
  facet normal 0 0 1
    outer loop
      vertex 56.3531 7.36407 12.3
      vertex 64.608 0 12.3
      vertex 56.6004 7.34786 12.3
    endloop
  endfacet
  facet normal 0 0 1
    outer loop
      vertex 56.1101 7.41243 12.3
      vertex 64.608 0 12.3
      vertex 56.3531 7.36407 12.3
    endloop
  endfacet
  facet normal 0 0 1
    outer loop
      vertex 56.1026 7.4139 12.3
      vertex 64.608 0 12.3
      vertex 56.1101 7.41243 12.3
    endloop
  endfacet
  facet normal 0 0 1
    outer loop
      vertex 50.1694 7.4139 12.3
      vertex 56.1026 7.4139 12.3
      vertex 55.8679 7.49357 12.3
    endloop
  endfacet
  facet normal 0 0 1
    outer loop
      vertex 50.4041 7.49357 12.3
      vertex 55.8679 7.49357 12.3
      vertex 55.8608 7.496 12.3
    endloop
  endfacet
  facet normal 0 0 1
    outer loop
      vertex 50.4112 7.496 12.3
      vertex 55.8608 7.496 12.3
      vertex 55.854 7.49935 12.3
    endloop
  endfacet
  facet normal 0 0 1
    outer loop
      vertex 50.4112 7.496 12.3
      vertex 55.854 7.49935 12.3
      vertex 55.6317 7.60897 12.3
    endloop
  endfacet
  facet normal 0 0 1
    outer loop
      vertex 50.6403 7.60897 12.3
      vertex 55.6317 7.60897 12.3
      vertex 55.6254 7.61318 12.3
    endloop
  endfacet
  facet normal 0 0 1
    outer loop
      vertex 50.6466 7.61318 12.3
      vertex 55.6254 7.61318 12.3
      vertex 55.4193 7.75087 12.3
    endloop
  endfacet
  facet normal 0 0 1
    outer loop
      vertex 51.039 7.91429 12.3
      vertex 55.233 7.91429 12.3
      vertex 55.2273 7.91928 12.3
    endloop
  endfacet
  facet normal -0 0 1
    outer loop
      vertex 51.6166 9.3 12.3
      vertex 54.6716 9.05269 12.3
      vertex 54.6554 9.3 12.3
    endloop
  endfacet
  facet normal 0 0 1
    outer loop
      vertex 51.6004 9.05269 12.3
      vertex 54.6716 9.05269 12.3
      vertex 51.6166 9.3 12.3
    endloop
  endfacet
  facet normal 0 0 1
    outer loop
      vertex 54.6716 9.05269 12.3
      vertex 51.6004 9.05269 12.3
      vertex 54.6721 9.04513 12.3
    endloop
  endfacet
  facet normal 0 0 1
    outer loop
      vertex 51.5999 9.04513 12.3
      vertex 54.6721 9.04513 12.3
      vertex 51.6004 9.05269 12.3
    endloop
  endfacet
  facet normal 0 0 1
    outer loop
      vertex 54.6721 9.04513 12.3
      vertex 51.5999 9.04513 12.3
      vertex 54.6735 9.0377 12.3
    endloop
  endfacet
  facet normal 0 0 1
    outer loop
      vertex 54.6735 9.0377 12.3
      vertex 51.5999 9.04513 12.3
      vertex 54.7219 8.79462 12.3
    endloop
  endfacet
  facet normal -0 0 1
    outer loop
      vertex 51.5516 8.80205 12.3
      vertex 54.7219 8.79462 12.3
      vertex 51.5999 9.04513 12.3
    endloop
  endfacet
  facet normal 0 0 1
    outer loop
      vertex 51.5501 8.79462 12.3
      vertex 54.7219 8.79462 12.3
      vertex 51.5516 8.80205 12.3
    endloop
  endfacet
  facet normal 0 0 1
    outer loop
      vertex 54.7219 8.79462 12.3
      vertex 51.5501 8.79462 12.3
      vertex 54.7243 8.78745 12.3
    endloop
  endfacet
  facet normal 0 0 1
    outer loop
      vertex 51.5477 8.78745 12.3
      vertex 54.7243 8.78745 12.3
      vertex 51.5501 8.79462 12.3
    endloop
  endfacet
  facet normal 0 0 1
    outer loop
      vertex 54.7243 8.78745 12.3
      vertex 51.5477 8.78745 12.3
      vertex 54.804 8.55276 12.3
    endloop
  endfacet
  facet normal 0 0 1
    outer loop
      vertex 51.468 8.55276 12.3
      vertex 54.804 8.55276 12.3
      vertex 51.5477 8.78745 12.3
    endloop
  endfacet
  facet normal 0 0 1
    outer loop
      vertex 54.804 8.55276 12.3
      vertex 51.468 8.55276 12.3
      vertex 54.9136 8.33048 12.3
    endloop
  endfacet
  facet normal 0 0 1
    outer loop
      vertex 51.3584 8.33048 12.3
      vertex 54.9136 8.33048 12.3
      vertex 51.468 8.55276 12.3
    endloop
  endfacet
  facet normal 0 0 1
    outer loop
      vertex 54.9136 8.33048 12.3
      vertex 51.3584 8.33048 12.3
      vertex 54.917 8.32368 12.3
    endloop
  endfacet
  facet normal 0 0 1
    outer loop
      vertex 51.355 8.32368 12.3
      vertex 54.917 8.32368 12.3
      vertex 51.3584 8.33048 12.3
    endloop
  endfacet
  facet normal 0 0 1
    outer loop
      vertex 54.917 8.32368 12.3
      vertex 51.355 8.32368 12.3
      vertex 54.9212 8.31739 12.3
    endloop
  endfacet
  facet normal 0 0 1
    outer loop
      vertex 54.9212 8.31739 12.3
      vertex 51.355 8.32368 12.3
      vertex 55.0589 8.11131 12.3
    endloop
  endfacet
  facet normal -0 0 1
    outer loop
      vertex 51.2173 8.11761 12.3
      vertex 55.0589 8.11131 12.3
      vertex 51.355 8.32368 12.3
    endloop
  endfacet
  facet normal 0 0 1
    outer loop
      vertex 51.2131 8.11131 12.3
      vertex 55.0589 8.11131 12.3
      vertex 51.2173 8.11761 12.3
    endloop
  endfacet
  facet normal 0 0 1
    outer loop
      vertex 51.2081 8.10562 12.3
      vertex 55.0589 8.11131 12.3
      vertex 51.2131 8.11131 12.3
    endloop
  endfacet
  facet normal 0 0 1
    outer loop
      vertex 55.0589 8.11131 12.3
      vertex 51.2081 8.10562 12.3
      vertex 55.2223 7.92497 12.3
    endloop
  endfacet
  facet normal 0 0 1
    outer loop
      vertex 51.0447 7.91928 12.3
      vertex 55.2223 7.92497 12.3
      vertex 51.2081 8.10562 12.3
    endloop
  endfacet
  facet normal 0 0 1
    outer loop
      vertex 55.2223 7.92497 12.3
      vertex 51.0447 7.91928 12.3
      vertex 55.2273 7.91928 12.3
    endloop
  endfacet
  facet normal 0 0 1
    outer loop
      vertex 51.039 7.91429 12.3
      vertex 55.2273 7.91928 12.3
      vertex 51.0447 7.91928 12.3
    endloop
  endfacet
  facet normal 0 0 1
    outer loop
      vertex 55.233 7.91429 12.3
      vertex 51.039 7.91429 12.3
      vertex 55.4193 7.75087 12.3
    endloop
  endfacet
  facet normal 0 0 1
    outer loop
      vertex 50.8527 7.75087 12.3
      vertex 55.4193 7.75087 12.3
      vertex 51.039 7.91429 12.3
    endloop
  endfacet
  facet normal 0 0 1
    outer loop
      vertex 50.6466 7.61318 12.3
      vertex 55.4193 7.75087 12.3
      vertex 50.8527 7.75087 12.3
    endloop
  endfacet
  facet normal 0 0 1
    outer loop
      vertex 55.6254 7.61318 12.3
      vertex 50.6466 7.61318 12.3
      vertex 50.6403 7.60897 12.3
    endloop
  endfacet
  facet normal 0 0 1
    outer loop
      vertex 55.6317 7.60897 12.3
      vertex 50.6403 7.60897 12.3
      vertex 50.6335 7.60562 12.3
    endloop
  endfacet
  facet normal 0 0 1
    outer loop
      vertex 55.6317 7.60897 12.3
      vertex 50.6335 7.60562 12.3
      vertex 50.4112 7.496 12.3
    endloop
  endfacet
  facet normal 0 0 1
    outer loop
      vertex 55.8608 7.496 12.3
      vertex 50.4112 7.496 12.3
      vertex 50.4041 7.49357 12.3
    endloop
  endfacet
  facet normal 0 0 1
    outer loop
      vertex 55.8679 7.49357 12.3
      vertex 50.4041 7.49357 12.3
      vertex 50.1694 7.4139 12.3
    endloop
  endfacet
  facet normal 0 0 1
    outer loop
      vertex 56.1026 7.4139 12.3
      vertex 50.1694 7.4139 12.3
      vertex 64.608 0 12.3
    endloop
  endfacet
  facet normal -0 0 1
    outer loop
      vertex 50.1619 7.41243 12.3
      vertex 64.608 0 12.3
      vertex 50.1694 7.4139 12.3
    endloop
  endfacet
  facet normal -0 0 1
    outer loop
      vertex 49.9189 7.36407 12.3
      vertex 64.608 0 12.3
      vertex 50.1619 7.41243 12.3
    endloop
  endfacet
  facet normal -0 0 1
    outer loop
      vertex 49.6716 7.34786 12.3
      vertex 64.608 0 12.3
      vertex 49.9189 7.36407 12.3
    endloop
  endfacet
  facet normal -0 0 1
    outer loop
      vertex 49.664 7.34737 12.3
      vertex 64.608 0 12.3
      vertex 49.6716 7.34786 12.3
    endloop
  endfacet
  facet normal 0 0 1
    outer loop
      vertex 49.6564 7.34786 12.3
      vertex 64.608 0 12.3
      vertex 49.664 7.34737 12.3
    endloop
  endfacet
  facet normal 0 0 1
    outer loop
      vertex 49.4091 7.36407 12.3
      vertex 64.608 0 12.3
      vertex 49.6564 7.34786 12.3
    endloop
  endfacet
  facet normal 0 0 1
    outer loop
      vertex 42.9749 7.36407 12.3
      vertex 49.4091 7.36407 12.3
      vertex 49.166 7.41243 12.3
    endloop
  endfacet
  facet normal 0 0 1
    outer loop
      vertex 42.9749 7.36407 12.3
      vertex 49.166 7.41243 12.3
      vertex 49.1586 7.4139 12.3
    endloop
  endfacet
  facet normal 0 0 1
    outer loop
      vertex 43.2254 7.4139 12.3
      vertex 49.1586 7.4139 12.3
      vertex 48.9239 7.49357 12.3
    endloop
  endfacet
  facet normal 0 0 1
    outer loop
      vertex 43.4601 7.49357 12.3
      vertex 48.9239 7.49357 12.3
      vertex 48.9168 7.496 12.3
    endloop
  endfacet
  facet normal -0 0 1
    outer loop
      vertex 43.6963 7.60897 12.3
      vertex 48.6945 7.60562 12.3
      vertex 48.6877 7.60897 12.3
    endloop
  endfacet
  facet normal -0 0 1
    outer loop
      vertex 43.9087 7.75087 12.3
      vertex 48.6814 7.61318 12.3
      vertex 48.4753 7.75087 12.3
    endloop
  endfacet
  facet normal 0 0 1
    outer loop
      vertex 44.095 7.91429 12.3
      vertex 48.289 7.91429 12.3
      vertex 48.2833 7.91928 12.3
    endloop
  endfacet
  facet normal -0 0 1
    outer loop
      vertex 44.2691 8.11131 12.3
      vertex 48.1199 8.10562 12.3
      vertex 48.1149 8.11131 12.3
    endloop
  endfacet
  facet normal -0 0 1
    outer loop
      vertex 44.6726 9.3 12.3
      vertex 47.7276 9.05269 12.3
      vertex 47.7114 9.3 12.3
    endloop
  endfacet
  facet normal 0 0 1
    outer loop
      vertex 44.6564 9.05269 12.3
      vertex 47.7276 9.05269 12.3
      vertex 44.6726 9.3 12.3
    endloop
  endfacet
  facet normal 0 0 1
    outer loop
      vertex 47.7276 9.05269 12.3
      vertex 44.6564 9.05269 12.3
      vertex 47.7281 9.04513 12.3
    endloop
  endfacet
  facet normal 0 0 1
    outer loop
      vertex 44.6559 9.04513 12.3
      vertex 47.7281 9.04513 12.3
      vertex 44.6564 9.05269 12.3
    endloop
  endfacet
  facet normal 0 0 1
    outer loop
      vertex 44.6544 9.0377 12.3
      vertex 47.7281 9.04513 12.3
      vertex 44.6559 9.04513 12.3
    endloop
  endfacet
  facet normal 0 0 1
    outer loop
      vertex 47.7281 9.04513 12.3
      vertex 44.6544 9.0377 12.3
      vertex 47.7764 8.80205 12.3
    endloop
  endfacet
  facet normal 0 0 1
    outer loop
      vertex 44.6061 8.79462 12.3
      vertex 47.7764 8.80205 12.3
      vertex 44.6544 9.0377 12.3
    endloop
  endfacet
  facet normal 0 0 1
    outer loop
      vertex 47.7764 8.80205 12.3
      vertex 44.6061 8.79462 12.3
      vertex 47.7779 8.79462 12.3
    endloop
  endfacet
  facet normal 0 0 1
    outer loop
      vertex 47.7779 8.79462 12.3
      vertex 44.6061 8.79462 12.3
      vertex 47.7803 8.78745 12.3
    endloop
  endfacet
  facet normal 0 0 1
    outer loop
      vertex 47.7803 8.78745 12.3
      vertex 44.6061 8.79462 12.3
      vertex 47.86 8.55276 12.3
    endloop
  endfacet
  facet normal -0 0 1
    outer loop
      vertex 44.5264 8.55993 12.3
      vertex 47.86 8.55276 12.3
      vertex 44.6061 8.79462 12.3
    endloop
  endfacet
  facet normal 0 0 1
    outer loop
      vertex 44.524 8.55276 12.3
      vertex 47.86 8.55276 12.3
      vertex 44.5264 8.55993 12.3
    endloop
  endfacet
  facet normal 0 0 1
    outer loop
      vertex 47.86 8.55276 12.3
      vertex 44.524 8.55276 12.3
      vertex 47.9696 8.33048 12.3
    endloop
  endfacet
  facet normal 0 0 1
    outer loop
      vertex 44.4144 8.33048 12.3
      vertex 47.9696 8.33048 12.3
      vertex 44.524 8.55276 12.3
    endloop
  endfacet
  facet normal 0 0 1
    outer loop
      vertex 47.9696 8.33048 12.3
      vertex 44.4144 8.33048 12.3
      vertex 47.973 8.32368 12.3
    endloop
  endfacet
  facet normal 0 0 1
    outer loop
      vertex 44.411 8.32368 12.3
      vertex 47.973 8.32368 12.3
      vertex 44.4144 8.33048 12.3
    endloop
  endfacet
  facet normal 0 0 1
    outer loop
      vertex 44.4068 8.31739 12.3
      vertex 47.973 8.32368 12.3
      vertex 44.411 8.32368 12.3
    endloop
  endfacet
  facet normal 0 0 1
    outer loop
      vertex 47.973 8.32368 12.3
      vertex 44.4068 8.31739 12.3
      vertex 48.1107 8.11761 12.3
    endloop
  endfacet
  facet normal 0 0 1
    outer loop
      vertex 44.2691 8.11131 12.3
      vertex 48.1107 8.11761 12.3
      vertex 44.4068 8.31739 12.3
    endloop
  endfacet
  facet normal 0 0 1
    outer loop
      vertex 48.1107 8.11761 12.3
      vertex 44.2691 8.11131 12.3
      vertex 48.1149 8.11131 12.3
    endloop
  endfacet
  facet normal 0 0 1
    outer loop
      vertex 48.1199 8.10562 12.3
      vertex 44.2691 8.11131 12.3
      vertex 48.2833 7.91928 12.3
    endloop
  endfacet
  facet normal -0 0 1
    outer loop
      vertex 44.1057 7.92497 12.3
      vertex 48.2833 7.91928 12.3
      vertex 44.2691 8.11131 12.3
    endloop
  endfacet
  facet normal 0 0 1
    outer loop
      vertex 44.1007 7.91928 12.3
      vertex 48.2833 7.91928 12.3
      vertex 44.1057 7.92497 12.3
    endloop
  endfacet
  facet normal 0 0 1
    outer loop
      vertex 44.095 7.91429 12.3
      vertex 48.2833 7.91928 12.3
      vertex 44.1007 7.91928 12.3
    endloop
  endfacet
  facet normal 0 0 1
    outer loop
      vertex 48.289 7.91429 12.3
      vertex 44.095 7.91429 12.3
      vertex 48.4753 7.75087 12.3
    endloop
  endfacet
  facet normal 0 0 1
    outer loop
      vertex 43.9087 7.75087 12.3
      vertex 48.4753 7.75087 12.3
      vertex 44.095 7.91429 12.3
    endloop
  endfacet
  facet normal 0 0 1
    outer loop
      vertex 43.7026 7.61318 12.3
      vertex 48.6814 7.61318 12.3
      vertex 43.9087 7.75087 12.3
    endloop
  endfacet
  facet normal 0 0 1
    outer loop
      vertex 48.6814 7.61318 12.3
      vertex 43.7026 7.61318 12.3
      vertex 48.6877 7.60897 12.3
    endloop
  endfacet
  facet normal 0 0 1
    outer loop
      vertex 43.6963 7.60897 12.3
      vertex 48.6877 7.60897 12.3
      vertex 43.7026 7.61318 12.3
    endloop
  endfacet
  facet normal 0 0 1
    outer loop
      vertex 48.6945 7.60562 12.3
      vertex 43.6963 7.60897 12.3
      vertex 48.9168 7.496 12.3
    endloop
  endfacet
  facet normal -0 0 1
    outer loop
      vertex 43.474 7.49935 12.3
      vertex 48.9168 7.496 12.3
      vertex 43.6963 7.60897 12.3
    endloop
  endfacet
  facet normal 0 0 1
    outer loop
      vertex 43.4672 7.496 12.3
      vertex 48.9168 7.496 12.3
      vertex 43.474 7.49935 12.3
    endloop
  endfacet
  facet normal 0 0 1
    outer loop
      vertex 43.4601 7.49357 12.3
      vertex 48.9168 7.496 12.3
      vertex 43.4672 7.496 12.3
    endloop
  endfacet
  facet normal 0 0 1
    outer loop
      vertex 48.9239 7.49357 12.3
      vertex 43.4601 7.49357 12.3
      vertex 43.2254 7.4139 12.3
    endloop
  endfacet
  facet normal 0 0 1
    outer loop
      vertex 49.1586 7.4139 12.3
      vertex 43.2254 7.4139 12.3
      vertex 43.2179 7.41243 12.3
    endloop
  endfacet
  facet normal 0 0 1
    outer loop
      vertex 49.1586 7.4139 12.3
      vertex 43.2179 7.41243 12.3
      vertex 42.9749 7.36407 12.3
    endloop
  endfacet
  facet normal 0 0 1
    outer loop
      vertex 49.4091 7.36407 12.3
      vertex 42.9749 7.36407 12.3
      vertex 64.608 0 12.3
    endloop
  endfacet
  facet normal -0 0 1
    outer loop
      vertex 42.7276 7.34786 12.3
      vertex 64.608 0 12.3
      vertex 42.9749 7.36407 12.3
    endloop
  endfacet
  facet normal -0 0 1
    outer loop
      vertex 42.72 7.34737 12.3
      vertex 64.608 0 12.3
      vertex 42.7276 7.34786 12.3
    endloop
  endfacet
  facet normal 0 0 1
    outer loop
      vertex 42.7124 7.34786 12.3
      vertex 64.608 0 12.3
      vertex 42.72 7.34737 12.3
    endloop
  endfacet
  facet normal 0 0 1
    outer loop
      vertex 42.4651 7.36407 12.3
      vertex 64.608 0 12.3
      vertex 42.7124 7.34786 12.3
    endloop
  endfacet
  facet normal 0 0 1
    outer loop
      vertex 36.0309 7.36407 12.3
      vertex 42.4651 7.36407 12.3
      vertex 42.222 7.41243 12.3
    endloop
  endfacet
  facet normal 0 0 1
    outer loop
      vertex 36.0309 7.36407 12.3
      vertex 42.222 7.41243 12.3
      vertex 42.2146 7.4139 12.3
    endloop
  endfacet
  facet normal -0 0 1
    outer loop
      vertex 36.7523 7.60897 12.3
      vertex 41.7505 7.60562 12.3
      vertex 41.7437 7.60897 12.3
    endloop
  endfacet
  facet normal -0 0 1
    outer loop
      vertex 36.9647 7.75087 12.3
      vertex 41.7374 7.61318 12.3
      vertex 41.5313 7.75087 12.3
    endloop
  endfacet
  facet normal 0 0 1
    outer loop
      vertex 37.151 7.91429 12.3
      vertex 41.345 7.91429 12.3
      vertex 41.3393 7.91928 12.3
    endloop
  endfacet
  facet normal -0 0 1
    outer loop
      vertex 37.6597 8.78745 12.3
      vertex 40.9136 8.55993 12.3
      vertex 40.8339 8.79462 12.3
    endloop
  endfacet
  facet normal -0 0 1
    outer loop
      vertex 37.7286 9.3 12.3
      vertex 40.7679 9.29244 12.3
      vertex 40.7674 9.3 12.3
    endloop
  endfacet
  facet normal 0 0 1
    outer loop
      vertex 40.7679 9.29244 12.3
      vertex 37.7286 9.3 12.3
      vertex 40.7841 9.04513 12.3
    endloop
  endfacet
  facet normal -0 0 1
    outer loop
      vertex 37.7124 9.05269 12.3
      vertex 40.7841 9.04513 12.3
      vertex 37.7286 9.3 12.3
    endloop
  endfacet
  facet normal 0 0 1
    outer loop
      vertex 37.7119 9.04513 12.3
      vertex 40.7841 9.04513 12.3
      vertex 37.7124 9.05269 12.3
    endloop
  endfacet
  facet normal 0 0 1
    outer loop
      vertex 37.7104 9.0377 12.3
      vertex 40.7841 9.04513 12.3
      vertex 37.7119 9.04513 12.3
    endloop
  endfacet
  facet normal 0 0 1
    outer loop
      vertex 40.7841 9.04513 12.3
      vertex 37.7104 9.0377 12.3
      vertex 40.8324 8.80205 12.3
    endloop
  endfacet
  facet normal 0 0 1
    outer loop
      vertex 37.6621 8.79462 12.3
      vertex 40.8324 8.80205 12.3
      vertex 37.7104 9.0377 12.3
    endloop
  endfacet
  facet normal 0 0 1
    outer loop
      vertex 40.8324 8.80205 12.3
      vertex 37.6621 8.79462 12.3
      vertex 40.8339 8.79462 12.3
    endloop
  endfacet
  facet normal 0 0 1
    outer loop
      vertex 37.6597 8.78745 12.3
      vertex 40.8339 8.79462 12.3
      vertex 37.6621 8.79462 12.3
    endloop
  endfacet
  facet normal 0 0 1
    outer loop
      vertex 37.58 8.55276 12.3
      vertex 40.9136 8.55993 12.3
      vertex 37.6597 8.78745 12.3
    endloop
  endfacet
  facet normal 0 0 1
    outer loop
      vertex 40.9136 8.55993 12.3
      vertex 37.58 8.55276 12.3
      vertex 40.916 8.55276 12.3
    endloop
  endfacet
  facet normal 0 0 1
    outer loop
      vertex 40.916 8.55276 12.3
      vertex 37.58 8.55276 12.3
      vertex 40.9194 8.54597 12.3
    endloop
  endfacet
  facet normal 0 0 1
    outer loop
      vertex 40.9194 8.54597 12.3
      vertex 37.58 8.55276 12.3
      vertex 41.029 8.32368 12.3
    endloop
  endfacet
  facet normal -0 0 1
    outer loop
      vertex 37.4704 8.33048 12.3
      vertex 41.029 8.32368 12.3
      vertex 37.58 8.55276 12.3
    endloop
  endfacet
  facet normal 0 0 1
    outer loop
      vertex 37.467 8.32368 12.3
      vertex 41.029 8.32368 12.3
      vertex 37.4704 8.33048 12.3
    endloop
  endfacet
  facet normal 0 0 1
    outer loop
      vertex 41.029 8.32368 12.3
      vertex 37.467 8.32368 12.3
      vertex 41.0332 8.31739 12.3
    endloop
  endfacet
  facet normal 0 0 1
    outer loop
      vertex 37.4628 8.31739 12.3
      vertex 41.0332 8.31739 12.3
      vertex 37.467 8.32368 12.3
    endloop
  endfacet
  facet normal 0 0 1
    outer loop
      vertex 41.0332 8.31739 12.3
      vertex 37.4628 8.31739 12.3
      vertex 41.1709 8.11131 12.3
    endloop
  endfacet
  facet normal 0 0 1
    outer loop
      vertex 37.3251 8.11131 12.3
      vertex 41.1709 8.11131 12.3
      vertex 37.4628 8.31739 12.3
    endloop
  endfacet
  facet normal 0 0 1
    outer loop
      vertex 41.1709 8.11131 12.3
      vertex 37.3251 8.11131 12.3
      vertex 41.3343 7.92497 12.3
    endloop
  endfacet
  facet normal 0 0 1
    outer loop
      vertex 37.1617 7.92497 12.3
      vertex 41.3343 7.92497 12.3
      vertex 37.3251 8.11131 12.3
    endloop
  endfacet
  facet normal 0 0 1
    outer loop
      vertex 41.3343 7.92497 12.3
      vertex 37.1617 7.92497 12.3
      vertex 41.3393 7.91928 12.3
    endloop
  endfacet
  facet normal 0 0 1
    outer loop
      vertex 37.1567 7.91928 12.3
      vertex 41.3393 7.91928 12.3
      vertex 37.1617 7.92497 12.3
    endloop
  endfacet
  facet normal 0 0 1
    outer loop
      vertex 37.151 7.91429 12.3
      vertex 41.3393 7.91928 12.3
      vertex 37.1567 7.91928 12.3
    endloop
  endfacet
  facet normal 0 0 1
    outer loop
      vertex 41.345 7.91429 12.3
      vertex 37.151 7.91429 12.3
      vertex 41.5313 7.75087 12.3
    endloop
  endfacet
  facet normal 0 0 1
    outer loop
      vertex 36.9647 7.75087 12.3
      vertex 41.5313 7.75087 12.3
      vertex 37.151 7.91429 12.3
    endloop
  endfacet
  facet normal 0 0 1
    outer loop
      vertex 36.7586 7.61318 12.3
      vertex 41.7374 7.61318 12.3
      vertex 36.9647 7.75087 12.3
    endloop
  endfacet
  facet normal 0 0 1
    outer loop
      vertex 41.7374 7.61318 12.3
      vertex 36.7586 7.61318 12.3
      vertex 41.7437 7.60897 12.3
    endloop
  endfacet
  facet normal 0 0 1
    outer loop
      vertex 36.7523 7.60897 12.3
      vertex 41.7437 7.60897 12.3
      vertex 36.7586 7.61318 12.3
    endloop
  endfacet
  facet normal 0 0 1
    outer loop
      vertex 41.7505 7.60562 12.3
      vertex 36.7523 7.60897 12.3
      vertex 41.9728 7.496 12.3
    endloop
  endfacet
  facet normal -0 0 1
    outer loop
      vertex 36.53 7.49935 12.3
      vertex 41.9728 7.496 12.3
      vertex 36.7523 7.60897 12.3
    endloop
  endfacet
  facet normal 0 0 1
    outer loop
      vertex 36.5232 7.496 12.3
      vertex 41.9728 7.496 12.3
      vertex 36.53 7.49935 12.3
    endloop
  endfacet
  facet normal 0 0 1
    outer loop
      vertex 41.9728 7.496 12.3
      vertex 36.5232 7.496 12.3
      vertex 41.9799 7.49357 12.3
    endloop
  endfacet
  facet normal 0 0 1
    outer loop
      vertex 36.5161 7.49357 12.3
      vertex 41.9799 7.49357 12.3
      vertex 36.5232 7.496 12.3
    endloop
  endfacet
  facet normal 0 0 1
    outer loop
      vertex 41.9799 7.49357 12.3
      vertex 36.5161 7.49357 12.3
      vertex 42.2146 7.4139 12.3
    endloop
  endfacet
  facet normal 0 0 1
    outer loop
      vertex 36.2814 7.4139 12.3
      vertex 42.2146 7.4139 12.3
      vertex 36.5161 7.49357 12.3
    endloop
  endfacet
  facet normal 0 0 1
    outer loop
      vertex 36.2739 7.41243 12.3
      vertex 42.2146 7.4139 12.3
      vertex 36.2814 7.4139 12.3
    endloop
  endfacet
  facet normal 0 0 1
    outer loop
      vertex 36.0309 7.36407 12.3
      vertex 42.2146 7.4139 12.3
      vertex 36.2739 7.41243 12.3
    endloop
  endfacet
  facet normal 0 0 1
    outer loop
      vertex 42.4651 7.36407 12.3
      vertex 36.0309 7.36407 12.3
      vertex 64.608 0 12.3
    endloop
  endfacet
  facet normal -0 0 1
    outer loop
      vertex 35.7836 7.34786 12.3
      vertex 64.608 0 12.3
      vertex 36.0309 7.36407 12.3
    endloop
  endfacet
  facet normal -0 0 1
    outer loop
      vertex 35.776 7.34737 12.3
      vertex 64.608 0 12.3
      vertex 35.7836 7.34786 12.3
    endloop
  endfacet
  facet normal 0 0 1
    outer loop
      vertex 28.832 7.34737 12.3
      vertex 35.776 7.34737 12.3
      vertex 35.7684 7.34786 12.3
    endloop
  endfacet
  facet normal 0 0 1
    outer loop
      vertex 28.832 7.34737 12.3
      vertex 35.7684 7.34786 12.3
      vertex 35.5211 7.36407 12.3
    endloop
  endfacet
  facet normal 0 0 1
    outer loop
      vertex 29.0869 7.36407 12.3
      vertex 35.5211 7.36407 12.3
      vertex 35.278 7.41243 12.3
    endloop
  endfacet
  facet normal 0 0 1
    outer loop
      vertex 29.0869 7.36407 12.3
      vertex 35.278 7.41243 12.3
      vertex 35.2706 7.4139 12.3
    endloop
  endfacet
  facet normal 0 0 1
    outer loop
      vertex 29.8015 7.60562 12.3
      vertex 34.8065 7.60562 12.3
      vertex 34.7997 7.60897 12.3
    endloop
  endfacet
  facet normal -0 0 1
    outer loop
      vertex 30.0207 7.75087 12.3
      vertex 34.7934 7.61318 12.3
      vertex 34.5873 7.75087 12.3
    endloop
  endfacet
  facet normal 0 0 1
    outer loop
      vertex 30.207 7.91429 12.3
      vertex 34.401 7.91429 12.3
      vertex 34.3953 7.91928 12.3
    endloop
  endfacet
  facet normal 0 0 1
    outer loop
      vertex 30.5188 8.31739 12.3
      vertex 34.0892 8.31739 12.3
      vertex 34.085 8.32368 12.3
    endloop
  endfacet
  facet normal -0 0 1
    outer loop
      vertex 30.6326 8.54597 12.3
      vertex 34.0816 8.33048 12.3
      vertex 33.972 8.55276 12.3
    endloop
  endfacet
  facet normal 0 0 1
    outer loop
      vertex 30.7841 9.29244 12.3
      vertex 33.8239 9.29244 12.3
      vertex 33.8234 9.3 12.3
    endloop
  endfacet
  facet normal 0 0 1
    outer loop
      vertex 30.7841 9.29244 12.3
      vertex 33.8234 9.3 12.3
      vertex 30.7846 9.3 12.3
    endloop
  endfacet
  facet normal 0 0 1
    outer loop
      vertex 33.8239 9.29244 12.3
      vertex 30.7841 9.29244 12.3
      vertex 33.8401 9.04513 12.3
    endloop
  endfacet
  facet normal 0 0 1
    outer loop
      vertex 30.7679 9.04513 12.3
      vertex 33.8401 9.04513 12.3
      vertex 30.7841 9.29244 12.3
    endloop
  endfacet
  facet normal 0 0 1
    outer loop
      vertex 33.8401 9.04513 12.3
      vertex 30.7679 9.04513 12.3
      vertex 33.8415 9.0377 12.3
    endloop
  endfacet
  facet normal 0 0 1
    outer loop
      vertex 33.8415 9.0377 12.3
      vertex 30.7679 9.04513 12.3
      vertex 33.8899 8.79462 12.3
    endloop
  endfacet
  facet normal -0 0 1
    outer loop
      vertex 30.7196 8.80205 12.3
      vertex 33.8899 8.79462 12.3
      vertex 30.7679 9.04513 12.3
    endloop
  endfacet
  facet normal 0 0 1
    outer loop
      vertex 30.7181 8.79462 12.3
      vertex 33.8899 8.79462 12.3
      vertex 30.7196 8.80205 12.3
    endloop
  endfacet
  facet normal 0 0 1
    outer loop
      vertex 33.8899 8.79462 12.3
      vertex 30.7181 8.79462 12.3
      vertex 33.8923 8.78745 12.3
    endloop
  endfacet
  facet normal 0 0 1
    outer loop
      vertex 33.8923 8.78745 12.3
      vertex 30.7181 8.79462 12.3
      vertex 33.972 8.55276 12.3
    endloop
  endfacet
  facet normal -0 0 1
    outer loop
      vertex 30.6384 8.55993 12.3
      vertex 33.972 8.55276 12.3
      vertex 30.7181 8.79462 12.3
    endloop
  endfacet
  facet normal 0 0 1
    outer loop
      vertex 30.636 8.55276 12.3
      vertex 33.972 8.55276 12.3
      vertex 30.6384 8.55993 12.3
    endloop
  endfacet
  facet normal 0 0 1
    outer loop
      vertex 30.6326 8.54597 12.3
      vertex 33.972 8.55276 12.3
      vertex 30.636 8.55276 12.3
    endloop
  endfacet
  facet normal 0 0 1
    outer loop
      vertex 30.523 8.32368 12.3
      vertex 34.0816 8.33048 12.3
      vertex 30.6326 8.54597 12.3
    endloop
  endfacet
  facet normal 0 0 1
    outer loop
      vertex 34.0816 8.33048 12.3
      vertex 30.523 8.32368 12.3
      vertex 34.085 8.32368 12.3
    endloop
  endfacet
  facet normal 0 0 1
    outer loop
      vertex 30.5188 8.31739 12.3
      vertex 34.085 8.32368 12.3
      vertex 30.523 8.32368 12.3
    endloop
  endfacet
  facet normal 0 0 1
    outer loop
      vertex 34.0892 8.31739 12.3
      vertex 30.5188 8.31739 12.3
      vertex 34.2269 8.11131 12.3
    endloop
  endfacet
  facet normal 0 0 1
    outer loop
      vertex 30.3811 8.11131 12.3
      vertex 34.2269 8.11131 12.3
      vertex 30.5188 8.31739 12.3
    endloop
  endfacet
  facet normal 0 0 1
    outer loop
      vertex 34.2269 8.11131 12.3
      vertex 30.3811 8.11131 12.3
      vertex 34.3903 7.92497 12.3
    endloop
  endfacet
  facet normal 0 0 1
    outer loop
      vertex 30.2177 7.92497 12.3
      vertex 34.3903 7.92497 12.3
      vertex 30.3811 8.11131 12.3
    endloop
  endfacet
  facet normal 0 0 1
    outer loop
      vertex 34.3903 7.92497 12.3
      vertex 30.2177 7.92497 12.3
      vertex 34.3953 7.91928 12.3
    endloop
  endfacet
  facet normal 0 0 1
    outer loop
      vertex 30.2127 7.91928 12.3
      vertex 34.3953 7.91928 12.3
      vertex 30.2177 7.92497 12.3
    endloop
  endfacet
  facet normal 0 0 1
    outer loop
      vertex 30.207 7.91429 12.3
      vertex 34.3953 7.91928 12.3
      vertex 30.2127 7.91928 12.3
    endloop
  endfacet
  facet normal 0 0 1
    outer loop
      vertex 34.401 7.91429 12.3
      vertex 30.207 7.91429 12.3
      vertex 34.5873 7.75087 12.3
    endloop
  endfacet
  facet normal 0 0 1
    outer loop
      vertex 30.0207 7.75087 12.3
      vertex 34.5873 7.75087 12.3
      vertex 30.207 7.91429 12.3
    endloop
  endfacet
  facet normal 0 0 1
    outer loop
      vertex 29.8146 7.61318 12.3
      vertex 34.7934 7.61318 12.3
      vertex 30.0207 7.75087 12.3
    endloop
  endfacet
  facet normal 0 0 1
    outer loop
      vertex 34.7934 7.61318 12.3
      vertex 29.8146 7.61318 12.3
      vertex 34.7997 7.60897 12.3
    endloop
  endfacet
  facet normal 0 0 1
    outer loop
      vertex 29.8083 7.60897 12.3
      vertex 34.7997 7.60897 12.3
      vertex 29.8146 7.61318 12.3
    endloop
  endfacet
  facet normal 0 0 1
    outer loop
      vertex 29.8015 7.60562 12.3
      vertex 34.7997 7.60897 12.3
      vertex 29.8083 7.60897 12.3
    endloop
  endfacet
  facet normal 0 0 1
    outer loop
      vertex 34.8065 7.60562 12.3
      vertex 29.8015 7.60562 12.3
      vertex 35.0288 7.496 12.3
    endloop
  endfacet
  facet normal 0 0 1
    outer loop
      vertex 29.5792 7.496 12.3
      vertex 35.0288 7.496 12.3
      vertex 29.8015 7.60562 12.3
    endloop
  endfacet
  facet normal 0 0 1
    outer loop
      vertex 35.0288 7.496 12.3
      vertex 29.5792 7.496 12.3
      vertex 35.0359 7.49357 12.3
    endloop
  endfacet
  facet normal 0 0 1
    outer loop
      vertex 29.5721 7.49357 12.3
      vertex 35.0359 7.49357 12.3
      vertex 29.5792 7.496 12.3
    endloop
  endfacet
  facet normal 0 0 1
    outer loop
      vertex 35.0359 7.49357 12.3
      vertex 29.5721 7.49357 12.3
      vertex 35.2706 7.4139 12.3
    endloop
  endfacet
  facet normal 0 0 1
    outer loop
      vertex 29.3374 7.4139 12.3
      vertex 35.2706 7.4139 12.3
      vertex 29.5721 7.49357 12.3
    endloop
  endfacet
  facet normal 0 0 1
    outer loop
      vertex 29.33 7.41243 12.3
      vertex 35.2706 7.4139 12.3
      vertex 29.3374 7.4139 12.3
    endloop
  endfacet
  facet normal 0 0 1
    outer loop
      vertex 29.0869 7.36407 12.3
      vertex 35.2706 7.4139 12.3
      vertex 29.33 7.41243 12.3
    endloop
  endfacet
  facet normal 0 0 1
    outer loop
      vertex 35.5211 7.36407 12.3
      vertex 29.0869 7.36407 12.3
      vertex 28.8396 7.34786 12.3
    endloop
  endfacet
  facet normal 0 0 1
    outer loop
      vertex 35.5211 7.36407 12.3
      vertex 28.8396 7.34786 12.3
      vertex 28.832 7.34737 12.3
    endloop
  endfacet
  facet normal 0 0 1
    outer loop
      vertex 35.776 7.34737 12.3
      vertex 28.832 7.34737 12.3
      vertex 64.608 0 12.3
    endloop
  endfacet
  facet normal 0 0 1
    outer loop
      vertex 0 0 12.3
      vertex 28.832 7.34737 12.3
      vertex 28.8244 7.34786 12.3
    endloop
  endfacet
  facet normal 0 0 1
    outer loop
      vertex 0 0 12.3
      vertex 28.8244 7.34786 12.3
      vertex 28.5771 7.36407 12.3
    endloop
  endfacet
  facet normal 0 0 1
    outer loop
      vertex 22.1429 7.36407 12.3
      vertex 28.5771 7.36407 12.3
      vertex 28.334 7.41243 12.3
    endloop
  endfacet
  facet normal 0 0 1
    outer loop
      vertex 22.1429 7.36407 12.3
      vertex 28.334 7.41243 12.3
      vertex 28.3266 7.4139 12.3
    endloop
  endfacet
  facet normal -0 0 1
    outer loop
      vertex 23.0767 7.75087 12.3
      vertex 27.8494 7.61318 12.3
      vertex 27.6433 7.75087 12.3
    endloop
  endfacet
  facet normal 0 0 1
    outer loop
      vertex 23.263 7.91429 12.3
      vertex 27.457 7.91429 12.3
      vertex 27.4513 7.91928 12.3
    endloop
  endfacet
  facet normal -0 0 1
    outer loop
      vertex 23.8239 9.04513 12.3
      vertex 26.8976 9.0377 12.3
      vertex 26.8961 9.04513 12.3
    endloop
  endfacet
  facet normal -0 0 1
    outer loop
      vertex 23.8406 9.3 12.3
      vertex 26.8956 9.05269 12.3
      vertex 26.8794 9.3 12.3
    endloop
  endfacet
  facet normal 0 0 1
    outer loop
      vertex 23.8244 9.05269 12.3
      vertex 26.8956 9.05269 12.3
      vertex 23.8406 9.3 12.3
    endloop
  endfacet
  facet normal 0 0 1
    outer loop
      vertex 26.8956 9.05269 12.3
      vertex 23.8244 9.05269 12.3
      vertex 26.8961 9.04513 12.3
    endloop
  endfacet
  facet normal 0 0 1
    outer loop
      vertex 23.8239 9.04513 12.3
      vertex 26.8961 9.04513 12.3
      vertex 23.8244 9.05269 12.3
    endloop
  endfacet
  facet normal 0 0 1
    outer loop
      vertex 26.8976 9.0377 12.3
      vertex 23.8239 9.04513 12.3
      vertex 26.9459 8.79462 12.3
    endloop
  endfacet
  facet normal -0 0 1
    outer loop
      vertex 23.7756 8.80205 12.3
      vertex 26.9459 8.79462 12.3
      vertex 23.8239 9.04513 12.3
    endloop
  endfacet
  facet normal 0 0 1
    outer loop
      vertex 23.7741 8.79462 12.3
      vertex 26.9459 8.79462 12.3
      vertex 23.7756 8.80205 12.3
    endloop
  endfacet
  facet normal 0 0 1
    outer loop
      vertex 26.9459 8.79462 12.3
      vertex 23.7741 8.79462 12.3
      vertex 26.9483 8.78745 12.3
    endloop
  endfacet
  facet normal 0 0 1
    outer loop
      vertex 23.7717 8.78745 12.3
      vertex 26.9483 8.78745 12.3
      vertex 23.7741 8.79462 12.3
    endloop
  endfacet
  facet normal 0 0 1
    outer loop
      vertex 26.9483 8.78745 12.3
      vertex 23.7717 8.78745 12.3
      vertex 27.028 8.55276 12.3
    endloop
  endfacet
  facet normal 0 0 1
    outer loop
      vertex 23.692 8.55276 12.3
      vertex 27.028 8.55276 12.3
      vertex 23.7717 8.78745 12.3
    endloop
  endfacet
  facet normal 0 0 1
    outer loop
      vertex 27.028 8.55276 12.3
      vertex 23.692 8.55276 12.3
      vertex 27.1376 8.33048 12.3
    endloop
  endfacet
  facet normal 0 0 1
    outer loop
      vertex 23.5824 8.33048 12.3
      vertex 27.1376 8.33048 12.3
      vertex 23.692 8.55276 12.3
    endloop
  endfacet
  facet normal 0 0 1
    outer loop
      vertex 27.1376 8.33048 12.3
      vertex 23.5824 8.33048 12.3
      vertex 27.141 8.32368 12.3
    endloop
  endfacet
  facet normal 0 0 1
    outer loop
      vertex 23.579 8.32368 12.3
      vertex 27.141 8.32368 12.3
      vertex 23.5824 8.33048 12.3
    endloop
  endfacet
  facet normal 0 0 1
    outer loop
      vertex 27.141 8.32368 12.3
      vertex 23.579 8.32368 12.3
      vertex 27.1452 8.31739 12.3
    endloop
  endfacet
  facet normal 0 0 1
    outer loop
      vertex 27.1452 8.31739 12.3
      vertex 23.579 8.32368 12.3
      vertex 27.2829 8.11131 12.3
    endloop
  endfacet
  facet normal -0 0 1
    outer loop
      vertex 23.4413 8.11761 12.3
      vertex 27.2829 8.11131 12.3
      vertex 23.579 8.32368 12.3
    endloop
  endfacet
  facet normal 0 0 1
    outer loop
      vertex 23.4371 8.11131 12.3
      vertex 27.2829 8.11131 12.3
      vertex 23.4413 8.11761 12.3
    endloop
  endfacet
  facet normal 0 0 1
    outer loop
      vertex 23.4321 8.10562 12.3
      vertex 27.2829 8.11131 12.3
      vertex 23.4371 8.11131 12.3
    endloop
  endfacet
  facet normal 0 0 1
    outer loop
      vertex 27.2829 8.11131 12.3
      vertex 23.4321 8.10562 12.3
      vertex 27.4463 7.92497 12.3
    endloop
  endfacet
  facet normal 0 0 1
    outer loop
      vertex 23.2687 7.91928 12.3
      vertex 27.4463 7.92497 12.3
      vertex 23.4321 8.10562 12.3
    endloop
  endfacet
  facet normal 0 0 1
    outer loop
      vertex 27.4463 7.92497 12.3
      vertex 23.2687 7.91928 12.3
      vertex 27.4513 7.91928 12.3
    endloop
  endfacet
  facet normal 0 0 1
    outer loop
      vertex 23.263 7.91429 12.3
      vertex 27.4513 7.91928 12.3
      vertex 23.2687 7.91928 12.3
    endloop
  endfacet
  facet normal 0 0 1
    outer loop
      vertex 27.457 7.91429 12.3
      vertex 23.263 7.91429 12.3
      vertex 27.6433 7.75087 12.3
    endloop
  endfacet
  facet normal 0 0 1
    outer loop
      vertex 23.0767 7.75087 12.3
      vertex 27.6433 7.75087 12.3
      vertex 23.263 7.91429 12.3
    endloop
  endfacet
  facet normal 0 0 1
    outer loop
      vertex 22.8706 7.61318 12.3
      vertex 27.8494 7.61318 12.3
      vertex 23.0767 7.75087 12.3
    endloop
  endfacet
  facet normal 0 0 1
    outer loop
      vertex 27.8494 7.61318 12.3
      vertex 22.8706 7.61318 12.3
      vertex 27.8557 7.60897 12.3
    endloop
  endfacet
  facet normal 0 0 1
    outer loop
      vertex 22.8643 7.60897 12.3
      vertex 27.8557 7.60897 12.3
      vertex 22.8706 7.61318 12.3
    endloop
  endfacet
  facet normal 0 0 1
    outer loop
      vertex 22.8575 7.60562 12.3
      vertex 27.8557 7.60897 12.3
      vertex 22.8643 7.60897 12.3
    endloop
  endfacet
  facet normal 0 0 1
    outer loop
      vertex 27.8557 7.60897 12.3
      vertex 22.8575 7.60562 12.3
      vertex 28.078 7.49935 12.3
    endloop
  endfacet
  facet normal 0 0 1
    outer loop
      vertex 22.6352 7.496 12.3
      vertex 28.078 7.49935 12.3
      vertex 22.8575 7.60562 12.3
    endloop
  endfacet
  facet normal 0 0 1
    outer loop
      vertex 28.078 7.49935 12.3
      vertex 22.6352 7.496 12.3
      vertex 28.0848 7.496 12.3
    endloop
  endfacet
  facet normal 0 0 1
    outer loop
      vertex 28.0848 7.496 12.3
      vertex 22.6352 7.496 12.3
      vertex 28.0919 7.49357 12.3
    endloop
  endfacet
  facet normal 0 0 1
    outer loop
      vertex 22.6281 7.49357 12.3
      vertex 28.0919 7.49357 12.3
      vertex 22.6352 7.496 12.3
    endloop
  endfacet
  facet normal 0 0 1
    outer loop
      vertex 28.0919 7.49357 12.3
      vertex 22.6281 7.49357 12.3
      vertex 28.3266 7.4139 12.3
    endloop
  endfacet
  facet normal 0 0 1
    outer loop
      vertex 22.3934 7.4139 12.3
      vertex 28.3266 7.4139 12.3
      vertex 22.6281 7.49357 12.3
    endloop
  endfacet
  facet normal 0 0 1
    outer loop
      vertex 22.386 7.41243 12.3
      vertex 28.3266 7.4139 12.3
      vertex 22.3934 7.4139 12.3
    endloop
  endfacet
  facet normal 0 0 1
    outer loop
      vertex 22.1429 7.36407 12.3
      vertex 28.3266 7.4139 12.3
      vertex 22.386 7.41243 12.3
    endloop
  endfacet
  facet normal 0 0 1
    outer loop
      vertex 28.5771 7.36407 12.3
      vertex 22.1429 7.36407 12.3
      vertex 0 0 12.3
    endloop
  endfacet
  facet normal 0 0 1
    outer loop
      vertex 0 0 12.3
      vertex 22.1429 7.36407 12.3
      vertex 21.8956 7.34786 12.3
    endloop
  endfacet
  facet normal 0 0 1
    outer loop
      vertex 0 0 12.3
      vertex 21.8956 7.34786 12.3
      vertex 21.888 7.34737 12.3
    endloop
  endfacet
  facet normal 0 0 1
    outer loop
      vertex 0 0 12.3
      vertex 21.888 7.34737 12.3
      vertex 21.8804 7.34786 12.3
    endloop
  endfacet
  facet normal 0 0 1
    outer loop
      vertex 0 0 12.3
      vertex 21.8804 7.34786 12.3
      vertex 21.6331 7.36407 12.3
    endloop
  endfacet
  facet normal 0 0 1
    outer loop
      vertex 21.3826 7.4139 12.3
      vertex 21.6331 7.36407 12.3
      vertex 21.39 7.41243 12.3
    endloop
  endfacet
  facet normal -0 0 1
    outer loop
      vertex 15.9203 7.60897 12.3
      vertex 20.9185 7.60562 12.3
      vertex 20.9117 7.60897 12.3
    endloop
  endfacet
  facet normal -0 0 1
    outer loop
      vertex 16.1327 7.75087 12.3
      vertex 20.9054 7.61318 12.3
      vertex 20.6993 7.75087 12.3
    endloop
  endfacet
  facet normal 0 0 1
    outer loop
      vertex 16.319 7.91429 12.3
      vertex 20.513 7.91429 12.3
      vertex 20.5073 7.91928 12.3
    endloop
  endfacet
  facet normal -0 0 1
    outer loop
      vertex 16.4931 8.11131 12.3
      vertex 20.3439 8.10562 12.3
      vertex 20.3389 8.11131 12.3
    endloop
  endfacet
  facet normal -0 0 1
    outer loop
      vertex 16.8966 9.3 12.3
      vertex 19.9516 9.05269 12.3
      vertex 19.9354 9.3 12.3
    endloop
  endfacet
  facet normal 0 0 1
    outer loop
      vertex 16.8804 9.05269 12.3
      vertex 19.9516 9.05269 12.3
      vertex 16.8966 9.3 12.3
    endloop
  endfacet
  facet normal 0 0 1
    outer loop
      vertex 19.9516 9.05269 12.3
      vertex 16.8804 9.05269 12.3
      vertex 19.9521 9.04513 12.3
    endloop
  endfacet
  facet normal 0 0 1
    outer loop
      vertex 16.8799 9.04513 12.3
      vertex 19.9521 9.04513 12.3
      vertex 16.8804 9.05269 12.3
    endloop
  endfacet
  facet normal 0 0 1
    outer loop
      vertex 16.8784 9.0377 12.3
      vertex 19.9521 9.04513 12.3
      vertex 16.8799 9.04513 12.3
    endloop
  endfacet
  facet normal 0 0 1
    outer loop
      vertex 19.9521 9.04513 12.3
      vertex 16.8784 9.0377 12.3
      vertex 20.0004 8.80205 12.3
    endloop
  endfacet
  facet normal 0 0 1
    outer loop
      vertex 16.8301 8.79462 12.3
      vertex 20.0004 8.80205 12.3
      vertex 16.8784 9.0377 12.3
    endloop
  endfacet
  facet normal 0 0 1
    outer loop
      vertex 20.0004 8.80205 12.3
      vertex 16.8301 8.79462 12.3
      vertex 20.0019 8.79462 12.3
    endloop
  endfacet
  facet normal 0 0 1
    outer loop
      vertex 20.0019 8.79462 12.3
      vertex 16.8301 8.79462 12.3
      vertex 20.0043 8.78745 12.3
    endloop
  endfacet
  facet normal 0 0 1
    outer loop
      vertex 16.8277 8.78745 12.3
      vertex 20.0043 8.78745 12.3
      vertex 16.8301 8.79462 12.3
    endloop
  endfacet
  facet normal 0 0 1
    outer loop
      vertex 20.0043 8.78745 12.3
      vertex 16.8277 8.78745 12.3
      vertex 20.084 8.55276 12.3
    endloop
  endfacet
  facet normal 0 0 1
    outer loop
      vertex 16.748 8.55276 12.3
      vertex 20.084 8.55276 12.3
      vertex 16.8277 8.78745 12.3
    endloop
  endfacet
  facet normal 0 0 1
    outer loop
      vertex 20.084 8.55276 12.3
      vertex 16.748 8.55276 12.3
      vertex 20.1936 8.33048 12.3
    endloop
  endfacet
  facet normal 0 0 1
    outer loop
      vertex 16.6384 8.33048 12.3
      vertex 20.1936 8.33048 12.3
      vertex 16.748 8.55276 12.3
    endloop
  endfacet
  facet normal 0 0 1
    outer loop
      vertex 20.1936 8.33048 12.3
      vertex 16.6384 8.33048 12.3
      vertex 20.197 8.32368 12.3
    endloop
  endfacet
  facet normal 0 0 1
    outer loop
      vertex 16.635 8.32368 12.3
      vertex 20.197 8.32368 12.3
      vertex 16.6384 8.33048 12.3
    endloop
  endfacet
  facet normal 0 0 1
    outer loop
      vertex 16.6308 8.31739 12.3
      vertex 20.197 8.32368 12.3
      vertex 16.635 8.32368 12.3
    endloop
  endfacet
  facet normal 0 0 1
    outer loop
      vertex 20.197 8.32368 12.3
      vertex 16.6308 8.31739 12.3
      vertex 20.3347 8.11761 12.3
    endloop
  endfacet
  facet normal 0 0 1
    outer loop
      vertex 16.4931 8.11131 12.3
      vertex 20.3347 8.11761 12.3
      vertex 16.6308 8.31739 12.3
    endloop
  endfacet
  facet normal 0 0 1
    outer loop
      vertex 20.3347 8.11761 12.3
      vertex 16.4931 8.11131 12.3
      vertex 20.3389 8.11131 12.3
    endloop
  endfacet
  facet normal 0 0 1
    outer loop
      vertex 20.3439 8.10562 12.3
      vertex 16.4931 8.11131 12.3
      vertex 20.5073 7.91928 12.3
    endloop
  endfacet
  facet normal -0 0 1
    outer loop
      vertex 16.3297 7.92497 12.3
      vertex 20.5073 7.91928 12.3
      vertex 16.4931 8.11131 12.3
    endloop
  endfacet
  facet normal 0 0 1
    outer loop
      vertex 16.3247 7.91928 12.3
      vertex 20.5073 7.91928 12.3
      vertex 16.3297 7.92497 12.3
    endloop
  endfacet
  facet normal 0 0 1
    outer loop
      vertex 16.319 7.91429 12.3
      vertex 20.5073 7.91928 12.3
      vertex 16.3247 7.91928 12.3
    endloop
  endfacet
  facet normal 0 0 1
    outer loop
      vertex 20.513 7.91429 12.3
      vertex 16.319 7.91429 12.3
      vertex 20.6993 7.75087 12.3
    endloop
  endfacet
  facet normal 0 0 1
    outer loop
      vertex 16.1327 7.75087 12.3
      vertex 20.6993 7.75087 12.3
      vertex 16.319 7.91429 12.3
    endloop
  endfacet
  facet normal 0 0 1
    outer loop
      vertex 15.9266 7.61318 12.3
      vertex 20.9054 7.61318 12.3
      vertex 16.1327 7.75087 12.3
    endloop
  endfacet
  facet normal 0 0 1
    outer loop
      vertex 20.9054 7.61318 12.3
      vertex 15.9266 7.61318 12.3
      vertex 20.9117 7.60897 12.3
    endloop
  endfacet
  facet normal 0 0 1
    outer loop
      vertex 15.9203 7.60897 12.3
      vertex 20.9117 7.60897 12.3
      vertex 15.9266 7.61318 12.3
    endloop
  endfacet
  facet normal 0 0 1
    outer loop
      vertex 20.9185 7.60562 12.3
      vertex 15.9203 7.60897 12.3
      vertex 21.1408 7.496 12.3
    endloop
  endfacet
  facet normal -0 0 1
    outer loop
      vertex 15.698 7.49935 12.3
      vertex 21.1408 7.496 12.3
      vertex 15.9203 7.60897 12.3
    endloop
  endfacet
  facet normal 0 0 1
    outer loop
      vertex 15.6912 7.496 12.3
      vertex 21.1408 7.496 12.3
      vertex 15.698 7.49935 12.3
    endloop
  endfacet
  facet normal 0 0 1
    outer loop
      vertex 21.1408 7.496 12.3
      vertex 15.6912 7.496 12.3
      vertex 21.1479 7.49357 12.3
    endloop
  endfacet
  facet normal 0 0 1
    outer loop
      vertex 15.6841 7.49357 12.3
      vertex 21.1479 7.49357 12.3
      vertex 15.6912 7.496 12.3
    endloop
  endfacet
  facet normal 0 0 1
    outer loop
      vertex 21.1479 7.49357 12.3
      vertex 15.6841 7.49357 12.3
      vertex 21.3826 7.4139 12.3
    endloop
  endfacet
  facet normal 0 0 1
    outer loop
      vertex 15.4494 7.4139 12.3
      vertex 21.3826 7.4139 12.3
      vertex 15.6841 7.49357 12.3
    endloop
  endfacet
  facet normal 0 0 1
    outer loop
      vertex 21.3826 7.4139 12.3
      vertex 15.4494 7.4139 12.3
      vertex 21.6331 7.36407 12.3
    endloop
  endfacet
  facet normal -0 0 1
    outer loop
      vertex 15.4419 7.41243 12.3
      vertex 21.6331 7.36407 12.3
      vertex 15.4494 7.4139 12.3
    endloop
  endfacet
  facet normal 0 0 1
    outer loop
      vertex 15.1989 7.36407 12.3
      vertex 21.6331 7.36407 12.3
      vertex 15.4419 7.41243 12.3
    endloop
  endfacet
  facet normal 0 0 1
    outer loop
      vertex 21.6331 7.36407 12.3
      vertex 15.1989 7.36407 12.3
      vertex 0 0 12.3
    endloop
  endfacet
  facet normal 0 0 1
    outer loop
      vertex 0 0 12.3
      vertex 15.1989 7.36407 12.3
      vertex 14.9516 7.34786 12.3
    endloop
  endfacet
  facet normal 0 0 1
    outer loop
      vertex 0 0 12.3
      vertex 14.9516 7.34786 12.3
      vertex 14.944 7.34737 12.3
    endloop
  endfacet
  facet normal 0 0 1
    outer loop
      vertex 0 0 12.3
      vertex 14.944 7.34737 12.3
      vertex 14.9364 7.34786 12.3
    endloop
  endfacet
  facet normal 0 0 1
    outer loop
      vertex 0 0 12.3
      vertex 14.9364 7.34786 12.3
      vertex 14.6891 7.36407 12.3
    endloop
  endfacet
  facet normal 0 0 1
    outer loop
      vertex 14.4386 7.4139 12.3
      vertex 14.6891 7.36407 12.3
      vertex 14.446 7.41243 12.3
    endloop
  endfacet
  facet normal 0 0 1
    outer loop
      vertex 8.96952 7.60562 12.3
      vertex 13.9745 7.60562 12.3
      vertex 13.9677 7.60897 12.3
    endloop
  endfacet
  facet normal 0 0 1
    outer loop
      vertex 9.37502 7.91429 12.3
      vertex 13.569 7.91429 12.3
      vertex 13.5633 7.91928 12.3
    endloop
  endfacet
  facet normal -0 0 1
    outer loop
      vertex 9.93445 9.0377 12.3
      vertex 13.0564 8.80205 12.3
      vertex 13.0081 9.04513 12.3
    endloop
  endfacet
  facet normal -0 0 1
    outer loop
      vertex 9.95263 9.3 12.3
      vertex 12.9919 9.29244 12.3
      vertex 12.9914 9.3 12.3
    endloop
  endfacet
  facet normal 0 0 1
    outer loop
      vertex 9.95214 9.29244 12.3
      vertex 12.9919 9.29244 12.3
      vertex 9.95263 9.3 12.3
    endloop
  endfacet
  facet normal 0 0 1
    outer loop
      vertex 12.9919 9.29244 12.3
      vertex 9.95214 9.29244 12.3
      vertex 13.0081 9.04513 12.3
    endloop
  endfacet
  facet normal 0 0 1
    outer loop
      vertex 9.93593 9.04513 12.3
      vertex 13.0081 9.04513 12.3
      vertex 9.95214 9.29244 12.3
    endloop
  endfacet
  facet normal 0 0 1
    outer loop
      vertex 9.93445 9.0377 12.3
      vertex 13.0081 9.04513 12.3
      vertex 9.93593 9.04513 12.3
    endloop
  endfacet
  facet normal 0 0 1
    outer loop
      vertex 9.8861 8.79462 12.3
      vertex 13.0564 8.80205 12.3
      vertex 9.93445 9.0377 12.3
    endloop
  endfacet
  facet normal 0 0 1
    outer loop
      vertex 13.0564 8.80205 12.3
      vertex 9.8861 8.79462 12.3
      vertex 13.0579 8.79462 12.3
    endloop
  endfacet
  facet normal 0 0 1
    outer loop
      vertex 9.88366 8.78745 12.3
      vertex 13.0579 8.79462 12.3
      vertex 9.8861 8.79462 12.3
    endloop
  endfacet
  facet normal 0 0 1
    outer loop
      vertex 13.0579 8.79462 12.3
      vertex 9.88366 8.78745 12.3
      vertex 13.1376 8.55993 12.3
    endloop
  endfacet
  facet normal 0 0 1
    outer loop
      vertex 9.804 8.55276 12.3
      vertex 13.1376 8.55993 12.3
      vertex 9.88366 8.78745 12.3
    endloop
  endfacet
  facet normal 0 0 1
    outer loop
      vertex 13.1376 8.55993 12.3
      vertex 9.804 8.55276 12.3
      vertex 13.14 8.55276 12.3
    endloop
  endfacet
  facet normal 0 0 1
    outer loop
      vertex 13.14 8.55276 12.3
      vertex 9.804 8.55276 12.3
      vertex 13.1434 8.54597 12.3
    endloop
  endfacet
  facet normal 0 0 1
    outer loop
      vertex 13.1434 8.54597 12.3
      vertex 9.804 8.55276 12.3
      vertex 13.253 8.32368 12.3
    endloop
  endfacet
  facet normal -0 0 1
    outer loop
      vertex 9.69438 8.33048 12.3
      vertex 13.253 8.32368 12.3
      vertex 9.804 8.55276 12.3
    endloop
  endfacet
  facet normal 0 0 1
    outer loop
      vertex 9.69103 8.32368 12.3
      vertex 13.253 8.32368 12.3
      vertex 9.69438 8.33048 12.3
    endloop
  endfacet
  facet normal 0 0 1
    outer loop
      vertex 13.253 8.32368 12.3
      vertex 9.69103 8.32368 12.3
      vertex 13.2572 8.31739 12.3
    endloop
  endfacet
  facet normal 0 0 1
    outer loop
      vertex 9.68682 8.31739 12.3
      vertex 13.2572 8.31739 12.3
      vertex 9.69103 8.32368 12.3
    endloop
  endfacet
  facet normal 0 0 1
    outer loop
      vertex 13.2572 8.31739 12.3
      vertex 9.68682 8.31739 12.3
      vertex 13.3949 8.11131 12.3
    endloop
  endfacet
  facet normal 0 0 1
    outer loop
      vertex 9.54913 8.11131 12.3
      vertex 13.3949 8.11131 12.3
      vertex 9.68682 8.31739 12.3
    endloop
  endfacet
  facet normal 0 0 1
    outer loop
      vertex 13.3949 8.11131 12.3
      vertex 9.54913 8.11131 12.3
      vertex 13.5583 7.92497 12.3
    endloop
  endfacet
  facet normal 0 0 1
    outer loop
      vertex 9.38571 7.92497 12.3
      vertex 13.5583 7.92497 12.3
      vertex 9.54913 8.11131 12.3
    endloop
  endfacet
  facet normal 0 0 1
    outer loop
      vertex 13.5583 7.92497 12.3
      vertex 9.38571 7.92497 12.3
      vertex 13.5633 7.91928 12.3
    endloop
  endfacet
  facet normal 0 0 1
    outer loop
      vertex 9.38072 7.91928 12.3
      vertex 13.5633 7.91928 12.3
      vertex 9.38571 7.92497 12.3
    endloop
  endfacet
  facet normal 0 0 1
    outer loop
      vertex 9.37502 7.91429 12.3
      vertex 13.5633 7.91928 12.3
      vertex 9.38072 7.91928 12.3
    endloop
  endfacet
  facet normal 0 0 1
    outer loop
      vertex 13.569 7.91429 12.3
      vertex 9.37502 7.91429 12.3
      vertex 13.7553 7.75087 12.3
    endloop
  endfacet
  facet normal 0 0 1
    outer loop
      vertex 9.18869 7.75087 12.3
      vertex 13.7553 7.75087 12.3
      vertex 9.37502 7.91429 12.3
    endloop
  endfacet
  facet normal 0 0 1
    outer loop
      vertex 13.7553 7.75087 12.3
      vertex 9.18869 7.75087 12.3
      vertex 13.9614 7.61318 12.3
    endloop
  endfacet
  facet normal 0 0 1
    outer loop
      vertex 8.98261 7.61318 12.3
      vertex 13.9614 7.61318 12.3
      vertex 9.18869 7.75087 12.3
    endloop
  endfacet
  facet normal 0 0 1
    outer loop
      vertex 13.9614 7.61318 12.3
      vertex 8.98261 7.61318 12.3
      vertex 13.9677 7.60897 12.3
    endloop
  endfacet
  facet normal 0 0 1
    outer loop
      vertex 8.97632 7.60897 12.3
      vertex 13.9677 7.60897 12.3
      vertex 8.98261 7.61318 12.3
    endloop
  endfacet
  facet normal 0 0 1
    outer loop
      vertex 8.96952 7.60562 12.3
      vertex 13.9677 7.60897 12.3
      vertex 8.97632 7.60897 12.3
    endloop
  endfacet
  facet normal 0 0 1
    outer loop
      vertex 13.9745 7.60562 12.3
      vertex 8.96952 7.60562 12.3
      vertex 14.1968 7.496 12.3
    endloop
  endfacet
  facet normal 0 0 1
    outer loop
      vertex 8.74724 7.496 12.3
      vertex 14.1968 7.496 12.3
      vertex 8.96952 7.60562 12.3
    endloop
  endfacet
  facet normal 0 0 1
    outer loop
      vertex 14.1968 7.496 12.3
      vertex 8.74724 7.496 12.3
      vertex 14.2039 7.49357 12.3
    endloop
  endfacet
  facet normal 0 0 1
    outer loop
      vertex 8.74007 7.49357 12.3
      vertex 14.2039 7.49357 12.3
      vertex 8.74724 7.496 12.3
    endloop
  endfacet
  facet normal 0 0 1
    outer loop
      vertex 14.2039 7.49357 12.3
      vertex 8.74007 7.49357 12.3
      vertex 14.4386 7.4139 12.3
    endloop
  endfacet
  facet normal 0 0 1
    outer loop
      vertex 8.50538 7.4139 12.3
      vertex 14.4386 7.4139 12.3
      vertex 8.74007 7.49357 12.3
    endloop
  endfacet
  facet normal 0 0 1
    outer loop
      vertex 0 0 12.3
      vertex 14.4386 7.4139 12.3
      vertex 8.50538 7.4139 12.3
    endloop
  endfacet
  facet normal 0 0 1
    outer loop
      vertex 14.4386 7.4139 12.3
      vertex 0 0 12.3
      vertex 14.6891 7.36407 12.3
    endloop
  endfacet
  facet normal 0 0 1
    outer loop
      vertex 0 0 12.3
      vertex 8.50538 7.4139 12.3
      vertex 8.49795 7.41243 12.3
    endloop
  endfacet
  facet normal 0 0 1
    outer loop
      vertex 0 0 12.3
      vertex 8.49795 7.41243 12.3
      vertex 8.25487 7.36407 12.3
    endloop
  endfacet
  facet normal 0 0 1
    outer loop
      vertex 0 0 12.3
      vertex 8.25487 7.36407 12.3
      vertex 8.00756 7.34786 12.3
    endloop
  endfacet
  facet normal 0 0 1
    outer loop
      vertex 0 0 12.3
      vertex 8.00756 7.34786 12.3
      vertex 8 7.34737 12.3
    endloop
  endfacet
  facet normal 0 0 1
    outer loop
      vertex 0 0 12.3
      vertex 8 7.34737 12.3
      vertex 7.99244 7.34786 12.3
    endloop
  endfacet
  facet normal 0 0 1
    outer loop
      vertex 0 0 12.3
      vertex 7.99244 7.34786 12.3
      vertex 7.74513 7.36407 12.3
    endloop
  endfacet
  facet normal 0 0 1
    outer loop
      vertex 0 0 12.3
      vertex 7.50205 7.41243 12.3
      vertex 7.49462 7.4139 12.3
    endloop
  endfacet
  facet normal 0 0 1
    outer loop
      vertex 0 0 12.3
      vertex 7.01739 7.61318 12.3
      vertex 6.81131 7.75087 12.3
    endloop
  endfacet
  facet normal 0 0 1
    outer loop
      vertex 0 0 12.3
      vertex 6.62497 7.91429 12.3
      vertex 6.61928 7.91928 12.3
    endloop
  endfacet
  facet normal 0 0 1
    outer loop
      vertex 0 0 12.3
      vertex 6.61429 7.92497 12.3
      vertex 6.45087 8.11131 12.3
    endloop
  endfacet
  facet normal 0 0 1
    outer loop
      vertex 0 0 12.3
      vertex 6.31318 8.31739 12.3
      vertex 6.30897 8.32368 12.3
    endloop
  endfacet
  facet normal 0 0 1
    outer loop
      vertex 0 0 12.3
      vertex 6.30562 8.33048 12.3
      vertex 6.196 8.55276 12.3
    endloop
  endfacet
  facet normal 0 0 1
    outer loop
      vertex 0 0 12.3
      vertex 6.11634 8.78745 12.3
      vertex 6.1139 8.79462 12.3
    endloop
  endfacet
  facet normal 0 0 1
    outer loop
      vertex 0 0 12.3
      vertex 6.06555 9.0377 12.3
      vertex 6.06407 9.04513 12.3
    endloop
  endfacet
  facet normal 0 0 1
    outer loop
      vertex 0 0 12.3
      vertex 6.06358 9.05269 12.3
      vertex 6.04737 9.3 12.3
    endloop
  endfacet
  facet normal 0 0 1
    outer loop
      vertex 0 0 12.3
      vertex 6.04737 9.3 12.3
      vertex 0 18.6 12.3
    endloop
  endfacet
  facet normal 0 0 1
    outer loop
      vertex 6.06358 9.05269 12.3
      vertex 0 0 12.3
      vertex 6.06407 9.04513 12.3
    endloop
  endfacet
  facet normal 0 0 1
    outer loop
      vertex 6.06555 9.0377 12.3
      vertex 0 0 12.3
      vertex 6.1139 8.79462 12.3
    endloop
  endfacet
  facet normal 0 0 1
    outer loop
      vertex 6.11634 8.78745 12.3
      vertex 0 0 12.3
      vertex 6.196 8.55276 12.3
    endloop
  endfacet
  facet normal 0 0 1
    outer loop
      vertex 28.832 7.34737 12.3
      vertex 0 0 12.3
      vertex 64.608 0 12.3
    endloop
  endfacet
  facet normal 0 0 1
    outer loop
      vertex 7.50205 7.41243 12.3
      vertex 0 0 12.3
      vertex 7.74513 7.36407 12.3
    endloop
  endfacet
  facet normal 0 0 1
    outer loop
      vertex 7.25993 7.49357 12.3
      vertex 0 0 12.3
      vertex 7.49462 7.4139 12.3
    endloop
  endfacet
  facet normal 0 0 1
    outer loop
      vertex 7.25276 7.496 12.3
      vertex 0 0 12.3
      vertex 7.25993 7.49357 12.3
    endloop
  endfacet
  facet normal 0 0 1
    outer loop
      vertex 7.24597 7.49935 12.3
      vertex 0 0 12.3
      vertex 7.25276 7.496 12.3
    endloop
  endfacet
  facet normal 0 0 1
    outer loop
      vertex 7.02368 7.60897 12.3
      vertex 0 0 12.3
      vertex 7.24597 7.49935 12.3
    endloop
  endfacet
  facet normal 0 0 1
    outer loop
      vertex 7.01739 7.61318 12.3
      vertex 0 0 12.3
      vertex 7.02368 7.60897 12.3
    endloop
  endfacet
  facet normal 0 0 1
    outer loop
      vertex 6.62497 7.91429 12.3
      vertex 0 0 12.3
      vertex 6.81131 7.75087 12.3
    endloop
  endfacet
  facet normal 0 0 1
    outer loop
      vertex 6.61429 7.92497 12.3
      vertex 0 0 12.3
      vertex 6.61928 7.91928 12.3
    endloop
  endfacet
  facet normal 0 0 1
    outer loop
      vertex 6.31318 8.31739 12.3
      vertex 0 0 12.3
      vertex 6.45087 8.11131 12.3
    endloop
  endfacet
  facet normal 0 0 1
    outer loop
      vertex 6.30562 8.33048 12.3
      vertex 0 0 12.3
      vertex 6.30897 8.32368 12.3
    endloop
  endfacet
  facet normal 0 0 -1
    outer loop
      vertex 0 15.6 0
      vertex 64.608 18.6 0
      vertex 64.608 15.6 0
    endloop
  endfacet
  facet normal -0 0 -1
    outer loop
      vertex 64.608 18.6 0
      vertex 0 15.6 0
      vertex 0 18.6 0
    endloop
  endfacet
  facet normal 0 0 -1
    outer loop
      vertex 0 0 0
      vertex 64.608 3 0
      vertex 64.608 0 0
    endloop
  endfacet
  facet normal -0 0 -1
    outer loop
      vertex 64.608 3 0
      vertex 0 0 0
      vertex 0 3 0
    endloop
  endfacet
  facet normal -1 0 0
    outer loop
      vertex 0 3 0
      vertex 0 0 0
      vertex 0 3 3.3
    endloop
  endfacet
  facet normal -1 0 0
    outer loop
      vertex 0 15.6 3.3
      vertex 0 18.6 0
      vertex 0 15.6 0
    endloop
  endfacet
  facet normal -1 0 0
    outer loop
      vertex 0 18.6 0
      vertex 0 15.6 3.3
      vertex 0 18.6 12.3
    endloop
  endfacet
  facet normal -1 0 0
    outer loop
      vertex 0 3 3.3
      vertex 0 18.6 12.3
      vertex 0 15.6 3.3
    endloop
  endfacet
  facet normal -1 0 0
    outer loop
      vertex 0 3 3.3
      vertex 0 0 12.3
      vertex 0 18.6 12.3
    endloop
  endfacet
  facet normal -1 0 0
    outer loop
      vertex 0 0 12.3
      vertex 0 3 3.3
      vertex 0 0 0
    endloop
  endfacet
  facet normal 0 1 0
    outer loop
      vertex 64.608 18.6 12.3
      vertex 53.304 18.6 7.9
      vertex 0 18.6 12.3
    endloop
  endfacet
  facet normal 0 1 0
    outer loop
      vertex 64.608 18.6 12.3
      vertex 53.304 18.6 4.4
      vertex 53.304 18.6 7.9
    endloop
  endfacet
  facet normal 0 1 0
    outer loop
      vertex 53.304 18.6 4.4
      vertex 64.608 18.6 0
      vertex 11.304 18.6 4.4
    endloop
  endfacet
  facet normal 0 1 -0
    outer loop
      vertex 64.608 18.6 0
      vertex 53.304 18.6 4.4
      vertex 64.608 18.6 12.3
    endloop
  endfacet
  facet normal 0 1 -0
    outer loop
      vertex 11.304 18.6 7.9
      vertex 0 18.6 12.3
      vertex 53.304 18.6 7.9
    endloop
  endfacet
  facet normal 0 1 -0
    outer loop
      vertex 11.304 18.6 4.4
      vertex 0 18.6 12.3
      vertex 11.304 18.6 7.9
    endloop
  endfacet
  facet normal 0 1 0
    outer loop
      vertex 11.304 18.6 4.4
      vertex 0 18.6 0
      vertex 0 18.6 12.3
    endloop
  endfacet
  facet normal 0 1 0
    outer loop
      vertex 0 18.6 0
      vertex 11.304 18.6 4.4
      vertex 64.608 18.6 0
    endloop
  endfacet
  facet normal 0 -1 0
    outer loop
      vertex 0 0 0
      vertex 64.608 0 12.3
      vertex 0 0 12.3
    endloop
  endfacet
  facet normal 0 -1 -0
    outer loop
      vertex 64.608 0 12.3
      vertex 0 0 0
      vertex 64.608 0 0
    endloop
  endfacet
  facet normal 0 0 -1
    outer loop
      vertex 64.608 3 3.3
      vertex 57.708 9.3 3.3
      vertex 64.608 15.6 3.3
    endloop
  endfacet
  facet normal 0 0 -1
    outer loop
      vertex 64.608 3 3.3
      vertex 57.6986 9.15642 3.3
      vertex 57.708 9.3 3.3
    endloop
  endfacet
  facet normal 0 0 -1
    outer loop
      vertex 64.608 3 3.3
      vertex 57.6705 9.0153 3.3
      vertex 57.6986 9.15642 3.3
    endloop
  endfacet
  facet normal 0 0 -1
    outer loop
      vertex 64.608 3 3.3
      vertex 57.6243 8.87905 3.3
      vertex 57.6705 9.0153 3.3
    endloop
  endfacet
  facet normal 0 0 -1
    outer loop
      vertex 64.608 3 3.3
      vertex 57.5606 8.75 3.3
      vertex 57.6243 8.87905 3.3
    endloop
  endfacet
  facet normal 0 0 -1
    outer loop
      vertex 64.608 3 3.3
      vertex 57.4807 8.63036 3.3
      vertex 57.5606 8.75 3.3
    endloop
  endfacet
  facet normal 0 0 -1
    outer loop
      vertex 64.608 3 3.3
      vertex 57.3858 8.52218 3.3
      vertex 57.4807 8.63036 3.3
    endloop
  endfacet
  facet normal 0 0 -1
    outer loop
      vertex 64.608 3 3.3
      vertex 57.2776 8.42731 3.3
      vertex 57.3858 8.52218 3.3
    endloop
  endfacet
  facet normal 0 0 -1
    outer loop
      vertex 64.608 3 3.3
      vertex 57.158 8.34737 3.3
      vertex 57.2776 8.42731 3.3
    endloop
  endfacet
  facet normal 0 0 -1
    outer loop
      vertex 64.608 3 3.3
      vertex 57.029 8.28373 3.3
      vertex 57.158 8.34737 3.3
    endloop
  endfacet
  facet normal 0 0 -1
    outer loop
      vertex 64.608 3 3.3
      vertex 56.8927 8.23748 3.3
      vertex 57.029 8.28373 3.3
    endloop
  endfacet
  facet normal 0 0 -1
    outer loop
      vertex 64.608 3 3.3
      vertex 56.7516 8.20941 3.3
      vertex 56.8927 8.23748 3.3
    endloop
  endfacet
  facet normal 0 0 -1
    outer loop
      vertex 64.608 3 3.3
      vertex 56.608 8.2 3.3
      vertex 56.7516 8.20941 3.3
    endloop
  endfacet
  facet normal 0 0 -1
    outer loop
      vertex 64.608 3 3.3
      vertex 56.4644 8.20941 3.3
      vertex 56.608 8.2 3.3
    endloop
  endfacet
  facet normal 0 0 -1
    outer loop
      vertex 64.608 3 3.3
      vertex 56.3233 8.23748 3.3
      vertex 56.4644 8.20941 3.3
    endloop
  endfacet
  facet normal 0 0 -1
    outer loop
      vertex 49.9487 8.23748 3.3
      vertex 56.3233 8.23748 3.3
      vertex 64.608 3 3.3
    endloop
  endfacet
  facet normal 0 0 -1
    outer loop
      vertex 56.3233 8.23748 3.3
      vertex 49.9487 8.23748 3.3
      vertex 56.187 8.28373 3.3
    endloop
  endfacet
  facet normal 0 0 -1
    outer loop
      vertex 55.5174 9.15642 3.3
      vertex 50.764 9.3 3.3
      vertex 55.508 9.3 3.3
    endloop
  endfacet
  facet normal 0 0 -1
    outer loop
      vertex 50.7546 9.15642 3.3
      vertex 55.5174 9.15642 3.3
      vertex 55.5455 9.0153 3.3
    endloop
  endfacet
  facet normal 0 0 -1
    outer loop
      vertex 50.7265 9.0153 3.3
      vertex 55.5455 9.0153 3.3
      vertex 55.5917 8.87905 3.3
    endloop
  endfacet
  facet normal 0 0 -1
    outer loop
      vertex 50.6803 8.87905 3.3
      vertex 55.5917 8.87905 3.3
      vertex 55.6554 8.75 3.3
    endloop
  endfacet
  facet normal 0 0 -1
    outer loop
      vertex 50.6166 8.75 3.3
      vertex 55.6554 8.75 3.3
      vertex 55.7353 8.63036 3.3
    endloop
  endfacet
  facet normal 0 0 -1
    outer loop
      vertex 50.5367 8.63036 3.3
      vertex 55.7353 8.63036 3.3
      vertex 55.8302 8.52218 3.3
    endloop
  endfacet
  facet normal 0 0 -1
    outer loop
      vertex 50.4418 8.52218 3.3
      vertex 55.8302 8.52218 3.3
      vertex 55.9384 8.42731 3.3
    endloop
  endfacet
  facet normal 0 0 -1
    outer loop
      vertex 50.3336 8.42731 3.3
      vertex 55.9384 8.42731 3.3
      vertex 56.058 8.34737 3.3
    endloop
  endfacet
  facet normal 0 -0 -1
    outer loop
      vertex 50.085 8.28373 3.3
      vertex 56.187 8.28373 3.3
      vertex 49.9487 8.23748 3.3
    endloop
  endfacet
  facet normal 0 0 -1
    outer loop
      vertex 55.5174 9.15642 3.3
      vertex 50.7546 9.15642 3.3
      vertex 50.764 9.3 3.3
    endloop
  endfacet
  facet normal 0 0 -1
    outer loop
      vertex 55.5455 9.0153 3.3
      vertex 50.7265 9.0153 3.3
      vertex 50.7546 9.15642 3.3
    endloop
  endfacet
  facet normal 0 0 -1
    outer loop
      vertex 55.5917 8.87905 3.3
      vertex 50.6803 8.87905 3.3
      vertex 50.7265 9.0153 3.3
    endloop
  endfacet
  facet normal 0 0 -1
    outer loop
      vertex 55.6554 8.75 3.3
      vertex 50.6166 8.75 3.3
      vertex 50.6803 8.87905 3.3
    endloop
  endfacet
  facet normal 0 0 -1
    outer loop
      vertex 55.7353 8.63036 3.3
      vertex 50.5367 8.63036 3.3
      vertex 50.6166 8.75 3.3
    endloop
  endfacet
  facet normal 0 0 -1
    outer loop
      vertex 55.8302 8.52218 3.3
      vertex 50.4418 8.52218 3.3
      vertex 50.5367 8.63036 3.3
    endloop
  endfacet
  facet normal 0 0 -1
    outer loop
      vertex 55.9384 8.42731 3.3
      vertex 50.3336 8.42731 3.3
      vertex 50.4418 8.52218 3.3
    endloop
  endfacet
  facet normal 0 0 -1
    outer loop
      vertex 56.058 8.34737 3.3
      vertex 50.214 8.34737 3.3
      vertex 50.3336 8.42731 3.3
    endloop
  endfacet
  facet normal -0 0 -1
    outer loop
      vertex 56.058 8.34737 3.3
      vertex 50.085 8.28373 3.3
      vertex 50.214 8.34737 3.3
    endloop
  endfacet
  facet normal 0 0 -1
    outer loop
      vertex 56.187 8.28373 3.3
      vertex 50.085 8.28373 3.3
      vertex 56.058 8.34737 3.3
    endloop
  endfacet
  facet normal 0 0 -1
    outer loop
      vertex 64.608 3 3.3
      vertex 49.8076 8.20941 3.3
      vertex 49.9487 8.23748 3.3
    endloop
  endfacet
  facet normal 0 0 -1
    outer loop
      vertex 64.608 3 3.3
      vertex 49.664 8.2 3.3
      vertex 49.8076 8.20941 3.3
    endloop
  endfacet
  facet normal 0 0 -1
    outer loop
      vertex 64.608 3 3.3
      vertex 49.5204 8.20941 3.3
      vertex 49.664 8.2 3.3
    endloop
  endfacet
  facet normal 0 0 -1
    outer loop
      vertex 42.8636 8.20941 3.3
      vertex 49.5204 8.20941 3.3
      vertex 64.608 3 3.3
    endloop
  endfacet
  facet normal 0 0 -1
    outer loop
      vertex 49.5204 8.20941 3.3
      vertex 42.8636 8.20941 3.3
      vertex 49.3793 8.23748 3.3
    endloop
  endfacet
  facet normal 0 0 -1
    outer loop
      vertex 48.5734 9.15642 3.3
      vertex 43.82 9.3 3.3
      vertex 48.564 9.3 3.3
    endloop
  endfacet
  facet normal 0 0 -1
    outer loop
      vertex 43.8106 9.15642 3.3
      vertex 48.5734 9.15642 3.3
      vertex 48.6015 9.0153 3.3
    endloop
  endfacet
  facet normal 0 0 -1
    outer loop
      vertex 43.7825 9.0153 3.3
      vertex 48.6015 9.0153 3.3
      vertex 48.6477 8.87905 3.3
    endloop
  endfacet
  facet normal 0 0 -1
    outer loop
      vertex 43.7363 8.87905 3.3
      vertex 48.6477 8.87905 3.3
      vertex 48.7114 8.75 3.3
    endloop
  endfacet
  facet normal 0 0 -1
    outer loop
      vertex 43.6726 8.75 3.3
      vertex 48.7114 8.75 3.3
      vertex 48.7913 8.63036 3.3
    endloop
  endfacet
  facet normal 0 0 -1
    outer loop
      vertex 43.5927 8.63036 3.3
      vertex 48.7913 8.63036 3.3
      vertex 48.8862 8.52218 3.3
    endloop
  endfacet
  facet normal 0 0 -1
    outer loop
      vertex 43.4978 8.52218 3.3
      vertex 48.8862 8.52218 3.3
      vertex 48.9944 8.42731 3.3
    endloop
  endfacet
  facet normal 0 0 -1
    outer loop
      vertex 43.3896 8.42731 3.3
      vertex 48.9944 8.42731 3.3
      vertex 49.114 8.34737 3.3
    endloop
  endfacet
  facet normal 0 0 -1
    outer loop
      vertex 43.27 8.34737 3.3
      vertex 49.114 8.34737 3.3
      vertex 49.243 8.28373 3.3
    endloop
  endfacet
  facet normal 0 -0 -1
    outer loop
      vertex 43.0047 8.23748 3.3
      vertex 49.3793 8.23748 3.3
      vertex 42.8636 8.20941 3.3
    endloop
  endfacet
  facet normal 0 0 -1
    outer loop
      vertex 48.5734 9.15642 3.3
      vertex 43.8106 9.15642 3.3
      vertex 43.82 9.3 3.3
    endloop
  endfacet
  facet normal 0 0 -1
    outer loop
      vertex 48.6015 9.0153 3.3
      vertex 43.7825 9.0153 3.3
      vertex 43.8106 9.15642 3.3
    endloop
  endfacet
  facet normal 0 0 -1
    outer loop
      vertex 48.6477 8.87905 3.3
      vertex 43.7363 8.87905 3.3
      vertex 43.7825 9.0153 3.3
    endloop
  endfacet
  facet normal 0 0 -1
    outer loop
      vertex 48.7114 8.75 3.3
      vertex 43.6726 8.75 3.3
      vertex 43.7363 8.87905 3.3
    endloop
  endfacet
  facet normal 0 0 -1
    outer loop
      vertex 48.7913 8.63036 3.3
      vertex 43.5927 8.63036 3.3
      vertex 43.6726 8.75 3.3
    endloop
  endfacet
  facet normal 0 0 -1
    outer loop
      vertex 48.8862 8.52218 3.3
      vertex 43.4978 8.52218 3.3
      vertex 43.5927 8.63036 3.3
    endloop
  endfacet
  facet normal 0 0 -1
    outer loop
      vertex 48.9944 8.42731 3.3
      vertex 43.3896 8.42731 3.3
      vertex 43.4978 8.52218 3.3
    endloop
  endfacet
  facet normal 0 0 -1
    outer loop
      vertex 49.114 8.34737 3.3
      vertex 43.27 8.34737 3.3
      vertex 43.3896 8.42731 3.3
    endloop
  endfacet
  facet normal 0 0 -1
    outer loop
      vertex 49.243 8.28373 3.3
      vertex 43.141 8.28373 3.3
      vertex 43.27 8.34737 3.3
    endloop
  endfacet
  facet normal -0 0 -1
    outer loop
      vertex 49.243 8.28373 3.3
      vertex 43.0047 8.23748 3.3
      vertex 43.141 8.28373 3.3
    endloop
  endfacet
  facet normal 0 0 -1
    outer loop
      vertex 49.3793 8.23748 3.3
      vertex 43.0047 8.23748 3.3
      vertex 49.243 8.28373 3.3
    endloop
  endfacet
  facet normal 0 0 -1
    outer loop
      vertex 64.608 3 3.3
      vertex 42.72 8.2 3.3
      vertex 42.8636 8.20941 3.3
    endloop
  endfacet
  facet normal 0 0 -1
    outer loop
      vertex 35.776 8.2 3.3
      vertex 42.72 8.2 3.3
      vertex 64.608 3 3.3
    endloop
  endfacet
  facet normal 0 0 -1
    outer loop
      vertex 42.72 8.2 3.3
      vertex 35.776 8.2 3.3
      vertex 42.5764 8.20941 3.3
    endloop
  endfacet
  facet normal 0 0 -1
    outer loop
      vertex 41.6294 9.15642 3.3
      vertex 36.876 9.3 3.3
      vertex 41.62 9.3 3.3
    endloop
  endfacet
  facet normal 0 0 -1
    outer loop
      vertex 36.8666 9.15642 3.3
      vertex 41.6294 9.15642 3.3
      vertex 41.6575 9.0153 3.3
    endloop
  endfacet
  facet normal 0 0 -1
    outer loop
      vertex 36.8385 9.0153 3.3
      vertex 41.6575 9.0153 3.3
      vertex 41.7037 8.87905 3.3
    endloop
  endfacet
  facet normal 0 0 -1
    outer loop
      vertex 36.7923 8.87905 3.3
      vertex 41.7037 8.87905 3.3
      vertex 41.7674 8.75 3.3
    endloop
  endfacet
  facet normal 0 0 -1
    outer loop
      vertex 36.7286 8.75 3.3
      vertex 41.7674 8.75 3.3
      vertex 41.8473 8.63036 3.3
    endloop
  endfacet
  facet normal 0 0 -1
    outer loop
      vertex 36.6487 8.63036 3.3
      vertex 41.8473 8.63036 3.3
      vertex 41.9422 8.52218 3.3
    endloop
  endfacet
  facet normal 0 0 -1
    outer loop
      vertex 36.5538 8.52218 3.3
      vertex 41.9422 8.52218 3.3
      vertex 42.0504 8.42731 3.3
    endloop
  endfacet
  facet normal 0 0 -1
    outer loop
      vertex 36.4456 8.42731 3.3
      vertex 42.0504 8.42731 3.3
      vertex 42.17 8.34737 3.3
    endloop
  endfacet
  facet normal 0 0 -1
    outer loop
      vertex 36.326 8.34737 3.3
      vertex 42.17 8.34737 3.3
      vertex 42.299 8.28373 3.3
    endloop
  endfacet
  facet normal 0 0 -1
    outer loop
      vertex 36.197 8.28373 3.3
      vertex 42.299 8.28373 3.3
      vertex 42.4353 8.23748 3.3
    endloop
  endfacet
  facet normal 0 0 -1
    outer loop
      vertex 42.5764 8.20941 3.3
      vertex 35.9196 8.20941 3.3
      vertex 42.4353 8.23748 3.3
    endloop
  endfacet
  facet normal 0 0 -1
    outer loop
      vertex 41.6294 9.15642 3.3
      vertex 36.8666 9.15642 3.3
      vertex 36.876 9.3 3.3
    endloop
  endfacet
  facet normal 0 0 -1
    outer loop
      vertex 41.6575 9.0153 3.3
      vertex 36.8385 9.0153 3.3
      vertex 36.8666 9.15642 3.3
    endloop
  endfacet
  facet normal 0 0 -1
    outer loop
      vertex 41.7037 8.87905 3.3
      vertex 36.7923 8.87905 3.3
      vertex 36.8385 9.0153 3.3
    endloop
  endfacet
  facet normal 0 0 -1
    outer loop
      vertex 41.7674 8.75 3.3
      vertex 36.7286 8.75 3.3
      vertex 36.7923 8.87905 3.3
    endloop
  endfacet
  facet normal 0 0 -1
    outer loop
      vertex 41.8473 8.63036 3.3
      vertex 36.6487 8.63036 3.3
      vertex 36.7286 8.75 3.3
    endloop
  endfacet
  facet normal 0 0 -1
    outer loop
      vertex 41.9422 8.52218 3.3
      vertex 36.5538 8.52218 3.3
      vertex 36.6487 8.63036 3.3
    endloop
  endfacet
  facet normal 0 0 -1
    outer loop
      vertex 42.0504 8.42731 3.3
      vertex 36.4456 8.42731 3.3
      vertex 36.5538 8.52218 3.3
    endloop
  endfacet
  facet normal 0 0 -1
    outer loop
      vertex 42.17 8.34737 3.3
      vertex 36.326 8.34737 3.3
      vertex 36.4456 8.42731 3.3
    endloop
  endfacet
  facet normal 0 0 -1
    outer loop
      vertex 42.299 8.28373 3.3
      vertex 36.197 8.28373 3.3
      vertex 36.326 8.34737 3.3
    endloop
  endfacet
  facet normal 0 0 -1
    outer loop
      vertex 42.4353 8.23748 3.3
      vertex 36.0607 8.23748 3.3
      vertex 36.197 8.28373 3.3
    endloop
  endfacet
  facet normal -0 0 -1
    outer loop
      vertex 42.4353 8.23748 3.3
      vertex 35.9196 8.20941 3.3
      vertex 36.0607 8.23748 3.3
    endloop
  endfacet
  facet normal -0 0 -1
    outer loop
      vertex 42.5764 8.20941 3.3
      vertex 35.776 8.2 3.3
      vertex 35.9196 8.20941 3.3
    endloop
  endfacet
  facet normal 0 0 -1
    outer loop
      vertex 28.832 8.2 3.3
      vertex 35.776 8.2 3.3
      vertex 64.608 3 3.3
    endloop
  endfacet
  facet normal 0 0 -1
    outer loop
      vertex 34.6854 9.15642 3.3
      vertex 29.932 9.3 3.3
      vertex 34.676 9.3 3.3
    endloop
  endfacet
  facet normal 0 0 -1
    outer loop
      vertex 29.9226 9.15642 3.3
      vertex 34.6854 9.15642 3.3
      vertex 34.7135 9.0153 3.3
    endloop
  endfacet
  facet normal 0 0 -1
    outer loop
      vertex 29.8945 9.0153 3.3
      vertex 34.7135 9.0153 3.3
      vertex 34.7597 8.87905 3.3
    endloop
  endfacet
  facet normal 0 0 -1
    outer loop
      vertex 29.8483 8.87905 3.3
      vertex 34.7597 8.87905 3.3
      vertex 34.8234 8.75 3.3
    endloop
  endfacet
  facet normal 0 0 -1
    outer loop
      vertex 29.7846 8.75 3.3
      vertex 34.8234 8.75 3.3
      vertex 34.9033 8.63036 3.3
    endloop
  endfacet
  facet normal 0 0 -1
    outer loop
      vertex 29.7047 8.63036 3.3
      vertex 34.9033 8.63036 3.3
      vertex 34.9982 8.52218 3.3
    endloop
  endfacet
  facet normal 0 0 -1
    outer loop
      vertex 29.6098 8.52218 3.3
      vertex 34.9982 8.52218 3.3
      vertex 35.1064 8.42731 3.3
    endloop
  endfacet
  facet normal 0 0 -1
    outer loop
      vertex 29.5016 8.42731 3.3
      vertex 35.1064 8.42731 3.3
      vertex 35.226 8.34737 3.3
    endloop
  endfacet
  facet normal 0 0 -1
    outer loop
      vertex 29.382 8.34737 3.3
      vertex 35.226 8.34737 3.3
      vertex 35.355 8.28373 3.3
    endloop
  endfacet
  facet normal 0 0 -1
    outer loop
      vertex 29.253 8.28373 3.3
      vertex 35.355 8.28373 3.3
      vertex 35.4913 8.23748 3.3
    endloop
  endfacet
  facet normal 0 0 -1
    outer loop
      vertex 29.1167 8.23748 3.3
      vertex 35.4913 8.23748 3.3
      vertex 35.6324 8.20941 3.3
    endloop
  endfacet
  facet normal 0 0 -1
    outer loop
      vertex 34.6854 9.15642 3.3
      vertex 29.9226 9.15642 3.3
      vertex 29.932 9.3 3.3
    endloop
  endfacet
  facet normal 0 0 -1
    outer loop
      vertex 35.776 8.2 3.3
      vertex 28.832 8.2 3.3
      vertex 35.6324 8.20941 3.3
    endloop
  endfacet
  facet normal 0 0 -1
    outer loop
      vertex 34.7135 9.0153 3.3
      vertex 29.8945 9.0153 3.3
      vertex 29.9226 9.15642 3.3
    endloop
  endfacet
  facet normal 0 0 -1
    outer loop
      vertex 34.7597 8.87905 3.3
      vertex 29.8483 8.87905 3.3
      vertex 29.8945 9.0153 3.3
    endloop
  endfacet
  facet normal 0 0 -1
    outer loop
      vertex 34.8234 8.75 3.3
      vertex 29.7846 8.75 3.3
      vertex 29.8483 8.87905 3.3
    endloop
  endfacet
  facet normal 0 0 -1
    outer loop
      vertex 34.9033 8.63036 3.3
      vertex 29.7047 8.63036 3.3
      vertex 29.7846 8.75 3.3
    endloop
  endfacet
  facet normal 0 0 -1
    outer loop
      vertex 34.9982 8.52218 3.3
      vertex 29.6098 8.52218 3.3
      vertex 29.7047 8.63036 3.3
    endloop
  endfacet
  facet normal 0 0 -1
    outer loop
      vertex 35.1064 8.42731 3.3
      vertex 29.5016 8.42731 3.3
      vertex 29.6098 8.52218 3.3
    endloop
  endfacet
  facet normal 0 0 -1
    outer loop
      vertex 35.226 8.34737 3.3
      vertex 29.382 8.34737 3.3
      vertex 29.5016 8.42731 3.3
    endloop
  endfacet
  facet normal 0 0 -1
    outer loop
      vertex 35.355 8.28373 3.3
      vertex 29.253 8.28373 3.3
      vertex 29.382 8.34737 3.3
    endloop
  endfacet
  facet normal 0 0 -1
    outer loop
      vertex 35.4913 8.23748 3.3
      vertex 29.1167 8.23748 3.3
      vertex 29.253 8.28373 3.3
    endloop
  endfacet
  facet normal 0 0 -1
    outer loop
      vertex 35.6324 8.20941 3.3
      vertex 28.9756 8.20941 3.3
      vertex 29.1167 8.23748 3.3
    endloop
  endfacet
  facet normal -0 0 -1
    outer loop
      vertex 35.6324 8.20941 3.3
      vertex 28.832 8.2 3.3
      vertex 28.9756 8.20941 3.3
    endloop
  endfacet
  facet normal 0 0 -1
    outer loop
      vertex 0 3 3.3
      vertex 28.832 8.2 3.3
      vertex 64.608 3 3.3
    endloop
  endfacet
  facet normal 0 0 -1
    outer loop
      vertex 27.7414 9.15642 3.3
      vertex 22.988 9.3 3.3
      vertex 27.732 9.3 3.3
    endloop
  endfacet
  facet normal 0 0 -1
    outer loop
      vertex 22.9786 9.15642 3.3
      vertex 27.7414 9.15642 3.3
      vertex 27.7695 9.0153 3.3
    endloop
  endfacet
  facet normal 0 0 -1
    outer loop
      vertex 22.9505 9.0153 3.3
      vertex 27.7695 9.0153 3.3
      vertex 27.8157 8.87905 3.3
    endloop
  endfacet
  facet normal 0 0 -1
    outer loop
      vertex 22.9043 8.87905 3.3
      vertex 27.8157 8.87905 3.3
      vertex 27.8794 8.75 3.3
    endloop
  endfacet
  facet normal 0 0 -1
    outer loop
      vertex 22.8406 8.75 3.3
      vertex 27.8794 8.75 3.3
      vertex 27.9593 8.63036 3.3
    endloop
  endfacet
  facet normal 0 0 -1
    outer loop
      vertex 22.7607 8.63036 3.3
      vertex 27.9593 8.63036 3.3
      vertex 28.0542 8.52218 3.3
    endloop
  endfacet
  facet normal 0 0 -1
    outer loop
      vertex 22.6658 8.52218 3.3
      vertex 28.0542 8.52218 3.3
      vertex 28.1624 8.42731 3.3
    endloop
  endfacet
  facet normal 0 0 -1
    outer loop
      vertex 22.5576 8.42731 3.3
      vertex 28.1624 8.42731 3.3
      vertex 28.282 8.34737 3.3
    endloop
  endfacet
  facet normal 0 0 -1
    outer loop
      vertex 22.438 8.34737 3.3
      vertex 28.282 8.34737 3.3
      vertex 28.411 8.28373 3.3
    endloop
  endfacet
  facet normal 0 0 -1
    outer loop
      vertex 22.309 8.28373 3.3
      vertex 28.411 8.28373 3.3
      vertex 28.5473 8.23748 3.3
    endloop
  endfacet
  facet normal 0 0 -1
    outer loop
      vertex 22.1727 8.23748 3.3
      vertex 28.5473 8.23748 3.3
      vertex 28.6884 8.20941 3.3
    endloop
  endfacet
  facet normal 0 0 -1
    outer loop
      vertex 27.7414 9.15642 3.3
      vertex 22.9786 9.15642 3.3
      vertex 22.988 9.3 3.3
    endloop
  endfacet
  facet normal 0 0 -1
    outer loop
      vertex 27.7695 9.0153 3.3
      vertex 22.9505 9.0153 3.3
      vertex 22.9786 9.15642 3.3
    endloop
  endfacet
  facet normal 0 -0 -1
    outer loop
      vertex 21.888 8.2 3.3
      vertex 28.832 8.2 3.3
      vertex 0 3 3.3
    endloop
  endfacet
  facet normal 0 0 -1
    outer loop
      vertex 27.8157 8.87905 3.3
      vertex 22.9043 8.87905 3.3
      vertex 22.9505 9.0153 3.3
    endloop
  endfacet
  facet normal 0 0 -1
    outer loop
      vertex 27.8794 8.75 3.3
      vertex 22.8406 8.75 3.3
      vertex 22.9043 8.87905 3.3
    endloop
  endfacet
  facet normal 0 0 -1
    outer loop
      vertex 27.9593 8.63036 3.3
      vertex 22.7607 8.63036 3.3
      vertex 22.8406 8.75 3.3
    endloop
  endfacet
  facet normal 0 0 -1
    outer loop
      vertex 28.0542 8.52218 3.3
      vertex 22.6658 8.52218 3.3
      vertex 22.7607 8.63036 3.3
    endloop
  endfacet
  facet normal 0 0 -1
    outer loop
      vertex 28.1624 8.42731 3.3
      vertex 22.5576 8.42731 3.3
      vertex 22.6658 8.52218 3.3
    endloop
  endfacet
  facet normal 0 0 -1
    outer loop
      vertex 28.282 8.34737 3.3
      vertex 22.438 8.34737 3.3
      vertex 22.5576 8.42731 3.3
    endloop
  endfacet
  facet normal 0 0 -1
    outer loop
      vertex 28.411 8.28373 3.3
      vertex 22.309 8.28373 3.3
      vertex 22.438 8.34737 3.3
    endloop
  endfacet
  facet normal 0 0 -1
    outer loop
      vertex 28.5473 8.23748 3.3
      vertex 22.1727 8.23748 3.3
      vertex 22.309 8.28373 3.3
    endloop
  endfacet
  facet normal 0 0 -1
    outer loop
      vertex 28.6884 8.20941 3.3
      vertex 22.0316 8.20941 3.3
      vertex 22.1727 8.23748 3.3
    endloop
  endfacet
  facet normal 0 0 -1
    outer loop
      vertex 28.832 8.2 3.3
      vertex 21.888 8.2 3.3
      vertex 28.6884 8.20941 3.3
    endloop
  endfacet
  facet normal -0 0 -1
    outer loop
      vertex 28.6884 8.20941 3.3
      vertex 21.888 8.2 3.3
      vertex 22.0316 8.20941 3.3
    endloop
  endfacet
  facet normal 0 0 -1
    outer loop
      vertex 20.7974 9.15642 3.3
      vertex 16.044 9.3 3.3
      vertex 20.788 9.3 3.3
    endloop
  endfacet
  facet normal 0 0 -1
    outer loop
      vertex 16.0346 9.15642 3.3
      vertex 20.7974 9.15642 3.3
      vertex 20.8255 9.0153 3.3
    endloop
  endfacet
  facet normal 0 0 -1
    outer loop
      vertex 16.0065 9.0153 3.3
      vertex 20.8255 9.0153 3.3
      vertex 20.8717 8.87905 3.3
    endloop
  endfacet
  facet normal 0 0 -1
    outer loop
      vertex 15.9603 8.87905 3.3
      vertex 20.8717 8.87905 3.3
      vertex 20.9354 8.75 3.3
    endloop
  endfacet
  facet normal 0 0 -1
    outer loop
      vertex 15.8966 8.75 3.3
      vertex 20.9354 8.75 3.3
      vertex 21.0153 8.63036 3.3
    endloop
  endfacet
  facet normal 0 0 -1
    outer loop
      vertex 15.8167 8.63036 3.3
      vertex 21.0153 8.63036 3.3
      vertex 21.1102 8.52218 3.3
    endloop
  endfacet
  facet normal 0 0 -1
    outer loop
      vertex 15.7218 8.52218 3.3
      vertex 21.1102 8.52218 3.3
      vertex 21.2184 8.42731 3.3
    endloop
  endfacet
  facet normal 0 0 -1
    outer loop
      vertex 15.6136 8.42731 3.3
      vertex 21.2184 8.42731 3.3
      vertex 21.338 8.34737 3.3
    endloop
  endfacet
  facet normal 0 0 -1
    outer loop
      vertex 15.494 8.34737 3.3
      vertex 21.338 8.34737 3.3
      vertex 21.467 8.28373 3.3
    endloop
  endfacet
  facet normal 0 0 -1
    outer loop
      vertex 15.365 8.28373 3.3
      vertex 21.467 8.28373 3.3
      vertex 21.6033 8.23748 3.3
    endloop
  endfacet
  facet normal 0 0 -1
    outer loop
      vertex 15.2287 8.23748 3.3
      vertex 21.6033 8.23748 3.3
      vertex 21.7444 8.20941 3.3
    endloop
  endfacet
  facet normal 0 0 -1
    outer loop
      vertex 20.7974 9.15642 3.3
      vertex 16.0346 9.15642 3.3
      vertex 16.044 9.3 3.3
    endloop
  endfacet
  facet normal 0 0 -1
    outer loop
      vertex 20.8255 9.0153 3.3
      vertex 16.0065 9.0153 3.3
      vertex 16.0346 9.15642 3.3
    endloop
  endfacet
  facet normal 0 0 -1
    outer loop
      vertex 20.8717 8.87905 3.3
      vertex 15.9603 8.87905 3.3
      vertex 16.0065 9.0153 3.3
    endloop
  endfacet
  facet normal -0 0 -1
    outer loop
      vertex 21.888 8.2 3.3
      vertex 0 3 3.3
      vertex 21.7444 8.20941 3.3
    endloop
  endfacet
  facet normal 0 0 -1
    outer loop
      vertex 20.9354 8.75 3.3
      vertex 15.8966 8.75 3.3
      vertex 15.9603 8.87905 3.3
    endloop
  endfacet
  facet normal 0 0 -1
    outer loop
      vertex 21.0153 8.63036 3.3
      vertex 15.8167 8.63036 3.3
      vertex 15.8966 8.75 3.3
    endloop
  endfacet
  facet normal 0 0 -1
    outer loop
      vertex 21.1102 8.52218 3.3
      vertex 15.7218 8.52218 3.3
      vertex 15.8167 8.63036 3.3
    endloop
  endfacet
  facet normal 0 0 -1
    outer loop
      vertex 21.2184 8.42731 3.3
      vertex 15.6136 8.42731 3.3
      vertex 15.7218 8.52218 3.3
    endloop
  endfacet
  facet normal 0 0 -1
    outer loop
      vertex 21.338 8.34737 3.3
      vertex 15.494 8.34737 3.3
      vertex 15.6136 8.42731 3.3
    endloop
  endfacet
  facet normal 0 0 -1
    outer loop
      vertex 21.467 8.28373 3.3
      vertex 15.365 8.28373 3.3
      vertex 15.494 8.34737 3.3
    endloop
  endfacet
  facet normal 0 0 -1
    outer loop
      vertex 21.6033 8.23748 3.3
      vertex 15.2287 8.23748 3.3
      vertex 15.365 8.28373 3.3
    endloop
  endfacet
  facet normal 0 -0 -1
    outer loop
      vertex 15.0876 8.20941 3.3
      vertex 21.7444 8.20941 3.3
      vertex 0 3 3.3
    endloop
  endfacet
  facet normal 0 0 -1
    outer loop
      vertex 21.7444 8.20941 3.3
      vertex 15.0876 8.20941 3.3
      vertex 15.2287 8.23748 3.3
    endloop
  endfacet
  facet normal 0 0 -1
    outer loop
      vertex 15.0876 8.20941 3.3
      vertex 0 3 3.3
      vertex 14.944 8.2 3.3
    endloop
  endfacet
  facet normal 0 0 -1
    outer loop
      vertex 13.8534 9.15642 3.3
      vertex 9.1 9.3 3.3
      vertex 13.844 9.3 3.3
    endloop
  endfacet
  facet normal 0 0 -1
    outer loop
      vertex 9.09059 9.15642 3.3
      vertex 13.8534 9.15642 3.3
      vertex 13.8815 9.0153 3.3
    endloop
  endfacet
  facet normal 0 0 -1
    outer loop
      vertex 9.06252 9.0153 3.3
      vertex 13.8815 9.0153 3.3
      vertex 13.9277 8.87905 3.3
    endloop
  endfacet
  facet normal 0 0 -1
    outer loop
      vertex 9.01627 8.87905 3.3
      vertex 13.9277 8.87905 3.3
      vertex 13.9914 8.75 3.3
    endloop
  endfacet
  facet normal 0 0 -1
    outer loop
      vertex 8.95263 8.75 3.3
      vertex 13.9914 8.75 3.3
      vertex 14.0713 8.63036 3.3
    endloop
  endfacet
  facet normal 0 0 -1
    outer loop
      vertex 8.87269 8.63036 3.3
      vertex 14.0713 8.63036 3.3
      vertex 14.1662 8.52218 3.3
    endloop
  endfacet
  facet normal 0 0 -1
    outer loop
      vertex 8.77782 8.52218 3.3
      vertex 14.1662 8.52218 3.3
      vertex 14.2744 8.42731 3.3
    endloop
  endfacet
  facet normal 0 0 -1
    outer loop
      vertex 8.66964 8.42731 3.3
      vertex 14.2744 8.42731 3.3
      vertex 14.394 8.34737 3.3
    endloop
  endfacet
  facet normal 0 0 -1
    outer loop
      vertex 8.55 8.34737 3.3
      vertex 14.394 8.34737 3.3
      vertex 14.523 8.28373 3.3
    endloop
  endfacet
  facet normal 0 0 -1
    outer loop
      vertex 8.42095 8.28373 3.3
      vertex 14.523 8.28373 3.3
      vertex 14.6593 8.23748 3.3
    endloop
  endfacet
  facet normal 0 0 -1
    outer loop
      vertex 0 3 3.3
      vertex 14.6593 8.23748 3.3
      vertex 14.8004 8.20941 3.3
    endloop
  endfacet
  facet normal 0 0 -1
    outer loop
      vertex 13.8534 9.15642 3.3
      vertex 9.09059 9.15642 3.3
      vertex 9.1 9.3 3.3
    endloop
  endfacet
  facet normal 0 0 -1
    outer loop
      vertex 13.8815 9.0153 3.3
      vertex 9.06252 9.0153 3.3
      vertex 9.09059 9.15642 3.3
    endloop
  endfacet
  facet normal 0 0 -1
    outer loop
      vertex 13.9277 8.87905 3.3
      vertex 9.01627 8.87905 3.3
      vertex 9.06252 9.0153 3.3
    endloop
  endfacet
  facet normal 0 0 -1
    outer loop
      vertex 13.9914 8.75 3.3
      vertex 8.95263 8.75 3.3
      vertex 9.01627 8.87905 3.3
    endloop
  endfacet
  facet normal -0 0 -1
    outer loop
      vertex 14.944 8.2 3.3
      vertex 0 3 3.3
      vertex 14.8004 8.20941 3.3
    endloop
  endfacet
  facet normal 0 0 -1
    outer loop
      vertex 14.0713 8.63036 3.3
      vertex 8.87269 8.63036 3.3
      vertex 8.95263 8.75 3.3
    endloop
  endfacet
  facet normal 0 0 -1
    outer loop
      vertex 14.1662 8.52218 3.3
      vertex 8.77782 8.52218 3.3
      vertex 8.87269 8.63036 3.3
    endloop
  endfacet
  facet normal 0 0 -1
    outer loop
      vertex 14.2744 8.42731 3.3
      vertex 8.66964 8.42731 3.3
      vertex 8.77782 8.52218 3.3
    endloop
  endfacet
  facet normal 0 0 -1
    outer loop
      vertex 14.394 8.34737 3.3
      vertex 8.55 8.34737 3.3
      vertex 8.66964 8.42731 3.3
    endloop
  endfacet
  facet normal 0 0 -1
    outer loop
      vertex 14.523 8.28373 3.3
      vertex 8.42095 8.28373 3.3
      vertex 8.55 8.34737 3.3
    endloop
  endfacet
  facet normal -0 0 -1
    outer loop
      vertex 14.6593 8.23748 3.3
      vertex 0 3 3.3
      vertex 8.2847 8.23748 3.3
    endloop
  endfacet
  facet normal 0 0 -1
    outer loop
      vertex 14.6593 8.23748 3.3
      vertex 8.2847 8.23748 3.3
      vertex 8.42095 8.28373 3.3
    endloop
  endfacet
  facet normal 0 0 -1
    outer loop
      vertex 8.2847 8.23748 3.3
      vertex 0 3 3.3
      vertex 8.14358 8.20941 3.3
    endloop
  endfacet
  facet normal 0 0 -1
    outer loop
      vertex 8.14358 8.20941 3.3
      vertex 0 3 3.3
      vertex 8 8.2 3.3
    endloop
  endfacet
  facet normal -0 0 -1
    outer loop
      vertex 6.90941 9.15642 3.3
      vertex 0 3 3.3
      vertex 6.9 9.3 3.3
    endloop
  endfacet
  facet normal -0 0 -1
    outer loop
      vertex 6.93748 9.0153 3.3
      vertex 0 3 3.3
      vertex 6.90941 9.15642 3.3
    endloop
  endfacet
  facet normal -0 0 -1
    outer loop
      vertex 6.98373 8.87905 3.3
      vertex 0 3 3.3
      vertex 6.93748 9.0153 3.3
    endloop
  endfacet
  facet normal -0 0 -1
    outer loop
      vertex 7.04737 8.75 3.3
      vertex 0 3 3.3
      vertex 6.98373 8.87905 3.3
    endloop
  endfacet
  facet normal -0 0 -1
    outer loop
      vertex 7.12731 8.63036 3.3
      vertex 0 3 3.3
      vertex 7.04737 8.75 3.3
    endloop
  endfacet
  facet normal -0 0 -1
    outer loop
      vertex 7.22218 8.52218 3.3
      vertex 0 3 3.3
      vertex 7.12731 8.63036 3.3
    endloop
  endfacet
  facet normal -0 0 -1
    outer loop
      vertex 7.33036 8.42731 3.3
      vertex 0 3 3.3
      vertex 7.22218 8.52218 3.3
    endloop
  endfacet
  facet normal -0 0 -1
    outer loop
      vertex 7.45 8.34737 3.3
      vertex 0 3 3.3
      vertex 7.33036 8.42731 3.3
    endloop
  endfacet
  facet normal -0 0 -1
    outer loop
      vertex 7.57905 8.28373 3.3
      vertex 0 3 3.3
      vertex 7.45 8.34737 3.3
    endloop
  endfacet
  facet normal -0 0 -1
    outer loop
      vertex 7.7153 8.23748 3.3
      vertex 0 3 3.3
      vertex 7.57905 8.28373 3.3
    endloop
  endfacet
  facet normal -0 0 -1
    outer loop
      vertex 7.85642 8.20941 3.3
      vertex 0 3 3.3
      vertex 7.7153 8.23748 3.3
    endloop
  endfacet
  facet normal -0 0 -1
    outer loop
      vertex 8 8.2 3.3
      vertex 0 3 3.3
      vertex 7.85642 8.20941 3.3
    endloop
  endfacet
  facet normal 0 0 -1
    outer loop
      vertex 57.6986 9.44358 3.3
      vertex 64.608 15.6 3.3
      vertex 57.708 9.3 3.3
    endloop
  endfacet
  facet normal 0 0 -1
    outer loop
      vertex 57.6705 9.5847 3.3
      vertex 64.608 15.6 3.3
      vertex 57.6986 9.44358 3.3
    endloop
  endfacet
  facet normal 0 0 -1
    outer loop
      vertex 57.6243 9.72095 3.3
      vertex 64.608 15.6 3.3
      vertex 57.6705 9.5847 3.3
    endloop
  endfacet
  facet normal 0 0 -1
    outer loop
      vertex 57.5606 9.85 3.3
      vertex 64.608 15.6 3.3
      vertex 57.6243 9.72095 3.3
    endloop
  endfacet
  facet normal 0 0 -1
    outer loop
      vertex 57.4807 9.96964 3.3
      vertex 64.608 15.6 3.3
      vertex 57.5606 9.85 3.3
    endloop
  endfacet
  facet normal 0 0 -1
    outer loop
      vertex 57.3858 10.0778 3.3
      vertex 64.608 15.6 3.3
      vertex 57.4807 9.96964 3.3
    endloop
  endfacet
  facet normal 0 0 -1
    outer loop
      vertex 57.2776 10.1727 3.3
      vertex 64.608 15.6 3.3
      vertex 57.3858 10.0778 3.3
    endloop
  endfacet
  facet normal 0 0 -1
    outer loop
      vertex 57.158 10.2526 3.3
      vertex 64.608 15.6 3.3
      vertex 57.2776 10.1727 3.3
    endloop
  endfacet
  facet normal 0 0 -1
    outer loop
      vertex 57.029 10.3163 3.3
      vertex 64.608 15.6 3.3
      vertex 57.158 10.2526 3.3
    endloop
  endfacet
  facet normal 0 0 -1
    outer loop
      vertex 56.8927 10.3625 3.3
      vertex 64.608 15.6 3.3
      vertex 57.029 10.3163 3.3
    endloop
  endfacet
  facet normal 0 0 -1
    outer loop
      vertex 56.7516 10.3906 3.3
      vertex 64.608 15.6 3.3
      vertex 56.8927 10.3625 3.3
    endloop
  endfacet
  facet normal 0 0 -1
    outer loop
      vertex 56.608 10.4 3.3
      vertex 64.608 15.6 3.3
      vertex 56.7516 10.3906 3.3
    endloop
  endfacet
  facet normal 0 0 -1
    outer loop
      vertex 56.4644 10.3906 3.3
      vertex 64.608 15.6 3.3
      vertex 56.608 10.4 3.3
    endloop
  endfacet
  facet normal 0 0 -1
    outer loop
      vertex 56.3233 10.3625 3.3
      vertex 64.608 15.6 3.3
      vertex 56.4644 10.3906 3.3
    endloop
  endfacet
  facet normal 0 0 -1
    outer loop
      vertex 49.9487 10.3625 3.3
      vertex 56.3233 10.3625 3.3
      vertex 56.187 10.3163 3.3
    endloop
  endfacet
  facet normal 0 0 -1
    outer loop
      vertex 50.085 10.3163 3.3
      vertex 56.187 10.3163 3.3
      vertex 56.058 10.2526 3.3
    endloop
  endfacet
  facet normal 0 0 -1
    outer loop
      vertex 50.764 9.3 3.3
      vertex 55.5174 9.44358 3.3
      vertex 55.508 9.3 3.3
    endloop
  endfacet
  facet normal 0 0 -1
    outer loop
      vertex 50.7546 9.44358 3.3
      vertex 55.5174 9.44358 3.3
      vertex 50.764 9.3 3.3
    endloop
  endfacet
  facet normal 0 0 -1
    outer loop
      vertex 55.5174 9.44358 3.3
      vertex 50.7546 9.44358 3.3
      vertex 55.5455 9.5847 3.3
    endloop
  endfacet
  facet normal 0 0 -1
    outer loop
      vertex 50.7265 9.5847 3.3
      vertex 55.5455 9.5847 3.3
      vertex 50.7546 9.44358 3.3
    endloop
  endfacet
  facet normal 0 0 -1
    outer loop
      vertex 55.5455 9.5847 3.3
      vertex 50.7265 9.5847 3.3
      vertex 55.5917 9.72095 3.3
    endloop
  endfacet
  facet normal 0 0 -1
    outer loop
      vertex 50.6803 9.72095 3.3
      vertex 55.5917 9.72095 3.3
      vertex 50.7265 9.5847 3.3
    endloop
  endfacet
  facet normal 0 0 -1
    outer loop
      vertex 55.5917 9.72095 3.3
      vertex 50.6803 9.72095 3.3
      vertex 55.6554 9.85 3.3
    endloop
  endfacet
  facet normal 0 0 -1
    outer loop
      vertex 50.6166 9.85 3.3
      vertex 55.6554 9.85 3.3
      vertex 50.6803 9.72095 3.3
    endloop
  endfacet
  facet normal 0 0 -1
    outer loop
      vertex 55.6554 9.85 3.3
      vertex 50.6166 9.85 3.3
      vertex 55.7353 9.96964 3.3
    endloop
  endfacet
  facet normal 0 0 -1
    outer loop
      vertex 50.5367 9.96964 3.3
      vertex 55.7353 9.96964 3.3
      vertex 50.6166 9.85 3.3
    endloop
  endfacet
  facet normal 0 0 -1
    outer loop
      vertex 55.7353 9.96964 3.3
      vertex 50.5367 9.96964 3.3
      vertex 55.8302 10.0778 3.3
    endloop
  endfacet
  facet normal 0 0 -1
    outer loop
      vertex 50.4418 10.0778 3.3
      vertex 55.8302 10.0778 3.3
      vertex 50.5367 9.96964 3.3
    endloop
  endfacet
  facet normal 0 0 -1
    outer loop
      vertex 55.8302 10.0778 3.3
      vertex 50.4418 10.0778 3.3
      vertex 55.9384 10.1727 3.3
    endloop
  endfacet
  facet normal 0 0 -1
    outer loop
      vertex 50.3336 10.1727 3.3
      vertex 55.9384 10.1727 3.3
      vertex 50.4418 10.0778 3.3
    endloop
  endfacet
  facet normal 0 0 -1
    outer loop
      vertex 55.9384 10.1727 3.3
      vertex 50.3336 10.1727 3.3
      vertex 56.058 10.2526 3.3
    endloop
  endfacet
  facet normal 0 0 -1
    outer loop
      vertex 50.214 10.2526 3.3
      vertex 56.058 10.2526 3.3
      vertex 50.3336 10.1727 3.3
    endloop
  endfacet
  facet normal 0 0 -1
    outer loop
      vertex 50.085 10.3163 3.3
      vertex 56.058 10.2526 3.3
      vertex 50.214 10.2526 3.3
    endloop
  endfacet
  facet normal 0 0 -1
    outer loop
      vertex 56.187 10.3163 3.3
      vertex 50.085 10.3163 3.3
      vertex 49.9487 10.3625 3.3
    endloop
  endfacet
  facet normal 0 0 -1
    outer loop
      vertex 56.3233 10.3625 3.3
      vertex 49.9487 10.3625 3.3
      vertex 64.608 15.6 3.3
    endloop
  endfacet
  facet normal 0 0 -1
    outer loop
      vertex 49.8076 10.3906 3.3
      vertex 64.608 15.6 3.3
      vertex 49.9487 10.3625 3.3
    endloop
  endfacet
  facet normal 0 0 -1
    outer loop
      vertex 49.664 10.4 3.3
      vertex 64.608 15.6 3.3
      vertex 49.8076 10.3906 3.3
    endloop
  endfacet
  facet normal 0 0 -1
    outer loop
      vertex 49.5204 10.3906 3.3
      vertex 64.608 15.6 3.3
      vertex 49.664 10.4 3.3
    endloop
  endfacet
  facet normal 0 0 -1
    outer loop
      vertex 42.8636 10.3906 3.3
      vertex 49.5204 10.3906 3.3
      vertex 49.3793 10.3625 3.3
    endloop
  endfacet
  facet normal 0 0 -1
    outer loop
      vertex 43.0047 10.3625 3.3
      vertex 49.3793 10.3625 3.3
      vertex 49.243 10.3163 3.3
    endloop
  endfacet
  facet normal 0 0 -1
    outer loop
      vertex 43.82 9.3 3.3
      vertex 48.5734 9.44358 3.3
      vertex 48.564 9.3 3.3
    endloop
  endfacet
  facet normal 0 0 -1
    outer loop
      vertex 43.8106 9.44358 3.3
      vertex 48.5734 9.44358 3.3
      vertex 43.82 9.3 3.3
    endloop
  endfacet
  facet normal 0 0 -1
    outer loop
      vertex 48.5734 9.44358 3.3
      vertex 43.8106 9.44358 3.3
      vertex 48.6015 9.5847 3.3
    endloop
  endfacet
  facet normal 0 0 -1
    outer loop
      vertex 43.7825 9.5847 3.3
      vertex 48.6015 9.5847 3.3
      vertex 43.8106 9.44358 3.3
    endloop
  endfacet
  facet normal 0 0 -1
    outer loop
      vertex 48.6015 9.5847 3.3
      vertex 43.7825 9.5847 3.3
      vertex 48.6477 9.72095 3.3
    endloop
  endfacet
  facet normal 0 0 -1
    outer loop
      vertex 43.7363 9.72095 3.3
      vertex 48.6477 9.72095 3.3
      vertex 43.7825 9.5847 3.3
    endloop
  endfacet
  facet normal 0 0 -1
    outer loop
      vertex 48.6477 9.72095 3.3
      vertex 43.7363 9.72095 3.3
      vertex 48.7114 9.85 3.3
    endloop
  endfacet
  facet normal 0 0 -1
    outer loop
      vertex 43.6726 9.85 3.3
      vertex 48.7114 9.85 3.3
      vertex 43.7363 9.72095 3.3
    endloop
  endfacet
  facet normal 0 0 -1
    outer loop
      vertex 48.7114 9.85 3.3
      vertex 43.6726 9.85 3.3
      vertex 48.7913 9.96964 3.3
    endloop
  endfacet
  facet normal 0 0 -1
    outer loop
      vertex 43.5927 9.96964 3.3
      vertex 48.7913 9.96964 3.3
      vertex 43.6726 9.85 3.3
    endloop
  endfacet
  facet normal 0 0 -1
    outer loop
      vertex 48.7913 9.96964 3.3
      vertex 43.5927 9.96964 3.3
      vertex 48.8862 10.0778 3.3
    endloop
  endfacet
  facet normal 0 0 -1
    outer loop
      vertex 43.4978 10.0778 3.3
      vertex 48.8862 10.0778 3.3
      vertex 43.5927 9.96964 3.3
    endloop
  endfacet
  facet normal 0 0 -1
    outer loop
      vertex 48.8862 10.0778 3.3
      vertex 43.4978 10.0778 3.3
      vertex 48.9944 10.1727 3.3
    endloop
  endfacet
  facet normal 0 0 -1
    outer loop
      vertex 43.3896 10.1727 3.3
      vertex 48.9944 10.1727 3.3
      vertex 43.4978 10.0778 3.3
    endloop
  endfacet
  facet normal 0 0 -1
    outer loop
      vertex 48.9944 10.1727 3.3
      vertex 43.3896 10.1727 3.3
      vertex 49.114 10.2526 3.3
    endloop
  endfacet
  facet normal 0 0 -1
    outer loop
      vertex 43.27 10.2526 3.3
      vertex 49.114 10.2526 3.3
      vertex 43.3896 10.1727 3.3
    endloop
  endfacet
  facet normal 0 0 -1
    outer loop
      vertex 49.114 10.2526 3.3
      vertex 43.27 10.2526 3.3
      vertex 49.243 10.3163 3.3
    endloop
  endfacet
  facet normal 0 0 -1
    outer loop
      vertex 43.141 10.3163 3.3
      vertex 49.243 10.3163 3.3
      vertex 43.27 10.2526 3.3
    endloop
  endfacet
  facet normal 0 0 -1
    outer loop
      vertex 43.0047 10.3625 3.3
      vertex 49.243 10.3163 3.3
      vertex 43.141 10.3163 3.3
    endloop
  endfacet
  facet normal 0 0 -1
    outer loop
      vertex 49.3793 10.3625 3.3
      vertex 43.0047 10.3625 3.3
      vertex 42.8636 10.3906 3.3
    endloop
  endfacet
  facet normal 0 0 -1
    outer loop
      vertex 49.5204 10.3906 3.3
      vertex 42.8636 10.3906 3.3
      vertex 64.608 15.6 3.3
    endloop
  endfacet
  facet normal 0 0 -1
    outer loop
      vertex 42.72 10.4 3.3
      vertex 64.608 15.6 3.3
      vertex 42.8636 10.3906 3.3
    endloop
  endfacet
  facet normal 0 0 -1
    outer loop
      vertex 35.776 10.4 3.3
      vertex 42.72 10.4 3.3
      vertex 42.5764 10.3906 3.3
    endloop
  endfacet
  facet normal 0 0 -1
    outer loop
      vertex 35.9196 10.3906 3.3
      vertex 42.5764 10.3906 3.3
      vertex 42.4353 10.3625 3.3
    endloop
  endfacet
  facet normal 0 0 -1
    outer loop
      vertex 36.876 9.3 3.3
      vertex 41.6294 9.44358 3.3
      vertex 41.62 9.3 3.3
    endloop
  endfacet
  facet normal 0 0 -1
    outer loop
      vertex 36.8666 9.44358 3.3
      vertex 41.6294 9.44358 3.3
      vertex 36.876 9.3 3.3
    endloop
  endfacet
  facet normal 0 0 -1
    outer loop
      vertex 41.6294 9.44358 3.3
      vertex 36.8666 9.44358 3.3
      vertex 41.6575 9.5847 3.3
    endloop
  endfacet
  facet normal 0 0 -1
    outer loop
      vertex 36.8385 9.5847 3.3
      vertex 41.6575 9.5847 3.3
      vertex 36.8666 9.44358 3.3
    endloop
  endfacet
  facet normal 0 0 -1
    outer loop
      vertex 41.6575 9.5847 3.3
      vertex 36.8385 9.5847 3.3
      vertex 41.7037 9.72095 3.3
    endloop
  endfacet
  facet normal 0 0 -1
    outer loop
      vertex 36.7923 9.72095 3.3
      vertex 41.7037 9.72095 3.3
      vertex 36.8385 9.5847 3.3
    endloop
  endfacet
  facet normal 0 0 -1
    outer loop
      vertex 41.7037 9.72095 3.3
      vertex 36.7923 9.72095 3.3
      vertex 41.7674 9.85 3.3
    endloop
  endfacet
  facet normal 0 0 -1
    outer loop
      vertex 36.7286 9.85 3.3
      vertex 41.7674 9.85 3.3
      vertex 36.7923 9.72095 3.3
    endloop
  endfacet
  facet normal 0 0 -1
    outer loop
      vertex 41.7674 9.85 3.3
      vertex 36.7286 9.85 3.3
      vertex 41.8473 9.96964 3.3
    endloop
  endfacet
  facet normal 0 0 -1
    outer loop
      vertex 36.6487 9.96964 3.3
      vertex 41.8473 9.96964 3.3
      vertex 36.7286 9.85 3.3
    endloop
  endfacet
  facet normal 0 0 -1
    outer loop
      vertex 41.8473 9.96964 3.3
      vertex 36.6487 9.96964 3.3
      vertex 41.9422 10.0778 3.3
    endloop
  endfacet
  facet normal 0 0 -1
    outer loop
      vertex 36.5538 10.0778 3.3
      vertex 41.9422 10.0778 3.3
      vertex 36.6487 9.96964 3.3
    endloop
  endfacet
  facet normal 0 0 -1
    outer loop
      vertex 41.9422 10.0778 3.3
      vertex 36.5538 10.0778 3.3
      vertex 42.0504 10.1727 3.3
    endloop
  endfacet
  facet normal 0 0 -1
    outer loop
      vertex 36.4456 10.1727 3.3
      vertex 42.0504 10.1727 3.3
      vertex 36.5538 10.0778 3.3
    endloop
  endfacet
  facet normal 0 0 -1
    outer loop
      vertex 42.0504 10.1727 3.3
      vertex 36.4456 10.1727 3.3
      vertex 42.17 10.2526 3.3
    endloop
  endfacet
  facet normal 0 0 -1
    outer loop
      vertex 36.326 10.2526 3.3
      vertex 42.17 10.2526 3.3
      vertex 36.4456 10.1727 3.3
    endloop
  endfacet
  facet normal 0 0 -1
    outer loop
      vertex 42.17 10.2526 3.3
      vertex 36.326 10.2526 3.3
      vertex 42.299 10.3163 3.3
    endloop
  endfacet
  facet normal 0 0 -1
    outer loop
      vertex 36.197 10.3163 3.3
      vertex 42.299 10.3163 3.3
      vertex 36.326 10.2526 3.3
    endloop
  endfacet
  facet normal 0 0 -1
    outer loop
      vertex 42.299 10.3163 3.3
      vertex 36.197 10.3163 3.3
      vertex 42.4353 10.3625 3.3
    endloop
  endfacet
  facet normal 0 0 -1
    outer loop
      vertex 36.0607 10.3625 3.3
      vertex 42.4353 10.3625 3.3
      vertex 36.197 10.3163 3.3
    endloop
  endfacet
  facet normal 0 0 -1
    outer loop
      vertex 35.9196 10.3906 3.3
      vertex 42.4353 10.3625 3.3
      vertex 36.0607 10.3625 3.3
    endloop
  endfacet
  facet normal 0 0 -1
    outer loop
      vertex 35.776 10.4 3.3
      vertex 42.5764 10.3906 3.3
      vertex 35.9196 10.3906 3.3
    endloop
  endfacet
  facet normal 0 0 -1
    outer loop
      vertex 42.72 10.4 3.3
      vertex 35.776 10.4 3.3
      vertex 64.608 15.6 3.3
    endloop
  endfacet
  facet normal 0 0 -1
    outer loop
      vertex 28.832 10.4 3.3
      vertex 35.776 10.4 3.3
      vertex 35.6324 10.3906 3.3
    endloop
  endfacet
  facet normal 0 0 -1
    outer loop
      vertex 29.932 9.3 3.3
      vertex 34.6854 9.44358 3.3
      vertex 34.676 9.3 3.3
    endloop
  endfacet
  facet normal 0 0 -1
    outer loop
      vertex 29.9226 9.44358 3.3
      vertex 34.6854 9.44358 3.3
      vertex 29.932 9.3 3.3
    endloop
  endfacet
  facet normal 0 0 -1
    outer loop
      vertex 34.6854 9.44358 3.3
      vertex 29.9226 9.44358 3.3
      vertex 34.7135 9.5847 3.3
    endloop
  endfacet
  facet normal 0 0 -1
    outer loop
      vertex 29.8945 9.5847 3.3
      vertex 34.7135 9.5847 3.3
      vertex 29.9226 9.44358 3.3
    endloop
  endfacet
  facet normal 0 0 -1
    outer loop
      vertex 34.7135 9.5847 3.3
      vertex 29.8945 9.5847 3.3
      vertex 34.7597 9.72095 3.3
    endloop
  endfacet
  facet normal 0 0 -1
    outer loop
      vertex 29.8483 9.72095 3.3
      vertex 34.7597 9.72095 3.3
      vertex 29.8945 9.5847 3.3
    endloop
  endfacet
  facet normal 0 0 -1
    outer loop
      vertex 34.7597 9.72095 3.3
      vertex 29.8483 9.72095 3.3
      vertex 34.8234 9.85 3.3
    endloop
  endfacet
  facet normal 0 0 -1
    outer loop
      vertex 29.7846 9.85 3.3
      vertex 34.8234 9.85 3.3
      vertex 29.8483 9.72095 3.3
    endloop
  endfacet
  facet normal 0 0 -1
    outer loop
      vertex 34.8234 9.85 3.3
      vertex 29.7846 9.85 3.3
      vertex 34.9033 9.96964 3.3
    endloop
  endfacet
  facet normal 0 0 -1
    outer loop
      vertex 29.7047 9.96964 3.3
      vertex 34.9033 9.96964 3.3
      vertex 29.7846 9.85 3.3
    endloop
  endfacet
  facet normal 0 0 -1
    outer loop
      vertex 34.9033 9.96964 3.3
      vertex 29.7047 9.96964 3.3
      vertex 34.9982 10.0778 3.3
    endloop
  endfacet
  facet normal 0 0 -1
    outer loop
      vertex 29.6098 10.0778 3.3
      vertex 34.9982 10.0778 3.3
      vertex 29.7047 9.96964 3.3
    endloop
  endfacet
  facet normal 0 0 -1
    outer loop
      vertex 34.9982 10.0778 3.3
      vertex 29.6098 10.0778 3.3
      vertex 35.1064 10.1727 3.3
    endloop
  endfacet
  facet normal 0 0 -1
    outer loop
      vertex 29.5016 10.1727 3.3
      vertex 35.1064 10.1727 3.3
      vertex 29.6098 10.0778 3.3
    endloop
  endfacet
  facet normal 0 0 -1
    outer loop
      vertex 35.1064 10.1727 3.3
      vertex 29.5016 10.1727 3.3
      vertex 35.226 10.2526 3.3
    endloop
  endfacet
  facet normal 0 0 -1
    outer loop
      vertex 29.382 10.2526 3.3
      vertex 35.226 10.2526 3.3
      vertex 29.5016 10.1727 3.3
    endloop
  endfacet
  facet normal 0 0 -1
    outer loop
      vertex 35.226 10.2526 3.3
      vertex 29.382 10.2526 3.3
      vertex 35.355 10.3163 3.3
    endloop
  endfacet
  facet normal 0 0 -1
    outer loop
      vertex 29.253 10.3163 3.3
      vertex 35.355 10.3163 3.3
      vertex 29.382 10.2526 3.3
    endloop
  endfacet
  facet normal 0 0 -1
    outer loop
      vertex 35.355 10.3163 3.3
      vertex 29.253 10.3163 3.3
      vertex 35.4913 10.3625 3.3
    endloop
  endfacet
  facet normal 0 0 -1
    outer loop
      vertex 29.1167 10.3625 3.3
      vertex 35.4913 10.3625 3.3
      vertex 29.253 10.3163 3.3
    endloop
  endfacet
  facet normal 0 0 -1
    outer loop
      vertex 35.4913 10.3625 3.3
      vertex 29.1167 10.3625 3.3
      vertex 35.6324 10.3906 3.3
    endloop
  endfacet
  facet normal 0 0 -1
    outer loop
      vertex 28.9756 10.3906 3.3
      vertex 35.6324 10.3906 3.3
      vertex 29.1167 10.3625 3.3
    endloop
  endfacet
  facet normal 0 0 -1
    outer loop
      vertex 28.832 10.4 3.3
      vertex 35.6324 10.3906 3.3
      vertex 28.9756 10.3906 3.3
    endloop
  endfacet
  facet normal 0 0 -1
    outer loop
      vertex 35.776 10.4 3.3
      vertex 28.832 10.4 3.3
      vertex 64.608 15.6 3.3
    endloop
  endfacet
  facet normal 0 0 -1
    outer loop
      vertex 21.888 10.4 3.3
      vertex 28.832 10.4 3.3
      vertex 28.6884 10.3906 3.3
    endloop
  endfacet
  facet normal 0 0 -1
    outer loop
      vertex 22.988 9.3 3.3
      vertex 27.7414 9.44358 3.3
      vertex 27.732 9.3 3.3
    endloop
  endfacet
  facet normal 0 0 -1
    outer loop
      vertex 22.9786 9.44358 3.3
      vertex 27.7414 9.44358 3.3
      vertex 22.988 9.3 3.3
    endloop
  endfacet
  facet normal 0 0 -1
    outer loop
      vertex 27.7414 9.44358 3.3
      vertex 22.9786 9.44358 3.3
      vertex 27.7695 9.5847 3.3
    endloop
  endfacet
  facet normal 0 0 -1
    outer loop
      vertex 22.9505 9.5847 3.3
      vertex 27.7695 9.5847 3.3
      vertex 22.9786 9.44358 3.3
    endloop
  endfacet
  facet normal 0 0 -1
    outer loop
      vertex 27.7695 9.5847 3.3
      vertex 22.9505 9.5847 3.3
      vertex 27.8157 9.72095 3.3
    endloop
  endfacet
  facet normal 0 0 -1
    outer loop
      vertex 22.9043 9.72095 3.3
      vertex 27.8157 9.72095 3.3
      vertex 22.9505 9.5847 3.3
    endloop
  endfacet
  facet normal 0 0 -1
    outer loop
      vertex 27.8157 9.72095 3.3
      vertex 22.9043 9.72095 3.3
      vertex 27.8794 9.85 3.3
    endloop
  endfacet
  facet normal 0 0 -1
    outer loop
      vertex 22.8406 9.85 3.3
      vertex 27.8794 9.85 3.3
      vertex 22.9043 9.72095 3.3
    endloop
  endfacet
  facet normal 0 0 -1
    outer loop
      vertex 27.8794 9.85 3.3
      vertex 22.8406 9.85 3.3
      vertex 27.9593 9.96964 3.3
    endloop
  endfacet
  facet normal 0 0 -1
    outer loop
      vertex 22.7607 9.96964 3.3
      vertex 27.9593 9.96964 3.3
      vertex 22.8406 9.85 3.3
    endloop
  endfacet
  facet normal 0 0 -1
    outer loop
      vertex 27.9593 9.96964 3.3
      vertex 22.7607 9.96964 3.3
      vertex 28.0542 10.0778 3.3
    endloop
  endfacet
  facet normal 0 0 -1
    outer loop
      vertex 22.6658 10.0778 3.3
      vertex 28.0542 10.0778 3.3
      vertex 22.7607 9.96964 3.3
    endloop
  endfacet
  facet normal 0 0 -1
    outer loop
      vertex 28.0542 10.0778 3.3
      vertex 22.6658 10.0778 3.3
      vertex 28.1624 10.1727 3.3
    endloop
  endfacet
  facet normal 0 0 -1
    outer loop
      vertex 22.5576 10.1727 3.3
      vertex 28.1624 10.1727 3.3
      vertex 22.6658 10.0778 3.3
    endloop
  endfacet
  facet normal 0 0 -1
    outer loop
      vertex 28.1624 10.1727 3.3
      vertex 22.5576 10.1727 3.3
      vertex 28.282 10.2526 3.3
    endloop
  endfacet
  facet normal 0 0 -1
    outer loop
      vertex 22.438 10.2526 3.3
      vertex 28.282 10.2526 3.3
      vertex 22.5576 10.1727 3.3
    endloop
  endfacet
  facet normal 0 0 -1
    outer loop
      vertex 28.282 10.2526 3.3
      vertex 22.438 10.2526 3.3
      vertex 28.411 10.3163 3.3
    endloop
  endfacet
  facet normal 0 0 -1
    outer loop
      vertex 22.309 10.3163 3.3
      vertex 28.411 10.3163 3.3
      vertex 22.438 10.2526 3.3
    endloop
  endfacet
  facet normal 0 0 -1
    outer loop
      vertex 28.411 10.3163 3.3
      vertex 22.309 10.3163 3.3
      vertex 28.5473 10.3625 3.3
    endloop
  endfacet
  facet normal 0 0 -1
    outer loop
      vertex 22.1727 10.3625 3.3
      vertex 28.5473 10.3625 3.3
      vertex 22.309 10.3163 3.3
    endloop
  endfacet
  facet normal 0 0 -1
    outer loop
      vertex 28.5473 10.3625 3.3
      vertex 22.1727 10.3625 3.3
      vertex 28.6884 10.3906 3.3
    endloop
  endfacet
  facet normal 0 0 -1
    outer loop
      vertex 22.0316 10.3906 3.3
      vertex 28.6884 10.3906 3.3
      vertex 22.1727 10.3625 3.3
    endloop
  endfacet
  facet normal 0 0 -1
    outer loop
      vertex 21.888 10.4 3.3
      vertex 28.6884 10.3906 3.3
      vertex 22.0316 10.3906 3.3
    endloop
  endfacet
  facet normal 0 0 -1
    outer loop
      vertex 28.832 10.4 3.3
      vertex 21.888 10.4 3.3
      vertex 0 15.6 3.3
    endloop
  endfacet
  facet normal 0 0 -1
    outer loop
      vertex 0 15.6 3.3
      vertex 21.888 10.4 3.3
      vertex 21.7444 10.3906 3.3
    endloop
  endfacet
  facet normal 0 0 -1
    outer loop
      vertex 16.044 9.3 3.3
      vertex 20.7974 9.44358 3.3
      vertex 20.788 9.3 3.3
    endloop
  endfacet
  facet normal 0 0 -1
    outer loop
      vertex 16.0346 9.44358 3.3
      vertex 20.7974 9.44358 3.3
      vertex 16.044 9.3 3.3
    endloop
  endfacet
  facet normal 0 0 -1
    outer loop
      vertex 20.7974 9.44358 3.3
      vertex 16.0346 9.44358 3.3
      vertex 20.8255 9.5847 3.3
    endloop
  endfacet
  facet normal 0 0 -1
    outer loop
      vertex 16.0065 9.5847 3.3
      vertex 20.8255 9.5847 3.3
      vertex 16.0346 9.44358 3.3
    endloop
  endfacet
  facet normal 0 0 -1
    outer loop
      vertex 20.8255 9.5847 3.3
      vertex 16.0065 9.5847 3.3
      vertex 20.8717 9.72095 3.3
    endloop
  endfacet
  facet normal 0 0 -1
    outer loop
      vertex 15.9603 9.72095 3.3
      vertex 20.8717 9.72095 3.3
      vertex 16.0065 9.5847 3.3
    endloop
  endfacet
  facet normal 0 0 -1
    outer loop
      vertex 20.8717 9.72095 3.3
      vertex 15.9603 9.72095 3.3
      vertex 20.9354 9.85 3.3
    endloop
  endfacet
  facet normal 0 0 -1
    outer loop
      vertex 15.8966 9.85 3.3
      vertex 20.9354 9.85 3.3
      vertex 15.9603 9.72095 3.3
    endloop
  endfacet
  facet normal 0 0 -1
    outer loop
      vertex 20.9354 9.85 3.3
      vertex 15.8966 9.85 3.3
      vertex 21.0153 9.96964 3.3
    endloop
  endfacet
  facet normal 0 0 -1
    outer loop
      vertex 15.8167 9.96964 3.3
      vertex 21.0153 9.96964 3.3
      vertex 15.8966 9.85 3.3
    endloop
  endfacet
  facet normal 0 0 -1
    outer loop
      vertex 21.0153 9.96964 3.3
      vertex 15.8167 9.96964 3.3
      vertex 21.1102 10.0778 3.3
    endloop
  endfacet
  facet normal 0 0 -1
    outer loop
      vertex 15.7218 10.0778 3.3
      vertex 21.1102 10.0778 3.3
      vertex 15.8167 9.96964 3.3
    endloop
  endfacet
  facet normal 0 0 -1
    outer loop
      vertex 21.1102 10.0778 3.3
      vertex 15.7218 10.0778 3.3
      vertex 21.2184 10.1727 3.3
    endloop
  endfacet
  facet normal 0 0 -1
    outer loop
      vertex 15.6136 10.1727 3.3
      vertex 21.2184 10.1727 3.3
      vertex 15.7218 10.0778 3.3
    endloop
  endfacet
  facet normal 0 0 -1
    outer loop
      vertex 21.2184 10.1727 3.3
      vertex 15.6136 10.1727 3.3
      vertex 21.338 10.2526 3.3
    endloop
  endfacet
  facet normal 0 0 -1
    outer loop
      vertex 15.494 10.2526 3.3
      vertex 21.338 10.2526 3.3
      vertex 15.6136 10.1727 3.3
    endloop
  endfacet
  facet normal 0 0 -1
    outer loop
      vertex 21.338 10.2526 3.3
      vertex 15.494 10.2526 3.3
      vertex 21.467 10.3163 3.3
    endloop
  endfacet
  facet normal 0 0 -1
    outer loop
      vertex 15.365 10.3163 3.3
      vertex 21.467 10.3163 3.3
      vertex 15.494 10.2526 3.3
    endloop
  endfacet
  facet normal 0 0 -1
    outer loop
      vertex 21.467 10.3163 3.3
      vertex 15.365 10.3163 3.3
      vertex 21.6033 10.3625 3.3
    endloop
  endfacet
  facet normal 0 0 -1
    outer loop
      vertex 15.2287 10.3625 3.3
      vertex 21.6033 10.3625 3.3
      vertex 15.365 10.3163 3.3
    endloop
  endfacet
  facet normal 0 0 -1
    outer loop
      vertex 21.6033 10.3625 3.3
      vertex 15.2287 10.3625 3.3
      vertex 21.7444 10.3906 3.3
    endloop
  endfacet
  facet normal 0 0 -1
    outer loop
      vertex 15.0876 10.3906 3.3
      vertex 21.7444 10.3906 3.3
      vertex 15.2287 10.3625 3.3
    endloop
  endfacet
  facet normal 0 0 -1
    outer loop
      vertex 21.7444 10.3906 3.3
      vertex 15.0876 10.3906 3.3
      vertex 0 15.6 3.3
    endloop
  endfacet
  facet normal 0 0 -1
    outer loop
      vertex 0 15.6 3.3
      vertex 15.0876 10.3906 3.3
      vertex 14.944 10.4 3.3
    endloop
  endfacet
  facet normal 0 0 -1
    outer loop
      vertex 0 15.6 3.3
      vertex 14.944 10.4 3.3
      vertex 14.8004 10.3906 3.3
    endloop
  endfacet
  facet normal 0 0 -1
    outer loop
      vertex 9.1 9.3 3.3
      vertex 13.8534 9.44358 3.3
      vertex 13.844 9.3 3.3
    endloop
  endfacet
  facet normal 0 0 -1
    outer loop
      vertex 9.09059 9.44358 3.3
      vertex 13.8534 9.44358 3.3
      vertex 9.1 9.3 3.3
    endloop
  endfacet
  facet normal 0 0 -1
    outer loop
      vertex 13.8534 9.44358 3.3
      vertex 9.09059 9.44358 3.3
      vertex 13.8815 9.5847 3.3
    endloop
  endfacet
  facet normal 0 0 -1
    outer loop
      vertex 9.06252 9.5847 3.3
      vertex 13.8815 9.5847 3.3
      vertex 9.09059 9.44358 3.3
    endloop
  endfacet
  facet normal 0 0 -1
    outer loop
      vertex 13.8815 9.5847 3.3
      vertex 9.06252 9.5847 3.3
      vertex 13.9277 9.72095 3.3
    endloop
  endfacet
  facet normal 0 0 -1
    outer loop
      vertex 9.01627 9.72095 3.3
      vertex 13.9277 9.72095 3.3
      vertex 9.06252 9.5847 3.3
    endloop
  endfacet
  facet normal 0 0 -1
    outer loop
      vertex 13.9277 9.72095 3.3
      vertex 9.01627 9.72095 3.3
      vertex 13.9914 9.85 3.3
    endloop
  endfacet
  facet normal 0 0 -1
    outer loop
      vertex 8.95263 9.85 3.3
      vertex 13.9914 9.85 3.3
      vertex 9.01627 9.72095 3.3
    endloop
  endfacet
  facet normal 0 0 -1
    outer loop
      vertex 13.9914 9.85 3.3
      vertex 8.95263 9.85 3.3
      vertex 14.0713 9.96964 3.3
    endloop
  endfacet
  facet normal 0 0 -1
    outer loop
      vertex 8.87269 9.96964 3.3
      vertex 14.0713 9.96964 3.3
      vertex 8.95263 9.85 3.3
    endloop
  endfacet
  facet normal 0 0 -1
    outer loop
      vertex 14.0713 9.96964 3.3
      vertex 8.87269 9.96964 3.3
      vertex 14.1662 10.0778 3.3
    endloop
  endfacet
  facet normal 0 0 -1
    outer loop
      vertex 8.77782 10.0778 3.3
      vertex 14.1662 10.0778 3.3
      vertex 8.87269 9.96964 3.3
    endloop
  endfacet
  facet normal 0 0 -1
    outer loop
      vertex 14.1662 10.0778 3.3
      vertex 8.77782 10.0778 3.3
      vertex 14.2744 10.1727 3.3
    endloop
  endfacet
  facet normal 0 0 -1
    outer loop
      vertex 8.66964 10.1727 3.3
      vertex 14.2744 10.1727 3.3
      vertex 8.77782 10.0778 3.3
    endloop
  endfacet
  facet normal 0 0 -1
    outer loop
      vertex 14.2744 10.1727 3.3
      vertex 8.66964 10.1727 3.3
      vertex 14.394 10.2526 3.3
    endloop
  endfacet
  facet normal 0 0 -1
    outer loop
      vertex 8.55 10.2526 3.3
      vertex 14.394 10.2526 3.3
      vertex 8.66964 10.1727 3.3
    endloop
  endfacet
  facet normal 0 0 -1
    outer loop
      vertex 14.394 10.2526 3.3
      vertex 8.55 10.2526 3.3
      vertex 14.523 10.3163 3.3
    endloop
  endfacet
  facet normal 0 0 -1
    outer loop
      vertex 8.42095 10.3163 3.3
      vertex 14.523 10.3163 3.3
      vertex 8.55 10.2526 3.3
    endloop
  endfacet
  facet normal 0 0 -1
    outer loop
      vertex 14.523 10.3163 3.3
      vertex 8.42095 10.3163 3.3
      vertex 14.6593 10.3625 3.3
    endloop
  endfacet
  facet normal 0 0 -1
    outer loop
      vertex 8.2847 10.3625 3.3
      vertex 14.6593 10.3625 3.3
      vertex 8.42095 10.3163 3.3
    endloop
  endfacet
  facet normal 0 0 -1
    outer loop
      vertex 0 15.6 3.3
      vertex 14.6593 10.3625 3.3
      vertex 8.2847 10.3625 3.3
    endloop
  endfacet
  facet normal 0 0 -1
    outer loop
      vertex 14.6593 10.3625 3.3
      vertex 0 15.6 3.3
      vertex 14.8004 10.3906 3.3
    endloop
  endfacet
  facet normal 0 0 -1
    outer loop
      vertex 0 15.6 3.3
      vertex 8.2847 10.3625 3.3
      vertex 8.14358 10.3906 3.3
    endloop
  endfacet
  facet normal 0 0 -1
    outer loop
      vertex 0 15.6 3.3
      vertex 8.14358 10.3906 3.3
      vertex 8 10.4 3.3
    endloop
  endfacet
  facet normal 0 0 -1
    outer loop
      vertex 0 15.6 3.3
      vertex 8 10.4 3.3
      vertex 7.85642 10.3906 3.3
    endloop
  endfacet
  facet normal 0 0 -1
    outer loop
      vertex 0 15.6 3.3
      vertex 6.9 9.3 3.3
      vertex 0 3 3.3
    endloop
  endfacet
  facet normal 0 0 -1
    outer loop
      vertex 6.9 9.3 3.3
      vertex 0 15.6 3.3
      vertex 6.90941 9.44358 3.3
    endloop
  endfacet
  facet normal 0 0 -1
    outer loop
      vertex 6.90941 9.44358 3.3
      vertex 0 15.6 3.3
      vertex 6.93748 9.5847 3.3
    endloop
  endfacet
  facet normal 0 0 -1
    outer loop
      vertex 6.93748 9.5847 3.3
      vertex 0 15.6 3.3
      vertex 6.98373 9.72095 3.3
    endloop
  endfacet
  facet normal 0 0 -1
    outer loop
      vertex 6.98373 9.72095 3.3
      vertex 0 15.6 3.3
      vertex 7.04737 9.85 3.3
    endloop
  endfacet
  facet normal 0 0 -1
    outer loop
      vertex 7.04737 9.85 3.3
      vertex 0 15.6 3.3
      vertex 7.12731 9.96964 3.3
    endloop
  endfacet
  facet normal 0 0 -1
    outer loop
      vertex 28.832 10.4 3.3
      vertex 0 15.6 3.3
      vertex 64.608 15.6 3.3
    endloop
  endfacet
  facet normal 0 0 -1
    outer loop
      vertex 7.7153 10.3625 3.3
      vertex 0 15.6 3.3
      vertex 7.85642 10.3906 3.3
    endloop
  endfacet
  facet normal 0 0 -1
    outer loop
      vertex 7.57905 10.3163 3.3
      vertex 0 15.6 3.3
      vertex 7.7153 10.3625 3.3
    endloop
  endfacet
  facet normal 0 0 -1
    outer loop
      vertex 7.45 10.2526 3.3
      vertex 0 15.6 3.3
      vertex 7.57905 10.3163 3.3
    endloop
  endfacet
  facet normal 0 0 -1
    outer loop
      vertex 7.33036 10.1727 3.3
      vertex 0 15.6 3.3
      vertex 7.45 10.2526 3.3
    endloop
  endfacet
  facet normal 0 0 -1
    outer loop
      vertex 7.22218 10.0778 3.3
      vertex 0 15.6 3.3
      vertex 7.33036 10.1727 3.3
    endloop
  endfacet
  facet normal 0 0 -1
    outer loop
      vertex 7.12731 9.96964 3.3
      vertex 0 15.6 3.3
      vertex 7.22218 10.0778 3.3
    endloop
  endfacet
  facet normal 0 -1 0
    outer loop
      vertex 0 15.6 0
      vertex 64.608 15.6 3.3
      vertex 0 15.6 3.3
    endloop
  endfacet
  facet normal 0 -1 -0
    outer loop
      vertex 64.608 15.6 3.3
      vertex 0 15.6 0
      vertex 64.608 15.6 0
    endloop
  endfacet
  facet normal 0 1 -0
    outer loop
      vertex 64.608 3 0
      vertex 0 3 3.3
      vertex 64.608 3 3.3
    endloop
  endfacet
  facet normal 0 1 0
    outer loop
      vertex 0 3 3.3
      vertex 64.608 3 0
      vertex 0 3 0
    endloop
  endfacet
  facet normal -0.980813 -0.19495 0
    outer loop
      vertex 72.496 4.23274 3.3
      vertex 72.4603 4.41235 12.3
      vertex 72.4603 4.41235 3.3
    endloop
  endfacet
  facet normal -0.980813 -0.19495 0
    outer loop
      vertex 72.4603 4.41235 12.3
      vertex 72.496 4.23274 3.3
      vertex 72.496 4.23274 12.3
    endloop
  endfacet
  facet normal -0.997851 -0.0655259 0
    outer loop
      vertex 72.508 4.05 3.3
      vertex 72.496 4.23274 12.3
      vertex 72.496 4.23274 3.3
    endloop
  endfacet
  facet normal -0.997851 -0.0655259 0
    outer loop
      vertex 72.496 4.23274 12.3
      vertex 72.508 4.05 3.3
      vertex 72.508 4.05 12.3
    endloop
  endfacet
  facet normal -0.946872 -0.321612 0
    outer loop
      vertex 72.4603 4.41235 3.3
      vertex 72.4014 4.58576 12.3
      vertex 72.4014 4.58576 3.3
    endloop
  endfacet
  facet normal -0.946872 -0.321612 0
    outer loop
      vertex 72.4014 4.58576 12.3
      vertex 72.4603 4.41235 3.3
      vertex 72.4603 4.41235 12.3
    endloop
  endfacet
  facet normal 0.980813 -0.19495 0
    outer loop
      vertex 69.72 4.23274 12.3
      vertex 69.7557 4.41235 3.3
      vertex 69.7557 4.41235 12.3
    endloop
  endfacet
  facet normal 0.980813 -0.19495 0
    outer loop
      vertex 69.7557 4.41235 3.3
      vertex 69.72 4.23274 12.3
      vertex 69.72 4.23274 3.3
    endloop
  endfacet
  facet normal -0.321316 -0.946972 0
    outer loop
      vertex 71.4703 5.4023 3.3
      vertex 71.6438 5.34343 12.3
      vertex 71.4703 5.4023 12.3
    endloop
  endfacet
  facet normal -0.321316 -0.946972 -0
    outer loop
      vertex 71.6438 5.34343 12.3
      vertex 71.4703 5.4023 3.3
      vertex 71.6438 5.34343 3.3
    endloop
  endfacet
  facet normal 0.980813 0.19495 0
    outer loop
      vertex 69.7557 3.68765 12.3
      vertex 69.72 3.86726 3.3
      vertex 69.72 3.86726 12.3
    endloop
  endfacet
  facet normal 0.980813 0.19495 0
    outer loop
      vertex 69.72 3.86726 3.3
      vertex 69.7557 3.68765 12.3
      vertex 69.7557 3.68765 3.3
    endloop
  endfacet
  facet normal -0.321316 0.946972 0
    outer loop
      vertex 71.6438 2.75657 0
      vertex 71.4703 2.6977 12.3
      vertex 71.6438 2.75657 12.3
    endloop
  endfacet
  facet normal -0.321316 0.946972 0
    outer loop
      vertex 71.4703 2.6977 12.3
      vertex 71.6438 2.75657 0
      vertex 71.4703 2.6977 0
    endloop
  endfacet
  facet normal 0.831579 -0.555406 0
    outer loop
      vertex 69.8956 4.75 12.3
      vertex 69.9973 4.90227 3.3
      vertex 69.9973 4.90227 12.3
    endloop
  endfacet
  facet normal 0.831579 -0.555406 0
    outer loop
      vertex 69.9973 4.90227 3.3
      vertex 69.8956 4.75 12.3
      vertex 69.8956 4.75 3.3
    endloop
  endfacet
  facet normal -0.89686 -0.442314 0
    outer loop
      vertex 72.4014 4.58576 3.3
      vertex 72.3204 4.75 12.3
      vertex 72.3204 4.75 3.3
    endloop
  endfacet
  facet normal -0.89686 -0.442314 0
    outer loop
      vertex 72.3204 4.75 12.3
      vertex 72.4014 4.58576 3.3
      vertex 72.4014 4.58576 12.3
    endloop
  endfacet
  facet normal 0.195066 -0.98079 0
    outer loop
      vertex 70.7457 5.4023 3.3
      vertex 70.9253 5.43802 12.3
      vertex 70.7457 5.4023 12.3
    endloop
  endfacet
  facet normal 0.195066 -0.98079 0
    outer loop
      vertex 70.9253 5.43802 12.3
      vertex 70.7457 5.4023 3.3
      vertex 70.9253 5.43802 3.3
    endloop
  endfacet
  facet normal -0.89686 0.442314 0
    outer loop
      vertex 72.3204 3.35 3.3
      vertex 72.4014 3.51424 12.3
      vertex 72.4014 3.51424 3.3
    endloop
  endfacet
  facet normal -0.89686 0.442314 0
    outer loop
      vertex 72.4014 3.51424 12.3
      vertex 72.3204 3.35 3.3
      vertex 72.3204 3.35 12.3
    endloop
  endfacet
  facet normal 0.89686 0.442314 0
    outer loop
      vertex 69.8956 3.35 12.3
      vertex 69.8146 3.51424 3.3
      vertex 69.8146 3.51424 12.3
    endloop
  endfacet
  facet normal 0.89686 0.442314 0
    outer loop
      vertex 69.8146 3.51424 3.3
      vertex 69.8956 3.35 12.3
      vertex 69.8956 3.35 3.3
    endloop
  endfacet
  facet normal -0.751683 0.659524 0
    outer loop
      vertex 72.0979 3.06005 3.3
      vertex 72.2187 3.19773 12.3
      vertex 72.2187 3.19773 3.3
    endloop
  endfacet
  facet normal -0.751683 0.659524 0
    outer loop
      vertex 72.2187 3.19773 12.3
      vertex 72.0979 3.06005 3.3
      vertex 72.0979 3.06005 12.3
    endloop
  endfacet
  facet normal -0.831579 0.555406 0
    outer loop
      vertex 72.2187 3.19773 3.3
      vertex 72.3204 3.35 12.3
      vertex 72.3204 3.35 3.3
    endloop
  endfacet
  facet normal -0.831579 0.555406 0
    outer loop
      vertex 72.3204 3.35 12.3
      vertex 72.2187 3.19773 3.3
      vertex 72.2187 3.19773 12.3
    endloop
  endfacet
  facet normal -0.946872 0.321612 0
    outer loop
      vertex 72.4014 3.51424 3.3
      vertex 72.4603 3.68765 12.3
      vertex 72.4603 3.68765 3.3
    endloop
  endfacet
  facet normal -0.946872 0.321612 0
    outer loop
      vertex 72.4603 3.68765 12.3
      vertex 72.4014 3.51424 3.3
      vertex 72.4014 3.51424 12.3
    endloop
  endfacet
  facet normal 0.0654315 -0.997857 0
    outer loop
      vertex 70.9253 5.43802 3.3
      vertex 71.108 5.45 12.3
      vertex 70.9253 5.43802 12.3
    endloop
  endfacet
  facet normal 0.0654315 -0.997857 0
    outer loop
      vertex 71.108 5.45 12.3
      vertex 70.9253 5.43802 3.3
      vertex 71.108 5.45 3.3
    endloop
  endfacet
  facet normal -0.980813 0.19495 0
    outer loop
      vertex 72.4603 3.68765 3.3
      vertex 72.496 3.86726 12.3
      vertex 72.496 3.86726 3.3
    endloop
  endfacet
  facet normal -0.980813 0.19495 0
    outer loop
      vertex 72.496 3.86726 12.3
      vertex 72.4603 3.68765 3.3
      vertex 72.4603 3.68765 12.3
    endloop
  endfacet
  facet normal -0.195066 0.98079 0
    outer loop
      vertex 71.4703 2.6977 0
      vertex 71.2907 2.66198 12.3
      vertex 71.4703 2.6977 12.3
    endloop
  endfacet
  facet normal -0.195066 0.98079 0
    outer loop
      vertex 71.2907 2.66198 12.3
      vertex 71.4703 2.6977 0
      vertex 71.2907 2.66198 0
    endloop
  endfacet
  facet normal 0.659285 -0.751893 0
    outer loop
      vertex 70.118 5.03995 3.3
      vertex 70.2557 5.16069 12.3
      vertex 70.118 5.03995 12.3
    endloop
  endfacet
  facet normal 0.659285 -0.751893 0
    outer loop
      vertex 70.2557 5.16069 12.3
      vertex 70.118 5.03995 3.3
      vertex 70.2557 5.16069 3.3
    endloop
  endfacet
  facet normal -0.195066 -0.98079 0
    outer loop
      vertex 71.2907 5.43802 3.3
      vertex 71.4703 5.4023 12.3
      vertex 71.2907 5.43802 12.3
    endloop
  endfacet
  facet normal -0.195066 -0.98079 -0
    outer loop
      vertex 71.4703 5.4023 12.3
      vertex 71.2907 5.43802 3.3
      vertex 71.4703 5.4023 3.3
    endloop
  endfacet
  facet normal -0.555481 -0.831529 0
    outer loop
      vertex 71.808 5.26243 3.3
      vertex 71.9603 5.16069 12.3
      vertex 71.808 5.26243 12.3
    endloop
  endfacet
  facet normal -0.555481 -0.831529 -0
    outer loop
      vertex 71.9603 5.16069 12.3
      vertex 71.808 5.26243 3.3
      vertex 71.9603 5.16069 3.3
    endloop
  endfacet
  facet normal 0.997851 -0.0655259 0
    outer loop
      vertex 69.708 4.05 12.3
      vertex 69.72 4.23274 3.3
      vertex 69.72 4.23274 12.3
    endloop
  endfacet
  facet normal 0.997851 -0.0655259 0
    outer loop
      vertex 69.72 4.23274 3.3
      vertex 69.708 4.05 12.3
      vertex 69.708 4.05 3.3
    endloop
  endfacet
  facet normal 0.89686 -0.442314 0
    outer loop
      vertex 69.8146 4.58576 12.3
      vertex 69.8956 4.75 3.3
      vertex 69.8956 4.75 12.3
    endloop
  endfacet
  facet normal 0.89686 -0.442314 0
    outer loop
      vertex 69.8956 4.75 3.3
      vertex 69.8146 4.58576 12.3
      vertex 69.8146 4.58576 3.3
    endloop
  endfacet
  facet normal 0.442401 -0.896817 0
    outer loop
      vertex 70.408 5.26243 3.3
      vertex 70.5722 5.34343 12.3
      vertex 70.408 5.26243 12.3
    endloop
  endfacet
  facet normal 0.442401 -0.896817 0
    outer loop
      vertex 70.5722 5.34343 12.3
      vertex 70.408 5.26243 3.3
      vertex 70.5722 5.34343 3.3
    endloop
  endfacet
  facet normal -0.659556 -0.751656 0
    outer loop
      vertex 71.9603 5.16069 3.3
      vertex 72.0979 5.03995 12.3
      vertex 71.9603 5.16069 12.3
    endloop
  endfacet
  facet normal -0.659556 -0.751656 -0
    outer loop
      vertex 72.0979 5.03995 12.3
      vertex 71.9603 5.16069 3.3
      vertex 72.0979 5.03995 3.3
    endloop
  endfacet
  facet normal 0.946872 0.321612 0
    outer loop
      vertex 69.8146 3.51424 12.3
      vertex 69.7557 3.68765 3.3
      vertex 69.7557 3.68765 12.3
    endloop
  endfacet
  facet normal 0.946872 0.321612 0
    outer loop
      vertex 69.7557 3.68765 3.3
      vertex 69.8146 3.51424 12.3
      vertex 69.8146 3.51424 3.3
    endloop
  endfacet
  facet normal 0.555481 -0.831529 0
    outer loop
      vertex 70.2557 5.16069 3.3
      vertex 70.408 5.26243 12.3
      vertex 70.2557 5.16069 12.3
    endloop
  endfacet
  facet normal 0.555481 -0.831529 0
    outer loop
      vertex 70.408 5.26243 12.3
      vertex 70.2557 5.16069 3.3
      vertex 70.408 5.26243 3.3
    endloop
  endfacet
  facet normal -0.442401 -0.896817 0
    outer loop
      vertex 71.6438 5.34343 3.3
      vertex 71.808 5.26243 12.3
      vertex 71.6438 5.34343 12.3
    endloop
  endfacet
  facet normal -0.442401 -0.896817 -0
    outer loop
      vertex 71.808 5.26243 12.3
      vertex 71.6438 5.34343 3.3
      vertex 71.808 5.26243 3.3
    endloop
  endfacet
  facet normal -0.831579 -0.555406 0
    outer loop
      vertex 72.3204 4.75 3.3
      vertex 72.2187 4.90227 12.3
      vertex 72.2187 4.90227 3.3
    endloop
  endfacet
  facet normal -0.831579 -0.555406 0
    outer loop
      vertex 72.2187 4.90227 12.3
      vertex 72.3204 4.75 3.3
      vertex 72.3204 4.75 12.3
    endloop
  endfacet
  facet normal 0.321316 -0.946972 0
    outer loop
      vertex 70.5722 5.34343 3.3
      vertex 70.7457 5.4023 12.3
      vertex 70.5722 5.34343 12.3
    endloop
  endfacet
  facet normal 0.321316 -0.946972 0
    outer loop
      vertex 70.7457 5.4023 12.3
      vertex 70.5722 5.34343 3.3
      vertex 70.7457 5.4023 3.3
    endloop
  endfacet
  facet normal -0.751683 -0.659524 0
    outer loop
      vertex 72.2187 4.90227 3.3
      vertex 72.0979 5.03995 12.3
      vertex 72.0979 5.03995 3.3
    endloop
  endfacet
  facet normal -0.751683 -0.659524 0
    outer loop
      vertex 72.0979 5.03995 12.3
      vertex 72.2187 4.90227 3.3
      vertex 72.2187 4.90227 12.3
    endloop
  endfacet
  facet normal -0.997851 0.0655259 0
    outer loop
      vertex 72.496 3.86726 3.3
      vertex 72.508 4.05 12.3
      vertex 72.508 4.05 3.3
    endloop
  endfacet
  facet normal -0.997851 0.0655259 0
    outer loop
      vertex 72.508 4.05 12.3
      vertex 72.496 3.86726 3.3
      vertex 72.496 3.86726 12.3
    endloop
  endfacet
  facet normal 0.831579 0.555406 0
    outer loop
      vertex 69.9973 3.19773 12.3
      vertex 69.8956 3.35 3.3
      vertex 69.8956 3.35 12.3
    endloop
  endfacet
  facet normal 0.831579 0.555406 0
    outer loop
      vertex 69.8956 3.35 3.3
      vertex 69.9973 3.19773 12.3
      vertex 69.9973 3.19773 3.3
    endloop
  endfacet
  facet normal 0.946872 -0.321612 0
    outer loop
      vertex 69.7557 4.41235 12.3
      vertex 69.8146 4.58576 3.3
      vertex 69.8146 4.58576 12.3
    endloop
  endfacet
  facet normal 0.946872 -0.321612 0
    outer loop
      vertex 69.8146 4.58576 3.3
      vertex 69.7557 4.41235 12.3
      vertex 69.7557 4.41235 3.3
    endloop
  endfacet
  facet normal -0.555519 0.831504 0
    outer loop
      vertex 71.9603 2.93931 0
      vertex 71.808 2.83756 12.3
      vertex 71.9603 2.93931 12.3
    endloop
  endfacet
  facet normal -0.555519 0.831504 0
    outer loop
      vertex 71.808 2.83756 12.3
      vertex 71.9603 2.93931 0
      vertex 71.808 2.83756 0
    endloop
  endfacet
  facet normal 0.555519 0.831504 -0
    outer loop
      vertex 70.408 2.83756 0
      vertex 70.2557 2.93931 12.3
      vertex 70.408 2.83756 12.3
    endloop
  endfacet
  facet normal 0.555519 0.831504 0
    outer loop
      vertex 70.2557 2.93931 12.3
      vertex 70.408 2.83756 0
      vertex 70.2557 2.93931 0
    endloop
  endfacet
  facet normal -0.659556 0.751656 0
    outer loop
      vertex 72.0979 3.06005 3.3
      vertex 71.9603 2.93931 12.3
      vertex 72.0979 3.06005 12.3
    endloop
  endfacet
  facet normal -0.659748 0.751487 -5.20523e-06
    outer loop
      vertex 72.0295 3 3.3
      vertex 71.9603 2.93931 12.3
      vertex 72.0979 3.06005 3.3
    endloop
  endfacet
  facet normal -0.659366 0.751822 0
    outer loop
      vertex 71.9603 2.93931 0
      vertex 72.0295 3 3.3
      vertex 72.0295 3 0
    endloop
  endfacet
  facet normal -0.659366 0.751822 0
    outer loop
      vertex 72.0295 3 3.3
      vertex 71.9603 2.93931 0
      vertex 71.9603 2.93931 12.3
    endloop
  endfacet
  facet normal 0.751954 0.659216 0
    outer loop
      vertex 70.118 3.06005 12.3
      vertex 69.9973 3.19773 3.3
      vertex 69.9973 3.19773 12.3
    endloop
  endfacet
  facet normal 0.751954 0.659216 0
    outer loop
      vertex 69.9973 3.19773 3.3
      vertex 70.118 3.06005 12.3
      vertex 70.118 3.06005 3.3
    endloop
  endfacet
  facet normal -0.0654315 0.997857 0
    outer loop
      vertex 71.2907 2.66198 0
      vertex 71.108 2.65 12.3
      vertex 71.2907 2.66198 12.3
    endloop
  endfacet
  facet normal -0.0654315 0.997857 0
    outer loop
      vertex 71.108 2.65 12.3
      vertex 71.2907 2.66198 0
      vertex 71.108 2.65 0
    endloop
  endfacet
  facet normal -0.442357 0.896839 0
    outer loop
      vertex 71.808 2.83756 0
      vertex 71.6438 2.75657 12.3
      vertex 71.808 2.83756 12.3
    endloop
  endfacet
  facet normal -0.442357 0.896839 0
    outer loop
      vertex 71.6438 2.75657 12.3
      vertex 71.808 2.83756 0
      vertex 71.6438 2.75657 0
    endloop
  endfacet
  facet normal 0.0654315 0.997857 -0
    outer loop
      vertex 71.108 2.65 0
      vertex 70.9253 2.66198 12.3
      vertex 71.108 2.65 12.3
    endloop
  endfacet
  facet normal 0.0654315 0.997857 0
    outer loop
      vertex 70.9253 2.66198 12.3
      vertex 71.108 2.65 0
      vertex 70.9253 2.66198 0
    endloop
  endfacet
  facet normal 0.751954 -0.659216 0
    outer loop
      vertex 69.9973 4.90227 12.3
      vertex 70.118 5.03995 3.3
      vertex 70.118 5.03995 12.3
    endloop
  endfacet
  facet normal 0.751954 -0.659216 0
    outer loop
      vertex 70.118 5.03995 3.3
      vertex 69.9973 4.90227 12.3
      vertex 69.9973 4.90227 3.3
    endloop
  endfacet
  facet normal 0.442357 0.896839 -0
    outer loop
      vertex 70.5722 2.75657 0
      vertex 70.408 2.83756 12.3
      vertex 70.5722 2.75657 12.3
    endloop
  endfacet
  facet normal 0.442357 0.896839 0
    outer loop
      vertex 70.408 2.83756 12.3
      vertex 70.5722 2.75657 0
      vertex 70.408 2.83756 0
    endloop
  endfacet
  facet normal 0.195066 0.98079 -0
    outer loop
      vertex 70.9253 2.66198 0
      vertex 70.7457 2.6977 12.3
      vertex 70.9253 2.66198 12.3
    endloop
  endfacet
  facet normal 0.195066 0.98079 0
    outer loop
      vertex 70.7457 2.6977 12.3
      vertex 70.9253 2.66198 0
      vertex 70.7457 2.6977 0
    endloop
  endfacet
  facet normal 0.659285 0.751893 1.09511e-06
    outer loop
      vertex 70.2557 2.93931 12.3
      vertex 70.1865 3 3.3
      vertex 70.118 3.06005 12.3
    endloop
  endfacet
  facet normal 0.659366 0.751822 -0
    outer loop
      vertex 70.2557 2.93931 0
      vertex 70.1865 3 3.3
      vertex 70.2557 2.93931 12.3
    endloop
  endfacet
  facet normal 0.659366 0.751822 0
    outer loop
      vertex 70.1865 3 3.3
      vertex 70.2557 2.93931 0
      vertex 70.1865 3 0
    endloop
  endfacet
  facet normal 0.659204 0.751964 0
    outer loop
      vertex 70.118 3.06005 12.3
      vertex 70.1865 3 3.3
      vertex 70.118 3.06005 3.3
    endloop
  endfacet
  facet normal -0.0654315 -0.997857 0
    outer loop
      vertex 71.108 5.45 3.3
      vertex 71.2907 5.43802 12.3
      vertex 71.108 5.45 12.3
    endloop
  endfacet
  facet normal -0.0654315 -0.997857 -0
    outer loop
      vertex 71.2907 5.43802 12.3
      vertex 71.108 5.45 3.3
      vertex 71.2907 5.43802 3.3
    endloop
  endfacet
  facet normal 0.321316 0.946972 -0
    outer loop
      vertex 70.7457 2.6977 0
      vertex 70.5722 2.75657 12.3
      vertex 70.7457 2.6977 12.3
    endloop
  endfacet
  facet normal 0.321316 0.946972 0
    outer loop
      vertex 70.5722 2.75657 12.3
      vertex 70.7457 2.6977 0
      vertex 70.5722 2.75657 0
    endloop
  endfacet
  facet normal 0.997851 0.0655259 0
    outer loop
      vertex 69.72 3.86726 12.3
      vertex 69.708 4.05 3.3
      vertex 69.708 4.05 12.3
    endloop
  endfacet
  facet normal 0.997851 0.0655259 0
    outer loop
      vertex 69.708 4.05 3.3
      vertex 69.72 3.86726 12.3
      vertex 69.72 3.86726 3.3
    endloop
  endfacet
  facet normal -0.980811 -0.194961 0
    outer loop
      vertex 72.496 14.7327 3.3
      vertex 72.4603 14.9123 12.3
      vertex 72.4603 14.9123 3.3
    endloop
  endfacet
  facet normal -0.980811 -0.194961 0
    outer loop
      vertex 72.4603 14.9123 12.3
      vertex 72.496 14.7327 3.3
      vertex 72.496 14.7327 12.3
    endloop
  endfacet
  facet normal -0.99785 -0.0655402 0
    outer loop
      vertex 72.508 14.55 3.3
      vertex 72.496 14.7327 12.3
      vertex 72.496 14.7327 3.3
    endloop
  endfacet
  facet normal -0.99785 -0.0655402 0
    outer loop
      vertex 72.496 14.7327 12.3
      vertex 72.508 14.55 3.3
      vertex 72.508 14.55 12.3
    endloop
  endfacet
  facet normal -0.946922 -0.321462 0
    outer loop
      vertex 72.4603 14.9123 3.3
      vertex 72.4014 15.0858 12.3
      vertex 72.4014 15.0858 3.3
    endloop
  endfacet
  facet normal -0.946922 -0.321462 0
    outer loop
      vertex 72.4014 15.0858 12.3
      vertex 72.4603 14.9123 3.3
      vertex 72.4603 14.9123 12.3
    endloop
  endfacet
  facet normal -0.321462 -0.946922 0
    outer loop
      vertex 71.4703 15.9023 0
      vertex 71.6438 15.8434 12.3
      vertex 71.4703 15.9023 12.3
    endloop
  endfacet
  facet normal -0.321462 -0.946922 -0
    outer loop
      vertex 71.6438 15.8434 12.3
      vertex 71.4703 15.9023 0
      vertex 71.6438 15.8434 0
    endloop
  endfacet
  facet normal 0.980811 0.194961 0
    outer loop
      vertex 69.7557 14.1877 12.3
      vertex 69.72 14.3673 3.3
      vertex 69.72 14.3673 12.3
    endloop
  endfacet
  facet normal 0.980811 0.194961 0
    outer loop
      vertex 69.72 14.3673 3.3
      vertex 69.7557 14.1877 12.3
      vertex 69.7557 14.1877 3.3
    endloop
  endfacet
  facet normal -0.321462 0.946922 0
    outer loop
      vertex 71.6438 13.2566 3.3
      vertex 71.4703 13.1977 12.3
      vertex 71.6438 13.2566 12.3
    endloop
  endfacet
  facet normal -0.321462 0.946922 0
    outer loop
      vertex 71.4703 13.1977 12.3
      vertex 71.6438 13.2566 3.3
      vertex 71.4703 13.1977 3.3
    endloop
  endfacet
  facet normal 0.83163 -0.55533 0
    outer loop
      vertex 69.8956 15.25 12.3
      vertex 69.9973 15.4023 3.3
      vertex 69.9973 15.4023 12.3
    endloop
  endfacet
  facet normal 0.83163 -0.55533 0
    outer loop
      vertex 69.9973 15.4023 3.3
      vertex 69.8956 15.25 12.3
      vertex 69.8956 15.25 3.3
    endloop
  endfacet
  facet normal -0.896817 -0.442401 0
    outer loop
      vertex 72.4014 15.0858 3.3
      vertex 72.3204 15.25 12.3
      vertex 72.3204 15.25 3.3
    endloop
  endfacet
  facet normal -0.896817 -0.442401 0
    outer loop
      vertex 72.3204 15.25 12.3
      vertex 72.4014 15.0858 3.3
      vertex 72.4014 15.0858 12.3
    endloop
  endfacet
  facet normal 0.194961 -0.980811 0
    outer loop
      vertex 70.7457 15.9023 0
      vertex 70.9253 15.938 12.3
      vertex 70.7457 15.9023 12.3
    endloop
  endfacet
  facet normal 0.194961 -0.980811 0
    outer loop
      vertex 70.9253 15.938 12.3
      vertex 70.7457 15.9023 0
      vertex 70.9253 15.938 0
    endloop
  endfacet
  facet normal -0.896817 0.442401 0
    outer loop
      vertex 72.3204 13.85 3.3
      vertex 72.4014 14.0142 12.3
      vertex 72.4014 14.0142 3.3
    endloop
  endfacet
  facet normal -0.896817 0.442401 0
    outer loop
      vertex 72.4014 14.0142 12.3
      vertex 72.3204 13.85 3.3
      vertex 72.3204 13.85 12.3
    endloop
  endfacet
  facet normal 0.896817 0.442401 0
    outer loop
      vertex 69.8956 13.85 12.3
      vertex 69.8146 14.0142 3.3
      vertex 69.8146 14.0142 12.3
    endloop
  endfacet
  facet normal 0.896817 0.442401 0
    outer loop
      vertex 69.8146 14.0142 3.3
      vertex 69.8956 13.85 12.3
      vertex 69.8956 13.85 3.3
    endloop
  endfacet
  facet normal -0.83163 0.55533 0
    outer loop
      vertex 72.2187 13.6977 3.3
      vertex 72.3204 13.85 12.3
      vertex 72.3204 13.85 3.3
    endloop
  endfacet
  facet normal -0.83163 0.55533 0
    outer loop
      vertex 72.3204 13.85 12.3
      vertex 72.2187 13.6977 3.3
      vertex 72.2187 13.6977 12.3
    endloop
  endfacet
  facet normal -0.946922 0.321462 0
    outer loop
      vertex 72.4014 14.0142 3.3
      vertex 72.4603 14.1877 12.3
      vertex 72.4603 14.1877 3.3
    endloop
  endfacet
  facet normal -0.946922 0.321462 0
    outer loop
      vertex 72.4603 14.1877 12.3
      vertex 72.4014 14.0142 3.3
      vertex 72.4014 14.0142 12.3
    endloop
  endfacet
  facet normal 0.0655402 -0.99785 0
    outer loop
      vertex 70.9253 15.938 0
      vertex 71.108 15.95 12.3
      vertex 70.9253 15.938 12.3
    endloop
  endfacet
  facet normal 0.0655402 -0.99785 0
    outer loop
      vertex 71.108 15.95 12.3
      vertex 70.9253 15.938 0
      vertex 71.108 15.95 0
    endloop
  endfacet
  facet normal -0.980811 0.194961 0
    outer loop
      vertex 72.4603 14.1877 3.3
      vertex 72.496 14.3673 12.3
      vertex 72.496 14.3673 3.3
    endloop
  endfacet
  facet normal -0.980811 0.194961 0
    outer loop
      vertex 72.496 14.3673 12.3
      vertex 72.4603 14.1877 3.3
      vertex 72.4603 14.1877 12.3
    endloop
  endfacet
  facet normal -0.194961 0.980811 0
    outer loop
      vertex 71.4703 13.1977 3.3
      vertex 71.2907 13.162 12.3
      vertex 71.4703 13.1977 12.3
    endloop
  endfacet
  facet normal -0.194961 0.980811 0
    outer loop
      vertex 71.2907 13.162 12.3
      vertex 71.4703 13.1977 3.3
      vertex 71.2907 13.162 3.3
    endloop
  endfacet
  facet normal 0.65947 -0.751731 0
    outer loop
      vertex 70.118 15.5399 3.3
      vertex 70.2557 15.6607 12.3
      vertex 70.118 15.5399 12.3
    endloop
  endfacet
  facet normal 0.659514 -0.751692 -1.18271e-06
    outer loop
      vertex 70.1865 15.6 3.3
      vertex 70.2557 15.6607 12.3
      vertex 70.118 15.5399 3.3
    endloop
  endfacet
  facet normal 0.659427 -0.751769 0
    outer loop
      vertex 70.2557 15.6607 0
      vertex 70.1865 15.6 3.3
      vertex 70.1865 15.6 0
    endloop
  endfacet
  facet normal 0.659427 -0.751769 0
    outer loop
      vertex 70.1865 15.6 3.3
      vertex 70.2557 15.6607 0
      vertex 70.2557 15.6607 12.3
    endloop
  endfacet
  facet normal -0.194961 -0.980811 0
    outer loop
      vertex 71.2907 15.938 0
      vertex 71.4703 15.9023 12.3
      vertex 71.2907 15.938 12.3
    endloop
  endfacet
  facet normal -0.194961 -0.980811 -0
    outer loop
      vertex 71.4703 15.9023 12.3
      vertex 71.2907 15.938 0
      vertex 71.4703 15.9023 0
    endloop
  endfacet
  facet normal 0.99785 -0.0655402 0
    outer loop
      vertex 69.708 14.55 12.3
      vertex 69.72 14.7327 3.3
      vertex 69.72 14.7327 12.3
    endloop
  endfacet
  facet normal 0.99785 -0.0655402 0
    outer loop
      vertex 69.72 14.7327 3.3
      vertex 69.708 14.55 12.3
      vertex 69.708 14.55 3.3
    endloop
  endfacet
  facet normal 0.896817 -0.442401 0
    outer loop
      vertex 69.8146 15.0858 12.3
      vertex 69.8956 15.25 3.3
      vertex 69.8956 15.25 12.3
    endloop
  endfacet
  facet normal 0.896817 -0.442401 0
    outer loop
      vertex 69.8956 15.25 3.3
      vertex 69.8146 15.0858 12.3
      vertex 69.8146 15.0858 3.3
    endloop
  endfacet
  facet normal 0.442401 -0.896817 0
    outer loop
      vertex 70.408 15.7624 0
      vertex 70.5722 15.8434 12.3
      vertex 70.408 15.7624 12.3
    endloop
  endfacet
  facet normal 0.442401 -0.896817 0
    outer loop
      vertex 70.5722 15.8434 12.3
      vertex 70.408 15.7624 0
      vertex 70.5722 15.8434 0
    endloop
  endfacet
  facet normal -0.659741 -0.751493 -4.27205e-06
    outer loop
      vertex 71.9603 15.6607 12.3
      vertex 72.0295 15.6 3.3
      vertex 72.0979 15.5399 12.3
    endloop
  endfacet
  facet normal -0.659427 -0.751769 0
    outer loop
      vertex 71.9603 15.6607 0
      vertex 72.0295 15.6 3.3
      vertex 71.9603 15.6607 12.3
    endloop
  endfacet
  facet normal -0.659427 -0.751769 -0
    outer loop
      vertex 72.0295 15.6 3.3
      vertex 71.9603 15.6607 0
      vertex 72.0295 15.6 0
    endloop
  endfacet
  facet normal -0.660058 -0.751214 -0
    outer loop
      vertex 72.0979 15.5399 12.3
      vertex 72.0295 15.6 3.3
      vertex 72.0979 15.5399 3.3
    endloop
  endfacet
  facet normal 0.946922 0.321462 0
    outer loop
      vertex 69.8146 14.0142 12.3
      vertex 69.7557 14.1877 3.3
      vertex 69.7557 14.1877 12.3
    endloop
  endfacet
  facet normal 0.946922 0.321462 0
    outer loop
      vertex 69.7557 14.1877 3.3
      vertex 69.8146 14.0142 12.3
      vertex 69.8146 14.0142 3.3
    endloop
  endfacet
  facet normal 0.55533 -0.83163 0
    outer loop
      vertex 70.2557 15.6607 0
      vertex 70.408 15.7624 12.3
      vertex 70.2557 15.6607 12.3
    endloop
  endfacet
  facet normal 0.55533 -0.83163 0
    outer loop
      vertex 70.408 15.7624 12.3
      vertex 70.2557 15.6607 0
      vertex 70.408 15.7624 0
    endloop
  endfacet
  facet normal -0.442401 -0.896817 0
    outer loop
      vertex 71.6438 15.8434 0
      vertex 71.808 15.7624 12.3
      vertex 71.6438 15.8434 12.3
    endloop
  endfacet
  facet normal -0.442401 -0.896817 -0
    outer loop
      vertex 71.808 15.7624 12.3
      vertex 71.6438 15.8434 0
      vertex 71.808 15.7624 0
    endloop
  endfacet
  facet normal -0.83163 -0.55533 0
    outer loop
      vertex 72.3204 15.25 3.3
      vertex 72.2187 15.4023 12.3
      vertex 72.2187 15.4023 3.3
    endloop
  endfacet
  facet normal -0.83163 -0.55533 0
    outer loop
      vertex 72.2187 15.4023 12.3
      vertex 72.3204 15.25 3.3
      vertex 72.3204 15.25 12.3
    endloop
  endfacet
  facet normal 0.321462 -0.946922 0
    outer loop
      vertex 70.5722 15.8434 0
      vertex 70.7457 15.9023 12.3
      vertex 70.5722 15.8434 12.3
    endloop
  endfacet
  facet normal 0.321462 -0.946922 0
    outer loop
      vertex 70.7457 15.9023 12.3
      vertex 70.5722 15.8434 0
      vertex 70.7457 15.9023 0
    endloop
  endfacet
  facet normal -0.751493 -0.659741 0
    outer loop
      vertex 72.2187 15.4023 3.3
      vertex 72.0979 15.5399 12.3
      vertex 72.0979 15.5399 3.3
    endloop
  endfacet
  facet normal -0.751493 -0.659741 0
    outer loop
      vertex 72.0979 15.5399 12.3
      vertex 72.2187 15.4023 3.3
      vertex 72.2187 15.4023 12.3
    endloop
  endfacet
  facet normal -0.99785 0.0655402 0
    outer loop
      vertex 72.496 14.3673 3.3
      vertex 72.508 14.55 12.3
      vertex 72.508 14.55 3.3
    endloop
  endfacet
  facet normal -0.99785 0.0655402 0
    outer loop
      vertex 72.508 14.55 12.3
      vertex 72.496 14.3673 3.3
      vertex 72.496 14.3673 12.3
    endloop
  endfacet
  facet normal 0.83163 0.55533 0
    outer loop
      vertex 69.9973 13.6977 12.3
      vertex 69.8956 13.85 3.3
      vertex 69.8956 13.85 12.3
    endloop
  endfacet
  facet normal 0.83163 0.55533 0
    outer loop
      vertex 69.8956 13.85 3.3
      vertex 69.9973 13.6977 12.3
      vertex 69.9973 13.6977 3.3
    endloop
  endfacet
  facet normal -0.55533 -0.83163 0
    outer loop
      vertex 71.808 15.7624 0
      vertex 71.9603 15.6607 12.3
      vertex 71.808 15.7624 12.3
    endloop
  endfacet
  facet normal -0.55533 -0.83163 -0
    outer loop
      vertex 71.9603 15.6607 12.3
      vertex 71.808 15.7624 0
      vertex 71.9603 15.6607 0
    endloop
  endfacet
  facet normal 0.946922 -0.321462 0
    outer loop
      vertex 69.7557 14.9123 12.3
      vertex 69.8146 15.0858 3.3
      vertex 69.8146 15.0858 12.3
    endloop
  endfacet
  facet normal 0.946922 -0.321462 0
    outer loop
      vertex 69.8146 15.0858 3.3
      vertex 69.7557 14.9123 12.3
      vertex 69.7557 14.9123 3.3
    endloop
  endfacet
  facet normal -0.55533 0.83163 0
    outer loop
      vertex 71.9603 13.4393 3.3
      vertex 71.808 13.3376 12.3
      vertex 71.9603 13.4393 12.3
    endloop
  endfacet
  facet normal -0.55533 0.83163 0
    outer loop
      vertex 71.808 13.3376 12.3
      vertex 71.9603 13.4393 3.3
      vertex 71.808 13.3376 3.3
    endloop
  endfacet
  facet normal 0.55533 0.83163 -0
    outer loop
      vertex 70.408 13.3376 3.3
      vertex 70.2557 13.4393 12.3
      vertex 70.408 13.3376 12.3
    endloop
  endfacet
  facet normal 0.55533 0.83163 0
    outer loop
      vertex 70.2557 13.4393 12.3
      vertex 70.408 13.3376 3.3
      vertex 70.2557 13.4393 3.3
    endloop
  endfacet
  facet normal -0.659741 0.751493 0
    outer loop
      vertex 72.0979 13.5601 3.3
      vertex 71.9603 13.4393 12.3
      vertex 72.0979 13.5601 12.3
    endloop
  endfacet
  facet normal -0.659741 0.751493 0
    outer loop
      vertex 71.9603 13.4393 12.3
      vertex 72.0979 13.5601 3.3
      vertex 71.9603 13.4393 3.3
    endloop
  endfacet
  facet normal -0.0655402 0.99785 0
    outer loop
      vertex 71.2907 13.162 3.3
      vertex 71.108 13.15 12.3
      vertex 71.2907 13.162 12.3
    endloop
  endfacet
  facet normal -0.0655402 0.99785 0
    outer loop
      vertex 71.108 13.15 12.3
      vertex 71.2907 13.162 3.3
      vertex 71.108 13.15 3.3
    endloop
  endfacet
  facet normal -0.442401 0.896817 0
    outer loop
      vertex 71.808 13.3376 3.3
      vertex 71.6438 13.2566 12.3
      vertex 71.808 13.3376 12.3
    endloop
  endfacet
  facet normal -0.442401 0.896817 0
    outer loop
      vertex 71.6438 13.2566 12.3
      vertex 71.808 13.3376 3.3
      vertex 71.6438 13.2566 3.3
    endloop
  endfacet
  facet normal 0.0655402 0.99785 -0
    outer loop
      vertex 71.108 13.15 3.3
      vertex 70.9253 13.162 12.3
      vertex 71.108 13.15 12.3
    endloop
  endfacet
  facet normal 0.0655402 0.99785 0
    outer loop
      vertex 70.9253 13.162 12.3
      vertex 71.108 13.15 3.3
      vertex 70.9253 13.162 3.3
    endloop
  endfacet
  facet normal 0.751764 -0.659432 0
    outer loop
      vertex 69.9973 15.4023 12.3
      vertex 70.118 15.5399 3.3
      vertex 70.118 15.5399 12.3
    endloop
  endfacet
  facet normal 0.751764 -0.659432 0
    outer loop
      vertex 70.118 15.5399 3.3
      vertex 69.9973 15.4023 12.3
      vertex 69.9973 15.4023 3.3
    endloop
  endfacet
  facet normal 0.442401 0.896817 -0
    outer loop
      vertex 70.5722 13.2566 3.3
      vertex 70.408 13.3376 12.3
      vertex 70.5722 13.2566 12.3
    endloop
  endfacet
  facet normal 0.442401 0.896817 0
    outer loop
      vertex 70.408 13.3376 12.3
      vertex 70.5722 13.2566 3.3
      vertex 70.408 13.3376 3.3
    endloop
  endfacet
  facet normal 0.751764 0.659432 0
    outer loop
      vertex 70.118 13.5601 12.3
      vertex 69.9973 13.6977 3.3
      vertex 69.9973 13.6977 12.3
    endloop
  endfacet
  facet normal 0.751764 0.659432 0
    outer loop
      vertex 69.9973 13.6977 3.3
      vertex 70.118 13.5601 12.3
      vertex 70.118 13.5601 3.3
    endloop
  endfacet
  facet normal -0.751493 0.659741 0
    outer loop
      vertex 72.0979 13.5601 3.3
      vertex 72.2187 13.6977 12.3
      vertex 72.2187 13.6977 3.3
    endloop
  endfacet
  facet normal -0.751493 0.659741 0
    outer loop
      vertex 72.2187 13.6977 12.3
      vertex 72.0979 13.5601 3.3
      vertex 72.0979 13.5601 12.3
    endloop
  endfacet
  facet normal 0.980811 -0.194961 0
    outer loop
      vertex 69.72 14.7327 12.3
      vertex 69.7557 14.9123 3.3
      vertex 69.7557 14.9123 12.3
    endloop
  endfacet
  facet normal 0.980811 -0.194961 0
    outer loop
      vertex 69.7557 14.9123 3.3
      vertex 69.72 14.7327 12.3
      vertex 69.72 14.7327 3.3
    endloop
  endfacet
  facet normal 0.194961 0.980811 -0
    outer loop
      vertex 70.9253 13.162 3.3
      vertex 70.7457 13.1977 12.3
      vertex 70.9253 13.162 12.3
    endloop
  endfacet
  facet normal 0.194961 0.980811 0
    outer loop
      vertex 70.7457 13.1977 12.3
      vertex 70.9253 13.162 3.3
      vertex 70.7457 13.1977 3.3
    endloop
  endfacet
  facet normal 0.65947 0.751731 -0
    outer loop
      vertex 70.2557 13.4393 3.3
      vertex 70.118 13.5601 12.3
      vertex 70.2557 13.4393 12.3
    endloop
  endfacet
  facet normal 0.65947 0.751731 0
    outer loop
      vertex 70.118 13.5601 12.3
      vertex 70.2557 13.4393 3.3
      vertex 70.118 13.5601 3.3
    endloop
  endfacet
  facet normal -0.0655402 -0.99785 0
    outer loop
      vertex 71.108 15.95 0
      vertex 71.2907 15.938 12.3
      vertex 71.108 15.95 12.3
    endloop
  endfacet
  facet normal -0.0655402 -0.99785 -0
    outer loop
      vertex 71.2907 15.938 12.3
      vertex 71.108 15.95 0
      vertex 71.2907 15.938 0
    endloop
  endfacet
  facet normal 0.99785 0.0655402 0
    outer loop
      vertex 69.72 14.3673 12.3
      vertex 69.708 14.55 3.3
      vertex 69.708 14.55 12.3
    endloop
  endfacet
  facet normal 0.99785 0.0655402 0
    outer loop
      vertex 69.708 14.55 3.3
      vertex 69.72 14.3673 12.3
      vertex 69.72 14.3673 3.3
    endloop
  endfacet
  facet normal 0.321462 0.946922 -0
    outer loop
      vertex 70.7457 13.1977 3.3
      vertex 70.5722 13.2566 12.3
      vertex 70.7457 13.1977 12.3
    endloop
  endfacet
  facet normal 0.321462 0.946922 0
    outer loop
      vertex 70.5722 13.2566 12.3
      vertex 70.7457 13.1977 3.3
      vertex 70.5722 13.2566 3.3
    endloop
  endfacet
  facet normal 1 0 0
    outer loop
      vertex 77.608 18.6 12.3
      vertex 77.608 15.6 3.3
      vertex 77.608 18.6 0
    endloop
  endfacet
  facet normal 1 -0 0
    outer loop
      vertex 77.608 12.55 12.3
      vertex 77.608 15.6 3.3
      vertex 77.608 18.6 12.3
    endloop
  endfacet
  facet normal 1 0 0
    outer loop
      vertex 77.608 15.6 3.3
      vertex 77.608 12.55 12.3
      vertex 77.608 12.55 3.3
    endloop
  endfacet
  facet normal 1 0 0
    outer loop
      vertex 77.608 18.6 0
      vertex 77.608 15.6 3.3
      vertex 77.608 15.6 0
    endloop
  endfacet
  facet normal 1 0 0
    outer loop
      vertex 77.608 6.05 12.3
      vertex 77.608 3 3.3
      vertex 77.608 6.05 3.3
    endloop
  endfacet
  facet normal 1 -0 0
    outer loop
      vertex 77.608 0 12.3
      vertex 77.608 3 3.3
      vertex 77.608 6.05 12.3
    endloop
  endfacet
  facet normal 1 0 0
    outer loop
      vertex 77.608 0 0
      vertex 77.608 3 3.3
      vertex 77.608 0 12.3
    endloop
  endfacet
  facet normal 1 0 0
    outer loop
      vertex 77.608 3 3.3
      vertex 77.608 0 0
      vertex 77.608 3 0
    endloop
  endfacet
  facet normal -0 0 1
    outer loop
      vertex 72.4603 14.9123 12.3
      vertex 77.608 12.55 12.3
      vertex 77.608 18.6 12.3
    endloop
  endfacet
  facet normal 0 0 1
    outer loop
      vertex 77.608 12.55 12.3
      vertex 72.496 14.7327 12.3
      vertex 72.508 14.55 12.3
    endloop
  endfacet
  facet normal 0 0 1
    outer loop
      vertex 77.608 12.55 12.3
      vertex 72.4603 14.9123 12.3
      vertex 72.496 14.7327 12.3
    endloop
  endfacet
  facet normal 0 0 1
    outer loop
      vertex 77.608 18.6 12.3
      vertex 72.4014 15.0858 12.3
      vertex 72.4603 14.9123 12.3
    endloop
  endfacet
  facet normal 0 0 1
    outer loop
      vertex 77.608 18.6 12.3
      vertex 72.3204 15.25 12.3
      vertex 72.4014 15.0858 12.3
    endloop
  endfacet
  facet normal 0 0 1
    outer loop
      vertex 77.608 18.6 12.3
      vertex 72.2187 15.4023 12.3
      vertex 72.3204 15.25 12.3
    endloop
  endfacet
  facet normal 0 0 1
    outer loop
      vertex 77.608 18.6 12.3
      vertex 72.0979 15.5399 12.3
      vertex 72.2187 15.4023 12.3
    endloop
  endfacet
  facet normal 0 0 1
    outer loop
      vertex 77.608 18.6 12.3
      vertex 71.9603 15.6607 12.3
      vertex 72.0979 15.5399 12.3
    endloop
  endfacet
  facet normal 0 0 1
    outer loop
      vertex 77.608 18.6 12.3
      vertex 71.808 15.7624 12.3
      vertex 71.9603 15.6607 12.3
    endloop
  endfacet
  facet normal 0 0 1
    outer loop
      vertex 77.608 18.6 12.3
      vertex 71.6438 15.8434 12.3
      vertex 71.808 15.7624 12.3
    endloop
  endfacet
  facet normal 0 0 1
    outer loop
      vertex 77.608 18.6 12.3
      vertex 71.4703 15.9023 12.3
      vertex 71.6438 15.8434 12.3
    endloop
  endfacet
  facet normal 0 0 1
    outer loop
      vertex 77.608 18.6 12.3
      vertex 71.2907 15.938 12.3
      vertex 71.4703 15.9023 12.3
    endloop
  endfacet
  facet normal 0 0 1
    outer loop
      vertex 77.608 18.6 12.3
      vertex 71.108 15.95 12.3
      vertex 71.2907 15.938 12.3
    endloop
  endfacet
  facet normal -0 0 1
    outer loop
      vertex 64.608 18.6 12.3
      vertex 71.108 15.95 12.3
      vertex 77.608 18.6 12.3
    endloop
  endfacet
  facet normal 0 0 1
    outer loop
      vertex 71.108 15.95 12.3
      vertex 64.608 18.6 12.3
      vertex 70.9253 15.938 12.3
    endloop
  endfacet
  facet normal 0 0 1
    outer loop
      vertex 70.9253 15.938 12.3
      vertex 64.608 18.6 12.3
      vertex 70.7457 15.9023 12.3
    endloop
  endfacet
  facet normal 0 0 1
    outer loop
      vertex 69.7557 14.9123 12.3
      vertex 64.608 12.55 12.3
      vertex 69.72 14.7327 12.3
    endloop
  endfacet
  facet normal 0 0 1
    outer loop
      vertex 64.608 12.55 12.3
      vertex 69.7557 14.9123 12.3
      vertex 64.608 18.6 12.3
    endloop
  endfacet
  facet normal 0 0 1
    outer loop
      vertex 69.8146 15.0858 12.3
      vertex 64.608 18.6 12.3
      vertex 69.7557 14.9123 12.3
    endloop
  endfacet
  facet normal 0 0 1
    outer loop
      vertex 69.8956 15.25 12.3
      vertex 64.608 18.6 12.3
      vertex 69.8146 15.0858 12.3
    endloop
  endfacet
  facet normal 0 0 1
    outer loop
      vertex 69.9973 15.4023 12.3
      vertex 64.608 18.6 12.3
      vertex 69.8956 15.25 12.3
    endloop
  endfacet
  facet normal 0 0 1
    outer loop
      vertex 70.118 15.5399 12.3
      vertex 64.608 18.6 12.3
      vertex 69.9973 15.4023 12.3
    endloop
  endfacet
  facet normal 0 0 1
    outer loop
      vertex 70.2557 15.6607 12.3
      vertex 64.608 18.6 12.3
      vertex 70.118 15.5399 12.3
    endloop
  endfacet
  facet normal 0 0 1
    outer loop
      vertex 70.408 15.7624 12.3
      vertex 64.608 18.6 12.3
      vertex 70.2557 15.6607 12.3
    endloop
  endfacet
  facet normal 0 0 1
    outer loop
      vertex 70.5722 15.8434 12.3
      vertex 64.608 18.6 12.3
      vertex 70.408 15.7624 12.3
    endloop
  endfacet
  facet normal 0 0 1
    outer loop
      vertex 70.7457 15.9023 12.3
      vertex 64.608 18.6 12.3
      vertex 70.5722 15.8434 12.3
    endloop
  endfacet
  facet normal -0 0 1
    outer loop
      vertex 72.496 14.3673 12.3
      vertex 77.608 12.55 12.3
      vertex 72.508 14.55 12.3
    endloop
  endfacet
  facet normal -0 0 1
    outer loop
      vertex 72.4603 14.1877 12.3
      vertex 77.608 12.55 12.3
      vertex 72.496 14.3673 12.3
    endloop
  endfacet
  facet normal -0 0 1
    outer loop
      vertex 72.4014 14.0142 12.3
      vertex 77.608 12.55 12.3
      vertex 72.4603 14.1877 12.3
    endloop
  endfacet
  facet normal -0 0 1
    outer loop
      vertex 72.3204 13.85 12.3
      vertex 77.608 12.55 12.3
      vertex 72.4014 14.0142 12.3
    endloop
  endfacet
  facet normal -0 0 1
    outer loop
      vertex 72.2187 13.6977 12.3
      vertex 77.608 12.55 12.3
      vertex 72.3204 13.85 12.3
    endloop
  endfacet
  facet normal -0 0 1
    outer loop
      vertex 72.0979 13.5601 12.3
      vertex 77.608 12.55 12.3
      vertex 72.2187 13.6977 12.3
    endloop
  endfacet
  facet normal -0 0 1
    outer loop
      vertex 71.9603 13.4393 12.3
      vertex 77.608 12.55 12.3
      vertex 72.0979 13.5601 12.3
    endloop
  endfacet
  facet normal -0 0 1
    outer loop
      vertex 71.808 13.3376 12.3
      vertex 77.608 12.55 12.3
      vertex 71.9603 13.4393 12.3
    endloop
  endfacet
  facet normal -0 0 1
    outer loop
      vertex 71.6438 13.2566 12.3
      vertex 77.608 12.55 12.3
      vertex 71.808 13.3376 12.3
    endloop
  endfacet
  facet normal -0 0 1
    outer loop
      vertex 71.4703 13.1977 12.3
      vertex 77.608 12.55 12.3
      vertex 71.6438 13.2566 12.3
    endloop
  endfacet
  facet normal -0 0 1
    outer loop
      vertex 71.2907 13.162 12.3
      vertex 77.608 12.55 12.3
      vertex 71.4703 13.1977 12.3
    endloop
  endfacet
  facet normal -0 0 1
    outer loop
      vertex 71.108 13.15 12.3
      vertex 77.608 12.55 12.3
      vertex 71.2907 13.162 12.3
    endloop
  endfacet
  facet normal 0 0 1
    outer loop
      vertex 64.608 12.55 12.3
      vertex 71.108 13.15 12.3
      vertex 70.9253 13.162 12.3
    endloop
  endfacet
  facet normal 0 0 1
    outer loop
      vertex 69.72 14.7327 12.3
      vertex 64.608 12.55 12.3
      vertex 69.708 14.55 12.3
    endloop
  endfacet
  facet normal 0 0 1
    outer loop
      vertex 69.708 14.55 12.3
      vertex 64.608 12.55 12.3
      vertex 69.72 14.3673 12.3
    endloop
  endfacet
  facet normal 0 0 1
    outer loop
      vertex 69.72 14.3673 12.3
      vertex 64.608 12.55 12.3
      vertex 69.7557 14.1877 12.3
    endloop
  endfacet
  facet normal 0 0 1
    outer loop
      vertex 69.7557 14.1877 12.3
      vertex 64.608 12.55 12.3
      vertex 69.8146 14.0142 12.3
    endloop
  endfacet
  facet normal 0 0 1
    outer loop
      vertex 69.8146 14.0142 12.3
      vertex 64.608 12.55 12.3
      vertex 69.8956 13.85 12.3
    endloop
  endfacet
  facet normal 0 0 1
    outer loop
      vertex 69.8956 13.85 12.3
      vertex 64.608 12.55 12.3
      vertex 69.9973 13.6977 12.3
    endloop
  endfacet
  facet normal 0 0 1
    outer loop
      vertex 71.108 13.15 12.3
      vertex 64.608 12.55 12.3
      vertex 77.608 12.55 12.3
    endloop
  endfacet
  facet normal 0 0 1
    outer loop
      vertex 70.7457 13.1977 12.3
      vertex 64.608 12.55 12.3
      vertex 70.9253 13.162 12.3
    endloop
  endfacet
  facet normal 0 0 1
    outer loop
      vertex 70.5722 13.2566 12.3
      vertex 64.608 12.55 12.3
      vertex 70.7457 13.1977 12.3
    endloop
  endfacet
  facet normal 0 0 1
    outer loop
      vertex 70.408 13.3376 12.3
      vertex 64.608 12.55 12.3
      vertex 70.5722 13.2566 12.3
    endloop
  endfacet
  facet normal 0 0 1
    outer loop
      vertex 70.2557 13.4393 12.3
      vertex 64.608 12.55 12.3
      vertex 70.408 13.3376 12.3
    endloop
  endfacet
  facet normal 0 0 1
    outer loop
      vertex 70.118 13.5601 12.3
      vertex 64.608 12.55 12.3
      vertex 70.2557 13.4393 12.3
    endloop
  endfacet
  facet normal 0 0 1
    outer loop
      vertex 69.9973 13.6977 12.3
      vertex 64.608 12.55 12.3
      vertex 70.118 13.5601 12.3
    endloop
  endfacet
  facet normal 0 0 1
    outer loop
      vertex 72.496 3.86726 12.3
      vertex 77.608 6.05 12.3
      vertex 72.508 4.05 12.3
    endloop
  endfacet
  facet normal 0 0 1
    outer loop
      vertex 77.608 6.05 12.3
      vertex 72.496 4.23274 12.3
      vertex 72.508 4.05 12.3
    endloop
  endfacet
  facet normal 0 0 1
    outer loop
      vertex 77.608 6.05 12.3
      vertex 72.4603 4.41235 12.3
      vertex 72.496 4.23274 12.3
    endloop
  endfacet
  facet normal 0 0 1
    outer loop
      vertex 77.608 6.05 12.3
      vertex 72.4014 4.58576 12.3
      vertex 72.4603 4.41235 12.3
    endloop
  endfacet
  facet normal 0 0 1
    outer loop
      vertex 77.608 6.05 12.3
      vertex 72.3204 4.75 12.3
      vertex 72.4014 4.58576 12.3
    endloop
  endfacet
  facet normal 0 0 1
    outer loop
      vertex 77.608 6.05 12.3
      vertex 72.2187 4.90227 12.3
      vertex 72.3204 4.75 12.3
    endloop
  endfacet
  facet normal 0 0 1
    outer loop
      vertex 77.608 6.05 12.3
      vertex 72.0979 5.03995 12.3
      vertex 72.2187 4.90227 12.3
    endloop
  endfacet
  facet normal 0 0 1
    outer loop
      vertex 77.608 6.05 12.3
      vertex 71.9603 5.16069 12.3
      vertex 72.0979 5.03995 12.3
    endloop
  endfacet
  facet normal 0 0 1
    outer loop
      vertex 77.608 6.05 12.3
      vertex 71.808 5.26243 12.3
      vertex 71.9603 5.16069 12.3
    endloop
  endfacet
  facet normal 0 0 1
    outer loop
      vertex 77.608 6.05 12.3
      vertex 71.6438 5.34343 12.3
      vertex 71.808 5.26243 12.3
    endloop
  endfacet
  facet normal 0 0 1
    outer loop
      vertex 77.608 6.05 12.3
      vertex 71.4703 5.4023 12.3
      vertex 71.6438 5.34343 12.3
    endloop
  endfacet
  facet normal 0 0 1
    outer loop
      vertex 77.608 6.05 12.3
      vertex 71.2907 5.43802 12.3
      vertex 71.4703 5.4023 12.3
    endloop
  endfacet
  facet normal 0 0 1
    outer loop
      vertex 77.608 6.05 12.3
      vertex 71.108 5.45 12.3
      vertex 71.2907 5.43802 12.3
    endloop
  endfacet
  facet normal -0 0 1
    outer loop
      vertex 64.608 6.05 12.3
      vertex 71.108 5.45 12.3
      vertex 77.608 6.05 12.3
    endloop
  endfacet
  facet normal 0 0 1
    outer loop
      vertex 69.72 4.23274 12.3
      vertex 64.608 6.05 12.3
      vertex 69.708 4.05 12.3
    endloop
  endfacet
  facet normal 0 0 1
    outer loop
      vertex 69.7557 4.41235 12.3
      vertex 64.608 6.05 12.3
      vertex 69.72 4.23274 12.3
    endloop
  endfacet
  facet normal 0 0 1
    outer loop
      vertex 69.8146 4.58576 12.3
      vertex 64.608 6.05 12.3
      vertex 69.7557 4.41235 12.3
    endloop
  endfacet
  facet normal 0 0 1
    outer loop
      vertex 69.8956 4.75 12.3
      vertex 64.608 6.05 12.3
      vertex 69.8146 4.58576 12.3
    endloop
  endfacet
  facet normal 0 0 1
    outer loop
      vertex 69.9973 4.90227 12.3
      vertex 64.608 6.05 12.3
      vertex 69.8956 4.75 12.3
    endloop
  endfacet
  facet normal 0 0 1
    outer loop
      vertex 70.118 5.03995 12.3
      vertex 64.608 6.05 12.3
      vertex 69.9973 4.90227 12.3
    endloop
  endfacet
  facet normal 0 0 1
    outer loop
      vertex 70.2557 5.16069 12.3
      vertex 64.608 6.05 12.3
      vertex 70.118 5.03995 12.3
    endloop
  endfacet
  facet normal 0 0 1
    outer loop
      vertex 70.408 5.26243 12.3
      vertex 64.608 6.05 12.3
      vertex 70.2557 5.16069 12.3
    endloop
  endfacet
  facet normal 0 0 1
    outer loop
      vertex 70.5722 5.34343 12.3
      vertex 64.608 6.05 12.3
      vertex 70.408 5.26243 12.3
    endloop
  endfacet
  facet normal 0 0 1
    outer loop
      vertex 70.7457 5.4023 12.3
      vertex 64.608 6.05 12.3
      vertex 70.5722 5.34343 12.3
    endloop
  endfacet
  facet normal 0 0 1
    outer loop
      vertex 70.9253 5.43802 12.3
      vertex 64.608 6.05 12.3
      vertex 70.7457 5.4023 12.3
    endloop
  endfacet
  facet normal 0 0 1
    outer loop
      vertex 71.108 5.45 12.3
      vertex 64.608 6.05 12.3
      vertex 70.9253 5.43802 12.3
    endloop
  endfacet
  facet normal 0 0 1
    outer loop
      vertex 72.4603 3.68765 12.3
      vertex 77.608 6.05 12.3
      vertex 72.496 3.86726 12.3
    endloop
  endfacet
  facet normal 0 0 1
    outer loop
      vertex 77.608 6.05 12.3
      vertex 72.4603 3.68765 12.3
      vertex 77.608 0 12.3
    endloop
  endfacet
  facet normal -0 0 1
    outer loop
      vertex 72.4014 3.51424 12.3
      vertex 77.608 0 12.3
      vertex 72.4603 3.68765 12.3
    endloop
  endfacet
  facet normal -0 0 1
    outer loop
      vertex 72.3204 3.35 12.3
      vertex 77.608 0 12.3
      vertex 72.4014 3.51424 12.3
    endloop
  endfacet
  facet normal -0 0 1
    outer loop
      vertex 72.2187 3.19773 12.3
      vertex 77.608 0 12.3
      vertex 72.3204 3.35 12.3
    endloop
  endfacet
  facet normal -0 0 1
    outer loop
      vertex 72.0979 3.06005 12.3
      vertex 77.608 0 12.3
      vertex 72.2187 3.19773 12.3
    endloop
  endfacet
  facet normal -0 0 1
    outer loop
      vertex 71.9603 2.93931 12.3
      vertex 77.608 0 12.3
      vertex 72.0979 3.06005 12.3
    endloop
  endfacet
  facet normal -0 0 1
    outer loop
      vertex 71.808 2.83756 12.3
      vertex 77.608 0 12.3
      vertex 71.9603 2.93931 12.3
    endloop
  endfacet
  facet normal -0 0 1
    outer loop
      vertex 71.6438 2.75657 12.3
      vertex 77.608 0 12.3
      vertex 71.808 2.83756 12.3
    endloop
  endfacet
  facet normal -0 0 1
    outer loop
      vertex 71.4703 2.6977 12.3
      vertex 77.608 0 12.3
      vertex 71.6438 2.75657 12.3
    endloop
  endfacet
  facet normal -0 0 1
    outer loop
      vertex 71.2907 2.66198 12.3
      vertex 77.608 0 12.3
      vertex 71.4703 2.6977 12.3
    endloop
  endfacet
  facet normal -0 0 1
    outer loop
      vertex 71.108 2.65 12.3
      vertex 77.608 0 12.3
      vertex 71.2907 2.66198 12.3
    endloop
  endfacet
  facet normal 0 0 1
    outer loop
      vertex 64.608 0 12.3
      vertex 71.108 2.65 12.3
      vertex 70.9253 2.66198 12.3
    endloop
  endfacet
  facet normal 0 0 1
    outer loop
      vertex 64.608 0 12.3
      vertex 70.9253 2.66198 12.3
      vertex 70.7457 2.6977 12.3
    endloop
  endfacet
  facet normal 0 0 1
    outer loop
      vertex 64.608 0 12.3
      vertex 70.7457 2.6977 12.3
      vertex 70.5722 2.75657 12.3
    endloop
  endfacet
  facet normal 0 0 1
    outer loop
      vertex 64.608 6.05 12.3
      vertex 69.72 3.86726 12.3
      vertex 69.708 4.05 12.3
    endloop
  endfacet
  facet normal 0 0 1
    outer loop
      vertex 64.608 6.05 12.3
      vertex 69.7557 3.68765 12.3
      vertex 69.72 3.86726 12.3
    endloop
  endfacet
  facet normal 0 0 1
    outer loop
      vertex 64.608 0 12.3
      vertex 69.7557 3.68765 12.3
      vertex 64.608 6.05 12.3
    endloop
  endfacet
  facet normal 0 0 1
    outer loop
      vertex 69.7557 3.68765 12.3
      vertex 64.608 0 12.3
      vertex 69.8146 3.51424 12.3
    endloop
  endfacet
  facet normal 0 0 1
    outer loop
      vertex 69.8146 3.51424 12.3
      vertex 64.608 0 12.3
      vertex 69.8956 3.35 12.3
    endloop
  endfacet
  facet normal 0 0 1
    outer loop
      vertex 69.8956 3.35 12.3
      vertex 64.608 0 12.3
      vertex 69.9973 3.19773 12.3
    endloop
  endfacet
  facet normal 0 0 1
    outer loop
      vertex 69.9973 3.19773 12.3
      vertex 64.608 0 12.3
      vertex 70.118 3.06005 12.3
    endloop
  endfacet
  facet normal 0 0 1
    outer loop
      vertex 70.118 3.06005 12.3
      vertex 64.608 0 12.3
      vertex 70.2557 2.93931 12.3
    endloop
  endfacet
  facet normal 0 0 1
    outer loop
      vertex 71.108 2.65 12.3
      vertex 64.608 0 12.3
      vertex 77.608 0 12.3
    endloop
  endfacet
  facet normal 0 0 1
    outer loop
      vertex 70.408 2.83756 12.3
      vertex 64.608 0 12.3
      vertex 70.5722 2.75657 12.3
    endloop
  endfacet
  facet normal 0 0 1
    outer loop
      vertex 70.2557 2.93931 12.3
      vertex 64.608 0 12.3
      vertex 70.408 2.83756 12.3
    endloop
  endfacet
  facet normal 0 0 -1
    outer loop
      vertex 72.0295 15.6 0
      vertex 77.608 18.6 0
      vertex 77.608 15.6 0
    endloop
  endfacet
  facet normal 0 0 -1
    outer loop
      vertex 71.9603 15.6607 0
      vertex 77.608 18.6 0
      vertex 72.0295 15.6 0
    endloop
  endfacet
  facet normal 0 0 -1
    outer loop
      vertex 71.808 15.7624 0
      vertex 77.608 18.6 0
      vertex 71.9603 15.6607 0
    endloop
  endfacet
  facet normal 0 0 -1
    outer loop
      vertex 71.6438 15.8434 0
      vertex 77.608 18.6 0
      vertex 71.808 15.7624 0
    endloop
  endfacet
  facet normal 0 0 -1
    outer loop
      vertex 71.4703 15.9023 0
      vertex 77.608 18.6 0
      vertex 71.6438 15.8434 0
    endloop
  endfacet
  facet normal 0 0 -1
    outer loop
      vertex 71.2907 15.938 0
      vertex 77.608 18.6 0
      vertex 71.4703 15.9023 0
    endloop
  endfacet
  facet normal 0 0 -1
    outer loop
      vertex 71.108 15.95 0
      vertex 77.608 18.6 0
      vertex 71.2907 15.938 0
    endloop
  endfacet
  facet normal 0 0 -1
    outer loop
      vertex 64.608 18.6 0
      vertex 71.108 15.95 0
      vertex 70.9253 15.938 0
    endloop
  endfacet
  facet normal 0 0 -1
    outer loop
      vertex 64.608 18.6 0
      vertex 70.9253 15.938 0
      vertex 70.7457 15.9023 0
    endloop
  endfacet
  facet normal 0 0 -1
    outer loop
      vertex 64.608 18.6 0
      vertex 70.7457 15.9023 0
      vertex 70.5722 15.8434 0
    endloop
  endfacet
  facet normal 0 0 -1
    outer loop
      vertex 64.608 18.6 0
      vertex 70.1865 15.6 0
      vertex 64.608 15.6 0
    endloop
  endfacet
  facet normal 0 0 -1
    outer loop
      vertex 70.1865 15.6 0
      vertex 64.608 18.6 0
      vertex 70.2557 15.6607 0
    endloop
  endfacet
  facet normal 0 0 -1
    outer loop
      vertex 70.2557 15.6607 0
      vertex 64.608 18.6 0
      vertex 70.408 15.7624 0
    endloop
  endfacet
  facet normal 0 0 -1
    outer loop
      vertex 70.408 15.7624 0
      vertex 64.608 18.6 0
      vertex 70.5722 15.8434 0
    endloop
  endfacet
  facet normal 0 0 -1
    outer loop
      vertex 71.108 15.95 0
      vertex 64.608 18.6 0
      vertex 77.608 18.6 0
    endloop
  endfacet
  facet normal 0 0 -1
    outer loop
      vertex 77.608 0 0
      vertex 72.0295 3 0
      vertex 77.608 3 0
    endloop
  endfacet
  facet normal 0 0 -1
    outer loop
      vertex 77.608 0 0
      vertex 71.9603 2.93931 0
      vertex 72.0295 3 0
    endloop
  endfacet
  facet normal 0 0 -1
    outer loop
      vertex 77.608 0 0
      vertex 71.808 2.83756 0
      vertex 71.9603 2.93931 0
    endloop
  endfacet
  facet normal 0 0 -1
    outer loop
      vertex 77.608 0 0
      vertex 71.6438 2.75657 0
      vertex 71.808 2.83756 0
    endloop
  endfacet
  facet normal 0 0 -1
    outer loop
      vertex 77.608 0 0
      vertex 71.4703 2.6977 0
      vertex 71.6438 2.75657 0
    endloop
  endfacet
  facet normal 0 0 -1
    outer loop
      vertex 77.608 0 0
      vertex 71.2907 2.66198 0
      vertex 71.4703 2.6977 0
    endloop
  endfacet
  facet normal 0 0 -1
    outer loop
      vertex 77.608 0 0
      vertex 71.108 2.65 0
      vertex 71.2907 2.66198 0
    endloop
  endfacet
  facet normal 0 0 -1
    outer loop
      vertex 64.608 0 0
      vertex 71.108 2.65 0
      vertex 77.608 0 0
    endloop
  endfacet
  facet normal -0 0 -1
    outer loop
      vertex 71.108 2.65 0
      vertex 64.608 0 0
      vertex 70.9253 2.66198 0
    endloop
  endfacet
  facet normal -0 0 -1
    outer loop
      vertex 70.9253 2.66198 0
      vertex 64.608 0 0
      vertex 70.7457 2.6977 0
    endloop
  endfacet
  facet normal -0 0 -1
    outer loop
      vertex 70.7457 2.6977 0
      vertex 64.608 0 0
      vertex 70.5722 2.75657 0
    endloop
  endfacet
  facet normal 0 0 -1
    outer loop
      vertex 64.608 0 0
      vertex 70.408 2.83756 0
      vertex 70.5722 2.75657 0
    endloop
  endfacet
  facet normal 0 0 -1
    outer loop
      vertex 64.608 0 0
      vertex 70.2557 2.93931 0
      vertex 70.408 2.83756 0
    endloop
  endfacet
  facet normal 0 0 -1
    outer loop
      vertex 64.608 0 0
      vertex 70.1865 3 0
      vertex 70.2557 2.93931 0
    endloop
  endfacet
  facet normal -0 0 -1
    outer loop
      vertex 70.1865 3 0
      vertex 64.608 0 0
      vertex 64.608 3 0
    endloop
  endfacet
  facet normal -1 0 0
    outer loop
      vertex 64.608 15.6 3.3
      vertex 64.608 18.6 0
      vertex 64.608 15.6 0
    endloop
  endfacet
  facet normal -1 0 0
    outer loop
      vertex 64.608 18.6 0
      vertex 64.608 15.6 3.3
      vertex 64.608 18.6 12.3
    endloop
  endfacet
  facet normal -1 0 0
    outer loop
      vertex 64.608 12.55 12.3
      vertex 64.608 15.6 3.3
      vertex 64.608 12.55 3.3
    endloop
  endfacet
  facet normal -1 0 0
    outer loop
      vertex 64.608 15.6 3.3
      vertex 64.608 12.55 12.3
      vertex 64.608 18.6 12.3
    endloop
  endfacet
  facet normal -1 0 0
    outer loop
      vertex 64.608 3 0
      vertex 64.608 0 0
      vertex 64.608 3 3.3
    endloop
  endfacet
  facet normal -1 0 0
    outer loop
      vertex 64.608 3 3.3
      vertex 64.608 6.05 12.3
      vertex 64.608 6.05 3.3
    endloop
  endfacet
  facet normal -1 0 0
    outer loop
      vertex 64.608 0 12.3
      vertex 64.608 3 3.3
      vertex 64.608 0 0
    endloop
  endfacet
  facet normal -1 0 0
    outer loop
      vertex 64.608 3 3.3
      vertex 64.608 0 12.3
      vertex 64.608 6.05 12.3
    endloop
  endfacet
  facet normal 0 1 -0
    outer loop
      vertex 77.608 18.6 0
      vertex 64.608 18.6 12.3
      vertex 77.608 18.6 12.3
    endloop
  endfacet
  facet normal 0 1 0
    outer loop
      vertex 64.608 18.6 12.3
      vertex 77.608 18.6 0
      vertex 64.608 18.6 0
    endloop
  endfacet
  facet normal 0 -1 0
    outer loop
      vertex 64.608 0 0
      vertex 77.608 0 12.3
      vertex 64.608 0 12.3
    endloop
  endfacet
  facet normal 0 -1 -0
    outer loop
      vertex 77.608 0 12.3
      vertex 64.608 0 0
      vertex 77.608 0 0
    endloop
  endfacet
  facet normal 0 -1 0
    outer loop
      vertex 64.608 12.55 3.3
      vertex 77.608 12.55 12.3
      vertex 64.608 12.55 12.3
    endloop
  endfacet
  facet normal 0 -1 -0
    outer loop
      vertex 77.608 12.55 12.3
      vertex 64.608 12.55 3.3
      vertex 77.608 12.55 3.3
    endloop
  endfacet
  facet normal 0 1 -0
    outer loop
      vertex 77.608 6.05 3.3
      vertex 64.608 6.05 12.3
      vertex 77.608 6.05 12.3
    endloop
  endfacet
  facet normal 0 1 0
    outer loop
      vertex 64.608 6.05 12.3
      vertex 77.608 6.05 3.3
      vertex 64.608 6.05 3.3
    endloop
  endfacet
  facet normal 0 0 -1
    outer loop
      vertex 72.496 14.3673 3.3
      vertex 77.608 15.6 3.3
      vertex 77.608 12.55 3.3
    endloop
  endfacet
  facet normal 0 0 -1
    outer loop
      vertex 77.608 15.6 3.3
      vertex 72.496 14.3673 3.3
      vertex 72.508 14.55 3.3
    endloop
  endfacet
  facet normal 0 0 -1
    outer loop
      vertex 77.608 12.55 3.3
      vertex 72.4603 14.1877 3.3
      vertex 72.496 14.3673 3.3
    endloop
  endfacet
  facet normal 0 0 -1
    outer loop
      vertex 77.608 12.55 3.3
      vertex 72.4014 14.0142 3.3
      vertex 72.4603 14.1877 3.3
    endloop
  endfacet
  facet normal 0 0 -1
    outer loop
      vertex 77.608 12.55 3.3
      vertex 72.3204 13.85 3.3
      vertex 72.4014 14.0142 3.3
    endloop
  endfacet
  facet normal 0 0 -1
    outer loop
      vertex 77.608 12.55 3.3
      vertex 72.2187 13.6977 3.3
      vertex 72.3204 13.85 3.3
    endloop
  endfacet
  facet normal 0 0 -1
    outer loop
      vertex 77.608 12.55 3.3
      vertex 72.0979 13.5601 3.3
      vertex 72.2187 13.6977 3.3
    endloop
  endfacet
  facet normal 0 0 -1
    outer loop
      vertex 77.608 12.55 3.3
      vertex 71.9603 13.4393 3.3
      vertex 72.0979 13.5601 3.3
    endloop
  endfacet
  facet normal 0 0 -1
    outer loop
      vertex 77.608 12.55 3.3
      vertex 71.808 13.3376 3.3
      vertex 71.9603 13.4393 3.3
    endloop
  endfacet
  facet normal 0 0 -1
    outer loop
      vertex 77.608 12.55 3.3
      vertex 71.6438 13.2566 3.3
      vertex 71.808 13.3376 3.3
    endloop
  endfacet
  facet normal 0 0 -1
    outer loop
      vertex 77.608 12.55 3.3
      vertex 71.4703 13.1977 3.3
      vertex 71.6438 13.2566 3.3
    endloop
  endfacet
  facet normal 0 0 -1
    outer loop
      vertex 77.608 12.55 3.3
      vertex 71.2907 13.162 3.3
      vertex 71.4703 13.1977 3.3
    endloop
  endfacet
  facet normal 0 0 -1
    outer loop
      vertex 77.608 12.55 3.3
      vertex 71.108 13.15 3.3
      vertex 71.2907 13.162 3.3
    endloop
  endfacet
  facet normal 0 0 -1
    outer loop
      vertex 64.608 12.55 3.3
      vertex 71.108 13.15 3.3
      vertex 77.608 12.55 3.3
    endloop
  endfacet
  facet normal 0 0 -1
    outer loop
      vertex 64.608 15.6 3.3
      vertex 69.72 14.3673 3.3
      vertex 64.608 12.55 3.3
    endloop
  endfacet
  facet normal -0 0 -1
    outer loop
      vertex 69.7557 14.1877 3.3
      vertex 64.608 12.55 3.3
      vertex 69.72 14.3673 3.3
    endloop
  endfacet
  facet normal -0 0 -1
    outer loop
      vertex 69.8146 14.0142 3.3
      vertex 64.608 12.55 3.3
      vertex 69.7557 14.1877 3.3
    endloop
  endfacet
  facet normal -0 0 -1
    outer loop
      vertex 69.8956 13.85 3.3
      vertex 64.608 12.55 3.3
      vertex 69.8146 14.0142 3.3
    endloop
  endfacet
  facet normal -0 0 -1
    outer loop
      vertex 69.9973 13.6977 3.3
      vertex 64.608 12.55 3.3
      vertex 69.8956 13.85 3.3
    endloop
  endfacet
  facet normal -0 0 -1
    outer loop
      vertex 70.118 13.5601 3.3
      vertex 64.608 12.55 3.3
      vertex 69.9973 13.6977 3.3
    endloop
  endfacet
  facet normal -0 0 -1
    outer loop
      vertex 70.2557 13.4393 3.3
      vertex 64.608 12.55 3.3
      vertex 70.118 13.5601 3.3
    endloop
  endfacet
  facet normal -0 0 -1
    outer loop
      vertex 70.408 13.3376 3.3
      vertex 64.608 12.55 3.3
      vertex 70.2557 13.4393 3.3
    endloop
  endfacet
  facet normal -0 0 -1
    outer loop
      vertex 70.5722 13.2566 3.3
      vertex 64.608 12.55 3.3
      vertex 70.408 13.3376 3.3
    endloop
  endfacet
  facet normal -0 0 -1
    outer loop
      vertex 70.7457 13.1977 3.3
      vertex 64.608 12.55 3.3
      vertex 70.5722 13.2566 3.3
    endloop
  endfacet
  facet normal -0 0 -1
    outer loop
      vertex 70.9253 13.162 3.3
      vertex 64.608 12.55 3.3
      vertex 70.7457 13.1977 3.3
    endloop
  endfacet
  facet normal -0 0 -1
    outer loop
      vertex 71.108 13.15 3.3
      vertex 64.608 12.55 3.3
      vertex 70.9253 13.162 3.3
    endloop
  endfacet
  facet normal 0 0 -1
    outer loop
      vertex 72.496 14.7327 3.3
      vertex 77.608 15.6 3.3
      vertex 72.508 14.55 3.3
    endloop
  endfacet
  facet normal 0 0 -1
    outer loop
      vertex 72.4603 14.9123 3.3
      vertex 77.608 15.6 3.3
      vertex 72.496 14.7327 3.3
    endloop
  endfacet
  facet normal 0 0 -1
    outer loop
      vertex 72.4014 15.0858 3.3
      vertex 77.608 15.6 3.3
      vertex 72.4603 14.9123 3.3
    endloop
  endfacet
  facet normal 0 0 -1
    outer loop
      vertex 72.3204 15.25 3.3
      vertex 77.608 15.6 3.3
      vertex 72.4014 15.0858 3.3
    endloop
  endfacet
  facet normal 0 0 -1
    outer loop
      vertex 72.2187 15.4023 3.3
      vertex 77.608 15.6 3.3
      vertex 72.3204 15.25 3.3
    endloop
  endfacet
  facet normal 0 0 -1
    outer loop
      vertex 72.0979 15.5399 3.3
      vertex 77.608 15.6 3.3
      vertex 72.2187 15.4023 3.3
    endloop
  endfacet
  facet normal -0 0 -1
    outer loop
      vertex 77.608 15.6 3.3
      vertex 72.0979 15.5399 3.3
      vertex 72.0295 15.6 3.3
    endloop
  endfacet
  facet normal 0 0 -1
    outer loop
      vertex 69.72 14.3673 3.3
      vertex 64.608 15.6 3.3
      vertex 69.708 14.55 3.3
    endloop
  endfacet
  facet normal 0 0 -1
    outer loop
      vertex 69.708 14.55 3.3
      vertex 64.608 15.6 3.3
      vertex 69.72 14.7327 3.3
    endloop
  endfacet
  facet normal 0 0 -1
    outer loop
      vertex 69.72 14.7327 3.3
      vertex 64.608 15.6 3.3
      vertex 69.7557 14.9123 3.3
    endloop
  endfacet
  facet normal 0 0 -1
    outer loop
      vertex 69.7557 14.9123 3.3
      vertex 64.608 15.6 3.3
      vertex 69.8146 15.0858 3.3
    endloop
  endfacet
  facet normal 0 0 -1
    outer loop
      vertex 69.8146 15.0858 3.3
      vertex 64.608 15.6 3.3
      vertex 69.8956 15.25 3.3
    endloop
  endfacet
  facet normal 0 0 -1
    outer loop
      vertex 69.8956 15.25 3.3
      vertex 64.608 15.6 3.3
      vertex 69.9973 15.4023 3.3
    endloop
  endfacet
  facet normal 0 0 -1
    outer loop
      vertex 69.9973 15.4023 3.3
      vertex 64.608 15.6 3.3
      vertex 70.118 15.5399 3.3
    endloop
  endfacet
  facet normal 0 0 -1
    outer loop
      vertex 70.118 15.5399 3.3
      vertex 64.608 15.6 3.3
      vertex 70.1865 15.6 3.3
    endloop
  endfacet
  facet normal -0 0 -1
    outer loop
      vertex 69.72 3.86726 3.3
      vertex 64.608 3 3.3
      vertex 69.708 4.05 3.3
    endloop
  endfacet
  facet normal -0 0 -1
    outer loop
      vertex 69.7557 3.68765 3.3
      vertex 64.608 3 3.3
      vertex 69.72 3.86726 3.3
    endloop
  endfacet
  facet normal -0 0 -1
    outer loop
      vertex 69.8146 3.51424 3.3
      vertex 64.608 3 3.3
      vertex 69.7557 3.68765 3.3
    endloop
  endfacet
  facet normal -0 0 -1
    outer loop
      vertex 69.8956 3.35 3.3
      vertex 64.608 3 3.3
      vertex 69.8146 3.51424 3.3
    endloop
  endfacet
  facet normal -0 0 -1
    outer loop
      vertex 69.9973 3.19773 3.3
      vertex 64.608 3 3.3
      vertex 69.8956 3.35 3.3
    endloop
  endfacet
  facet normal -0 0 -1
    outer loop
      vertex 70.118 3.06005 3.3
      vertex 64.608 3 3.3
      vertex 69.9973 3.19773 3.3
    endloop
  endfacet
  facet normal 0 0 -1
    outer loop
      vertex 64.608 3 3.3
      vertex 70.118 3.06005 3.3
      vertex 70.1865 3 3.3
    endloop
  endfacet
  facet normal 0 0 -1
    outer loop
      vertex 72.496 4.23274 3.3
      vertex 77.608 3 3.3
      vertex 72.508 4.05 3.3
    endloop
  endfacet
  facet normal 0 0 -1
    outer loop
      vertex 77.608 3 3.3
      vertex 72.496 3.86726 3.3
      vertex 72.508 4.05 3.3
    endloop
  endfacet
  facet normal 0 0 -1
    outer loop
      vertex 77.608 3 3.3
      vertex 72.4603 3.68765 3.3
      vertex 72.496 3.86726 3.3
    endloop
  endfacet
  facet normal 0 0 -1
    outer loop
      vertex 77.608 3 3.3
      vertex 72.4014 3.51424 3.3
      vertex 72.4603 3.68765 3.3
    endloop
  endfacet
  facet normal 0 0 -1
    outer loop
      vertex 77.608 3 3.3
      vertex 72.3204 3.35 3.3
      vertex 72.4014 3.51424 3.3
    endloop
  endfacet
  facet normal 0 0 -1
    outer loop
      vertex 77.608 3 3.3
      vertex 72.2187 3.19773 3.3
      vertex 72.3204 3.35 3.3
    endloop
  endfacet
  facet normal 0 0 -1
    outer loop
      vertex 77.608 3 3.3
      vertex 72.0979 3.06005 3.3
      vertex 72.2187 3.19773 3.3
    endloop
  endfacet
  facet normal 0 -0 -1
    outer loop
      vertex 72.0979 3.06005 3.3
      vertex 77.608 3 3.3
      vertex 72.0295 3 3.3
    endloop
  endfacet
  facet normal 0 0 -1
    outer loop
      vertex 77.608 3 3.3
      vertex 72.496 4.23274 3.3
      vertex 77.608 6.05 3.3
    endloop
  endfacet
  facet normal 0 0 -1
    outer loop
      vertex 72.4603 4.41235 3.3
      vertex 77.608 6.05 3.3
      vertex 72.496 4.23274 3.3
    endloop
  endfacet
  facet normal 0 0 -1
    outer loop
      vertex 72.4014 4.58576 3.3
      vertex 77.608 6.05 3.3
      vertex 72.4603 4.41235 3.3
    endloop
  endfacet
  facet normal 0 0 -1
    outer loop
      vertex 72.3204 4.75 3.3
      vertex 77.608 6.05 3.3
      vertex 72.4014 4.58576 3.3
    endloop
  endfacet
  facet normal 0 0 -1
    outer loop
      vertex 72.2187 4.90227 3.3
      vertex 77.608 6.05 3.3
      vertex 72.3204 4.75 3.3
    endloop
  endfacet
  facet normal 0 0 -1
    outer loop
      vertex 72.0979 5.03995 3.3
      vertex 77.608 6.05 3.3
      vertex 72.2187 4.90227 3.3
    endloop
  endfacet
  facet normal 0 0 -1
    outer loop
      vertex 71.9603 5.16069 3.3
      vertex 77.608 6.05 3.3
      vertex 72.0979 5.03995 3.3
    endloop
  endfacet
  facet normal 0 0 -1
    outer loop
      vertex 71.808 5.26243 3.3
      vertex 77.608 6.05 3.3
      vertex 71.9603 5.16069 3.3
    endloop
  endfacet
  facet normal 0 0 -1
    outer loop
      vertex 71.6438 5.34343 3.3
      vertex 77.608 6.05 3.3
      vertex 71.808 5.26243 3.3
    endloop
  endfacet
  facet normal 0 0 -1
    outer loop
      vertex 71.4703 5.4023 3.3
      vertex 77.608 6.05 3.3
      vertex 71.6438 5.34343 3.3
    endloop
  endfacet
  facet normal 0 0 -1
    outer loop
      vertex 71.2907 5.43802 3.3
      vertex 77.608 6.05 3.3
      vertex 71.4703 5.4023 3.3
    endloop
  endfacet
  facet normal 0 0 -1
    outer loop
      vertex 71.108 5.45 3.3
      vertex 77.608 6.05 3.3
      vertex 71.2907 5.43802 3.3
    endloop
  endfacet
  facet normal 0 0 -1
    outer loop
      vertex 64.608 6.05 3.3
      vertex 71.108 5.45 3.3
      vertex 70.9253 5.43802 3.3
    endloop
  endfacet
  facet normal 0 0 -1
    outer loop
      vertex 64.608 3 3.3
      vertex 69.72 4.23274 3.3
      vertex 69.708 4.05 3.3
    endloop
  endfacet
  facet normal 0 0 -1
    outer loop
      vertex 64.608 6.05 3.3
      vertex 69.72 4.23274 3.3
      vertex 64.608 3 3.3
    endloop
  endfacet
  facet normal 0 0 -1
    outer loop
      vertex 69.72 4.23274 3.3
      vertex 64.608 6.05 3.3
      vertex 69.7557 4.41235 3.3
    endloop
  endfacet
  facet normal 0 0 -1
    outer loop
      vertex 69.7557 4.41235 3.3
      vertex 64.608 6.05 3.3
      vertex 69.8146 4.58576 3.3
    endloop
  endfacet
  facet normal 0 0 -1
    outer loop
      vertex 69.8146 4.58576 3.3
      vertex 64.608 6.05 3.3
      vertex 69.8956 4.75 3.3
    endloop
  endfacet
  facet normal 0 0 -1
    outer loop
      vertex 69.8956 4.75 3.3
      vertex 64.608 6.05 3.3
      vertex 69.9973 4.90227 3.3
    endloop
  endfacet
  facet normal 0 0 -1
    outer loop
      vertex 69.9973 4.90227 3.3
      vertex 64.608 6.05 3.3
      vertex 70.118 5.03995 3.3
    endloop
  endfacet
  facet normal 0 0 -1
    outer loop
      vertex 70.118 5.03995 3.3
      vertex 64.608 6.05 3.3
      vertex 70.2557 5.16069 3.3
    endloop
  endfacet
  facet normal 0 0 -1
    outer loop
      vertex 70.2557 5.16069 3.3
      vertex 64.608 6.05 3.3
      vertex 70.408 5.26243 3.3
    endloop
  endfacet
  facet normal 0 0 -1
    outer loop
      vertex 71.108 5.45 3.3
      vertex 64.608 6.05 3.3
      vertex 77.608 6.05 3.3
    endloop
  endfacet
  facet normal 0 0 -1
    outer loop
      vertex 70.7457 5.4023 3.3
      vertex 64.608 6.05 3.3
      vertex 70.9253 5.43802 3.3
    endloop
  endfacet
  facet normal 0 0 -1
    outer loop
      vertex 70.5722 5.34343 3.3
      vertex 64.608 6.05 3.3
      vertex 70.7457 5.4023 3.3
    endloop
  endfacet
  facet normal 0 0 -1
    outer loop
      vertex 70.408 5.26243 3.3
      vertex 64.608 6.05 3.3
      vertex 70.5722 5.34343 3.3
    endloop
  endfacet
  facet normal 0 -1 0
    outer loop
      vertex 64.608 15.6 0
      vertex 70.1865 15.6 3.3
      vertex 64.608 15.6 3.3
    endloop
  endfacet
  facet normal 0 -1 -0
    outer loop
      vertex 70.1865 15.6 3.3
      vertex 64.608 15.6 0
      vertex 70.1865 15.6 0
    endloop
  endfacet
  facet normal 0 -1 0
    outer loop
      vertex 72.0295 15.6 0
      vertex 77.608 15.6 3.3
      vertex 72.0295 15.6 3.3
    endloop
  endfacet
  facet normal 0 -1 -0
    outer loop
      vertex 77.608 15.6 3.3
      vertex 72.0295 15.6 0
      vertex 77.608 15.6 0
    endloop
  endfacet
  facet normal 0 1 -0
    outer loop
      vertex 70.1865 3 0
      vertex 64.608 3 3.3
      vertex 70.1865 3 3.3
    endloop
  endfacet
  facet normal 0 1 0
    outer loop
      vertex 64.608 3 3.3
      vertex 70.1865 3 0
      vertex 64.608 3 0
    endloop
  endfacet
  facet normal 0 1 -0
    outer loop
      vertex 77.608 3 0
      vertex 72.0295 3 3.3
      vertex 77.608 3 3.3
    endloop
  endfacet
  facet normal 0 1 0
    outer loop
      vertex 72.0295 3 3.3
      vertex 77.608 3 0
      vertex 72.0295 3 0
    endloop
  endfacet
  facet normal -0.89686 0.442314 0
    outer loop
      vertex 21.4361 25.85 4.4
      vertex 21.5518 26.0846 7.9
      vertex 21.5518 26.0846 4.4
    endloop
  endfacet
  facet normal -0.89686 0.442314 0
    outer loop
      vertex 21.5518 26.0846 7.9
      vertex 21.4361 25.85 4.4
      vertex 21.4361 25.85 7.9
    endloop
  endfacet
  facet normal -0.980801 -0.195013 0
    outer loop
      vertex 21.6869 27.1111 4.4
      vertex 21.6359 27.3676 7.9
      vertex 21.6359 27.3676 4.4
    endloop
  endfacet
  facet normal -0.980801 -0.195013 0
    outer loop
      vertex 21.6359 27.3676 7.9
      vertex 21.6869 27.1111 4.4
      vertex 21.6869 27.1111 7.9
    endloop
  endfacet
  facet normal -0.997862 -0.0653521 0
    outer loop
      vertex 21.704 26.85 4.4
      vertex 21.6869 27.1111 7.9
      vertex 21.6869 27.1111 4.4
    endloop
  endfacet
  facet normal -0.997862 -0.0653521 0
    outer loop
      vertex 21.6869 27.1111 7.9
      vertex 21.704 26.85 4.4
      vertex 21.704 26.85 7.9
    endloop
  endfacet
  facet normal -0.94695 -0.321382 0
    outer loop
      vertex 21.6359 27.3676 4.4
      vertex 21.5518 27.6154 7.9
      vertex 21.5518 27.6154 4.4
    endloop
  endfacet
  facet normal -0.94695 -0.321382 0
    outer loop
      vertex 21.5518 27.6154 7.9
      vertex 21.6359 27.3676 4.4
      vertex 21.6359 27.3676 7.9
    endloop
  endfacet
  facet normal -0.751842 0.659343 0
    outer loop
      vertex 21.1182 25.4358 4.4
      vertex 21.2907 25.6325 7.9
      vertex 21.2907 25.6325 4.4
    endloop
  endfacet
  facet normal -0.751842 0.659343 0
    outer loop
      vertex 21.2907 25.6325 7.9
      vertex 21.1182 25.4358 4.4
      vertex 21.1182 25.4358 7.9
    endloop
  endfacet
  facet normal -0.831344 -0.555758 0
    outer loop
      vertex 21.4361 27.85 4.4
      vertex 21.2907 28.0675 7.9
      vertex 21.2907 28.0675 4.4
    endloop
  endfacet
  facet normal -0.831344 -0.555758 0
    outer loop
      vertex 21.2907 28.0675 7.9
      vertex 21.4361 27.85 4.4
      vertex 21.4361 27.85 7.9
    endloop
  endfacet
  facet normal -0.89686 -0.442314 0
    outer loop
      vertex 21.5518 27.6154 4.4
      vertex 21.4361 27.85 7.9
      vertex 21.4361 27.85 4.4
    endloop
  endfacet
  facet normal -0.89686 -0.442314 0
    outer loop
      vertex 21.4361 27.85 7.9
      vertex 21.5518 27.6154 4.4
      vertex 21.5518 27.6154 7.9
    endloop
  endfacet
  facet normal -0.555758 -0.831344 0
    outer loop
      vertex 20.704 28.5821 4.4
      vertex 20.9215 28.4367 7.9
      vertex 20.704 28.5821 7.9
    endloop
  endfacet
  facet normal -0.555758 -0.831344 -0
    outer loop
      vertex 20.9215 28.4367 7.9
      vertex 20.704 28.5821 4.4
      vertex 20.9215 28.4367 4.4
    endloop
  endfacet
  facet normal 0.89686 -0.442314 0
    outer loop
      vertex 17.8562 27.6154 7.9
      vertex 17.9719 27.85 4.4
      vertex 17.9719 27.85 7.9
    endloop
  endfacet
  facet normal 0.89686 -0.442314 0
    outer loop
      vertex 17.9719 27.85 4.4
      vertex 17.8562 27.6154 7.9
      vertex 17.8562 27.6154 4.4
    endloop
  endfacet
  facet normal 0.555758 -0.831344 0
    outer loop
      vertex 18.4865 28.4367 4.4
      vertex 18.704 28.5821 7.9
      vertex 18.4865 28.4367 7.9
    endloop
  endfacet
  facet normal 0.555758 -0.831344 0
    outer loop
      vertex 18.704 28.5821 7.9
      vertex 18.4865 28.4367 4.4
      vertex 18.704 28.5821 4.4
    endloop
  endfacet
  facet normal -0.980801 0.195013 0
    outer loop
      vertex 21.6359 26.3324 4.4
      vertex 21.6869 26.5889 7.9
      vertex 21.6869 26.5889 4.4
    endloop
  endfacet
  facet normal -0.980801 0.195013 0
    outer loop
      vertex 21.6869 26.5889 7.9
      vertex 21.6359 26.3324 4.4
      vertex 21.6359 26.3324 7.9
    endloop
  endfacet
  facet normal -0.321382 -0.94695 0
    outer loop
      vertex 20.2216 28.7819 4.4
      vertex 20.4694 28.6978 7.9
      vertex 20.2216 28.7819 7.9
    endloop
  endfacet
  facet normal -0.321382 -0.94695 -0
    outer loop
      vertex 20.4694 28.6978 7.9
      vertex 20.2216 28.7819 4.4
      vertex 20.4694 28.6978 4.4
    endloop
  endfacet
  facet normal 0.89686 0.442314 0
    outer loop
      vertex 17.9719 25.85 7.9
      vertex 17.8562 26.0846 4.4
      vertex 17.8562 26.0846 7.9
    endloop
  endfacet
  facet normal 0.89686 0.442314 0
    outer loop
      vertex 17.8562 26.0846 4.4
      vertex 17.9719 25.85 7.9
      vertex 17.9719 25.85 4.4
    endloop
  endfacet
  facet normal 0.751842 -0.659343 0
    outer loop
      vertex 18.1173 28.0675 7.9
      vertex 18.2898 28.2642 4.4
      vertex 18.2898 28.2642 7.9
    endloop
  endfacet
  facet normal 0.751842 -0.659343 0
    outer loop
      vertex 18.2898 28.2642 4.4
      vertex 18.1173 28.0675 7.9
      vertex 18.1173 28.0675 4.4
    endloop
  endfacet
  facet normal 0.321382 -0.94695 0
    outer loop
      vertex 18.9386 28.6978 4.4
      vertex 19.1864 28.7819 7.9
      vertex 18.9386 28.6978 7.9
    endloop
  endfacet
  facet normal 0.321382 -0.94695 0
    outer loop
      vertex 19.1864 28.7819 7.9
      vertex 18.9386 28.6978 4.4
      vertex 19.1864 28.7819 4.4
    endloop
  endfacet
  facet normal 0.94695 0.321382 0
    outer loop
      vertex 17.8562 26.0846 7.9
      vertex 17.7721 26.3324 4.4
      vertex 17.7721 26.3324 7.9
    endloop
  endfacet
  facet normal 0.94695 0.321382 0
    outer loop
      vertex 17.7721 26.3324 4.4
      vertex 17.8562 26.0846 7.9
      vertex 17.8562 26.0846 4.4
    endloop
  endfacet
  facet normal 0.751842 0.659343 0
    outer loop
      vertex 18.2898 25.4358 7.9
      vertex 18.1173 25.6325 4.4
      vertex 18.1173 25.6325 7.9
    endloop
  endfacet
  facet normal 0.751842 0.659343 0
    outer loop
      vertex 18.1173 25.6325 4.4
      vertex 18.2898 25.4358 7.9
      vertex 18.2898 25.4358 4.4
    endloop
  endfacet
  facet normal 0.442314 -0.89686 0
    outer loop
      vertex 18.704 28.5821 4.4
      vertex 18.9386 28.6978 7.9
      vertex 18.704 28.5821 7.9
    endloop
  endfacet
  facet normal 0.442314 -0.89686 0
    outer loop
      vertex 18.9386 28.6978 7.9
      vertex 18.704 28.5821 4.4
      vertex 18.9386 28.6978 4.4
    endloop
  endfacet
  facet normal -0.442314 -0.89686 0
    outer loop
      vertex 20.4694 28.6978 4.4
      vertex 20.704 28.5821 7.9
      vertex 20.4694 28.6978 7.9
    endloop
  endfacet
  facet normal -0.442314 -0.89686 -0
    outer loop
      vertex 20.704 28.5821 7.9
      vertex 20.4694 28.6978 4.4
      vertex 20.704 28.5821 4.4
    endloop
  endfacet
  facet normal 0.195013 0.980801 -0
    outer loop
      vertex 19.4429 24.8671 4.4
      vertex 19.1864 24.9181 7.9
      vertex 19.4429 24.8671 7.9
    endloop
  endfacet
  facet normal 0.195013 0.980801 0
    outer loop
      vertex 19.1864 24.9181 7.9
      vertex 19.4429 24.8671 4.4
      vertex 19.1864 24.9181 4.4
    endloop
  endfacet
  facet normal -0.997862 0.0653521 0
    outer loop
      vertex 21.6869 26.5889 4.4
      vertex 21.704 26.85 7.9
      vertex 21.704 26.85 4.4
    endloop
  endfacet
  facet normal -0.997862 0.0653521 0
    outer loop
      vertex 21.704 26.85 7.9
      vertex 21.6869 26.5889 4.4
      vertex 21.6869 26.5889 7.9
    endloop
  endfacet
  facet normal -0.555758 0.831344 0
    outer loop
      vertex 20.9215 25.2633 4.4
      vertex 20.704 25.1179 7.9
      vertex 20.9215 25.2633 7.9
    endloop
  endfacet
  facet normal -0.555758 0.831344 0
    outer loop
      vertex 20.704 25.1179 7.9
      vertex 20.9215 25.2633 4.4
      vertex 20.704 25.1179 4.4
    endloop
  endfacet
  facet normal -0.831344 0.555758 0
    outer loop
      vertex 21.2907 25.6325 4.4
      vertex 21.4361 25.85 7.9
      vertex 21.4361 25.85 4.4
    endloop
  endfacet
  facet normal -0.831344 0.555758 0
    outer loop
      vertex 21.4361 25.85 7.9
      vertex 21.2907 25.6325 4.4
      vertex 21.2907 25.6325 7.9
    endloop
  endfacet
  facet normal 0.195013 -0.980801 0
    outer loop
      vertex 19.1864 28.7819 4.4
      vertex 19.4429 28.8329 7.9
      vertex 19.1864 28.7819 7.9
    endloop
  endfacet
  facet normal 0.195013 -0.980801 0
    outer loop
      vertex 19.4429 28.8329 7.9
      vertex 19.1864 28.7819 4.4
      vertex 19.4429 28.8329 4.4
    endloop
  endfacet
  facet normal 0.555758 0.831344 -0
    outer loop
      vertex 18.704 25.1179 4.4
      vertex 18.4865 25.2633 7.9
      vertex 18.704 25.1179 7.9
    endloop
  endfacet
  facet normal 0.555758 0.831344 0
    outer loop
      vertex 18.4865 25.2633 7.9
      vertex 18.704 25.1179 4.4
      vertex 18.4865 25.2633 4.4
    endloop
  endfacet
  facet normal 0.659343 0.751842 -0
    outer loop
      vertex 18.4865 25.2633 4.4
      vertex 18.2898 25.4358 7.9
      vertex 18.4865 25.2633 7.9
    endloop
  endfacet
  facet normal 0.659343 0.751842 0
    outer loop
      vertex 18.2898 25.4358 7.9
      vertex 18.4865 25.2633 4.4
      vertex 18.2898 25.4358 4.4
    endloop
  endfacet
  facet normal -0.195013 -0.980801 0
    outer loop
      vertex 19.9651 28.8329 4.4
      vertex 20.2216 28.7819 7.9
      vertex 19.9651 28.8329 7.9
    endloop
  endfacet
  facet normal -0.195013 -0.980801 -0
    outer loop
      vertex 20.2216 28.7819 7.9
      vertex 19.9651 28.8329 4.4
      vertex 20.2216 28.7819 4.4
    endloop
  endfacet
  facet normal -0.0653521 0.997862 0
    outer loop
      vertex 19.9651 24.8671 4.4
      vertex 19.704 24.85 7.9
      vertex 19.9651 24.8671 7.9
    endloop
  endfacet
  facet normal -0.0653521 0.997862 0
    outer loop
      vertex 19.704 24.85 7.9
      vertex 19.9651 24.8671 4.4
      vertex 19.704 24.85 4.4
    endloop
  endfacet
  facet normal 0.442314 0.89686 -0
    outer loop
      vertex 18.9386 25.0022 4.4
      vertex 18.704 25.1179 7.9
      vertex 18.9386 25.0022 7.9
    endloop
  endfacet
  facet normal 0.442314 0.89686 0
    outer loop
      vertex 18.704 25.1179 7.9
      vertex 18.9386 25.0022 4.4
      vertex 18.704 25.1179 4.4
    endloop
  endfacet
  facet normal -0.195013 0.980801 0
    outer loop
      vertex 20.2216 24.9181 4.4
      vertex 19.9651 24.8671 7.9
      vertex 20.2216 24.9181 7.9
    endloop
  endfacet
  facet normal -0.195013 0.980801 0
    outer loop
      vertex 19.9651 24.8671 7.9
      vertex 20.2216 24.9181 4.4
      vertex 19.9651 24.8671 4.4
    endloop
  endfacet
  facet normal 0.0653521 0.997862 -0
    outer loop
      vertex 19.704 24.85 4.4
      vertex 19.4429 24.8671 7.9
      vertex 19.704 24.85 7.9
    endloop
  endfacet
  facet normal 0.0653521 0.997862 0
    outer loop
      vertex 19.4429 24.8671 7.9
      vertex 19.704 24.85 4.4
      vertex 19.4429 24.8671 4.4
    endloop
  endfacet
  facet normal 0.659343 -0.751842 0
    outer loop
      vertex 18.2898 28.2642 4.4
      vertex 18.4865 28.4367 7.9
      vertex 18.2898 28.2642 7.9
    endloop
  endfacet
  facet normal 0.659343 -0.751842 0
    outer loop
      vertex 18.4865 28.4367 7.9
      vertex 18.2898 28.2642 4.4
      vertex 18.4865 28.4367 4.4
    endloop
  endfacet
  facet normal 0.997862 0.0653521 0
    outer loop
      vertex 17.7211 26.5889 7.9
      vertex 17.704 26.85 4.4
      vertex 17.704 26.85 7.9
    endloop
  endfacet
  facet normal 0.997862 0.0653521 0
    outer loop
      vertex 17.704 26.85 4.4
      vertex 17.7211 26.5889 7.9
      vertex 17.7211 26.5889 4.4
    endloop
  endfacet
  facet normal 0.980801 -0.195013 0
    outer loop
      vertex 17.7211 27.1111 7.9
      vertex 17.7721 27.3676 4.4
      vertex 17.7721 27.3676 7.9
    endloop
  endfacet
  facet normal 0.980801 -0.195013 0
    outer loop
      vertex 17.7721 27.3676 4.4
      vertex 17.7211 27.1111 7.9
      vertex 17.7211 27.1111 4.4
    endloop
  endfacet
  facet normal 0.980801 0.195013 0
    outer loop
      vertex 17.7721 26.3324 7.9
      vertex 17.7211 26.5889 4.4
      vertex 17.7211 26.5889 7.9
    endloop
  endfacet
  facet normal 0.980801 0.195013 0
    outer loop
      vertex 17.7211 26.5889 4.4
      vertex 17.7721 26.3324 7.9
      vertex 17.7721 26.3324 4.4
    endloop
  endfacet
  facet normal 0.831344 0.555758 0
    outer loop
      vertex 18.1173 25.6325 7.9
      vertex 17.9719 25.85 4.4
      vertex 17.9719 25.85 7.9
    endloop
  endfacet
  facet normal 0.831344 0.555758 0
    outer loop
      vertex 17.9719 25.85 4.4
      vertex 18.1173 25.6325 7.9
      vertex 18.1173 25.6325 4.4
    endloop
  endfacet
  facet normal 0.94695 -0.321382 0
    outer loop
      vertex 17.7721 27.3676 7.9
      vertex 17.8562 27.6154 4.4
      vertex 17.8562 27.6154 7.9
    endloop
  endfacet
  facet normal 0.94695 -0.321382 0
    outer loop
      vertex 17.8562 27.6154 4.4
      vertex 17.7721 27.3676 7.9
      vertex 17.7721 27.3676 4.4
    endloop
  endfacet
  facet normal 0.321382 0.94695 -0
    outer loop
      vertex 19.1864 24.9181 4.4
      vertex 18.9386 25.0022 7.9
      vertex 19.1864 24.9181 7.9
    endloop
  endfacet
  facet normal 0.321382 0.94695 0
    outer loop
      vertex 18.9386 25.0022 7.9
      vertex 19.1864 24.9181 4.4
      vertex 18.9386 25.0022 4.4
    endloop
  endfacet
  facet normal -0.94695 0.321382 0
    outer loop
      vertex 21.5518 26.0846 4.4
      vertex 21.6359 26.3324 7.9
      vertex 21.6359 26.3324 4.4
    endloop
  endfacet
  facet normal -0.94695 0.321382 0
    outer loop
      vertex 21.6359 26.3324 7.9
      vertex 21.5518 26.0846 4.4
      vertex 21.5518 26.0846 7.9
    endloop
  endfacet
  facet normal 0.997862 -0.0653521 0
    outer loop
      vertex 17.704 26.85 7.9
      vertex 17.7211 27.1111 4.4
      vertex 17.7211 27.1111 7.9
    endloop
  endfacet
  facet normal 0.997862 -0.0653521 0
    outer loop
      vertex 17.7211 27.1111 4.4
      vertex 17.704 26.85 7.9
      vertex 17.704 26.85 4.4
    endloop
  endfacet
  facet normal -0.442314 0.89686 0
    outer loop
      vertex 20.704 25.1179 4.4
      vertex 20.4694 25.0022 7.9
      vertex 20.704 25.1179 7.9
    endloop
  endfacet
  facet normal -0.442314 0.89686 0
    outer loop
      vertex 20.4694 25.0022 7.9
      vertex 20.704 25.1179 4.4
      vertex 20.4694 25.0022 4.4
    endloop
  endfacet
  facet normal -0.321382 0.94695 0
    outer loop
      vertex 20.4694 25.0022 4.4
      vertex 20.2216 24.9181 7.9
      vertex 20.4694 25.0022 7.9
    endloop
  endfacet
  facet normal -0.321382 0.94695 0
    outer loop
      vertex 20.2216 24.9181 7.9
      vertex 20.4694 25.0022 4.4
      vertex 20.2216 24.9181 4.4
    endloop
  endfacet
  facet normal 0.831344 -0.555758 0
    outer loop
      vertex 17.9719 27.85 7.9
      vertex 18.1173 28.0675 4.4
      vertex 18.1173 28.0675 7.9
    endloop
  endfacet
  facet normal 0.831344 -0.555758 0
    outer loop
      vertex 18.1173 28.0675 4.4
      vertex 17.9719 27.85 7.9
      vertex 17.9719 27.85 4.4
    endloop
  endfacet
  facet normal -0.751842 -0.659343 0
    outer loop
      vertex 21.2907 28.0675 4.4
      vertex 21.1182 28.2642 7.9
      vertex 21.1182 28.2642 4.4
    endloop
  endfacet
  facet normal -0.751842 -0.659343 0
    outer loop
      vertex 21.1182 28.2642 7.9
      vertex 21.2907 28.0675 4.4
      vertex 21.2907 28.0675 7.9
    endloop
  endfacet
  facet normal -0.0653521 -0.997862 0
    outer loop
      vertex 19.704 28.85 4.4
      vertex 19.9651 28.8329 7.9
      vertex 19.704 28.85 7.9
    endloop
  endfacet
  facet normal -0.0653521 -0.997862 -0
    outer loop
      vertex 19.9651 28.8329 7.9
      vertex 19.704 28.85 4.4
      vertex 19.9651 28.8329 4.4
    endloop
  endfacet
  facet normal -0.659343 -0.751842 0
    outer loop
      vertex 20.9215 28.4367 4.4
      vertex 21.1182 28.2642 7.9
      vertex 20.9215 28.4367 7.9
    endloop
  endfacet
  facet normal -0.659343 -0.751842 -0
    outer loop
      vertex 21.1182 28.2642 7.9
      vertex 20.9215 28.4367 4.4
      vertex 21.1182 28.2642 4.4
    endloop
  endfacet
  facet normal 0.0653521 -0.997862 0
    outer loop
      vertex 19.4429 28.8329 4.4
      vertex 19.704 28.85 7.9
      vertex 19.4429 28.8329 7.9
    endloop
  endfacet
  facet normal 0.0653521 -0.997862 0
    outer loop
      vertex 19.704 28.85 7.9
      vertex 19.4429 28.8329 4.4
      vertex 19.704 28.85 4.4
    endloop
  endfacet
  facet normal -0.659343 0.751842 0
    outer loop
      vertex 21.1182 25.4358 4.4
      vertex 20.9215 25.2633 7.9
      vertex 21.1182 25.4358 7.9
    endloop
  endfacet
  facet normal -0.659343 0.751842 0
    outer loop
      vertex 20.9215 25.2633 7.9
      vertex 21.1182 25.4358 4.4
      vertex 20.9215 25.2633 4.4
    endloop
  endfacet
  facet normal -0.980727 -0.195381 0
    outer loop
      vertex 46.8869 27.1111 4.4
      vertex 46.8358 27.3676 7.9
      vertex 46.8358 27.3676 4.4
    endloop
  endfacet
  facet normal -0.980727 -0.195381 0
    outer loop
      vertex 46.8358 27.3676 7.9
      vertex 46.8869 27.1111 4.4
      vertex 46.8869 27.1111 7.9
    endloop
  endfacet
  facet normal -0.997862 -0.0653521 0
    outer loop
      vertex 46.904 26.85 4.4
      vertex 46.8869 27.1111 7.9
      vertex 46.8869 27.1111 4.4
    endloop
  endfacet
  facet normal -0.997862 -0.0653521 0
    outer loop
      vertex 46.8869 27.1111 7.9
      vertex 46.904 26.85 4.4
      vertex 46.904 26.85 7.9
    endloop
  endfacet
  facet normal -0.947066 -0.321039 0
    outer loop
      vertex 46.8358 27.3676 4.4
      vertex 46.7518 27.6154 7.9
      vertex 46.7518 27.6154 4.4
    endloop
  endfacet
  facet normal -0.947066 -0.321039 0
    outer loop
      vertex 46.7518 27.6154 7.9
      vertex 46.8358 27.3676 4.4
      vertex 46.8358 27.3676 7.9
    endloop
  endfacet
  facet normal -0.321382 -0.94695 0
    outer loop
      vertex 45.4216 28.7819 4.4
      vertex 45.6694 28.6978 7.9
      vertex 45.4216 28.7819 7.9
    endloop
  endfacet
  facet normal -0.321382 -0.94695 -0
    outer loop
      vertex 45.6694 28.6978 7.9
      vertex 45.4216 28.7819 4.4
      vertex 45.6694 28.6978 4.4
    endloop
  endfacet
  facet normal -0.321382 0.94695 0
    outer loop
      vertex 45.6694 25.0022 4.4
      vertex 45.4216 24.9181 7.9
      vertex 45.6694 25.0022 7.9
    endloop
  endfacet
  facet normal -0.321382 0.94695 0
    outer loop
      vertex 45.4216 24.9181 7.9
      vertex 45.6694 25.0022 4.4
      vertex 45.4216 24.9181 4.4
    endloop
  endfacet
  facet normal 0.195013 -0.980801 0
    outer loop
      vertex 44.3864 28.7819 4.4
      vertex 44.6429 28.8329 7.9
      vertex 44.3864 28.7819 7.9
    endloop
  endfacet
  facet normal 0.195013 -0.980801 0
    outer loop
      vertex 44.6429 28.8329 7.9
      vertex 44.3864 28.7819 4.4
      vertex 44.6429 28.8329 4.4
    endloop
  endfacet
  facet normal 0.442314 0.89686 -0
    outer loop
      vertex 44.1386 25.0022 4.4
      vertex 43.904 25.1179 7.9
      vertex 44.1386 25.0022 7.9
    endloop
  endfacet
  facet normal 0.442314 0.89686 0
    outer loop
      vertex 43.904 25.1179 7.9
      vertex 44.1386 25.0022 4.4
      vertex 43.904 25.1179 4.4
    endloop
  endfacet
  facet normal -0.89686 -0.442314 0
    outer loop
      vertex 46.7518 27.6154 4.4
      vertex 46.6361 27.85 7.9
      vertex 46.6361 27.85 4.4
    endloop
  endfacet
  facet normal -0.89686 -0.442314 0
    outer loop
      vertex 46.6361 27.85 7.9
      vertex 46.7518 27.6154 4.4
      vertex 46.7518 27.6154 7.9
    endloop
  endfacet
  facet normal 0.659343 -0.751842 0
    outer loop
      vertex 43.4898 28.2642 4.4
      vertex 43.6865 28.4367 7.9
      vertex 43.4898 28.2642 7.9
    endloop
  endfacet
  facet normal 0.659343 -0.751842 0
    outer loop
      vertex 43.6865 28.4367 7.9
      vertex 43.4898 28.2642 4.4
      vertex 43.6865 28.4367 4.4
    endloop
  endfacet
  facet normal -0.997862 0.0653521 0
    outer loop
      vertex 46.8869 26.5889 4.4
      vertex 46.904 26.85 7.9
      vertex 46.904 26.85 4.4
    endloop
  endfacet
  facet normal -0.997862 0.0653521 0
    outer loop
      vertex 46.904 26.85 7.9
      vertex 46.8869 26.5889 4.4
      vertex 46.8869 26.5889 7.9
    endloop
  endfacet
  facet normal -0.751842 0.659343 0
    outer loop
      vertex 46.3182 25.4358 4.4
      vertex 46.4907 25.6325 7.9
      vertex 46.4907 25.6325 4.4
    endloop
  endfacet
  facet normal -0.751842 0.659343 0
    outer loop
      vertex 46.4907 25.6325 7.9
      vertex 46.3182 25.4358 4.4
      vertex 46.3182 25.4358 7.9
    endloop
  endfacet
  facet normal 0.980801 -0.195013 0
    outer loop
      vertex 42.9211 27.1111 7.9
      vertex 42.9721 27.3676 4.4
      vertex 42.9721 27.3676 7.9
    endloop
  endfacet
  facet normal 0.980801 -0.195013 0
    outer loop
      vertex 42.9721 27.3676 4.4
      vertex 42.9211 27.1111 7.9
      vertex 42.9211 27.1111 4.4
    endloop
  endfacet
  facet normal 0.0653521 0.997862 -0
    outer loop
      vertex 44.904 24.85 4.4
      vertex 44.6429 24.8671 7.9
      vertex 44.904 24.85 7.9
    endloop
  endfacet
  facet normal 0.0653521 0.997862 0
    outer loop
      vertex 44.6429 24.8671 7.9
      vertex 44.904 24.85 4.4
      vertex 44.6429 24.8671 4.4
    endloop
  endfacet
  facet normal -0.0653521 -0.997862 0
    outer loop
      vertex 44.904 28.85 4.4
      vertex 45.1651 28.8329 7.9
      vertex 44.904 28.85 7.9
    endloop
  endfacet
  facet normal -0.0653521 -0.997862 -0
    outer loop
      vertex 45.1651 28.8329 7.9
      vertex 44.904 28.85 4.4
      vertex 45.1651 28.8329 4.4
    endloop
  endfacet
  facet normal 0.751842 0.659343 0
    outer loop
      vertex 43.4898 25.4358 7.9
      vertex 43.3173 25.6325 4.4
      vertex 43.3173 25.6325 7.9
    endloop
  endfacet
  facet normal 0.751842 0.659343 0
    outer loop
      vertex 43.3173 25.6325 4.4
      vertex 43.4898 25.4358 7.9
      vertex 43.4898 25.4358 4.4
    endloop
  endfacet
  facet normal 0.831344 -0.555758 0
    outer loop
      vertex 43.1719 27.85 7.9
      vertex 43.3173 28.0675 4.4
      vertex 43.3173 28.0675 7.9
    endloop
  endfacet
  facet normal 0.831344 -0.555758 0
    outer loop
      vertex 43.3173 28.0675 4.4
      vertex 43.1719 27.85 7.9
      vertex 43.1719 27.85 4.4
    endloop
  endfacet
  facet normal 0.555758 -0.831344 0
    outer loop
      vertex 43.6865 28.4367 4.4
      vertex 43.904 28.5821 7.9
      vertex 43.6865 28.4367 7.9
    endloop
  endfacet
  facet normal 0.555758 -0.831344 0
    outer loop
      vertex 43.904 28.5821 7.9
      vertex 43.6865 28.4367 4.4
      vertex 43.904 28.5821 4.4
    endloop
  endfacet
  facet normal -0.947066 0.321039 0
    outer loop
      vertex 46.7518 26.0846 4.4
      vertex 46.8358 26.3324 7.9
      vertex 46.8358 26.3324 4.4
    endloop
  endfacet
  facet normal -0.947066 0.321039 0
    outer loop
      vertex 46.8358 26.3324 7.9
      vertex 46.7518 26.0846 4.4
      vertex 46.7518 26.0846 7.9
    endloop
  endfacet
  facet normal -0.555758 -0.831344 0
    outer loop
      vertex 45.904 28.5821 4.4
      vertex 46.1215 28.4367 7.9
      vertex 45.904 28.5821 7.9
    endloop
  endfacet
  facet normal -0.555758 -0.831344 -0
    outer loop
      vertex 46.1215 28.4367 7.9
      vertex 45.904 28.5821 4.4
      vertex 46.1215 28.4367 4.4
    endloop
  endfacet
  facet normal -0.659343 -0.751842 0
    outer loop
      vertex 46.1215 28.4367 4.4
      vertex 46.3182 28.2642 7.9
      vertex 46.1215 28.4367 7.9
    endloop
  endfacet
  facet normal -0.659343 -0.751842 -0
    outer loop
      vertex 46.3182 28.2642 7.9
      vertex 46.1215 28.4367 4.4
      vertex 46.3182 28.2642 4.4
    endloop
  endfacet
  facet normal -0.659343 0.751842 0
    outer loop
      vertex 46.3182 25.4358 4.4
      vertex 46.1215 25.2633 7.9
      vertex 46.3182 25.4358 7.9
    endloop
  endfacet
  facet normal -0.659343 0.751842 0
    outer loop
      vertex 46.1215 25.2633 7.9
      vertex 46.3182 25.4358 4.4
      vertex 46.1215 25.2633 4.4
    endloop
  endfacet
  facet normal 0.659343 0.751842 -0
    outer loop
      vertex 43.6865 25.2633 4.4
      vertex 43.4898 25.4358 7.9
      vertex 43.6865 25.2633 7.9
    endloop
  endfacet
  facet normal 0.659343 0.751842 0
    outer loop
      vertex 43.4898 25.4358 7.9
      vertex 43.6865 25.2633 4.4
      vertex 43.4898 25.4358 4.4
    endloop
  endfacet
  facet normal -0.195013 0.980801 0
    outer loop
      vertex 45.4216 24.9181 4.4
      vertex 45.1651 24.8671 7.9
      vertex 45.4216 24.9181 7.9
    endloop
  endfacet
  facet normal -0.195013 0.980801 0
    outer loop
      vertex 45.1651 24.8671 7.9
      vertex 45.4216 24.9181 4.4
      vertex 45.1651 24.8671 4.4
    endloop
  endfacet
  facet normal 0.442314 -0.89686 0
    outer loop
      vertex 43.904 28.5821 4.4
      vertex 44.1386 28.6978 7.9
      vertex 43.904 28.5821 7.9
    endloop
  endfacet
  facet normal 0.442314 -0.89686 0
    outer loop
      vertex 44.1386 28.6978 7.9
      vertex 43.904 28.5821 4.4
      vertex 44.1386 28.6978 4.4
    endloop
  endfacet
  facet normal -0.0653521 0.997862 0
    outer loop
      vertex 45.1651 24.8671 4.4
      vertex 44.904 24.85 7.9
      vertex 45.1651 24.8671 7.9
    endloop
  endfacet
  facet normal -0.0653521 0.997862 0
    outer loop
      vertex 44.904 24.85 7.9
      vertex 45.1651 24.8671 4.4
      vertex 44.904 24.85 4.4
    endloop
  endfacet
  facet normal -0.980727 0.195381 0
    outer loop
      vertex 46.8358 26.3324 4.4
      vertex 46.8869 26.5889 7.9
      vertex 46.8869 26.5889 4.4
    endloop
  endfacet
  facet normal -0.980727 0.195381 0
    outer loop
      vertex 46.8869 26.5889 7.9
      vertex 46.8358 26.3324 4.4
      vertex 46.8358 26.3324 7.9
    endloop
  endfacet
  facet normal 0.89686 0.442314 0
    outer loop
      vertex 43.1719 25.85 7.9
      vertex 43.0562 26.0846 4.4
      vertex 43.0562 26.0846 7.9
    endloop
  endfacet
  facet normal 0.89686 0.442314 0
    outer loop
      vertex 43.0562 26.0846 4.4
      vertex 43.1719 25.85 7.9
      vertex 43.1719 25.85 4.4
    endloop
  endfacet
  facet normal -0.89686 0.442314 0
    outer loop
      vertex 46.6361 25.85 4.4
      vertex 46.7518 26.0846 7.9
      vertex 46.7518 26.0846 4.4
    endloop
  endfacet
  facet normal -0.89686 0.442314 0
    outer loop
      vertex 46.7518 26.0846 7.9
      vertex 46.6361 25.85 4.4
      vertex 46.6361 25.85 7.9
    endloop
  endfacet
  facet normal 0.94695 0.321382 0
    outer loop
      vertex 43.0562 26.0846 7.9
      vertex 42.9721 26.3324 4.4
      vertex 42.9721 26.3324 7.9
    endloop
  endfacet
  facet normal 0.94695 0.321382 0
    outer loop
      vertex 42.9721 26.3324 4.4
      vertex 43.0562 26.0846 7.9
      vertex 43.0562 26.0846 4.4
    endloop
  endfacet
  facet normal 0.89686 -0.442314 0
    outer loop
      vertex 43.0562 27.6154 7.9
      vertex 43.1719 27.85 4.4
      vertex 43.1719 27.85 7.9
    endloop
  endfacet
  facet normal 0.89686 -0.442314 0
    outer loop
      vertex 43.1719 27.85 4.4
      vertex 43.0562 27.6154 7.9
      vertex 43.0562 27.6154 4.4
    endloop
  endfacet
  facet normal -0.831344 0.555758 0
    outer loop
      vertex 46.4907 25.6325 4.4
      vertex 46.6361 25.85 7.9
      vertex 46.6361 25.85 4.4
    endloop
  endfacet
  facet normal -0.831344 0.555758 0
    outer loop
      vertex 46.6361 25.85 7.9
      vertex 46.4907 25.6325 4.4
      vertex 46.4907 25.6325 7.9
    endloop
  endfacet
  facet normal -0.442314 0.89686 0
    outer loop
      vertex 45.904 25.1179 4.4
      vertex 45.6694 25.0022 7.9
      vertex 45.904 25.1179 7.9
    endloop
  endfacet
  facet normal -0.442314 0.89686 0
    outer loop
      vertex 45.6694 25.0022 7.9
      vertex 45.904 25.1179 4.4
      vertex 45.6694 25.0022 4.4
    endloop
  endfacet
  facet normal 0.751842 -0.659343 0
    outer loop
      vertex 43.3173 28.0675 7.9
      vertex 43.4898 28.2642 4.4
      vertex 43.4898 28.2642 7.9
    endloop
  endfacet
  facet normal 0.751842 -0.659343 0
    outer loop
      vertex 43.4898 28.2642 4.4
      vertex 43.3173 28.0675 7.9
      vertex 43.3173 28.0675 4.4
    endloop
  endfacet
  facet normal -0.751842 -0.659343 0
    outer loop
      vertex 46.4907 28.0675 4.4
      vertex 46.3182 28.2642 7.9
      vertex 46.3182 28.2642 4.4
    endloop
  endfacet
  facet normal -0.751842 -0.659343 0
    outer loop
      vertex 46.3182 28.2642 7.9
      vertex 46.4907 28.0675 4.4
      vertex 46.4907 28.0675 7.9
    endloop
  endfacet
  facet normal 0.321382 -0.94695 0
    outer loop
      vertex 44.1386 28.6978 4.4
      vertex 44.3864 28.7819 7.9
      vertex 44.1386 28.6978 7.9
    endloop
  endfacet
  facet normal 0.321382 -0.94695 0
    outer loop
      vertex 44.3864 28.7819 7.9
      vertex 44.1386 28.6978 4.4
      vertex 44.3864 28.7819 4.4
    endloop
  endfacet
  facet normal -0.442314 -0.89686 0
    outer loop
      vertex 45.6694 28.6978 4.4
      vertex 45.904 28.5821 7.9
      vertex 45.6694 28.6978 7.9
    endloop
  endfacet
  facet normal -0.442314 -0.89686 -0
    outer loop
      vertex 45.904 28.5821 7.9
      vertex 45.6694 28.6978 4.4
      vertex 45.904 28.5821 4.4
    endloop
  endfacet
  facet normal 0.94695 -0.321382 0
    outer loop
      vertex 42.9721 27.3676 7.9
      vertex 43.0562 27.6154 4.4
      vertex 43.0562 27.6154 7.9
    endloop
  endfacet
  facet normal 0.94695 -0.321382 0
    outer loop
      vertex 43.0562 27.6154 4.4
      vertex 42.9721 27.3676 7.9
      vertex 42.9721 27.3676 4.4
    endloop
  endfacet
  facet normal -0.195013 -0.980801 0
    outer loop
      vertex 45.1651 28.8329 4.4
      vertex 45.4216 28.7819 7.9
      vertex 45.1651 28.8329 7.9
    endloop
  endfacet
  facet normal -0.195013 -0.980801 -0
    outer loop
      vertex 45.4216 28.7819 7.9
      vertex 45.1651 28.8329 4.4
      vertex 45.4216 28.7819 4.4
    endloop
  endfacet
  facet normal -0.831344 -0.555758 0
    outer loop
      vertex 46.6361 27.85 4.4
      vertex 46.4907 28.0675 7.9
      vertex 46.4907 28.0675 4.4
    endloop
  endfacet
  facet normal -0.831344 -0.555758 0
    outer loop
      vertex 46.4907 28.0675 7.9
      vertex 46.6361 27.85 4.4
      vertex 46.6361 27.85 7.9
    endloop
  endfacet
  facet normal -0.555758 0.831344 0
    outer loop
      vertex 46.1215 25.2633 4.4
      vertex 45.904 25.1179 7.9
      vertex 46.1215 25.2633 7.9
    endloop
  endfacet
  facet normal -0.555758 0.831344 0
    outer loop
      vertex 45.904 25.1179 7.9
      vertex 46.1215 25.2633 4.4
      vertex 45.904 25.1179 4.4
    endloop
  endfacet
  facet normal 0.997862 0.0653521 0
    outer loop
      vertex 42.9211 26.5889 7.9
      vertex 42.904 26.85 4.4
      vertex 42.904 26.85 7.9
    endloop
  endfacet
  facet normal 0.997862 0.0653521 0
    outer loop
      vertex 42.904 26.85 4.4
      vertex 42.9211 26.5889 7.9
      vertex 42.9211 26.5889 4.4
    endloop
  endfacet
  facet normal 0.831344 0.555758 0
    outer loop
      vertex 43.3173 25.6325 7.9
      vertex 43.1719 25.85 4.4
      vertex 43.1719 25.85 7.9
    endloop
  endfacet
  facet normal 0.831344 0.555758 0
    outer loop
      vertex 43.1719 25.85 4.4
      vertex 43.3173 25.6325 7.9
      vertex 43.3173 25.6325 4.4
    endloop
  endfacet
  facet normal 0.997862 -0.0653521 0
    outer loop
      vertex 42.904 26.85 7.9
      vertex 42.9211 27.1111 4.4
      vertex 42.9211 27.1111 7.9
    endloop
  endfacet
  facet normal 0.997862 -0.0653521 0
    outer loop
      vertex 42.9211 27.1111 4.4
      vertex 42.904 26.85 7.9
      vertex 42.904 26.85 4.4
    endloop
  endfacet
  facet normal 0.980801 0.195013 0
    outer loop
      vertex 42.9721 26.3324 7.9
      vertex 42.9211 26.5889 4.4
      vertex 42.9211 26.5889 7.9
    endloop
  endfacet
  facet normal 0.980801 0.195013 0
    outer loop
      vertex 42.9211 26.5889 4.4
      vertex 42.9721 26.3324 7.9
      vertex 42.9721 26.3324 4.4
    endloop
  endfacet
  facet normal 0.321382 0.94695 -0
    outer loop
      vertex 44.3864 24.9181 4.4
      vertex 44.1386 25.0022 7.9
      vertex 44.3864 24.9181 7.9
    endloop
  endfacet
  facet normal 0.321382 0.94695 0
    outer loop
      vertex 44.1386 25.0022 7.9
      vertex 44.3864 24.9181 4.4
      vertex 44.1386 25.0022 4.4
    endloop
  endfacet
  facet normal 0.0653521 -0.997862 0
    outer loop
      vertex 44.6429 28.8329 4.4
      vertex 44.904 28.85 7.9
      vertex 44.6429 28.8329 7.9
    endloop
  endfacet
  facet normal 0.0653521 -0.997862 0
    outer loop
      vertex 44.904 28.85 7.9
      vertex 44.6429 28.8329 4.4
      vertex 44.904 28.85 4.4
    endloop
  endfacet
  facet normal 0.195013 0.980801 -0
    outer loop
      vertex 44.6429 24.8671 4.4
      vertex 44.3864 24.9181 7.9
      vertex 44.6429 24.8671 7.9
    endloop
  endfacet
  facet normal 0.195013 0.980801 0
    outer loop
      vertex 44.3864 24.9181 7.9
      vertex 44.6429 24.8671 4.4
      vertex 44.3864 24.9181 4.4
    endloop
  endfacet
  facet normal 0.555758 0.831344 -0
    outer loop
      vertex 43.904 25.1179 4.4
      vertex 43.6865 25.2633 7.9
      vertex 43.904 25.1179 7.9
    endloop
  endfacet
  facet normal 0.555758 0.831344 0
    outer loop
      vertex 43.6865 25.2633 7.9
      vertex 43.904 25.1179 4.4
      vertex 43.6865 25.2633 4.4
    endloop
  endfacet
  facet normal 1 -0 0
    outer loop
      vertex 53.304 18.6 7.9
      vertex 53.304 33.6 4.4
      vertex 53.304 33.6 7.9
    endloop
  endfacet
  facet normal 1 0 0
    outer loop
      vertex 53.304 33.6 4.4
      vertex 53.304 18.6 7.9
      vertex 53.304 18.6 4.4
    endloop
  endfacet
  facet normal 0 0 1
    outer loop
      vertex 20.2216 28.7819 7.9
      vertex 24.304 30.6 7.9
      vertex 24.304 33.6 7.9
    endloop
  endfacet
  facet normal 0 0 1
    outer loop
      vertex 24.304 30.6 7.9
      vertex 21.6869 27.1111 7.9
      vertex 21.704 26.85 7.9
    endloop
  endfacet
  facet normal 0 0 1
    outer loop
      vertex 24.304 30.6 7.9
      vertex 21.6359 27.3676 7.9
      vertex 21.6869 27.1111 7.9
    endloop
  endfacet
  facet normal 0 0 1
    outer loop
      vertex 24.304 30.6 7.9
      vertex 21.5518 27.6154 7.9
      vertex 21.6359 27.3676 7.9
    endloop
  endfacet
  facet normal 0 0 1
    outer loop
      vertex 24.304 30.6 7.9
      vertex 21.4361 27.85 7.9
      vertex 21.5518 27.6154 7.9
    endloop
  endfacet
  facet normal 0 0 1
    outer loop
      vertex 24.304 30.6 7.9
      vertex 21.2907 28.0675 7.9
      vertex 21.4361 27.85 7.9
    endloop
  endfacet
  facet normal 0 0 1
    outer loop
      vertex 24.304 30.6 7.9
      vertex 21.1182 28.2642 7.9
      vertex 21.2907 28.0675 7.9
    endloop
  endfacet
  facet normal 0 0 1
    outer loop
      vertex 24.304 30.6 7.9
      vertex 20.9215 28.4367 7.9
      vertex 21.1182 28.2642 7.9
    endloop
  endfacet
  facet normal 0 0 1
    outer loop
      vertex 24.304 30.6 7.9
      vertex 20.704 28.5821 7.9
      vertex 20.9215 28.4367 7.9
    endloop
  endfacet
  facet normal 0 0 1
    outer loop
      vertex 24.304 30.6 7.9
      vertex 20.4694 28.6978 7.9
      vertex 20.704 28.5821 7.9
    endloop
  endfacet
  facet normal 0 0 1
    outer loop
      vertex 24.304 30.6 7.9
      vertex 20.2216 28.7819 7.9
      vertex 20.4694 28.6978 7.9
    endloop
  endfacet
  facet normal 0 0 1
    outer loop
      vertex 24.304 33.6 7.9
      vertex 19.9651 28.8329 7.9
      vertex 20.2216 28.7819 7.9
    endloop
  endfacet
  facet normal 0 0 1
    outer loop
      vertex 24.304 33.6 7.9
      vertex 19.704 28.85 7.9
      vertex 19.9651 28.8329 7.9
    endloop
  endfacet
  facet normal 0 0 1
    outer loop
      vertex 24.304 33.6 7.9
      vertex 19.4429 28.8329 7.9
      vertex 19.704 28.85 7.9
    endloop
  endfacet
  facet normal 0 0 1
    outer loop
      vertex 24.304 33.6 7.9
      vertex 19.1864 28.7819 7.9
      vertex 19.4429 28.8329 7.9
    endloop
  endfacet
  facet normal -0 0 1
    outer loop
      vertex 11.304 33.6 7.9
      vertex 19.1864 28.7819 7.9
      vertex 24.304 33.6 7.9
    endloop
  endfacet
  facet normal 0 0 1
    outer loop
      vertex 19.1864 28.7819 7.9
      vertex 11.304 33.6 7.9
      vertex 18.9386 28.6978 7.9
    endloop
  endfacet
  facet normal 0 0 1
    outer loop
      vertex 18.9386 28.6978 7.9
      vertex 11.304 33.6 7.9
      vertex 18.704 28.5821 7.9
    endloop
  endfacet
  facet normal 0 0 1
    outer loop
      vertex 18.704 28.5821 7.9
      vertex 11.304 33.6 7.9
      vertex 18.4865 28.4367 7.9
    endloop
  endfacet
  facet normal 0 0 1
    outer loop
      vertex 17.7211 27.1111 7.9
      vertex 11.304 33.6 7.9
      vertex 17.704 26.85 7.9
    endloop
  endfacet
  facet normal 0 0 1
    outer loop
      vertex 17.7721 27.3676 7.9
      vertex 11.304 33.6 7.9
      vertex 17.7211 27.1111 7.9
    endloop
  endfacet
  facet normal 0 0 1
    outer loop
      vertex 17.8562 27.6154 7.9
      vertex 11.304 33.6 7.9
      vertex 17.7721 27.3676 7.9
    endloop
  endfacet
  facet normal 0 0 1
    outer loop
      vertex 17.9719 27.85 7.9
      vertex 11.304 33.6 7.9
      vertex 17.8562 27.6154 7.9
    endloop
  endfacet
  facet normal 0 0 1
    outer loop
      vertex 18.1173 28.0675 7.9
      vertex 11.304 33.6 7.9
      vertex 17.9719 27.85 7.9
    endloop
  endfacet
  facet normal 0 0 1
    outer loop
      vertex 18.2898 28.2642 7.9
      vertex 11.304 33.6 7.9
      vertex 18.1173 28.0675 7.9
    endloop
  endfacet
  facet normal 0 0 1
    outer loop
      vertex 18.4865 28.4367 7.9
      vertex 11.304 33.6 7.9
      vertex 18.2898 28.2642 7.9
    endloop
  endfacet
  facet normal 0 0 1
    outer loop
      vertex 46.8869 26.5889 7.9
      vertex 53.304 33.6 7.9
      vertex 46.904 26.85 7.9
    endloop
  endfacet
  facet normal 0 0 1
    outer loop
      vertex 53.304 33.6 7.9
      vertex 46.8869 27.1111 7.9
      vertex 46.904 26.85 7.9
    endloop
  endfacet
  facet normal 0 0 1
    outer loop
      vertex 53.304 33.6 7.9
      vertex 46.8358 27.3676 7.9
      vertex 46.8869 27.1111 7.9
    endloop
  endfacet
  facet normal 0 0 1
    outer loop
      vertex 53.304 33.6 7.9
      vertex 46.7518 27.6154 7.9
      vertex 46.8358 27.3676 7.9
    endloop
  endfacet
  facet normal 0 0 1
    outer loop
      vertex 53.304 33.6 7.9
      vertex 46.6361 27.85 7.9
      vertex 46.7518 27.6154 7.9
    endloop
  endfacet
  facet normal 0 0 1
    outer loop
      vertex 53.304 33.6 7.9
      vertex 46.4907 28.0675 7.9
      vertex 46.6361 27.85 7.9
    endloop
  endfacet
  facet normal 0 0 1
    outer loop
      vertex 53.304 33.6 7.9
      vertex 46.3182 28.2642 7.9
      vertex 46.4907 28.0675 7.9
    endloop
  endfacet
  facet normal 0 0 1
    outer loop
      vertex 53.304 33.6 7.9
      vertex 46.1215 28.4367 7.9
      vertex 46.3182 28.2642 7.9
    endloop
  endfacet
  facet normal 0 0 1
    outer loop
      vertex 53.304 33.6 7.9
      vertex 45.904 28.5821 7.9
      vertex 46.1215 28.4367 7.9
    endloop
  endfacet
  facet normal 0 0 1
    outer loop
      vertex 53.304 33.6 7.9
      vertex 45.6694 28.6978 7.9
      vertex 45.904 28.5821 7.9
    endloop
  endfacet
  facet normal 0 0 1
    outer loop
      vertex 53.304 33.6 7.9
      vertex 45.4216 28.7819 7.9
      vertex 45.6694 28.6978 7.9
    endloop
  endfacet
  facet normal -0 0 1
    outer loop
      vertex 40.304 33.6 7.9
      vertex 45.4216 28.7819 7.9
      vertex 53.304 33.6 7.9
    endloop
  endfacet
  facet normal 0 0 1
    outer loop
      vertex 45.4216 28.7819 7.9
      vertex 40.304 33.6 7.9
      vertex 45.1651 28.8329 7.9
    endloop
  endfacet
  facet normal 0 0 1
    outer loop
      vertex 45.1651 28.8329 7.9
      vertex 40.304 33.6 7.9
      vertex 44.904 28.85 7.9
    endloop
  endfacet
  facet normal 0 0 1
    outer loop
      vertex 44.904 28.85 7.9
      vertex 40.304 33.6 7.9
      vertex 44.6429 28.8329 7.9
    endloop
  endfacet
  facet normal 0 0 1
    outer loop
      vertex 44.6429 28.8329 7.9
      vertex 40.304 33.6 7.9
      vertex 44.3864 28.7819 7.9
    endloop
  endfacet
  facet normal -0 0 1
    outer loop
      vertex 40.304 30.6 7.9
      vertex 44.3864 28.7819 7.9
      vertex 40.304 33.6 7.9
    endloop
  endfacet
  facet normal 0 0 1
    outer loop
      vertex 42.9721 27.3676 7.9
      vertex 40.304 30.6 7.9
      vertex 42.9211 27.1111 7.9
    endloop
  endfacet
  facet normal 0 0 1
    outer loop
      vertex 43.0562 27.6154 7.9
      vertex 40.304 30.6 7.9
      vertex 42.9721 27.3676 7.9
    endloop
  endfacet
  facet normal 0 0 1
    outer loop
      vertex 43.1719 27.85 7.9
      vertex 40.304 30.6 7.9
      vertex 43.0562 27.6154 7.9
    endloop
  endfacet
  facet normal 0 0 1
    outer loop
      vertex 43.3173 28.0675 7.9
      vertex 40.304 30.6 7.9
      vertex 43.1719 27.85 7.9
    endloop
  endfacet
  facet normal 0 0 1
    outer loop
      vertex 43.4898 28.2642 7.9
      vertex 40.304 30.6 7.9
      vertex 43.3173 28.0675 7.9
    endloop
  endfacet
  facet normal 0 0 1
    outer loop
      vertex 43.6865 28.4367 7.9
      vertex 40.304 30.6 7.9
      vertex 43.4898 28.2642 7.9
    endloop
  endfacet
  facet normal 0 0 1
    outer loop
      vertex 43.904 28.5821 7.9
      vertex 40.304 30.6 7.9
      vertex 43.6865 28.4367 7.9
    endloop
  endfacet
  facet normal 0 0 1
    outer loop
      vertex 44.1386 28.6978 7.9
      vertex 40.304 30.6 7.9
      vertex 43.904 28.5821 7.9
    endloop
  endfacet
  facet normal 0 0 1
    outer loop
      vertex 44.3864 28.7819 7.9
      vertex 40.304 30.6 7.9
      vertex 44.1386 28.6978 7.9
    endloop
  endfacet
  facet normal 0 0 1
    outer loop
      vertex 53.304 33.6 7.9
      vertex 46.8869 26.5889 7.9
      vertex 53.304 18.6 7.9
    endloop
  endfacet
  facet normal -0 0 1
    outer loop
      vertex 46.8358 26.3324 7.9
      vertex 53.304 18.6 7.9
      vertex 46.8869 26.5889 7.9
    endloop
  endfacet
  facet normal -0 0 1
    outer loop
      vertex 46.7518 26.0846 7.9
      vertex 53.304 18.6 7.9
      vertex 46.8358 26.3324 7.9
    endloop
  endfacet
  facet normal -0 0 1
    outer loop
      vertex 46.6361 25.85 7.9
      vertex 53.304 18.6 7.9
      vertex 46.7518 26.0846 7.9
    endloop
  endfacet
  facet normal -0 0 1
    outer loop
      vertex 46.4907 25.6325 7.9
      vertex 53.304 18.6 7.9
      vertex 46.6361 25.85 7.9
    endloop
  endfacet
  facet normal -0 0 1
    outer loop
      vertex 46.3182 25.4358 7.9
      vertex 53.304 18.6 7.9
      vertex 46.4907 25.6325 7.9
    endloop
  endfacet
  facet normal -0 0 1
    outer loop
      vertex 46.1215 25.2633 7.9
      vertex 53.304 18.6 7.9
      vertex 46.3182 25.4358 7.9
    endloop
  endfacet
  facet normal -0 0 1
    outer loop
      vertex 45.904 25.1179 7.9
      vertex 53.304 18.6 7.9
      vertex 46.1215 25.2633 7.9
    endloop
  endfacet
  facet normal -0 0 1
    outer loop
      vertex 45.6694 25.0022 7.9
      vertex 53.304 18.6 7.9
      vertex 45.904 25.1179 7.9
    endloop
  endfacet
  facet normal -0 0 1
    outer loop
      vertex 45.4216 24.9181 7.9
      vertex 53.304 18.6 7.9
      vertex 45.6694 25.0022 7.9
    endloop
  endfacet
  facet normal -0 0 1
    outer loop
      vertex 45.1651 24.8671 7.9
      vertex 53.304 18.6 7.9
      vertex 45.4216 24.9181 7.9
    endloop
  endfacet
  facet normal -0 0 1
    outer loop
      vertex 44.904 24.85 7.9
      vertex 53.304 18.6 7.9
      vertex 45.1651 24.8671 7.9
    endloop
  endfacet
  facet normal 0 0 1
    outer loop
      vertex 44.6429 24.8671 7.9
      vertex 53.304 18.6 7.9
      vertex 44.904 24.85 7.9
    endloop
  endfacet
  facet normal 0 0 1
    outer loop
      vertex 44.3864 24.9181 7.9
      vertex 53.304 18.6 7.9
      vertex 44.6429 24.8671 7.9
    endloop
  endfacet
  facet normal 0 0 1
    outer loop
      vertex 44.1386 25.0022 7.9
      vertex 53.304 18.6 7.9
      vertex 44.3864 24.9181 7.9
    endloop
  endfacet
  facet normal 0 0 1
    outer loop
      vertex 20.4694 25.0022 7.9
      vertex 44.1386 25.0022 7.9
      vertex 43.904 25.1179 7.9
    endloop
  endfacet
  facet normal 0 0 1
    outer loop
      vertex 20.704 25.1179 7.9
      vertex 43.904 25.1179 7.9
      vertex 43.6865 25.2633 7.9
    endloop
  endfacet
  facet normal 0 0 1
    outer loop
      vertex 42.9211 27.1111 7.9
      vertex 40.304 30.6 7.9
      vertex 42.904 26.85 7.9
    endloop
  endfacet
  facet normal 0 0 1
    outer loop
      vertex 42.904 26.85 7.9
      vertex 40.304 30.6 7.9
      vertex 42.9211 26.5889 7.9
    endloop
  endfacet
  facet normal 0 0 1
    outer loop
      vertex 42.9211 26.5889 7.9
      vertex 40.304 30.6 7.9
      vertex 42.9721 26.3324 7.9
    endloop
  endfacet
  facet normal 0 0 1
    outer loop
      vertex 42.9721 26.3324 7.9
      vertex 40.304 30.6 7.9
      vertex 43.0562 26.0846 7.9
    endloop
  endfacet
  facet normal -0 0 1
    outer loop
      vertex 24.304 30.6 7.9
      vertex 43.0562 26.0846 7.9
      vertex 40.304 30.6 7.9
    endloop
  endfacet
  facet normal 0 0 1
    outer loop
      vertex 21.5518 26.0846 7.9
      vertex 43.0562 26.0846 7.9
      vertex 24.304 30.6 7.9
    endloop
  endfacet
  facet normal 0 0 1
    outer loop
      vertex 43.0562 26.0846 7.9
      vertex 21.5518 26.0846 7.9
      vertex 43.1719 25.85 7.9
    endloop
  endfacet
  facet normal 0 0 1
    outer loop
      vertex 21.4361 25.85 7.9
      vertex 43.1719 25.85 7.9
      vertex 21.5518 26.0846 7.9
    endloop
  endfacet
  facet normal 0 0 1
    outer loop
      vertex 43.1719 25.85 7.9
      vertex 21.4361 25.85 7.9
      vertex 43.3173 25.6325 7.9
    endloop
  endfacet
  facet normal 0 0 1
    outer loop
      vertex 21.2907 25.6325 7.9
      vertex 43.3173 25.6325 7.9
      vertex 21.4361 25.85 7.9
    endloop
  endfacet
  facet normal 0 0 1
    outer loop
      vertex 21.6869 26.5889 7.9
      vertex 24.304 30.6 7.9
      vertex 21.704 26.85 7.9
    endloop
  endfacet
  facet normal 0 0 1
    outer loop
      vertex 21.6359 26.3324 7.9
      vertex 24.304 30.6 7.9
      vertex 21.6869 26.5889 7.9
    endloop
  endfacet
  facet normal 0 0 1
    outer loop
      vertex 21.5518 26.0846 7.9
      vertex 24.304 30.6 7.9
      vertex 21.6359 26.3324 7.9
    endloop
  endfacet
  facet normal 0 0 1
    outer loop
      vertex 43.3173 25.6325 7.9
      vertex 21.2907 25.6325 7.9
      vertex 43.4898 25.4358 7.9
    endloop
  endfacet
  facet normal 0 0 1
    outer loop
      vertex 21.1182 25.4358 7.9
      vertex 43.4898 25.4358 7.9
      vertex 21.2907 25.6325 7.9
    endloop
  endfacet
  facet normal 0 0 1
    outer loop
      vertex 43.4898 25.4358 7.9
      vertex 21.1182 25.4358 7.9
      vertex 43.6865 25.2633 7.9
    endloop
  endfacet
  facet normal 0 0 1
    outer loop
      vertex 20.9215 25.2633 7.9
      vertex 43.6865 25.2633 7.9
      vertex 21.1182 25.4358 7.9
    endloop
  endfacet
  facet normal 0 0 1
    outer loop
      vertex 20.704 25.1179 7.9
      vertex 43.6865 25.2633 7.9
      vertex 20.9215 25.2633 7.9
    endloop
  endfacet
  facet normal 0 0 1
    outer loop
      vertex 43.904 25.1179 7.9
      vertex 20.704 25.1179 7.9
      vertex 20.4694 25.0022 7.9
    endloop
  endfacet
  facet normal 0 0 1
    outer loop
      vertex 44.1386 25.0022 7.9
      vertex 20.4694 25.0022 7.9
      vertex 53.304 18.6 7.9
    endloop
  endfacet
  facet normal 0 0 1
    outer loop
      vertex 11.304 18.6 7.9
      vertex 20.4694 25.0022 7.9
      vertex 20.2216 24.9181 7.9
    endloop
  endfacet
  facet normal 0 0 1
    outer loop
      vertex 11.304 18.6 7.9
      vertex 20.2216 24.9181 7.9
      vertex 19.9651 24.8671 7.9
    endloop
  endfacet
  facet normal 0 0 1
    outer loop
      vertex 11.304 18.6 7.9
      vertex 19.9651 24.8671 7.9
      vertex 19.704 24.85 7.9
    endloop
  endfacet
  facet normal 0 0 1
    outer loop
      vertex 11.304 18.6 7.9
      vertex 19.704 24.85 7.9
      vertex 19.4429 24.8671 7.9
    endloop
  endfacet
  facet normal 0 0 1
    outer loop
      vertex 11.304 33.6 7.9
      vertex 17.7211 26.5889 7.9
      vertex 17.704 26.85 7.9
    endloop
  endfacet
  facet normal 0 0 1
    outer loop
      vertex 11.304 18.6 7.9
      vertex 17.7211 26.5889 7.9
      vertex 11.304 33.6 7.9
    endloop
  endfacet
  facet normal 0 0 1
    outer loop
      vertex 17.7211 26.5889 7.9
      vertex 11.304 18.6 7.9
      vertex 17.7721 26.3324 7.9
    endloop
  endfacet
  facet normal 0 0 1
    outer loop
      vertex 17.7721 26.3324 7.9
      vertex 11.304 18.6 7.9
      vertex 17.8562 26.0846 7.9
    endloop
  endfacet
  facet normal 0 0 1
    outer loop
      vertex 17.8562 26.0846 7.9
      vertex 11.304 18.6 7.9
      vertex 17.9719 25.85 7.9
    endloop
  endfacet
  facet normal 0 0 1
    outer loop
      vertex 20.4694 25.0022 7.9
      vertex 11.304 18.6 7.9
      vertex 53.304 18.6 7.9
    endloop
  endfacet
  facet normal 0 0 1
    outer loop
      vertex 19.1864 24.9181 7.9
      vertex 11.304 18.6 7.9
      vertex 19.4429 24.8671 7.9
    endloop
  endfacet
  facet normal 0 0 1
    outer loop
      vertex 18.9386 25.0022 7.9
      vertex 11.304 18.6 7.9
      vertex 19.1864 24.9181 7.9
    endloop
  endfacet
  facet normal 0 0 1
    outer loop
      vertex 18.704 25.1179 7.9
      vertex 11.304 18.6 7.9
      vertex 18.9386 25.0022 7.9
    endloop
  endfacet
  facet normal 0 0 1
    outer loop
      vertex 18.4865 25.2633 7.9
      vertex 11.304 18.6 7.9
      vertex 18.704 25.1179 7.9
    endloop
  endfacet
  facet normal 0 0 1
    outer loop
      vertex 18.2898 25.4358 7.9
      vertex 11.304 18.6 7.9
      vertex 18.4865 25.2633 7.9
    endloop
  endfacet
  facet normal 0 0 1
    outer loop
      vertex 18.1173 25.6325 7.9
      vertex 11.304 18.6 7.9
      vertex 18.2898 25.4358 7.9
    endloop
  endfacet
  facet normal 0 0 1
    outer loop
      vertex 17.9719 25.85 7.9
      vertex 11.304 18.6 7.9
      vertex 18.1173 25.6325 7.9
    endloop
  endfacet
  facet normal 0 0 -1
    outer loop
      vertex 46.8869 26.5889 4.4
      vertex 53.304 33.6 4.4
      vertex 53.304 18.6 4.4
    endloop
  endfacet
  facet normal 0 0 -1
    outer loop
      vertex 53.304 33.6 4.4
      vertex 46.8869 26.5889 4.4
      vertex 46.904 26.85 4.4
    endloop
  endfacet
  facet normal 0 0 -1
    outer loop
      vertex 53.304 18.6 4.4
      vertex 46.8358 26.3324 4.4
      vertex 46.8869 26.5889 4.4
    endloop
  endfacet
  facet normal 0 0 -1
    outer loop
      vertex 53.304 18.6 4.4
      vertex 46.7518 26.0846 4.4
      vertex 46.8358 26.3324 4.4
    endloop
  endfacet
  facet normal 0 0 -1
    outer loop
      vertex 53.304 18.6 4.4
      vertex 46.6361 25.85 4.4
      vertex 46.7518 26.0846 4.4
    endloop
  endfacet
  facet normal 0 0 -1
    outer loop
      vertex 53.304 18.6 4.4
      vertex 46.4907 25.6325 4.4
      vertex 46.6361 25.85 4.4
    endloop
  endfacet
  facet normal 0 0 -1
    outer loop
      vertex 53.304 18.6 4.4
      vertex 46.3182 25.4358 4.4
      vertex 46.4907 25.6325 4.4
    endloop
  endfacet
  facet normal 0 0 -1
    outer loop
      vertex 53.304 18.6 4.4
      vertex 46.1215 25.2633 4.4
      vertex 46.3182 25.4358 4.4
    endloop
  endfacet
  facet normal 0 0 -1
    outer loop
      vertex 53.304 18.6 4.4
      vertex 45.904 25.1179 4.4
      vertex 46.1215 25.2633 4.4
    endloop
  endfacet
  facet normal 0 0 -1
    outer loop
      vertex 53.304 18.6 4.4
      vertex 45.6694 25.0022 4.4
      vertex 45.904 25.1179 4.4
    endloop
  endfacet
  facet normal 0 0 -1
    outer loop
      vertex 53.304 18.6 4.4
      vertex 45.4216 24.9181 4.4
      vertex 45.6694 25.0022 4.4
    endloop
  endfacet
  facet normal 0 0 -1
    outer loop
      vertex 53.304 18.6 4.4
      vertex 45.1651 24.8671 4.4
      vertex 45.4216 24.9181 4.4
    endloop
  endfacet
  facet normal 0 0 -1
    outer loop
      vertex 53.304 18.6 4.4
      vertex 44.904 24.85 4.4
      vertex 45.1651 24.8671 4.4
    endloop
  endfacet
  facet normal 0 0 -1
    outer loop
      vertex 53.304 18.6 4.4
      vertex 44.6429 24.8671 4.4
      vertex 44.904 24.85 4.4
    endloop
  endfacet
  facet normal 0 0 -1
    outer loop
      vertex 53.304 18.6 4.4
      vertex 44.3864 24.9181 4.4
      vertex 44.6429 24.8671 4.4
    endloop
  endfacet
  facet normal 0 0 -1
    outer loop
      vertex 53.304 18.6 4.4
      vertex 44.1386 25.0022 4.4
      vertex 44.3864 24.9181 4.4
    endloop
  endfacet
  facet normal 0 0 -1
    outer loop
      vertex 20.4694 25.0022 4.4
      vertex 44.1386 25.0022 4.4
      vertex 53.304 18.6 4.4
    endloop
  endfacet
  facet normal 0 0 -1
    outer loop
      vertex 44.1386 25.0022 4.4
      vertex 20.4694 25.0022 4.4
      vertex 43.904 25.1179 4.4
    endloop
  endfacet
  facet normal 0 0 -1
    outer loop
      vertex 42.9211 26.5889 4.4
      vertex 21.704 26.85 4.4
      vertex 42.904 26.85 4.4
    endloop
  endfacet
  facet normal 0 0 -1
    outer loop
      vertex 21.6869 26.5889 4.4
      vertex 42.9211 26.5889 4.4
      vertex 42.9721 26.3324 4.4
    endloop
  endfacet
  facet normal 0 0 -1
    outer loop
      vertex 21.6359 26.3324 4.4
      vertex 42.9721 26.3324 4.4
      vertex 43.0562 26.0846 4.4
    endloop
  endfacet
  facet normal 0 0 -1
    outer loop
      vertex 21.5518 26.0846 4.4
      vertex 43.0562 26.0846 4.4
      vertex 43.1719 25.85 4.4
    endloop
  endfacet
  facet normal 0 0 -1
    outer loop
      vertex 21.4361 25.85 4.4
      vertex 43.1719 25.85 4.4
      vertex 43.3173 25.6325 4.4
    endloop
  endfacet
  facet normal 0 0 -1
    outer loop
      vertex 21.2907 25.6325 4.4
      vertex 43.3173 25.6325 4.4
      vertex 43.4898 25.4358 4.4
    endloop
  endfacet
  facet normal 0 0 -1
    outer loop
      vertex 21.1182 25.4358 4.4
      vertex 43.4898 25.4358 4.4
      vertex 43.6865 25.2633 4.4
    endloop
  endfacet
  facet normal 0 -0 -1
    outer loop
      vertex 20.704 25.1179 4.4
      vertex 43.904 25.1179 4.4
      vertex 20.4694 25.0022 4.4
    endloop
  endfacet
  facet normal 0 0 -1
    outer loop
      vertex 42.9211 26.5889 4.4
      vertex 21.6869 26.5889 4.4
      vertex 21.704 26.85 4.4
    endloop
  endfacet
  facet normal 0 0 -1
    outer loop
      vertex 42.9721 26.3324 4.4
      vertex 21.6359 26.3324 4.4
      vertex 21.6869 26.5889 4.4
    endloop
  endfacet
  facet normal 0 0 -1
    outer loop
      vertex 43.0562 26.0846 4.4
      vertex 21.5518 26.0846 4.4
      vertex 21.6359 26.3324 4.4
    endloop
  endfacet
  facet normal 0 0 -1
    outer loop
      vertex 43.1719 25.85 4.4
      vertex 21.4361 25.85 4.4
      vertex 21.5518 26.0846 4.4
    endloop
  endfacet
  facet normal 0 0 -1
    outer loop
      vertex 43.3173 25.6325 4.4
      vertex 21.2907 25.6325 4.4
      vertex 21.4361 25.85 4.4
    endloop
  endfacet
  facet normal 0 0 -1
    outer loop
      vertex 43.4898 25.4358 4.4
      vertex 21.1182 25.4358 4.4
      vertex 21.2907 25.6325 4.4
    endloop
  endfacet
  facet normal 0 0 -1
    outer loop
      vertex 43.6865 25.2633 4.4
      vertex 20.9215 25.2633 4.4
      vertex 21.1182 25.4358 4.4
    endloop
  endfacet
  facet normal -0 0 -1
    outer loop
      vertex 43.6865 25.2633 4.4
      vertex 20.704 25.1179 4.4
      vertex 20.9215 25.2633 4.4
    endloop
  endfacet
  facet normal 0 0 -1
    outer loop
      vertex 43.904 25.1179 4.4
      vertex 20.704 25.1179 4.4
      vertex 43.6865 25.2633 4.4
    endloop
  endfacet
  facet normal 0 0 -1
    outer loop
      vertex 11.304 18.6 4.4
      vertex 20.4694 25.0022 4.4
      vertex 53.304 18.6 4.4
    endloop
  endfacet
  facet normal 0 0 -1
    outer loop
      vertex 20.4694 25.0022 4.4
      vertex 11.304 18.6 4.4
      vertex 20.2216 24.9181 4.4
    endloop
  endfacet
  facet normal 0 0 -1
    outer loop
      vertex 20.2216 24.9181 4.4
      vertex 11.304 18.6 4.4
      vertex 19.9651 24.8671 4.4
    endloop
  endfacet
  facet normal 0 0 -1
    outer loop
      vertex 19.9651 24.8671 4.4
      vertex 11.304 18.6 4.4
      vertex 19.704 24.85 4.4
    endloop
  endfacet
  facet normal 0 0 -1
    outer loop
      vertex 11.304 33.6 4.4
      vertex 17.7211 26.5889 4.4
      vertex 11.304 18.6 4.4
    endloop
  endfacet
  facet normal -0 0 -1
    outer loop
      vertex 17.7721 26.3324 4.4
      vertex 11.304 18.6 4.4
      vertex 17.7211 26.5889 4.4
    endloop
  endfacet
  facet normal -0 0 -1
    outer loop
      vertex 17.8562 26.0846 4.4
      vertex 11.304 18.6 4.4
      vertex 17.7721 26.3324 4.4
    endloop
  endfacet
  facet normal -0 0 -1
    outer loop
      vertex 17.9719 25.85 4.4
      vertex 11.304 18.6 4.4
      vertex 17.8562 26.0846 4.4
    endloop
  endfacet
  facet normal -0 0 -1
    outer loop
      vertex 18.1173 25.6325 4.4
      vertex 11.304 18.6 4.4
      vertex 17.9719 25.85 4.4
    endloop
  endfacet
  facet normal -0 0 -1
    outer loop
      vertex 18.2898 25.4358 4.4
      vertex 11.304 18.6 4.4
      vertex 18.1173 25.6325 4.4
    endloop
  endfacet
  facet normal -0 0 -1
    outer loop
      vertex 18.4865 25.2633 4.4
      vertex 11.304 18.6 4.4
      vertex 18.2898 25.4358 4.4
    endloop
  endfacet
  facet normal -0 0 -1
    outer loop
      vertex 18.704 25.1179 4.4
      vertex 11.304 18.6 4.4
      vertex 18.4865 25.2633 4.4
    endloop
  endfacet
  facet normal -0 0 -1
    outer loop
      vertex 18.9386 25.0022 4.4
      vertex 11.304 18.6 4.4
      vertex 18.704 25.1179 4.4
    endloop
  endfacet
  facet normal -0 0 -1
    outer loop
      vertex 19.1864 24.9181 4.4
      vertex 11.304 18.6 4.4
      vertex 18.9386 25.0022 4.4
    endloop
  endfacet
  facet normal -0 0 -1
    outer loop
      vertex 19.4429 24.8671 4.4
      vertex 11.304 18.6 4.4
      vertex 19.1864 24.9181 4.4
    endloop
  endfacet
  facet normal -0 0 -1
    outer loop
      vertex 19.704 24.85 4.4
      vertex 11.304 18.6 4.4
      vertex 19.4429 24.8671 4.4
    endloop
  endfacet
  facet normal 0 0 -1
    outer loop
      vertex 46.8869 27.1111 4.4
      vertex 53.304 33.6 4.4
      vertex 46.904 26.85 4.4
    endloop
  endfacet
  facet normal 0 0 -1
    outer loop
      vertex 46.8358 27.3676 4.4
      vertex 53.304 33.6 4.4
      vertex 46.8869 27.1111 4.4
    endloop
  endfacet
  facet normal 0 0 -1
    outer loop
      vertex 46.7518 27.6154 4.4
      vertex 53.304 33.6 4.4
      vertex 46.8358 27.3676 4.4
    endloop
  endfacet
  facet normal 0 0 -1
    outer loop
      vertex 46.6361 27.85 4.4
      vertex 53.304 33.6 4.4
      vertex 46.7518 27.6154 4.4
    endloop
  endfacet
  facet normal 0 0 -1
    outer loop
      vertex 46.4907 28.0675 4.4
      vertex 53.304 33.6 4.4
      vertex 46.6361 27.85 4.4
    endloop
  endfacet
  facet normal 0 0 -1
    outer loop
      vertex 46.3182 28.2642 4.4
      vertex 53.304 33.6 4.4
      vertex 46.4907 28.0675 4.4
    endloop
  endfacet
  facet normal 0 0 -1
    outer loop
      vertex 46.1215 28.4367 4.4
      vertex 53.304 33.6 4.4
      vertex 46.3182 28.2642 4.4
    endloop
  endfacet
  facet normal 0 0 -1
    outer loop
      vertex 45.904 28.5821 4.4
      vertex 53.304 33.6 4.4
      vertex 46.1215 28.4367 4.4
    endloop
  endfacet
  facet normal 0 0 -1
    outer loop
      vertex 45.6694 28.6978 4.4
      vertex 53.304 33.6 4.4
      vertex 45.904 28.5821 4.4
    endloop
  endfacet
  facet normal 0 0 -1
    outer loop
      vertex 45.4216 28.7819 4.4
      vertex 53.304 33.6 4.4
      vertex 45.6694 28.6978 4.4
    endloop
  endfacet
  facet normal 0 0 -1
    outer loop
      vertex 45.1651 28.8329 4.4
      vertex 53.304 33.6 4.4
      vertex 45.4216 28.7819 4.4
    endloop
  endfacet
  facet normal 0 0 -1
    outer loop
      vertex 44.904 28.85 4.4
      vertex 53.304 33.6 4.4
      vertex 45.1651 28.8329 4.4
    endloop
  endfacet
  facet normal 0 0 -1
    outer loop
      vertex 44.6429 28.8329 4.4
      vertex 53.304 33.6 4.4
      vertex 44.904 28.85 4.4
    endloop
  endfacet
  facet normal 0 0 -1
    outer loop
      vertex 44.3864 28.7819 4.4
      vertex 53.304 33.6 4.4
      vertex 44.6429 28.8329 4.4
    endloop
  endfacet
  facet normal 0 0 -1
    outer loop
      vertex 44.1386 28.6978 4.4
      vertex 53.304 33.6 4.4
      vertex 44.3864 28.7819 4.4
    endloop
  endfacet
  facet normal 0 0 -1
    outer loop
      vertex 20.4694 28.6978 4.4
      vertex 44.1386 28.6978 4.4
      vertex 43.904 28.5821 4.4
    endloop
  endfacet
  facet normal 0 0 -1
    outer loop
      vertex 21.704 26.85 4.4
      vertex 42.9211 27.1111 4.4
      vertex 42.904 26.85 4.4
    endloop
  endfacet
  facet normal 0 0 -1
    outer loop
      vertex 21.6869 27.1111 4.4
      vertex 42.9211 27.1111 4.4
      vertex 21.704 26.85 4.4
    endloop
  endfacet
  facet normal 0 0 -1
    outer loop
      vertex 42.9211 27.1111 4.4
      vertex 21.6869 27.1111 4.4
      vertex 42.9721 27.3676 4.4
    endloop
  endfacet
  facet normal 0 0 -1
    outer loop
      vertex 21.6359 27.3676 4.4
      vertex 42.9721 27.3676 4.4
      vertex 21.6869 27.1111 4.4
    endloop
  endfacet
  facet normal 0 0 -1
    outer loop
      vertex 42.9721 27.3676 4.4
      vertex 21.6359 27.3676 4.4
      vertex 43.0562 27.6154 4.4
    endloop
  endfacet
  facet normal 0 0 -1
    outer loop
      vertex 21.5518 27.6154 4.4
      vertex 43.0562 27.6154 4.4
      vertex 21.6359 27.3676 4.4
    endloop
  endfacet
  facet normal 0 0 -1
    outer loop
      vertex 43.0562 27.6154 4.4
      vertex 21.5518 27.6154 4.4
      vertex 43.1719 27.85 4.4
    endloop
  endfacet
  facet normal 0 0 -1
    outer loop
      vertex 21.4361 27.85 4.4
      vertex 43.1719 27.85 4.4
      vertex 21.5518 27.6154 4.4
    endloop
  endfacet
  facet normal 0 0 -1
    outer loop
      vertex 43.1719 27.85 4.4
      vertex 21.4361 27.85 4.4
      vertex 43.3173 28.0675 4.4
    endloop
  endfacet
  facet normal 0 0 -1
    outer loop
      vertex 21.2907 28.0675 4.4
      vertex 43.3173 28.0675 4.4
      vertex 21.4361 27.85 4.4
    endloop
  endfacet
  facet normal 0 0 -1
    outer loop
      vertex 43.3173 28.0675 4.4
      vertex 21.2907 28.0675 4.4
      vertex 43.4898 28.2642 4.4
    endloop
  endfacet
  facet normal 0 0 -1
    outer loop
      vertex 21.1182 28.2642 4.4
      vertex 43.4898 28.2642 4.4
      vertex 21.2907 28.0675 4.4
    endloop
  endfacet
  facet normal 0 0 -1
    outer loop
      vertex 43.4898 28.2642 4.4
      vertex 21.1182 28.2642 4.4
      vertex 43.6865 28.4367 4.4
    endloop
  endfacet
  facet normal 0 0 -1
    outer loop
      vertex 20.9215 28.4367 4.4
      vertex 43.6865 28.4367 4.4
      vertex 21.1182 28.2642 4.4
    endloop
  endfacet
  facet normal 0 0 -1
    outer loop
      vertex 43.6865 28.4367 4.4
      vertex 20.9215 28.4367 4.4
      vertex 43.904 28.5821 4.4
    endloop
  endfacet
  facet normal 0 0 -1
    outer loop
      vertex 20.704 28.5821 4.4
      vertex 43.904 28.5821 4.4
      vertex 20.9215 28.4367 4.4
    endloop
  endfacet
  facet normal 0 0 -1
    outer loop
      vertex 20.4694 28.6978 4.4
      vertex 43.904 28.5821 4.4
      vertex 20.704 28.5821 4.4
    endloop
  endfacet
  facet normal 0 0 -1
    outer loop
      vertex 44.1386 28.6978 4.4
      vertex 20.4694 28.6978 4.4
      vertex 53.304 33.6 4.4
    endloop
  endfacet
  facet normal 0 0 -1
    outer loop
      vertex 11.304 33.6 4.4
      vertex 20.4694 28.6978 4.4
      vertex 20.2216 28.7819 4.4
    endloop
  endfacet
  facet normal 0 0 -1
    outer loop
      vertex 11.304 33.6 4.4
      vertex 20.2216 28.7819 4.4
      vertex 19.9651 28.8329 4.4
    endloop
  endfacet
  facet normal 0 0 -1
    outer loop
      vertex 11.304 33.6 4.4
      vertex 19.9651 28.8329 4.4
      vertex 19.704 28.85 4.4
    endloop
  endfacet
  facet normal 0 0 -1
    outer loop
      vertex 11.304 33.6 4.4
      vertex 19.704 28.85 4.4
      vertex 19.4429 28.8329 4.4
    endloop
  endfacet
  facet normal 0 0 -1
    outer loop
      vertex 17.7211 26.5889 4.4
      vertex 11.304 33.6 4.4
      vertex 17.704 26.85 4.4
    endloop
  endfacet
  facet normal 0 0 -1
    outer loop
      vertex 17.704 26.85 4.4
      vertex 11.304 33.6 4.4
      vertex 17.7211 27.1111 4.4
    endloop
  endfacet
  facet normal 0 0 -1
    outer loop
      vertex 17.7211 27.1111 4.4
      vertex 11.304 33.6 4.4
      vertex 17.7721 27.3676 4.4
    endloop
  endfacet
  facet normal 0 0 -1
    outer loop
      vertex 17.7721 27.3676 4.4
      vertex 11.304 33.6 4.4
      vertex 17.8562 27.6154 4.4
    endloop
  endfacet
  facet normal 0 0 -1
    outer loop
      vertex 17.8562 27.6154 4.4
      vertex 11.304 33.6 4.4
      vertex 17.9719 27.85 4.4
    endloop
  endfacet
  facet normal 0 0 -1
    outer loop
      vertex 20.4694 28.6978 4.4
      vertex 11.304 33.6 4.4
      vertex 53.304 33.6 4.4
    endloop
  endfacet
  facet normal 0 0 -1
    outer loop
      vertex 19.1864 28.7819 4.4
      vertex 11.304 33.6 4.4
      vertex 19.4429 28.8329 4.4
    endloop
  endfacet
  facet normal 0 0 -1
    outer loop
      vertex 18.9386 28.6978 4.4
      vertex 11.304 33.6 4.4
      vertex 19.1864 28.7819 4.4
    endloop
  endfacet
  facet normal 0 0 -1
    outer loop
      vertex 18.704 28.5821 4.4
      vertex 11.304 33.6 4.4
      vertex 18.9386 28.6978 4.4
    endloop
  endfacet
  facet normal 0 0 -1
    outer loop
      vertex 18.4865 28.4367 4.4
      vertex 11.304 33.6 4.4
      vertex 18.704 28.5821 4.4
    endloop
  endfacet
  facet normal 0 0 -1
    outer loop
      vertex 18.2898 28.2642 4.4
      vertex 11.304 33.6 4.4
      vertex 18.4865 28.4367 4.4
    endloop
  endfacet
  facet normal 0 0 -1
    outer loop
      vertex 18.1173 28.0675 4.4
      vertex 11.304 33.6 4.4
      vertex 18.2898 28.2642 4.4
    endloop
  endfacet
  facet normal 0 0 -1
    outer loop
      vertex 17.9719 27.85 4.4
      vertex 11.304 33.6 4.4
      vertex 18.1173 28.0675 4.4
    endloop
  endfacet
  facet normal -1 0 0
    outer loop
      vertex 11.304 18.6 4.4
      vertex 11.304 33.6 7.9
      vertex 11.304 33.6 4.4
    endloop
  endfacet
  facet normal -1 -0 0
    outer loop
      vertex 11.304 33.6 7.9
      vertex 11.304 18.6 4.4
      vertex 11.304 18.6 7.9
    endloop
  endfacet
  facet normal 0 1 -0
    outer loop
      vertex 53.304 33.6 4.4
      vertex 40.304 33.6 7.9
      vertex 53.304 33.6 7.9
    endloop
  endfacet
  facet normal 0 1 0
    outer loop
      vertex 40.304 33.6 7.9
      vertex 53.304 33.6 4.4
      vertex 24.304 33.6 7.9
    endloop
  endfacet
  facet normal 0 1 0
    outer loop
      vertex 11.304 33.6 4.4
      vertex 24.304 33.6 7.9
      vertex 53.304 33.6 4.4
    endloop
  endfacet
  facet normal 0 1 0
    outer loop
      vertex 24.304 33.6 7.9
      vertex 11.304 33.6 4.4
      vertex 11.304 33.6 7.9
    endloop
  endfacet
  facet normal 0 1 -0
    outer loop
      vertex 40.304 33.6 7.9
      vertex 24.304 33.6 12.5
      vertex 40.304 33.6 12.5
    endloop
  endfacet
  facet normal 0 1 0
    outer loop
      vertex 24.304 33.6 12.5
      vertex 40.304 33.6 7.9
      vertex 24.304 33.6 7.9
    endloop
  endfacet
  facet normal 1 0 0
    outer loop
      vertex 40.304 33.6 12.5
      vertex 40.304 30.6 10.1
      vertex 40.304 33.6 7.9
    endloop
  endfacet
  facet normal 1 -0 0
    outer loop
      vertex 40.304 20.6 12.5
      vertex 40.304 30.6 10.1
      vertex 40.304 33.6 12.5
    endloop
  endfacet
  facet normal 1 0 0
    outer loop
      vertex 40.304 30.6 10.1
      vertex 40.304 20.6 12.5
      vertex 40.304 22.6 10.1
    endloop
  endfacet
  facet normal 1 0 0
    outer loop
      vertex 40.304 20.6 8.7
      vertex 40.304 22.6 10.1
      vertex 40.304 20.6 12.5
    endloop
  endfacet
  facet normal 1 0 0
    outer loop
      vertex 40.304 22.6 10.1
      vertex 40.304 20.6 8.7
      vertex 40.304 22.6 8.7
    endloop
  endfacet
  facet normal 1 0 0
    outer loop
      vertex 40.304 33.6 7.9
      vertex 40.304 30.6 10.1
      vertex 40.304 30.6 7.9
    endloop
  endfacet
  facet normal -0 0 1
    outer loop
      vertex 24.304 33.6 12.5
      vertex 40.304 20.6 12.5
      vertex 40.304 33.6 12.5
    endloop
  endfacet
  facet normal 0 0 1
    outer loop
      vertex 40.304 20.6 12.5
      vertex 24.304 33.6 12.5
      vertex 24.304 20.6 12.5
    endloop
  endfacet
  facet normal -1 0 0
    outer loop
      vertex 24.304 22.6 8.7
      vertex 24.304 20.6 8.7
      vertex 24.304 22.6 10.1
    endloop
  endfacet
  facet normal -1 0 0
    outer loop
      vertex 24.304 30.6 10.1
      vertex 24.304 33.6 7.9
      vertex 24.304 30.6 7.9
    endloop
  endfacet
  facet normal -1 0 0
    outer loop
      vertex 24.304 33.6 7.9
      vertex 24.304 30.6 10.1
      vertex 24.304 33.6 12.5
    endloop
  endfacet
  facet normal -1 0 0
    outer loop
      vertex 24.304 20.6 12.5
      vertex 24.304 30.6 10.1
      vertex 24.304 22.6 10.1
    endloop
  endfacet
  facet normal -1 0 0
    outer loop
      vertex 24.304 30.6 10.1
      vertex 24.304 20.6 12.5
      vertex 24.304 33.6 12.5
    endloop
  endfacet
  facet normal -1 0 0
    outer loop
      vertex 24.304 20.6 12.5
      vertex 24.304 22.6 10.1
      vertex 24.304 20.6 8.7
    endloop
  endfacet
  facet normal 0 -1 0
    outer loop
      vertex 24.304 30.6 7.9
      vertex 40.304 30.6 10.1
      vertex 24.304 30.6 10.1
    endloop
  endfacet
  facet normal 0 -1 -0
    outer loop
      vertex 40.304 30.6 10.1
      vertex 24.304 30.6 7.9
      vertex 40.304 30.6 7.9
    endloop
  endfacet
  facet normal 0 0 -1
    outer loop
      vertex 24.304 22.6 10.1
      vertex 40.304 30.6 10.1
      vertex 40.304 22.6 10.1
    endloop
  endfacet
  facet normal -0 0 -1
    outer loop
      vertex 40.304 30.6 10.1
      vertex 24.304 22.6 10.1
      vertex 24.304 30.6 10.1
    endloop
  endfacet
  facet normal 0 -1 0
    outer loop
      vertex 24.304 20.6 8.7
      vertex 40.304 20.6 12.5
      vertex 24.304 20.6 12.5
    endloop
  endfacet
  facet normal 0 -1 -0
    outer loop
      vertex 40.304 20.6 12.5
      vertex 24.304 20.6 8.7
      vertex 40.304 20.6 8.7
    endloop
  endfacet
  facet normal 0 0 -1
    outer loop
      vertex 24.304 20.6 8.7
      vertex 40.304 22.6 8.7
      vertex 40.304 20.6 8.7
    endloop
  endfacet
  facet normal -0 0 -1
    outer loop
      vertex 40.304 22.6 8.7
      vertex 24.304 20.6 8.7
      vertex 24.304 22.6 8.7
    endloop
  endfacet
  facet normal 0 1 -0
    outer loop
      vertex 40.304 22.6 8.7
      vertex 24.304 22.6 10.1
      vertex 40.304 22.6 10.1
    endloop
  endfacet
  facet normal 0 1 0
    outer loop
      vertex 24.304 22.6 10.1
      vertex 40.304 22.6 8.7
      vertex 24.304 22.6 8.7
    endloop
  endfacet
endsolid OpenSCAD_Model
